arm,run,input,input_bytes,kind,trial,calls,output_bytes,ns_per_call
baseline,0,plain,0,0,0,65536,0,4.0
baseline,0,plain,0,0,1,65536,0,4.0
baseline,0,plain,0,0,2,65536,0,4.0
baseline,0,plain,0,0,3,65536,0,4.0
baseline,0,plain,0,0,4,65536,0,3.8
baseline,0,plain,0,0,5,65536,0,3.7
baseline,0,plain,0,0,6,65536,0,3.7
baseline,0,plain,0,0,7,65536,0,3.8
baseline,0,plain,0,0,8,65536,0,3.8
baseline,0,plain,0,1,0,65536,0,4.1
baseline,0,plain,0,1,1,65536,0,4.1
baseline,0,plain,0,1,2,65536,0,4.1
baseline,0,plain,0,1,3,65536,0,4.1
baseline,0,plain,0,1,4,65536,0,4.1
baseline,0,plain,0,1,5,65536,0,4.1
baseline,0,plain,0,1,6,65536,0,4.1
baseline,0,plain,0,1,7,65536,0,4.1
baseline,0,plain,0,1,8,65536,0,4.1
baseline,0,plain,0,2,0,65536,0,9.9
baseline,0,plain,0,2,1,65536,0,9.9
baseline,0,plain,0,2,2,65536,0,9.9
baseline,0,plain,0,2,3,65536,0,9.9
baseline,0,plain,0,2,4,65536,0,9.9
baseline,0,plain,0,2,5,65536,0,9.9
baseline,0,plain,0,2,6,65536,0,9.9
baseline,0,plain,0,2,7,65536,0,9.9
baseline,0,plain,0,2,8,65536,0,9.9
baseline,0,plain,0,3,0,65536,0,4.0
baseline,0,plain,0,3,1,65536,0,4.1
baseline,0,plain,0,3,2,65536,0,4.1
baseline,0,plain,0,3,3,65536,0,4.1
baseline,0,plain,0,3,4,65536,0,4.1
baseline,0,plain,0,3,5,65536,0,4.2
baseline,0,plain,0,3,6,65536,0,4.1
baseline,0,plain,0,3,7,65536,0,4.1
baseline,0,plain,0,3,8,65536,0,4.1
baseline,0,plain,30,0,0,44620,1427840,54.1
baseline,0,plain,30,0,1,44620,1427840,54.1
baseline,0,plain,30,0,2,44620,1427840,54.1
baseline,0,plain,30,0,3,44620,1427840,54.1
baseline,0,plain,30,0,4,44620,1427840,54.2
baseline,0,plain,30,0,5,44620,1427840,54.3
baseline,0,plain,30,0,6,44620,1427840,54.1
baseline,0,plain,30,0,7,44620,1427840,55.0
baseline,0,plain,30,0,8,44620,1427840,55.3
baseline,0,plain,30,1,0,44620,1338600,64.5
baseline,0,plain,30,1,1,44620,1338600,64.3
baseline,0,plain,30,1,2,44620,1338600,64.5
baseline,0,plain,30,1,3,44620,1338600,64.4
baseline,0,plain,30,1,4,44620,1338600,64.8
baseline,0,plain,30,1,5,44620,1338600,65.4
baseline,0,plain,30,1,6,44620,1338600,64.5
baseline,0,plain,30,1,7,44620,1338600,64.4
baseline,0,plain,30,1,8,44620,1338600,65.3
baseline,0,plain,30,2,0,44620,1338600,72.5
baseline,0,plain,30,2,1,44620,1338600,72.4
baseline,0,plain,30,2,2,44620,1338600,72.4
baseline,0,plain,30,2,3,44620,1338600,72.8
baseline,0,plain,30,2,4,44620,1338600,72.8
baseline,0,plain,30,2,5,44620,1338600,73.4
baseline,0,plain,30,2,6,44620,1338600,72.5
baseline,0,plain,30,2,7,44620,1338600,72.5
baseline,0,plain,30,2,8,44620,1338600,72.9
baseline,0,plain,30,3,0,44620,1427840,73.7
baseline,0,plain,30,3,1,44620,1427840,73.9
baseline,0,plain,30,3,2,44620,1427840,73.7
baseline,0,plain,30,3,3,44620,1427840,73.6
baseline,0,plain,30,3,4,44620,1427840,73.7
baseline,0,plain,30,3,5,44620,1427840,73.7
baseline,0,plain,30,3,6,44620,1427840,73.6
baseline,0,plain,30,3,7,44620,1427840,73.6
baseline,0,plain,30,3,8,44620,1427840,73.6
baseline,0,plain,90,0,0,27235,2614560,134.7
baseline,0,plain,90,0,1,27235,2614560,135.2
baseline,0,plain,90,0,2,27235,2614560,135.2
baseline,0,plain,90,0,3,27235,2614560,135.2
baseline,0,plain,90,0,4,27235,2614560,134.4
baseline,0,plain,90,0,5,27235,2614560,136.6
baseline,0,plain,90,0,6,27235,2614560,134.6
baseline,0,plain,90,0,7,27235,2614560,134.5
baseline,0,plain,90,0,8,27235,2614560,134.8
baseline,0,plain,90,1,0,27235,2451150,174.3
baseline,0,plain,90,1,1,27235,2451150,174.2
baseline,0,plain,90,1,2,27235,2451150,174.1
baseline,0,plain,90,1,3,27235,2451150,174.7
baseline,0,plain,90,1,4,27235,2451150,174.7
baseline,0,plain,90,1,5,27235,2451150,174.2
baseline,0,plain,90,1,6,27235,2451150,174.3
baseline,0,plain,90,1,7,27235,2451150,174.2
baseline,0,plain,90,1,8,27235,2451150,174.1
baseline,0,plain,90,2,0,27235,2451150,194.3
baseline,0,plain,90,2,1,27235,2451150,192.4
baseline,0,plain,90,2,2,27235,2451150,189.6
baseline,0,plain,90,2,3,27235,2451150,190.4
baseline,0,plain,90,2,4,27235,2451150,189.4
baseline,0,plain,90,2,5,27235,2451150,189.3
baseline,0,plain,90,2,6,27235,2451150,189.2
baseline,0,plain,90,2,7,27235,2451150,189.4
baseline,0,plain,90,2,8,27235,2451150,189.2
baseline,0,plain,90,3,0,27235,2614560,201.0
baseline,0,plain,90,3,1,27235,2614560,201.2
baseline,0,plain,90,3,2,27235,2614560,200.6
baseline,0,plain,90,3,3,27235,2614560,200.5
baseline,0,plain,90,3,4,27235,2614560,200.6
baseline,0,plain,90,3,5,27235,2614560,200.4
baseline,0,plain,90,3,6,27235,2614560,200.8
baseline,0,plain,90,3,7,27235,2614560,200.6
baseline,0,plain,90,3,8,27235,2614560,201.2
baseline,0,plain,4110,0,0,1004,4401536,5522.9
baseline,0,plain,4110,0,1,1004,4401536,5482.1
baseline,0,plain,4110,0,2,1004,4401536,5484.1
baseline,0,plain,4110,0,3,1004,4401536,5479.1
baseline,0,plain,4110,0,4,1004,4401536,5497.0
baseline,0,plain,4110,0,5,1004,4401536,5485.1
baseline,0,plain,4110,0,6,1004,4401536,5499.0
baseline,0,plain,4110,0,7,1004,4401536,5478.1
baseline,0,plain,4110,0,8,1004,4401536,5478.1
baseline,0,plain,4110,1,0,1004,4126440,7054.8
baseline,0,plain,4110,1,1,1004,4126440,7059.8
baseline,0,plain,4110,1,2,1004,4126440,7090.6
baseline,0,plain,4110,1,3,1004,4126440,7081.7
baseline,0,plain,4110,1,4,1004,4126440,7055.8
baseline,0,plain,4110,1,5,1004,4126440,7062.7
baseline,0,plain,4110,1,6,1004,4126440,7058.8
baseline,0,plain,4110,1,7,1004,4126440,7066.7
baseline,0,plain,4110,1,8,1004,4126440,7143.4
baseline,0,plain,4110,2,0,1004,4126440,7272.9
baseline,0,plain,4110,2,1,1004,4126440,7259.0
baseline,0,plain,4110,2,2,1004,4126440,7261.0
baseline,0,plain,4110,2,3,1004,4126440,7261.0
baseline,0,plain,4110,2,4,1004,4126440,7261.0
baseline,0,plain,4110,2,5,1004,4126440,7272.9
baseline,0,plain,4110,2,6,1004,4126440,7248.0
baseline,0,plain,4110,2,7,1004,4126440,7246.0
baseline,0,plain,4110,2,8,1004,4126440,7262.9
baseline,0,plain,4110,3,0,1004,4401536,8385.5
baseline,0,plain,4110,3,1,1004,4401536,8404.4
baseline,0,plain,4110,3,2,1004,4401536,8394.4
baseline,0,plain,4110,3,3,1004,4401536,8384.5
baseline,0,plain,4110,3,4,1004,4401536,8387.5
baseline,0,plain,4110,3,5,1004,4401536,8420.3
baseline,0,plain,4110,3,6,1004,4401536,8386.5
baseline,0,plain,4110,3,7,1004,4401536,8407.4
baseline,0,plain,4110,3,8,1004,4401536,8422.3
baseline,0,plain,65550,0,0,64,4474880,90859.4
baseline,0,plain,65550,0,1,64,4474880,91593.8
baseline,0,plain,65550,0,2,64,4474880,90234.4
baseline,0,plain,65550,0,3,64,4474880,88265.6
baseline,0,plain,65550,0,4,64,4474880,86843.8
baseline,0,plain,65550,0,5,64,4474880,87562.5
baseline,0,plain,65550,0,6,64,4474880,87000.0
baseline,0,plain,65550,0,7,64,4474880,86953.1
baseline,0,plain,65550,0,8,64,4474880,87265.6
baseline,0,plain,65550,1,0,64,4195200,113078.1
baseline,0,plain,65550,1,1,64,4195200,112703.1
baseline,0,plain,65550,1,2,64,4195200,112875.0
baseline,0,plain,65550,1,3,64,4195200,112781.2
baseline,0,plain,65550,1,4,64,4195200,113109.4
baseline,0,plain,65550,1,5,64,4195200,113453.1
baseline,0,plain,65550,1,6,64,4195200,112859.4
baseline,0,plain,65550,1,7,64,4195200,112609.4
baseline,0,plain,65550,1,8,64,4195200,112781.2
baseline,0,plain,65550,2,0,64,4195200,115265.6
baseline,0,plain,65550,2,1,64,4195200,115500.0
baseline,0,plain,65550,2,2,64,4195200,115296.9
baseline,0,plain,65550,2,3,64,4195200,115187.5
baseline,0,plain,65550,2,4,64,4195200,115328.1
baseline,0,plain,65550,2,5,64,4195200,115203.1
baseline,0,plain,65550,2,6,64,4195200,115562.5
baseline,0,plain,65550,2,7,64,4195200,116031.2
baseline,0,plain,65550,2,8,64,4195200,115375.0
baseline,0,plain,65550,3,0,64,4474880,133796.9
baseline,0,plain,65550,3,1,64,4474880,133765.6
baseline,0,plain,65550,3,2,64,4474880,133984.4
baseline,0,plain,65550,3,3,64,4474880,133796.9
baseline,0,plain,65550,3,4,64,4474880,133750.0
baseline,0,plain,65550,3,5,64,4474880,133812.5
baseline,0,plain,65550,3,6,64,4474880,134078.1
baseline,0,plain,65550,3,7,64,4474880,133765.6
baseline,0,plain,65550,3,8,64,4474880,133703.1
baseline,0,mixed,46,0,0,38130,3660480,100.8
baseline,0,mixed,46,0,1,38130,3660480,100.9
baseline,0,mixed,46,0,2,38130,3660480,100.7
baseline,0,mixed,46,0,3,38130,3660480,101.3
baseline,0,mixed,46,0,4,38130,3660480,100.7
baseline,0,mixed,46,0,5,38130,3660480,101.0
baseline,0,mixed,46,0,6,38130,3660480,100.8
baseline,0,mixed,46,0,7,38130,3660480,100.8
baseline,0,mixed,46,0,8,38130,3660480,100.8
baseline,0,mixed,46,1,0,38130,3507960,118.9
baseline,0,mixed,46,1,1,38130,3507960,119.1
baseline,0,mixed,46,1,2,38130,3507960,118.9
baseline,0,mixed,46,1,3,38130,3507960,118.9
baseline,0,mixed,46,1,4,38130,3507960,119.6
baseline,0,mixed,46,1,5,38130,3507960,118.9
baseline,0,mixed,46,1,6,38130,3507960,119.0
baseline,0,mixed,46,1,7,38130,3507960,119.1
baseline,0,mixed,46,1,8,38130,3507960,119.0
baseline,0,mixed,46,2,0,38130,2897880,118.0
baseline,0,mixed,46,2,1,38130,2897880,118.0
baseline,0,mixed,46,2,2,38130,2897880,118.0
baseline,0,mixed,46,2,3,38130,2897880,118.2
baseline,0,mixed,46,2,4,38130,2897880,120.0
baseline,0,mixed,46,2,5,38130,2897880,118.0
baseline,0,mixed,46,2,6,38130,2897880,118.5
baseline,0,mixed,46,2,7,38130,2897880,118.1
baseline,0,mixed,46,2,8,38130,2897880,118.0
baseline,0,mixed,46,3,0,38130,3355440,127.4
baseline,0,mixed,46,3,1,38130,3355440,127.6
baseline,0,mixed,46,3,2,38130,3355440,127.4
baseline,0,mixed,46,3,3,38130,3355440,127.4
baseline,0,mixed,46,3,4,38130,3355440,128.0
baseline,0,mixed,46,3,5,38130,3355440,127.4
baseline,0,mixed,46,3,6,38130,3355440,127.4
baseline,0,mixed,46,3,7,38130,3355440,127.3
baseline,0,mixed,46,3,8,38130,3355440,127.5
baseline,0,mixed,92,0,0,26886,5162112,185.3
baseline,0,mixed,92,0,1,26886,5162112,185.2
baseline,0,mixed,92,0,2,26886,5162112,185.1
baseline,0,mixed,92,0,3,26886,5162112,186.0
baseline,0,mixed,92,0,4,26886,5162112,185.1
baseline,0,mixed,92,0,5,26886,5162112,185.2
baseline,0,mixed,92,0,6,26886,5162112,185.3
baseline,0,mixed,92,0,7,26886,5162112,185.5
baseline,0,mixed,92,0,8,26886,5162112,185.2
baseline,0,mixed,92,1,0,26886,4947024,222.9
baseline,0,mixed,92,1,1,26886,4947024,223.6
baseline,0,mixed,92,1,2,26886,4947024,222.8
baseline,0,mixed,92,1,3,26886,4947024,222.9
baseline,0,mixed,92,1,4,26886,4947024,222.8
baseline,0,mixed,92,1,5,26886,4947024,223.0
baseline,0,mixed,92,1,6,26886,4947024,223.0
baseline,0,mixed,92,1,7,26886,4947024,223.5
baseline,0,mixed,92,1,8,26886,4947024,223.0
baseline,0,mixed,92,2,0,26886,4086672,222.5
baseline,0,mixed,92,2,1,26886,4086672,222.3
baseline,0,mixed,92,2,2,26886,4086672,223.3
baseline,0,mixed,92,2,3,26886,4086672,226.1
baseline,0,mixed,92,2,4,26886,4086672,222.6
baseline,0,mixed,92,2,5,26886,4086672,223.5
baseline,0,mixed,92,2,6,26886,4086672,222.3
baseline,0,mixed,92,2,7,26886,4086672,222.5
baseline,0,mixed,92,2,8,26886,4086672,224.8
baseline,0,mixed,92,3,0,26886,4731936,246.1
baseline,0,mixed,92,3,1,26886,4731936,244.4
baseline,0,mixed,92,3,2,26886,4731936,245.0
baseline,0,mixed,92,3,3,26886,4731936,244.3
baseline,0,mixed,92,3,4,26886,4731936,245.8
baseline,0,mixed,92,3,5,26886,4731936,244.2
baseline,0,mixed,92,3,6,26886,4731936,245.7
baseline,0,mixed,92,3,7,26886,4731936,245.2
baseline,0,mixed,92,3,8,26886,4731936,244.6
baseline,0,mixed,4140,0,0,997,8614080,7714.1
baseline,0,mixed,4140,0,1,997,8614080,7711.1
baseline,0,mixed,4140,0,2,997,8614080,7725.2
baseline,0,mixed,4140,0,3,997,8614080,7769.3
baseline,0,mixed,4140,0,4,997,8614080,7736.2
baseline,0,mixed,4140,0,5,997,8614080,7713.1
baseline,0,mixed,4140,0,6,997,8614080,7715.1
baseline,0,mixed,4140,0,7,997,8614080,7714.1
baseline,0,mixed,4140,0,8,997,8614080,7747.2
baseline,0,mixed,4140,1,0,997,8255160,9494.5
baseline,0,mixed,4140,1,1,997,8255160,9481.4
baseline,0,mixed,4140,1,2,997,8255160,9474.4
baseline,0,mixed,4140,1,3,997,8255160,9467.4
baseline,0,mixed,4140,1,4,997,8255160,9487.5
baseline,0,mixed,4140,1,5,997,8255160,9469.4
baseline,0,mixed,4140,1,6,997,8255160,9498.5
baseline,0,mixed,4140,1,7,997,8255160,9486.5
baseline,0,mixed,4140,1,8,997,8255160,9531.6
baseline,0,mixed,4140,2,0,997,6819480,8947.8
baseline,0,mixed,4140,2,1,997,6819480,8959.9
baseline,0,mixed,4140,2,2,997,6819480,8930.8
baseline,0,mixed,4140,2,3,997,6819480,8946.8
baseline,0,mixed,4140,2,4,997,6819480,8938.8
baseline,0,mixed,4140,2,5,997,6819480,8929.8
baseline,0,mixed,4140,2,6,997,6819480,8933.8
baseline,0,mixed,4140,2,7,997,6819480,9023.1
baseline,0,mixed,4140,2,8,997,6819480,8933.8
baseline,0,mixed,4140,3,0,997,7896240,10307.9
baseline,0,mixed,4140,3,1,997,7896240,10304.9
baseline,0,mixed,4140,3,2,997,7896240,10374.1
baseline,0,mixed,4140,3,3,997,7896240,10317.0
baseline,0,mixed,4140,3,4,997,7896240,10303.9
baseline,0,mixed,4140,3,5,997,7896240,10320.0
baseline,0,mixed,4140,3,6,997,7896240,10311.9
baseline,0,mixed,4140,3,7,997,7896240,10306.9
baseline,0,mixed,4140,3,8,997,7896240,10319.0
baseline,0,mixed,65550,0,0,64,8755200,121937.5
baseline,0,mixed,65550,0,1,64,8755200,121562.5
baseline,0,mixed,65550,0,2,64,8755200,121671.9
baseline,0,mixed,65550,0,3,64,8755200,122390.6
baseline,0,mixed,65550,0,4,64,8755200,121546.9
baseline,0,mixed,65550,0,5,64,8755200,121859.4
baseline,0,mixed,65550,0,6,64,8755200,121515.6
baseline,0,mixed,65550,0,7,64,8755200,121609.4
baseline,0,mixed,65550,0,8,64,8755200,121718.8
baseline,0,mixed,65550,1,0,64,8390400,149531.2
baseline,0,mixed,65550,1,1,64,8390400,149906.2
baseline,0,mixed,65550,1,2,64,8390400,149375.0
baseline,0,mixed,65550,1,3,64,8390400,149406.2
baseline,0,mixed,65550,1,4,64,8390400,149859.4
baseline,0,mixed,65550,1,5,64,8390400,149359.4
baseline,0,mixed,65550,1,6,64,8390400,149453.1
baseline,0,mixed,65550,1,7,64,8390400,149453.1
baseline,0,mixed,65550,1,8,64,8390400,149671.9
baseline,0,mixed,65550,2,0,64,6931200,140812.5
baseline,0,mixed,65550,2,1,64,6931200,140937.5
baseline,0,mixed,65550,2,2,64,6931200,141015.6
baseline,0,mixed,65550,2,3,64,6931200,141234.4
baseline,0,mixed,65550,2,4,64,6931200,141000.0
baseline,0,mixed,65550,2,5,64,6931200,141968.8
baseline,0,mixed,65550,2,6,64,6931200,147296.9
baseline,0,mixed,65550,2,7,64,6931200,148812.5
baseline,0,mixed,65550,2,8,64,6931200,147390.6
baseline,0,mixed,65550,3,0,64,8025600,162796.9
baseline,0,mixed,65550,3,1,64,8025600,162781.2
baseline,0,mixed,65550,3,2,64,8025600,163500.0
baseline,0,mixed,65550,3,3,64,8025600,162828.1
baseline,0,mixed,65550,3,4,64,8025600,163390.6
baseline,0,mixed,65550,3,5,64,8025600,162953.1
baseline,0,mixed,65550,3,6,64,8025600,163078.1
baseline,0,mixed,65550,3,7,64,8025600,162796.9
baseline,0,mixed,65550,3,8,64,8025600,162796.9
baseline,0,unreserved,1,0,0,64527,64527,15.0
baseline,0,unreserved,1,0,1,64527,64527,15.0
baseline,0,unreserved,1,0,2,64527,64527,15.0
baseline,0,unreserved,1,0,3,64527,64527,15.2
baseline,0,unreserved,1,0,4,64527,64527,15.1
baseline,0,unreserved,1,0,5,64527,64527,15.1
baseline,0,unreserved,1,0,6,64527,64527,15.3
baseline,0,unreserved,1,0,7,64527,64527,15.0
baseline,0,unreserved,1,0,8,64527,64527,15.0
baseline,0,unreserved,1,1,0,64527,64527,15.7
baseline,0,unreserved,1,1,1,64527,64527,15.6
baseline,0,unreserved,1,1,2,64527,64527,15.9
baseline,0,unreserved,1,1,3,64527,64527,15.7
baseline,0,unreserved,1,1,4,64527,64527,15.7
baseline,0,unreserved,1,1,5,64527,64527,15.7
baseline,0,unreserved,1,1,6,64527,64527,15.6
baseline,0,unreserved,1,1,7,64527,64527,15.6
baseline,0,unreserved,1,1,8,64527,64527,15.6
baseline,0,unreserved,1,2,0,64527,64527,17.5
baseline,0,unreserved,1,2,1,64527,64527,17.5
baseline,0,unreserved,1,2,2,64527,64527,17.6
baseline,0,unreserved,1,2,3,64527,64527,17.5
baseline,0,unreserved,1,2,4,64527,64527,17.5
baseline,0,unreserved,1,2,5,64527,64527,17.5
baseline,0,unreserved,1,2,6,64527,64527,17.5
baseline,0,unreserved,1,2,7,64527,64527,17.5
baseline,0,unreserved,1,2,8,64527,64527,17.5
baseline,0,unreserved,1,3,0,64527,64527,16.1
baseline,0,unreserved,1,3,1,64527,64527,16.1
baseline,0,unreserved,1,3,2,64527,64527,16.1
baseline,0,unreserved,1,3,3,64527,64527,16.1
baseline,0,unreserved,1,3,4,64527,64527,16.1
baseline,0,unreserved,1,3,5,64527,64527,16.2
baseline,0,unreserved,1,3,6,64527,64527,16.1
baseline,0,unreserved,1,3,7,64527,64527,16.1
baseline,0,unreserved,1,3,8,64527,64527,16.2
baseline,0,unreserved,8,0,0,58254,466032,23.8
baseline,0,unreserved,8,0,1,58254,466032,23.8
baseline,0,unreserved,8,0,2,58254,466032,23.7
baseline,0,unreserved,8,0,3,58254,466032,23.7
baseline,0,unreserved,8,0,4,58254,466032,23.7
baseline,0,unreserved,8,0,5,58254,466032,23.8
baseline,0,unreserved,8,0,6,58254,466032,23.7
baseline,0,unreserved,8,0,7,58254,466032,23.8
baseline,0,unreserved,8,0,8,58254,466032,23.7
baseline,0,unreserved,8,1,0,58254,466032,27.5
baseline,0,unreserved,8,1,1,58254,466032,27.5
baseline,0,unreserved,8,1,2,58254,466032,27.5
baseline,0,unreserved,8,1,3,58254,466032,27.5
baseline,0,unreserved,8,1,4,58254,466032,27.5
baseline,0,unreserved,8,1,5,58254,466032,27.6
baseline,0,unreserved,8,1,6,58254,466032,27.5
baseline,0,unreserved,8,1,7,58254,466032,28.4
baseline,0,unreserved,8,1,8,58254,466032,27.5
baseline,0,unreserved,8,2,0,58254,466032,31.8
baseline,0,unreserved,8,2,1,58254,466032,31.8
baseline,0,unreserved,8,2,2,58254,466032,31.8
baseline,0,unreserved,8,2,3,58254,466032,32.2
baseline,0,unreserved,8,2,4,58254,466032,31.9
baseline,0,unreserved,8,2,5,58254,466032,31.9
baseline,0,unreserved,8,2,6,58254,466032,32.3
baseline,0,unreserved,8,2,7,58254,466032,31.9
baseline,0,unreserved,8,2,8,58254,466032,31.9
baseline,0,unreserved,8,3,0,58254,466032,28.1
baseline,0,unreserved,8,3,1,58254,466032,28.1
baseline,0,unreserved,8,3,2,58254,466032,28.6
baseline,0,unreserved,8,3,3,58254,466032,28.1
baseline,0,unreserved,8,3,4,58254,466032,28.1
baseline,0,unreserved,8,3,5,58254,466032,28.1
baseline,0,unreserved,8,3,6,58254,466032,28.1
baseline,0,unreserved,8,3,7,58254,466032,28.1
baseline,0,unreserved,8,3,8,58254,466032,28.2
baseline,0,unreserved,64,0,0,32768,2097152,94.5
baseline,0,unreserved,64,0,1,32768,2097152,94.5
baseline,0,unreserved,64,0,2,32768,2097152,94.8
baseline,0,unreserved,64,0,3,32768,2097152,94.5
baseline,0,unreserved,64,0,4,32768,2097152,94.6
baseline,0,unreserved,64,0,5,32768,2097152,94.6
baseline,0,unreserved,64,0,6,32768,2097152,95.0
baseline,0,unreserved,64,0,7,32768,2097152,94.7
baseline,0,unreserved,64,0,8,32768,2097152,94.5
baseline,0,unreserved,64,1,0,32768,2097152,126.8
baseline,0,unreserved,64,1,1,32768,2097152,126.8
baseline,0,unreserved,64,1,2,32768,2097152,126.6
baseline,0,unreserved,64,1,3,32768,2097152,126.9
baseline,0,unreserved,64,1,4,32768,2097152,126.6
baseline,0,unreserved,64,1,5,32768,2097152,128.0
baseline,0,unreserved,64,1,6,32768,2097152,126.6
baseline,0,unreserved,64,1,7,32768,2097152,127.8
baseline,0,unreserved,64,1,8,32768,2097152,126.7
baseline,0,unreserved,64,2,0,32768,2097152,141.0
baseline,0,unreserved,64,2,1,32768,2097152,141.1
baseline,0,unreserved,64,2,2,32768,2097152,141.1
baseline,0,unreserved,64,2,3,32768,2097152,141.1
baseline,0,unreserved,64,2,4,32768,2097152,141.2
baseline,0,unreserved,64,2,5,32768,2097152,141.1
baseline,0,unreserved,64,2,6,32768,2097152,142.8
baseline,0,unreserved,64,2,7,32768,2097152,141.5
baseline,0,unreserved,64,2,8,32768,2097152,141.1
baseline,0,unreserved,64,3,0,32768,2097152,141.3
baseline,0,unreserved,64,3,1,32768,2097152,141.5
baseline,0,unreserved,64,3,2,32768,2097152,141.3
baseline,0,unreserved,64,3,3,32768,2097152,141.2
baseline,0,unreserved,64,3,4,32768,2097152,141.4
baseline,0,unreserved,64,3,5,32768,2097152,141.2
baseline,0,unreserved,64,3,6,32768,2097152,141.2
baseline,0,unreserved,64,3,7,32768,2097152,142.0
baseline,0,unreserved,64,3,8,32768,2097152,141.3
baseline,0,unreserved,4096,0,0,1008,4128768,5158.7
baseline,0,unreserved,4096,0,1,1008,4128768,5157.7
baseline,0,unreserved,4096,0,2,1008,4128768,5159.7
baseline,0,unreserved,4096,0,3,1008,4128768,5158.7
baseline,0,unreserved,4096,0,4,1008,4128768,5156.7
baseline,0,unreserved,4096,0,5,1008,4128768,5161.7
baseline,0,unreserved,4096,0,6,1008,4128768,5174.6
baseline,0,unreserved,4096,0,7,1008,4128768,5156.7
baseline,0,unreserved,4096,0,8,1008,4128768,5161.7
baseline,0,unreserved,4096,1,0,1008,4128768,6561.5
baseline,0,unreserved,4096,1,1,1008,4128768,6546.6
baseline,0,unreserved,4096,1,2,1008,4128768,6555.6
baseline,0,unreserved,4096,1,3,1008,4128768,6565.5
baseline,0,unreserved,4096,1,4,1008,4128768,6552.6
baseline,0,unreserved,4096,1,5,1008,4128768,6563.5
baseline,0,unreserved,4096,1,6,1008,4128768,6559.5
baseline,0,unreserved,4096,1,7,1008,4128768,6561.5
baseline,0,unreserved,4096,1,8,1008,4128768,6551.6
baseline,0,unreserved,4096,2,0,1008,4128768,7212.3
baseline,0,unreserved,4096,2,1,1008,4128768,7245.0
baseline,0,unreserved,4096,2,2,1008,4128768,7191.5
baseline,0,unreserved,4096,2,3,1008,4128768,7197.4
baseline,0,unreserved,4096,2,4,1008,4128768,7193.5
baseline,0,unreserved,4096,2,5,1008,4128768,7214.3
baseline,0,unreserved,4096,2,6,1008,4128768,7198.4
baseline,0,unreserved,4096,2,7,1008,4128768,7195.4
baseline,0,unreserved,4096,2,8,1008,4128768,7190.5
baseline,0,unreserved,4096,3,0,1008,4128768,7826.4
baseline,0,unreserved,4096,3,1,1008,4128768,7849.2
baseline,0,unreserved,4096,3,2,1008,4128768,7828.4
baseline,0,unreserved,4096,3,3,1008,4128768,7823.4
baseline,0,unreserved,4096,3,4,1008,4128768,7835.3
baseline,0,unreserved,4096,3,5,1008,4128768,7845.2
baseline,0,unreserved,4096,3,6,1008,4128768,7848.2
baseline,0,unreserved,4096,3,7,1008,4128768,7833.3
baseline,0,unreserved,4096,3,8,1008,4128768,7831.3
baseline,0,unreserved,65536,0,0,64,4194304,82078.1
baseline,0,unreserved,65536,0,1,64,4194304,82015.6
baseline,0,unreserved,65536,0,2,64,4194304,82015.6
baseline,0,unreserved,65536,0,3,64,4194304,82375.0
baseline,0,unreserved,65536,0,4,64,4194304,82078.1
baseline,0,unreserved,65536,0,5,64,4194304,82000.0
baseline,0,unreserved,65536,0,6,64,4194304,82109.4
baseline,0,unreserved,65536,0,7,64,4194304,82093.8
baseline,0,unreserved,65536,0,8,64,4194304,82203.1
baseline,0,unreserved,65536,1,0,64,4194304,105812.5
baseline,0,unreserved,65536,1,1,64,4194304,105500.0
baseline,0,unreserved,65536,1,2,64,4194304,105125.0
baseline,0,unreserved,65536,1,3,64,4194304,105000.0
baseline,0,unreserved,65536,1,4,64,4194304,105062.5
baseline,0,unreserved,65536,1,5,64,4194304,105171.9
baseline,0,unreserved,65536,1,6,64,4194304,105218.8
baseline,0,unreserved,65536,1,7,64,4194304,105078.1
baseline,0,unreserved,65536,1,8,64,4194304,105015.6
baseline,0,unreserved,65536,2,0,64,4194304,114906.2
baseline,0,unreserved,65536,2,1,64,4194304,115250.0
baseline,0,unreserved,65536,2,2,64,4194304,114843.8
baseline,0,unreserved,65536,2,3,64,4194304,115296.9
baseline,0,unreserved,65536,2,4,64,4194304,114828.1
baseline,0,unreserved,65536,2,5,64,4194304,114953.1
baseline,0,unreserved,65536,2,6,64,4194304,114953.1
baseline,0,unreserved,65536,2,7,64,4194304,115046.9
baseline,0,unreserved,65536,2,8,64,4194304,115203.1
baseline,0,unreserved,65536,3,0,64,4194304,126890.6
baseline,0,unreserved,65536,3,1,64,4194304,125546.9
baseline,0,unreserved,65536,3,2,64,4194304,125562.5
baseline,0,unreserved,65536,3,3,64,4194304,125765.6
baseline,0,unreserved,65536,3,4,64,4194304,125515.6
baseline,0,unreserved,65536,3,5,64,4194304,125484.4
baseline,0,unreserved,65536,3,6,64,4194304,125500.0
baseline,0,unreserved,65536,3,7,64,4194304,125390.6
baseline,0,unreserved,65536,3,8,64,4194304,125859.4
baseline,0,dense,4,0,0,61680,740160,24.8
baseline,0,dense,4,0,1,61680,740160,25.1
baseline,0,dense,4,0,2,61680,740160,24.6
baseline,0,dense,4,0,3,61680,740160,24.7
baseline,0,dense,4,0,4,61680,740160,24.7
baseline,0,dense,4,0,5,61680,740160,24.4
baseline,0,dense,4,0,6,61680,740160,24.5
baseline,0,dense,4,0,7,61680,740160,24.5
baseline,0,dense,4,0,8,61680,740160,25.1
baseline,0,dense,4,1,0,61680,616800,24.6
baseline,0,dense,4,1,1,61680,616800,24.7
baseline,0,dense,4,1,2,61680,616800,24.6
baseline,0,dense,4,1,3,61680,616800,24.6
baseline,0,dense,4,1,4,61680,616800,24.7
baseline,0,dense,4,1,5,61680,616800,24.6
baseline,0,dense,4,1,6,61680,616800,24.6
baseline,0,dense,4,1,7,61680,616800,24.7
baseline,0,dense,4,1,8,61680,616800,24.6
baseline,0,dense,4,2,0,61680,246720,23.4
baseline,0,dense,4,2,1,61680,246720,23.5
baseline,0,dense,4,2,2,61680,246720,23.4
baseline,0,dense,4,2,3,61680,246720,23.5
baseline,0,dense,4,2,4,61680,246720,23.5
baseline,0,dense,4,2,5,61680,246720,23.4
baseline,0,dense,4,2,6,61680,246720,23.4
baseline,0,dense,4,2,7,61680,246720,23.6
baseline,0,dense,4,2,8,61680,246720,23.5
baseline,0,dense,4,3,0,61680,616800,25.1
baseline,0,dense,4,3,1,61680,616800,25.1
baseline,0,dense,4,3,2,61680,616800,25.0
baseline,0,dense,4,3,3,61680,616800,25.1
baseline,0,dense,4,3,4,61680,616800,25.2
baseline,0,dense,4,3,5,61680,616800,25.0
baseline,0,dense,4,3,6,61680,616800,25.3
baseline,0,dense,4,3,7,61680,616800,24.9
baseline,0,dense,4,3,8,61680,616800,25.0
baseline,0,dense,8,0,0,58254,1398096,33.1
baseline,0,dense,8,0,1,58254,1398096,32.8
baseline,0,dense,8,0,2,58254,1398096,32.9
baseline,0,dense,8,0,3,58254,1398096,32.9
baseline,0,dense,8,0,4,58254,1398096,32.9
baseline,0,dense,8,0,5,58254,1398096,33.0
baseline,0,dense,8,0,6,58254,1398096,33.0
baseline,0,dense,8,0,7,58254,1398096,32.9
baseline,0,dense,8,0,8,58254,1398096,33.1
baseline,0,dense,8,1,0,58254,1165080,35.6
baseline,0,dense,8,1,1,58254,1165080,35.9
baseline,0,dense,8,1,2,58254,1165080,35.8
baseline,0,dense,8,1,3,58254,1165080,35.6
baseline,0,dense,8,1,4,58254,1165080,35.6
baseline,0,dense,8,1,5,58254,1165080,35.6
baseline,0,dense,8,1,6,58254,1165080,35.6
baseline,0,dense,8,1,7,58254,1165080,35.6
baseline,0,dense,8,1,8,58254,1165080,35.7
baseline,0,dense,8,2,0,58254,466032,32.5
baseline,0,dense,8,2,1,58254,466032,32.4
baseline,0,dense,8,2,2,58254,466032,32.4
baseline,0,dense,8,2,3,58254,466032,32.2
baseline,0,dense,8,2,4,58254,466032,32.5
baseline,0,dense,8,2,5,58254,466032,32.2
baseline,0,dense,8,2,6,58254,466032,32.2
baseline,0,dense,8,2,7,58254,466032,32.1
baseline,0,dense,8,2,8,58254,466032,32.2
baseline,0,dense,8,3,0,58254,1165080,36.1
baseline,0,dense,8,3,1,58254,1165080,36.0
baseline,0,dense,8,3,2,58254,1165080,36.0
baseline,0,dense,8,3,3,58254,1165080,36.1
baseline,0,dense,8,3,4,58254,1165080,36.0
baseline,0,dense,8,3,5,58254,1165080,36.1
baseline,0,dense,8,3,6,58254,1165080,36.0
baseline,0,dense,8,3,7,58254,1165080,36.0
baseline,0,dense,8,3,8,58254,1165080,36.0
baseline,0,dense,64,0,0,32768,6291456,161.9
baseline,0,dense,64,0,1,32768,6291456,161.7
baseline,0,dense,64,0,2,32768,6291456,164.4
baseline,0,dense,64,0,3,32768,6291456,162.5
baseline,0,dense,64,0,4,32768,6291456,164.8
baseline,0,dense,64,0,5,32768,6291456,161.7
baseline,0,dense,64,0,6,32768,6291456,162.0
baseline,0,dense,64,0,7,32768,6291456,162.3
baseline,0,dense,64,0,8,32768,6291456,162.1
baseline,0,dense,64,1,0,32768,5242880,185.2
baseline,0,dense,64,1,1,32768,5242880,185.7
baseline,0,dense,64,1,2,32768,5242880,185.2
baseline,0,dense,64,1,3,32768,5242880,185.2
baseline,0,dense,64,1,4,32768,5242880,185.2
baseline,0,dense,64,1,5,32768,5242880,185.3
baseline,0,dense,64,1,6,32768,5242880,187.3
baseline,0,dense,64,1,7,32768,5242880,185.7
baseline,0,dense,64,1,8,32768,5242880,185.9
baseline,0,dense,64,2,0,32768,2097152,143.0
baseline,0,dense,64,2,1,32768,2097152,143.2
baseline,0,dense,64,2,2,32768,2097152,143.0
baseline,0,dense,64,2,3,32768,2097152,143.0
baseline,0,dense,64,2,4,32768,2097152,143.1
baseline,0,dense,64,2,5,32768,2097152,143.0
baseline,0,dense,64,2,6,32768,2097152,143.6
baseline,0,dense,64,2,7,32768,2097152,143.0
baseline,0,dense,64,2,8,32768,2097152,143.0
baseline,0,dense,64,3,0,32768,5242880,188.9
baseline,0,dense,64,3,1,32768,5242880,189.3
baseline,0,dense,64,3,2,32768,5242880,189.0
baseline,0,dense,64,3,3,32768,5242880,189.2
baseline,0,dense,64,3,4,32768,5242880,189.5
baseline,0,dense,64,3,5,32768,5242880,188.9
baseline,0,dense,64,3,6,32768,5242880,189.2
baseline,0,dense,64,3,7,32768,5242880,189.4
baseline,0,dense,64,3,8,32768,5242880,189.3
baseline,0,dense,4096,0,0,1008,12386304,10113.1
baseline,0,dense,4096,0,1,1008,12386304,10100.2
baseline,0,dense,4096,0,2,1008,12386304,10070.4
baseline,0,dense,4096,0,3,1008,12386304,10077.4
baseline,0,dense,4096,0,4,1008,12386304,10085.3
baseline,0,dense,4096,0,5,1008,12386304,10075.4
baseline,0,dense,4096,0,6,1008,12386304,10099.2
baseline,0,dense,4096,0,7,1008,12386304,10073.4
baseline,0,dense,4096,0,8,1008,12386304,10136.9
baseline,0,dense,4096,1,0,1008,10321920,10564.5
baseline,0,dense,4096,1,1,1008,10321920,10482.1
baseline,0,dense,4096,1,2,1008,10321920,10494.0
baseline,0,dense,4096,1,3,1008,10321920,10485.1
baseline,0,dense,4096,1,4,1008,10321920,10505.0
baseline,0,dense,4096,1,5,1008,10321920,10480.2
baseline,0,dense,4096,1,6,1008,10321920,10493.1
baseline,0,dense,4096,1,7,1008,10321920,10484.1
baseline,0,dense,4096,1,8,1008,10321920,10541.7
baseline,0,dense,4096,2,0,1008,4128768,7911.7
baseline,0,dense,4096,2,1,1008,4128768,7976.2
baseline,0,dense,4096,2,2,1008,4128768,7925.6
baseline,0,dense,4096,2,3,1008,4128768,7921.6
baseline,0,dense,4096,2,4,1008,4128768,7922.6
baseline,0,dense,4096,2,5,1008,4128768,7924.6
baseline,0,dense,4096,2,6,1008,4128768,7909.7
baseline,0,dense,4096,2,7,1008,4128768,7901.8
baseline,0,dense,4096,2,8,1008,4128768,7904.8
baseline,0,dense,4096,3,0,1008,10321920,10823.4
baseline,0,dense,4096,3,1,1008,10321920,10820.4
baseline,0,dense,4096,3,2,1008,10321920,10794.6
baseline,0,dense,4096,3,3,1008,10321920,10805.6
baseline,0,dense,4096,3,4,1008,10321920,10851.2
baseline,0,dense,4096,3,5,1008,10321920,10804.6
baseline,0,dense,4096,3,6,1008,10321920,10827.4
baseline,0,dense,4096,3,7,1008,10321920,10892.9
baseline,0,dense,4096,3,8,1008,10321920,10802.6
baseline,0,dense,65536,0,0,64,12582912,160687.5
baseline,0,dense,65536,0,1,64,12582912,160609.4
baseline,0,dense,65536,0,2,64,12582912,160812.5
baseline,0,dense,65536,0,3,64,12582912,160453.1
baseline,0,dense,65536,0,4,64,12582912,160343.8
baseline,0,dense,65536,0,5,64,12582912,161718.8
baseline,0,dense,65536,0,6,64,12582912,160953.1
baseline,0,dense,65536,0,7,64,12582912,160578.1
baseline,0,dense,65536,0,8,64,12582912,160531.2
baseline,0,dense,65536,1,0,64,10485760,167343.8
baseline,0,dense,65536,1,1,64,10485760,167078.1
baseline,0,dense,65536,1,2,64,10485760,167046.9
baseline,0,dense,65536,1,3,64,10485760,168078.1
baseline,0,dense,65536,1,4,64,10485760,167062.5
baseline,0,dense,65536,1,5,64,10485760,167015.6
baseline,0,dense,65536,1,6,64,10485760,167000.0
baseline,0,dense,65536,1,7,64,10485760,167343.8
baseline,0,dense,65536,1,8,64,10485760,167078.1
baseline,0,dense,65536,2,0,64,4194304,126375.0
baseline,0,dense,65536,2,1,64,4194304,127453.1
baseline,0,dense,65536,2,2,64,4194304,127625.0
baseline,0,dense,65536,2,3,64,4194304,126656.2
baseline,0,dense,65536,2,4,64,4194304,126265.6
baseline,0,dense,65536,2,5,64,4194304,126437.5
baseline,0,dense,65536,2,6,64,4194304,126953.1
baseline,0,dense,65536,2,7,64,4194304,127250.0
baseline,0,dense,65536,2,8,64,4194304,126437.5
baseline,0,dense,65536,3,0,64,10485760,172156.2
baseline,0,dense,65536,3,1,64,10485760,172578.1
baseline,0,dense,65536,3,2,64,10485760,172203.1
baseline,0,dense,65536,3,3,64,10485760,172109.4
baseline,0,dense,65536,3,4,64,10485760,172171.9
baseline,0,dense,65536,3,5,64,10485760,172468.8
baseline,0,dense,65536,3,6,64,10485760,172187.5
baseline,0,dense,65536,3,7,64,10485760,172500.0
baseline,0,dense,65536,3,8,64,10485760,173546.9
candidate,1,plain,0,0,0,65536,0,3.1
candidate,1,plain,0,0,1,65536,0,3.1
candidate,1,plain,0,0,2,65536,0,3.1
candidate,1,plain,0,0,3,65536,0,3.1
candidate,1,plain,0,0,4,65536,0,3.1
candidate,1,plain,0,0,5,65536,0,3.1
candidate,1,plain,0,0,6,65536,0,3.1
candidate,1,plain,0,0,7,65536,0,3.1
candidate,1,plain,0,0,8,65536,0,3.1
candidate,1,plain,0,1,0,65536,0,3.1
candidate,1,plain,0,1,1,65536,0,3.1
candidate,1,plain,0,1,2,65536,0,3.1
candidate,1,plain,0,1,3,65536,0,3.1
candidate,1,plain,0,1,4,65536,0,3.1
candidate,1,plain,0,1,5,65536,0,3.1
candidate,1,plain,0,1,6,65536,0,3.1
candidate,1,plain,0,1,7,65536,0,3.1
candidate,1,plain,0,1,8,65536,0,3.1
candidate,1,plain,0,2,0,65536,0,9.9
candidate,1,plain,0,2,1,65536,0,9.9
candidate,1,plain,0,2,2,65536,0,9.9
candidate,1,plain,0,2,3,65536,0,9.9
candidate,1,plain,0,2,4,65536,0,9.9
candidate,1,plain,0,2,5,65536,0,9.9
candidate,1,plain,0,2,6,65536,0,9.9
candidate,1,plain,0,2,7,65536,0,10.0
candidate,1,plain,0,2,8,65536,0,9.9
candidate,1,plain,0,3,0,65536,0,3.1
candidate,1,plain,0,3,1,65536,0,3.1
candidate,1,plain,0,3,2,65536,0,3.1
candidate,1,plain,0,3,3,65536,0,3.1
candidate,1,plain,0,3,4,65536,0,3.1
candidate,1,plain,0,3,5,65536,0,3.1
candidate,1,plain,0,3,6,65536,0,3.1
candidate,1,plain,0,3,7,65536,0,3.1
candidate,1,plain,0,3,8,65536,0,3.1
candidate,1,plain,30,0,0,44620,1427840,52.1
candidate,1,plain,30,0,1,44620,1427840,51.8
candidate,1,plain,30,0,2,44620,1427840,52.0
candidate,1,plain,30,0,3,44620,1427840,51.8
candidate,1,plain,30,0,4,44620,1427840,51.9
candidate,1,plain,30,0,5,44620,1427840,51.7
candidate,1,plain,30,0,6,44620,1427840,51.8
candidate,1,plain,30,0,7,44620,1427840,51.8
candidate,1,plain,30,0,8,44620,1427840,52.0
candidate,1,plain,30,1,0,44620,1338600,50.5
candidate,1,plain,30,1,1,44620,1338600,50.5
candidate,1,plain,30,1,2,44620,1338600,50.6
candidate,1,plain,30,1,3,44620,1338600,50.5
candidate,1,plain,30,1,4,44620,1338600,50.6
candidate,1,plain,30,1,5,44620,1338600,50.5
candidate,1,plain,30,1,6,44620,1338600,50.9
candidate,1,plain,30,1,7,44620,1338600,50.5
candidate,1,plain,30,1,8,44620,1338600,50.6
candidate,1,plain,30,2,0,44620,1338600,72.4
candidate,1,plain,30,2,1,44620,1338600,72.5
candidate,1,plain,30,2,2,44620,1338600,72.4
candidate,1,plain,30,2,3,44620,1338600,72.4
candidate,1,plain,30,2,4,44620,1338600,72.5
candidate,1,plain,30,2,5,44620,1338600,72.5
candidate,1,plain,30,2,6,44620,1338600,72.4
candidate,1,plain,30,2,7,44620,1338600,72.5
candidate,1,plain,30,2,8,44620,1338600,72.4
candidate,1,plain,30,3,0,44620,1427840,60.0
candidate,1,plain,30,3,1,44620,1427840,59.9
candidate,1,plain,30,3,2,44620,1427840,59.6
candidate,1,plain,30,3,3,44620,1427840,60.0
candidate,1,plain,30,3,4,44620,1427840,59.6
candidate,1,plain,30,3,5,44620,1427840,59.7
candidate,1,plain,30,3,6,44620,1427840,59.8
candidate,1,plain,30,3,7,44620,1427840,60.1
candidate,1,plain,30,3,8,44620,1427840,59.6
candidate,1,plain,90,0,0,27235,2614560,130.4
candidate,1,plain,90,0,1,27235,2614560,130.2
candidate,1,plain,90,0,2,27235,2614560,130.1
candidate,1,plain,90,0,3,27235,2614560,132.4
candidate,1,plain,90,0,4,27235,2614560,130.2
candidate,1,plain,90,0,5,27235,2614560,130.2
candidate,1,plain,90,0,6,27235,2614560,130.5
candidate,1,plain,90,0,7,27235,2614560,131.0
candidate,1,plain,90,0,8,27235,2614560,130.2
candidate,1,plain,90,1,0,27235,2451150,132.6
candidate,1,plain,90,1,1,27235,2451150,132.6
candidate,1,plain,90,1,2,27235,2451150,134.2
candidate,1,plain,90,1,3,27235,2451150,132.7
candidate,1,plain,90,1,4,27235,2451150,132.8
candidate,1,plain,90,1,5,27235,2451150,132.7
candidate,1,plain,90,1,6,27235,2451150,134.0
candidate,1,plain,90,1,7,27235,2451150,132.8
candidate,1,plain,90,1,8,27235,2451150,133.2
candidate,1,plain,90,2,0,27235,2451150,198.6
candidate,1,plain,90,2,1,27235,2451150,199.8
candidate,1,plain,90,2,2,27235,2451150,201.9
candidate,1,plain,90,2,3,27235,2451150,189.5
candidate,1,plain,90,2,4,27235,2451150,191.7
candidate,1,plain,90,2,5,27235,2451150,189.4
candidate,1,plain,90,2,6,27235,2451150,190.9
candidate,1,plain,90,2,7,27235,2451150,195.2
candidate,1,plain,90,2,8,27235,2451150,194.3
candidate,1,plain,90,3,0,27235,2614560,170.0
candidate,1,plain,90,3,1,27235,2614560,169.7
candidate,1,plain,90,3,2,27235,2614560,170.0
candidate,1,plain,90,3,3,27235,2614560,170.2
candidate,1,plain,90,3,4,27235,2614560,169.7
candidate,1,plain,90,3,5,27235,2614560,170.0
candidate,1,plain,90,3,6,27235,2614560,170.4
candidate,1,plain,90,3,7,27235,2614560,170.1
candidate,1,plain,90,3,8,27235,2614560,170.0
candidate,1,plain,4110,0,0,1004,4401536,5408.4
candidate,1,plain,4110,0,1,1004,4401536,5407.4
candidate,1,plain,4110,0,2,1004,4401536,5409.4
candidate,1,plain,4110,0,3,1004,4401536,5407.4
candidate,1,plain,4110,0,4,1004,4401536,5405.4
candidate,1,plain,4110,0,5,1004,4401536,5424.3
candidate,1,plain,4110,0,6,1004,4401536,5413.3
candidate,1,plain,4110,0,7,1004,4401536,5406.4
candidate,1,plain,4110,0,8,1004,4401536,5407.4
candidate,1,plain,4110,1,0,1004,4126440,5473.1
candidate,1,plain,4110,1,1,1004,4126440,5468.1
candidate,1,plain,4110,1,2,1004,4126440,5471.1
candidate,1,plain,4110,1,3,1004,4126440,5466.1
candidate,1,plain,4110,1,4,1004,4126440,5493.0
candidate,1,plain,4110,1,5,1004,4126440,5470.1
candidate,1,plain,4110,1,6,1004,4126440,5467.1
candidate,1,plain,4110,1,7,1004,4126440,5469.1
candidate,1,plain,4110,1,8,1004,4126440,5471.1
candidate,1,plain,4110,2,0,1004,4126440,7257.0
candidate,1,plain,4110,2,1,1004,4126440,7272.9
candidate,1,plain,4110,2,2,1004,4126440,7253.0
candidate,1,plain,4110,2,3,1004,4126440,7283.9
candidate,1,plain,4110,2,4,1004,4126440,7256.0
candidate,1,plain,4110,2,5,1004,4126440,7258.0
candidate,1,plain,4110,2,6,1004,4126440,7272.9
candidate,1,plain,4110,2,7,1004,4126440,7255.0
candidate,1,plain,4110,2,8,1004,4126440,7253.0
candidate,1,plain,4110,3,0,1004,4401536,7632.5
candidate,1,plain,4110,3,1,1004,4401536,7626.5
candidate,1,plain,4110,3,2,1004,4401536,7640.4
candidate,1,plain,4110,3,3,1004,4401536,7626.5
candidate,1,plain,4110,3,4,1004,4401536,7626.5
candidate,1,plain,4110,3,5,1004,4401536,7627.5
candidate,1,plain,4110,3,6,1004,4401536,7627.5
candidate,1,plain,4110,3,7,1004,4401536,7642.4
candidate,1,plain,4110,3,8,1004,4401536,7626.5
candidate,1,plain,65550,0,0,64,4474880,84640.6
candidate,1,plain,65550,0,1,64,4474880,84656.2
candidate,1,plain,65550,0,2,64,4474880,84765.6
candidate,1,plain,65550,0,3,64,4474880,84812.5
candidate,1,plain,65550,0,4,64,4474880,84640.6
candidate,1,plain,65550,0,5,64,4474880,85000.0
candidate,1,plain,65550,0,6,64,4474880,84640.6
candidate,1,plain,65550,0,7,64,4474880,85140.6
candidate,1,plain,65550,0,8,64,4474880,84593.8
candidate,1,plain,65550,1,0,64,4195200,86750.0
candidate,1,plain,65550,1,1,64,4195200,86812.5
candidate,1,plain,65550,1,2,64,4195200,86890.6
candidate,1,plain,65550,1,3,64,4195200,87093.8
candidate,1,plain,65550,1,4,64,4195200,86843.8
candidate,1,plain,65550,1,5,64,4195200,86734.4
candidate,1,plain,65550,1,6,64,4195200,86781.2
candidate,1,plain,65550,1,7,64,4195200,86875.0
candidate,1,plain,65550,1,8,64,4195200,86781.2
candidate,1,plain,65550,2,0,64,4195200,115546.9
candidate,1,plain,65550,2,1,64,4195200,115203.1
candidate,1,plain,65550,2,2,64,4195200,115250.0
candidate,1,plain,65550,2,3,64,4195200,115187.5
candidate,1,plain,65550,2,4,64,4195200,115296.9
candidate,1,plain,65550,2,5,64,4195200,116515.6
candidate,1,plain,65550,2,6,64,4195200,115390.6
candidate,1,plain,65550,2,7,64,4195200,115265.6
candidate,1,plain,65550,2,8,64,4195200,115468.8
candidate,1,plain,65550,3,0,64,4474880,122125.0
candidate,1,plain,65550,3,1,64,4474880,122656.2
candidate,1,plain,65550,3,2,64,4474880,122031.2
candidate,1,plain,65550,3,3,64,4474880,122078.1
candidate,1,plain,65550,3,4,64,4474880,122203.1
candidate,1,plain,65550,3,5,64,4474880,123296.9
candidate,1,plain,65550,3,6,64,4474880,122187.5
candidate,1,plain,65550,3,7,64,4474880,121953.1
candidate,1,plain,65550,3,8,64,4474880,121984.4
candidate,1,mixed,46,0,0,38130,3660480,104.4
candidate,1,mixed,46,0,1,38130,3660480,102.6
candidate,1,mixed,46,0,2,38130,3660480,104.3
candidate,1,mixed,46,0,3,38130,3660480,105.2
candidate,1,mixed,46,0,4,38130,3660480,104.1
candidate,1,mixed,46,0,5,38130,3660480,103.7
candidate,1,mixed,46,0,6,38130,3660480,104.7
candidate,1,mixed,46,0,7,38130,3660480,103.7
candidate,1,mixed,46,0,8,38130,3660480,103.1
candidate,1,mixed,46,1,0,38130,3507960,99.9
candidate,1,mixed,46,1,1,38130,3507960,100.1
candidate,1,mixed,46,1,2,38130,3507960,100.2
candidate,1,mixed,46,1,3,38130,3507960,107.9
candidate,1,mixed,46,1,4,38130,3507960,100.7
candidate,1,mixed,46,1,5,38130,3507960,99.9
candidate,1,mixed,46,1,6,38130,3507960,100.6
candidate,1,mixed,46,1,7,38130,3507960,99.9
candidate,1,mixed,46,1,8,38130,3507960,99.9
candidate,1,mixed,46,2,0,38130,2897880,118.0
candidate,1,mixed,46,2,1,38130,2897880,118.1
candidate,1,mixed,46,2,2,38130,2897880,118.2
candidate,1,mixed,46,2,3,38130,2897880,118.0
candidate,1,mixed,46,2,4,38130,2897880,119.5
candidate,1,mixed,46,2,5,38130,2897880,118.4
candidate,1,mixed,46,2,6,38130,2897880,118.5
candidate,1,mixed,46,2,7,38130,2897880,118.0
candidate,1,mixed,46,2,8,38130,2897880,118.1
candidate,1,mixed,46,3,0,38130,3355440,108.7
candidate,1,mixed,46,3,1,38130,3355440,108.6
candidate,1,mixed,46,3,2,38130,3355440,108.6
candidate,1,mixed,46,3,3,38130,3355440,108.6
candidate,1,mixed,46,3,4,38130,3355440,108.8
candidate,1,mixed,46,3,5,38130,3355440,108.6
candidate,1,mixed,46,3,6,38130,3355440,108.6
candidate,1,mixed,46,3,7,38130,3355440,109.1
candidate,1,mixed,46,3,8,38130,3355440,108.7
candidate,1,mixed,92,0,0,26886,5162112,181.8
candidate,1,mixed,92,0,1,26886,5162112,181.6
candidate,1,mixed,92,0,2,26886,5162112,181.7
candidate,1,mixed,92,0,3,26886,5162112,181.8
candidate,1,mixed,92,0,4,26886,5162112,181.6
candidate,1,mixed,92,0,5,26886,5162112,181.6
candidate,1,mixed,92,0,6,26886,5162112,182.4
candidate,1,mixed,92,0,7,26886,5162112,181.6
candidate,1,mixed,92,0,8,26886,5162112,181.7
candidate,1,mixed,92,1,0,26886,4947024,185.6
candidate,1,mixed,92,1,1,26886,4947024,185.7
candidate,1,mixed,92,1,2,26886,4947024,185.6
candidate,1,mixed,92,1,3,26886,4947024,185.5
candidate,1,mixed,92,1,4,26886,4947024,185.8
candidate,1,mixed,92,1,5,26886,4947024,186.2
candidate,1,mixed,92,1,6,26886,4947024,185.8
candidate,1,mixed,92,1,7,26886,4947024,185.7
candidate,1,mixed,92,1,8,26886,4947024,185.6
candidate,1,mixed,92,2,0,26886,4086672,223.6
candidate,1,mixed,92,2,1,26886,4086672,226.2
candidate,1,mixed,92,2,2,26886,4086672,227.3
candidate,1,mixed,92,2,3,26886,4086672,223.1
candidate,1,mixed,92,2,4,26886,4086672,222.7
candidate,1,mixed,92,2,5,26886,4086672,222.3
candidate,1,mixed,92,2,6,26886,4086672,222.4
candidate,1,mixed,92,2,7,26886,4086672,223.5
candidate,1,mixed,92,2,8,26886,4086672,224.7
candidate,1,mixed,92,3,0,26886,4731936,206.9
candidate,1,mixed,92,3,1,26886,4731936,207.7
candidate,1,mixed,92,3,2,26886,4731936,206.9
candidate,1,mixed,92,3,3,26886,4731936,207.1
candidate,1,mixed,92,3,4,26886,4731936,206.9
candidate,1,mixed,92,3,5,26886,4731936,206.9
candidate,1,mixed,92,3,6,26886,4731936,207.0
candidate,1,mixed,92,3,7,26886,4731936,206.9
candidate,1,mixed,92,3,8,26886,4731936,207.5
candidate,1,mixed,4140,0,0,997,8614080,7437.3
candidate,1,mixed,4140,0,1,997,8614080,7420.3
candidate,1,mixed,4140,0,2,997,8614080,7423.3
candidate,1,mixed,4140,0,3,997,8614080,7470.4
candidate,1,mixed,4140,0,4,997,8614080,7448.3
candidate,1,mixed,4140,0,5,997,8614080,7464.4
candidate,1,mixed,4140,0,6,997,8614080,7442.3
candidate,1,mixed,4140,0,7,997,8614080,7461.4
candidate,1,mixed,4140,0,8,997,8614080,7442.3
candidate,1,mixed,4140,1,0,997,8255160,7772.3
candidate,1,mixed,4140,1,1,997,8255160,7764.3
candidate,1,mixed,4140,1,2,997,8255160,7756.3
candidate,1,mixed,4140,1,3,997,8255160,7753.3
candidate,1,mixed,4140,1,4,997,8255160,7757.3
candidate,1,mixed,4140,1,5,997,8255160,7772.3
candidate,1,mixed,4140,1,6,997,8255160,7760.3
candidate,1,mixed,4140,1,7,997,8255160,7760.3
candidate,1,mixed,4140,1,8,997,8255160,7761.3
candidate,1,mixed,4140,2,0,997,6819480,8951.9
candidate,1,mixed,4140,2,1,997,6819480,8982.9
candidate,1,mixed,4140,2,2,997,6819480,8934.8
candidate,1,mixed,4140,2,3,997,6819480,8928.8
candidate,1,mixed,4140,2,4,997,6819480,8931.8
candidate,1,mixed,4140,2,5,997,6819480,8953.9
candidate,1,mixed,4140,2,6,997,6819480,8936.8
candidate,1,mixed,4140,2,7,997,6819480,8936.8
candidate,1,mixed,4140,2,8,997,6819480,8939.8
candidate,1,mixed,4140,3,0,997,7896240,8699.1
candidate,1,mixed,4140,3,1,997,7896240,8716.1
candidate,1,mixed,4140,3,2,997,7896240,8688.1
candidate,1,mixed,4140,3,3,997,7896240,8704.1
candidate,1,mixed,4140,3,4,997,7896240,8748.2
candidate,1,mixed,4140,3,5,997,7896240,8730.2
candidate,1,mixed,4140,3,6,997,7896240,8694.1
candidate,1,mixed,4140,3,7,997,7896240,8693.1
candidate,1,mixed,4140,3,8,997,7896240,8700.1
candidate,1,mixed,65550,0,0,64,8755200,117937.5
candidate,1,mixed,65550,0,1,64,8755200,118140.6
candidate,1,mixed,65550,0,2,64,8755200,118000.0
candidate,1,mixed,65550,0,3,64,8755200,118140.6
candidate,1,mixed,65550,0,4,64,8755200,118890.6
candidate,1,mixed,65550,0,5,64,8755200,118546.9
candidate,1,mixed,65550,0,6,64,8755200,118031.2
candidate,1,mixed,65550,0,7,64,8755200,117890.6
candidate,1,mixed,65550,0,8,64,8755200,117812.5
candidate,1,mixed,65550,1,0,64,8390400,122250.0
candidate,1,mixed,65550,1,1,64,8390400,122562.5
candidate,1,mixed,65550,1,2,64,8390400,122546.9
candidate,1,mixed,65550,1,3,64,8390400,122500.0
candidate,1,mixed,65550,1,4,64,8390400,122359.4
candidate,1,mixed,65550,1,5,64,8390400,122890.6
candidate,1,mixed,65550,1,6,64,8390400,122468.8
candidate,1,mixed,65550,1,7,64,8390400,122296.9
candidate,1,mixed,65550,1,8,64,8390400,122328.1
candidate,1,mixed,65550,2,0,64,6931200,140859.4
candidate,1,mixed,65550,2,1,64,6931200,141953.1
candidate,1,mixed,65550,2,2,64,6931200,140843.8
candidate,1,mixed,65550,2,3,64,6931200,141062.5
candidate,1,mixed,65550,2,4,64,6931200,140812.5
candidate,1,mixed,65550,2,5,64,6931200,141312.5
candidate,1,mixed,65550,2,6,64,6931200,141281.2
candidate,1,mixed,65550,2,7,64,6931200,142000.0
candidate,1,mixed,65550,2,8,64,6931200,141046.9
candidate,1,mixed,65550,3,0,64,8025600,137750.0
candidate,1,mixed,65550,3,1,64,8025600,137937.5
candidate,1,mixed,65550,3,2,64,8025600,138187.5
candidate,1,mixed,65550,3,3,64,8025600,137906.2
candidate,1,mixed,65550,3,4,64,8025600,138453.1
candidate,1,mixed,65550,3,5,64,8025600,137687.5
candidate,1,mixed,65550,3,6,64,8025600,137578.1
candidate,1,mixed,65550,3,7,64,8025600,137984.4
candidate,1,mixed,65550,3,8,64,8025600,138187.5
candidate,1,unreserved,1,0,0,64527,64527,14.4
candidate,1,unreserved,1,0,1,64527,64527,14.3
candidate,1,unreserved,1,0,2,64527,64527,14.4
candidate,1,unreserved,1,0,3,64527,64527,14.4
candidate,1,unreserved,1,0,4,64527,64527,14.3
candidate,1,unreserved,1,0,5,64527,64527,14.6
candidate,1,unreserved,1,0,6,64527,64527,14.3
candidate,1,unreserved,1,0,7,64527,64527,14.3
candidate,1,unreserved,1,0,8,64527,64527,14.3
candidate,1,unreserved,1,1,0,64527,64527,14.5
candidate,1,unreserved,1,1,1,64527,64527,14.6
candidate,1,unreserved,1,1,2,64527,64527,14.3
candidate,1,unreserved,1,1,3,64527,64527,14.3
candidate,1,unreserved,1,1,4,64527,64527,14.3
candidate,1,unreserved,1,1,5,64527,64527,14.3
candidate,1,unreserved,1,1,6,64527,64527,14.3
candidate,1,unreserved,1,1,7,64527,64527,14.3
candidate,1,unreserved,1,1,8,64527,64527,14.4
candidate,1,unreserved,1,2,0,64527,64527,17.5
candidate,1,unreserved,1,2,1,64527,64527,17.5
candidate,1,unreserved,1,2,2,64527,64527,17.5
candidate,1,unreserved,1,2,3,64527,64527,17.5
candidate,1,unreserved,1,2,4,64527,64527,17.5
candidate,1,unreserved,1,2,5,64527,64527,17.5
candidate,1,unreserved,1,2,6,64527,64527,17.6
candidate,1,unreserved,1,2,7,64527,64527,17.5
candidate,1,unreserved,1,2,8,64527,64527,17.6
candidate,1,unreserved,1,3,0,64527,64527,14.7
candidate,1,unreserved,1,3,1,64527,64527,14.7
candidate,1,unreserved,1,3,2,64527,64527,14.7
candidate,1,unreserved,1,3,3,64527,64527,14.8
candidate,1,unreserved,1,3,4,64527,64527,14.7
candidate,1,unreserved,1,3,5,64527,64527,14.7
candidate,1,unreserved,1,3,6,64527,64527,14.7
candidate,1,unreserved,1,3,7,64527,64527,14.7
candidate,1,unreserved,1,3,8,64527,64527,14.7
candidate,1,unreserved,8,0,0,58254,466032,21.5
candidate,1,unreserved,8,0,1,58254,466032,21.5
candidate,1,unreserved,8,0,2,58254,466032,21.5
candidate,1,unreserved,8,0,3,58254,466032,21.5
candidate,1,unreserved,8,0,4,58254,466032,21.5
candidate,1,unreserved,8,0,5,58254,466032,21.5
candidate,1,unreserved,8,0,6,58254,466032,21.5
candidate,1,unreserved,8,0,7,58254,466032,21.5
candidate,1,unreserved,8,0,8,58254,466032,21.5
candidate,1,unreserved,8,1,0,58254,466032,21.6
candidate,1,unreserved,8,1,1,58254,466032,21.6
candidate,1,unreserved,8,1,2,58254,466032,21.5
candidate,1,unreserved,8,1,3,58254,466032,21.6
candidate,1,unreserved,8,1,4,58254,466032,21.5
candidate,1,unreserved,8,1,5,58254,466032,21.6
candidate,1,unreserved,8,1,6,58254,466032,21.6
candidate,1,unreserved,8,1,7,58254,466032,21.6
candidate,1,unreserved,8,1,8,58254,466032,21.6
candidate,1,unreserved,8,2,0,58254,466032,31.8
candidate,1,unreserved,8,2,1,58254,466032,31.9
candidate,1,unreserved,8,2,2,58254,466032,31.9
candidate,1,unreserved,8,2,3,58254,466032,31.9
candidate,1,unreserved,8,2,4,58254,466032,31.9
candidate,1,unreserved,8,2,5,58254,466032,31.9
candidate,1,unreserved,8,2,6,58254,466032,32.2
candidate,1,unreserved,8,2,7,58254,466032,31.9
candidate,1,unreserved,8,2,8,58254,466032,31.8
candidate,1,unreserved,8,3,0,58254,466032,23.7
candidate,1,unreserved,8,3,1,58254,466032,23.4
candidate,1,unreserved,8,3,2,58254,466032,23.4
candidate,1,unreserved,8,3,3,58254,466032,23.4
candidate,1,unreserved,8,3,4,58254,466032,23.4
candidate,1,unreserved,8,3,5,58254,466032,23.4
candidate,1,unreserved,8,3,6,58254,466032,23.4
candidate,1,unreserved,8,3,7,58254,466032,23.4
candidate,1,unreserved,8,3,8,58254,466032,23.4
candidate,1,unreserved,64,0,0,32768,2097152,89.8
candidate,1,unreserved,64,0,1,32768,2097152,89.8
candidate,1,unreserved,64,0,2,32768,2097152,89.8
candidate,1,unreserved,64,0,3,32768,2097152,89.8
candidate,1,unreserved,64,0,4,32768,2097152,89.8
candidate,1,unreserved,64,0,5,32768,2097152,89.8
candidate,1,unreserved,64,0,6,32768,2097152,89.9
candidate,1,unreserved,64,0,7,32768,2097152,89.8
candidate,1,unreserved,64,0,8,32768,2097152,89.8
candidate,1,unreserved,64,1,0,32768,2097152,100.3
candidate,1,unreserved,64,1,1,32768,2097152,99.9
candidate,1,unreserved,64,1,2,32768,2097152,102.0
candidate,1,unreserved,64,1,3,32768,2097152,101.5
candidate,1,unreserved,64,1,4,32768,2097152,101.4
candidate,1,unreserved,64,1,5,32768,2097152,101.4
candidate,1,unreserved,64,1,6,32768,2097152,101.5
candidate,1,unreserved,64,1,7,32768,2097152,101.5
candidate,1,unreserved,64,1,8,32768,2097152,101.5
candidate,1,unreserved,64,2,0,32768,2097152,141.0
candidate,1,unreserved,64,2,1,32768,2097152,141.4
candidate,1,unreserved,64,2,2,32768,2097152,141.5
candidate,1,unreserved,64,2,3,32768,2097152,142.0
candidate,1,unreserved,64,2,4,32768,2097152,141.4
candidate,1,unreserved,64,2,5,32768,2097152,141.6
candidate,1,unreserved,64,2,6,32768,2097152,141.4
candidate,1,unreserved,64,2,7,32768,2097152,142.0
candidate,1,unreserved,64,2,8,32768,2097152,141.4
candidate,1,unreserved,64,3,0,32768,2097152,115.3
candidate,1,unreserved,64,3,1,32768,2097152,115.3
candidate,1,unreserved,64,3,2,32768,2097152,115.4
candidate,1,unreserved,64,3,3,32768,2097152,116.0
candidate,1,unreserved,64,3,4,32768,2097152,115.1
candidate,1,unreserved,64,3,5,32768,2097152,115.2
candidate,1,unreserved,64,3,6,32768,2097152,115.1
candidate,1,unreserved,64,3,7,32768,2097152,115.2
candidate,1,unreserved,64,3,8,32768,2097152,115.4
candidate,1,unreserved,4096,0,0,1008,4128768,5089.3
candidate,1,unreserved,4096,0,1,1008,4128768,5089.3
candidate,1,unreserved,4096,0,2,1008,4128768,5146.8
candidate,1,unreserved,4096,0,3,1008,4128768,5086.3
candidate,1,unreserved,4096,0,4,1008,4128768,5108.1
candidate,1,unreserved,4096,0,5,1008,4128768,5086.3
candidate,1,unreserved,4096,0,6,1008,4128768,5110.1
candidate,1,unreserved,4096,0,7,1008,4128768,5086.3
candidate,1,unreserved,4096,0,8,1008,4128768,5083.3
candidate,1,unreserved,4096,1,0,1008,4128768,5085.3
candidate,1,unreserved,4096,1,1,1008,4128768,5093.3
candidate,1,unreserved,4096,1,2,1008,4128768,5129.0
candidate,1,unreserved,4096,1,3,1008,4128768,5090.3
candidate,1,unreserved,4096,1,4,1008,4128768,5085.3
candidate,1,unreserved,4096,1,5,1008,4128768,5088.3
candidate,1,unreserved,4096,1,6,1008,4128768,5084.3
candidate,1,unreserved,4096,1,7,1008,4128768,5087.3
candidate,1,unreserved,4096,1,8,1008,4128768,5097.2
candidate,1,unreserved,4096,2,0,1008,4128768,7190.5
candidate,1,unreserved,4096,2,1,1008,4128768,7211.3
candidate,1,unreserved,4096,2,2,1008,4128768,7196.4
candidate,1,unreserved,4096,2,3,1008,4128768,7198.4
candidate,1,unreserved,4096,2,4,1008,4128768,7193.5
candidate,1,unreserved,4096,2,5,1008,4128768,7202.4
candidate,1,unreserved,4096,2,6,1008,4128768,7200.4
candidate,1,unreserved,4096,2,7,1008,4128768,7202.4
candidate,1,unreserved,4096,2,8,1008,4128768,7194.4
candidate,1,unreserved,4096,3,0,1008,4128768,6260.9
candidate,1,unreserved,4096,3,1,1008,4128768,6250.0
candidate,1,unreserved,4096,3,2,1008,4128768,6276.8
candidate,1,unreserved,4096,3,3,1008,4128768,6257.9
candidate,1,unreserved,4096,3,4,1008,4128768,6255.0
candidate,1,unreserved,4096,3,5,1008,4128768,6257.9
candidate,1,unreserved,4096,3,6,1008,4128768,6256.9
candidate,1,unreserved,4096,3,7,1008,4128768,6256.9
candidate,1,unreserved,4096,3,8,1008,4128768,6272.8
candidate,1,unreserved,65536,0,0,64,4194304,79859.4
candidate,1,unreserved,65536,0,1,64,4194304,79312.5
candidate,1,unreserved,65536,0,2,64,4194304,79015.6
candidate,1,unreserved,65536,0,3,64,4194304,78906.2
candidate,1,unreserved,65536,0,4,64,4194304,79125.0
candidate,1,unreserved,65536,0,5,64,4194304,79062.5
candidate,1,unreserved,65536,0,6,64,4194304,79984.4
candidate,1,unreserved,65536,0,7,64,4194304,78937.5
candidate,1,unreserved,65536,0,8,64,4194304,78921.9
candidate,1,unreserved,65536,1,0,64,4194304,79453.1
candidate,1,unreserved,65536,1,1,64,4194304,79437.5
candidate,1,unreserved,65536,1,2,64,4194304,79359.4
candidate,1,unreserved,65536,1,3,64,4194304,79359.4
candidate,1,unreserved,65536,1,4,64,4194304,79375.0
candidate,1,unreserved,65536,1,5,64,4194304,79656.2
candidate,1,unreserved,65536,1,6,64,4194304,79359.4
candidate,1,unreserved,65536,1,7,64,4194304,79437.5
candidate,1,unreserved,65536,1,8,64,4194304,79500.0
candidate,1,unreserved,65536,2,0,64,4194304,114859.4
candidate,1,unreserved,65536,2,1,64,4194304,115687.5
candidate,1,unreserved,65536,2,2,64,4194304,114890.6
candidate,1,unreserved,65536,2,3,64,4194304,115125.0
candidate,1,unreserved,65536,2,4,64,4194304,115343.8
candidate,1,unreserved,65536,2,5,64,4194304,114906.2
candidate,1,unreserved,65536,2,6,64,4194304,114906.2
candidate,1,unreserved,65536,2,7,64,4194304,115125.0
candidate,1,unreserved,65536,2,8,64,4194304,114859.4
candidate,1,unreserved,65536,3,0,64,4194304,101281.2
candidate,1,unreserved,65536,3,1,64,4194304,101234.4
candidate,1,unreserved,65536,3,2,64,4194304,101343.8
candidate,1,unreserved,65536,3,3,64,4194304,101250.0
candidate,1,unreserved,65536,3,4,64,4194304,101546.9
candidate,1,unreserved,65536,3,5,64,4194304,101328.1
candidate,1,unreserved,65536,3,6,64,4194304,101343.8
candidate,1,unreserved,65536,3,7,64,4194304,101453.1
candidate,1,unreserved,65536,3,8,64,4194304,101218.8
candidate,1,dense,4,0,0,61680,740160,23.7
candidate,1,dense,4,0,1,61680,740160,23.6
candidate,1,dense,4,0,2,61680,740160,23.7
candidate,1,dense,4,0,3,61680,740160,23.6
candidate,1,dense,4,0,4,61680,740160,23.6
candidate,1,dense,4,0,5,61680,740160,23.6
candidate,1,dense,4,0,6,61680,740160,23.6
candidate,1,dense,4,0,7,61680,740160,23.8
candidate,1,dense,4,0,8,61680,740160,24.5
candidate,1,dense,4,1,0,61680,616800,22.4
candidate,1,dense,4,1,1,61680,616800,22.4
candidate,1,dense,4,1,2,61680,616800,22.5
candidate,1,dense,4,1,3,61680,616800,22.5
candidate,1,dense,4,1,4,61680,616800,22.4
candidate,1,dense,4,1,5,61680,616800,22.4
candidate,1,dense,4,1,6,61680,616800,22.4
candidate,1,dense,4,1,7,61680,616800,22.4
candidate,1,dense,4,1,8,61680,616800,22.4
candidate,1,dense,4,2,0,61680,246720,23.4
candidate,1,dense,4,2,1,61680,246720,23.4
candidate,1,dense,4,2,2,61680,246720,23.4
candidate,1,dense,4,2,3,61680,246720,23.4
candidate,1,dense,4,2,4,61680,246720,23.4
candidate,1,dense,4,2,5,61680,246720,23.4
candidate,1,dense,4,2,6,61680,246720,23.5
candidate,1,dense,4,2,7,61680,246720,23.4
candidate,1,dense,4,2,8,61680,246720,23.4
candidate,1,dense,4,3,0,61680,616800,22.6
candidate,1,dense,4,3,1,61680,616800,22.6
candidate,1,dense,4,3,2,61680,616800,22.7
candidate,1,dense,4,3,3,61680,616800,22.6
candidate,1,dense,4,3,4,61680,616800,22.6
candidate,1,dense,4,3,5,61680,616800,22.6
candidate,1,dense,4,3,6,61680,616800,22.6
candidate,1,dense,4,3,7,61680,616800,22.6
candidate,1,dense,4,3,8,61680,616800,22.6
candidate,1,dense,8,0,0,58254,1398096,33.9
candidate,1,dense,8,0,1,58254,1398096,33.8
candidate,1,dense,8,0,2,58254,1398096,33.7
candidate,1,dense,8,0,3,58254,1398096,33.8
candidate,1,dense,8,0,4,58254,1398096,33.8
candidate,1,dense,8,0,5,58254,1398096,34.0
candidate,1,dense,8,0,6,58254,1398096,34.0
candidate,1,dense,8,0,7,58254,1398096,34.1
candidate,1,dense,8,0,8,58254,1398096,33.8
candidate,1,dense,8,1,0,58254,1165080,32.2
candidate,1,dense,8,1,1,58254,1165080,32.5
candidate,1,dense,8,1,2,58254,1165080,32.2
candidate,1,dense,8,1,3,58254,1165080,32.2
candidate,1,dense,8,1,4,58254,1165080,32.2
candidate,1,dense,8,1,5,58254,1165080,32.2
candidate,1,dense,8,1,6,58254,1165080,32.2
candidate,1,dense,8,1,7,58254,1165080,32.2
candidate,1,dense,8,1,8,58254,1165080,32.2
candidate,1,dense,8,2,0,58254,466032,32.2
candidate,1,dense,8,2,1,58254,466032,32.2
candidate,1,dense,8,2,2,58254,466032,32.2
candidate,1,dense,8,2,3,58254,466032,32.6
candidate,1,dense,8,2,4,58254,466032,32.2
candidate,1,dense,8,2,5,58254,466032,32.3
candidate,1,dense,8,2,6,58254,466032,32.2
candidate,1,dense,8,2,7,58254,466032,32.2
candidate,1,dense,8,2,8,58254,466032,32.2
candidate,1,dense,8,3,0,58254,1165080,32.2
candidate,1,dense,8,3,1,58254,1165080,32.2
candidate,1,dense,8,3,2,58254,1165080,32.3
candidate,1,dense,8,3,3,58254,1165080,32.2
candidate,1,dense,8,3,4,58254,1165080,32.2
candidate,1,dense,8,3,5,58254,1165080,32.2
candidate,1,dense,8,3,6,58254,1165080,32.9
candidate,1,dense,8,3,7,58254,1165080,33.5
candidate,1,dense,8,3,8,58254,1165080,33.7
candidate,1,dense,64,0,0,32768,6291456,173.2
candidate,1,dense,64,0,1,32768,6291456,172.1
candidate,1,dense,64,0,2,32768,6291456,171.7
candidate,1,dense,64,0,3,32768,6291456,171.7
candidate,1,dense,64,0,4,32768,6291456,172.0
candidate,1,dense,64,0,5,32768,6291456,171.7
candidate,1,dense,64,0,6,32768,6291456,172.6
candidate,1,dense,64,0,7,32768,6291456,171.6
candidate,1,dense,64,0,8,32768,6291456,171.7
candidate,1,dense,64,1,0,32768,5242880,164.2
candidate,1,dense,64,1,1,32768,5242880,164.5
candidate,1,dense,64,1,2,32768,5242880,164.3
candidate,1,dense,64,1,3,32768,5242880,164.3
candidate,1,dense,64,1,4,32768,5242880,166.6
candidate,1,dense,64,1,5,32768,5242880,165.2
candidate,1,dense,64,1,6,32768,5242880,165.3
candidate,1,dense,64,1,7,32768,5242880,164.7
candidate,1,dense,64,1,8,32768,5242880,164.6
candidate,1,dense,64,2,0,32768,2097152,143.2
candidate,1,dense,64,2,1,32768,2097152,143.1
candidate,1,dense,64,2,2,32768,2097152,143.0
candidate,1,dense,64,2,3,32768,2097152,143.4
candidate,1,dense,64,2,4,32768,2097152,143.6
candidate,1,dense,64,2,5,32768,2097152,143.2
candidate,1,dense,64,2,6,32768,2097152,143.2
candidate,1,dense,64,2,7,32768,2097152,145.6
candidate,1,dense,64,2,8,32768,2097152,143.0
candidate,1,dense,64,3,0,32768,5242880,165.5
candidate,1,dense,64,3,1,32768,5242880,165.7
candidate,1,dense,64,3,2,32768,5242880,165.5
candidate,1,dense,64,3,3,32768,5242880,166.1
candidate,1,dense,64,3,4,32768,5242880,166.0
candidate,1,dense,64,3,5,32768,5242880,165.7
candidate,1,dense,64,3,6,32768,5242880,165.4
candidate,1,dense,64,3,7,32768,5242880,165.7
candidate,1,dense,64,3,8,32768,5242880,165.6
candidate,1,dense,4096,0,0,1008,12386304,9875.0
candidate,1,dense,4096,0,1,1008,12386304,9886.9
candidate,1,dense,4096,0,2,1008,12386304,9858.1
candidate,1,dense,4096,0,3,1008,12386304,9873.0
candidate,1,dense,4096,0,4,1008,12386304,9898.8
candidate,1,dense,4096,0,5,1008,12386304,9863.1
candidate,1,dense,4096,0,6,1008,12386304,9863.1
candidate,1,dense,4096,0,7,1008,12386304,9933.5
candidate,1,dense,4096,0,8,1008,12386304,9883.9
candidate,1,dense,4096,1,0,1008,10321920,9212.3
candidate,1,dense,4096,1,1,1008,10321920,9201.4
candidate,1,dense,4096,1,2,1008,10321920,9202.4
candidate,1,dense,4096,1,3,1008,10321920,9220.2
candidate,1,dense,4096,1,4,1008,10321920,9205.4
candidate,1,dense,4096,1,5,1008,10321920,9199.4
candidate,1,dense,4096,1,6,1008,10321920,9218.3
candidate,1,dense,4096,1,7,1008,10321920,9196.4
candidate,1,dense,4096,1,8,1008,10321920,9204.4
candidate,1,dense,4096,2,0,1008,4128768,7913.7
candidate,1,dense,4096,2,1,1008,4128768,7923.6
candidate,1,dense,4096,2,2,1008,4128768,7932.5
candidate,1,dense,4096,2,3,1008,4128768,7981.2
candidate,1,dense,4096,2,4,1008,4128768,7913.7
candidate,1,dense,4096,2,5,1008,4128768,7919.6
candidate,1,dense,4096,2,6,1008,4128768,7930.6
candidate,1,dense,4096,2,7,1008,4128768,7934.5
candidate,1,dense,4096,2,8,1008,4128768,7916.7
candidate,1,dense,4096,3,0,1008,10321920,9326.4
candidate,1,dense,4096,3,1,1008,10321920,9323.4
candidate,1,dense,4096,3,2,1008,10321920,9337.3
candidate,1,dense,4096,3,3,1008,10321920,9324.4
candidate,1,dense,4096,3,4,1008,10321920,9323.4
candidate,1,dense,4096,3,5,1008,10321920,9402.8
candidate,1,dense,4096,3,6,1008,10321920,9353.2
candidate,1,dense,4096,3,7,1008,10321920,9328.4
candidate,1,dense,4096,3,8,1008,10321920,9318.5
candidate,1,dense,65536,0,0,64,12582912,160218.8
candidate,1,dense,65536,0,1,64,12582912,160250.0
candidate,1,dense,65536,0,2,64,12582912,159562.5
candidate,1,dense,65536,0,3,64,12582912,159828.1
candidate,1,dense,65536,0,4,64,12582912,161203.1
candidate,1,dense,65536,0,5,64,12582912,160125.0
candidate,1,dense,65536,0,6,64,12582912,159937.5
candidate,1,dense,65536,0,7,64,12582912,161093.8
candidate,1,dense,65536,0,8,64,12582912,160843.8
candidate,1,dense,65536,1,0,64,10485760,146656.2
candidate,1,dense,65536,1,1,64,10485760,146625.0
candidate,1,dense,65536,1,2,64,10485760,146796.9
candidate,1,dense,65536,1,3,64,10485760,146640.6
candidate,1,dense,65536,1,4,64,10485760,146609.4
candidate,1,dense,65536,1,5,64,10485760,146484.4
candidate,1,dense,65536,1,6,64,10485760,148140.6
candidate,1,dense,65536,1,7,64,10485760,146937.5
candidate,1,dense,65536,1,8,64,10485760,146906.2
candidate,1,dense,65536,2,0,64,4194304,126281.2
candidate,1,dense,65536,2,1,64,4194304,126640.6
candidate,1,dense,65536,2,2,64,4194304,126875.0
candidate,1,dense,65536,2,3,64,4194304,127843.8
candidate,1,dense,65536,2,4,64,4194304,127093.8
candidate,1,dense,65536,2,5,64,4194304,126984.4
candidate,1,dense,65536,2,6,64,4194304,126640.6
candidate,1,dense,65536,2,7,64,4194304,126312.5
candidate,1,dense,65536,2,8,64,4194304,126375.0
candidate,1,dense,65536,3,0,64,10485760,149765.6
candidate,1,dense,65536,3,1,64,10485760,149406.2
candidate,1,dense,65536,3,2,64,10485760,148625.0
candidate,1,dense,65536,3,3,64,10485760,148531.2
candidate,1,dense,65536,3,4,64,10485760,148671.9
candidate,1,dense,65536,3,5,64,10485760,148906.2
candidate,1,dense,65536,3,6,64,10485760,148562.5
candidate,1,dense,65536,3,7,64,10485760,148703.1
candidate,1,dense,65536,3,8,64,10485760,148906.2
candidate,2,plain,0,0,0,65536,0,3.1
candidate,2,plain,0,0,1,65536,0,3.1
candidate,2,plain,0,0,2,65536,0,3.1
candidate,2,plain,0,0,3,65536,0,3.1
candidate,2,plain,0,0,4,65536,0,3.1
candidate,2,plain,0,0,5,65536,0,3.1
candidate,2,plain,0,0,6,65536,0,3.1
candidate,2,plain,0,0,7,65536,0,3.1
candidate,2,plain,0,0,8,65536,0,3.1
candidate,2,plain,0,1,0,65536,0,3.2
candidate,2,plain,0,1,1,65536,0,3.1
candidate,2,plain,0,1,2,65536,0,3.2
candidate,2,plain,0,1,3,65536,0,3.2
candidate,2,plain,0,1,4,65536,0,3.2
candidate,2,plain,0,1,5,65536,0,3.2
candidate,2,plain,0,1,6,65536,0,3.1
candidate,2,plain,0,1,7,65536,0,3.1
candidate,2,plain,0,1,8,65536,0,3.1
candidate,2,plain,0,2,0,65536,0,9.9
candidate,2,plain,0,2,1,65536,0,9.9
candidate,2,plain,0,2,2,65536,0,9.9
candidate,2,plain,0,2,3,65536,0,9.9
candidate,2,plain,0,2,4,65536,0,9.9
candidate,2,plain,0,2,5,65536,0,9.9
candidate,2,plain,0,2,6,65536,0,9.9
candidate,2,plain,0,2,7,65536,0,9.9
candidate,2,plain,0,2,8,65536,0,9.9
candidate,2,plain,0,3,0,65536,0,3.1
candidate,2,plain,0,3,1,65536,0,3.1
candidate,2,plain,0,3,2,65536,0,3.1
candidate,2,plain,0,3,3,65536,0,3.1
candidate,2,plain,0,3,4,65536,0,3.1
candidate,2,plain,0,3,5,65536,0,3.1
candidate,2,plain,0,3,6,65536,0,3.1
candidate,2,plain,0,3,7,65536,0,3.1
candidate,2,plain,0,3,8,65536,0,3.1
candidate,2,plain,30,0,0,44620,1427840,51.8
candidate,2,plain,30,0,1,44620,1427840,51.8
candidate,2,plain,30,0,2,44620,1427840,51.7
candidate,2,plain,30,0,3,44620,1427840,51.7
candidate,2,plain,30,0,4,44620,1427840,51.7
candidate,2,plain,30,0,5,44620,1427840,51.8
candidate,2,plain,30,0,6,44620,1427840,51.8
candidate,2,plain,30,0,7,44620,1427840,51.7
candidate,2,plain,30,0,8,44620,1427840,51.7
candidate,2,plain,30,1,0,44620,1338600,50.5
candidate,2,plain,30,1,1,44620,1338600,50.5
candidate,2,plain,30,1,2,44620,1338600,50.6
candidate,2,plain,30,1,3,44620,1338600,50.5
candidate,2,plain,30,1,4,44620,1338600,50.7
candidate,2,plain,30,1,5,44620,1338600,50.5
candidate,2,plain,30,1,6,44620,1338600,50.9
candidate,2,plain,30,1,7,44620,1338600,50.6
candidate,2,plain,30,1,8,44620,1338600,50.5
candidate,2,plain,30,2,0,44620,1338600,72.8
candidate,2,plain,30,2,1,44620,1338600,72.5
candidate,2,plain,30,2,2,44620,1338600,72.4
candidate,2,plain,30,2,3,44620,1338600,72.5
candidate,2,plain,30,2,4,44620,1338600,72.5
candidate,2,plain,30,2,5,44620,1338600,72.5
candidate,2,plain,30,2,6,44620,1338600,72.4
candidate,2,plain,30,2,7,44620,1338600,72.5
candidate,2,plain,30,2,8,44620,1338600,72.5
candidate,2,plain,30,3,0,44620,1427840,60.5
candidate,2,plain,30,3,1,44620,1427840,59.6
candidate,2,plain,30,3,2,44620,1427840,59.6
candidate,2,plain,30,3,3,44620,1427840,59.7
candidate,2,plain,30,3,4,44620,1427840,60.3
candidate,2,plain,30,3,5,44620,1427840,59.9
candidate,2,plain,30,3,6,44620,1427840,59.7
candidate,2,plain,30,3,7,44620,1427840,60.1
candidate,2,plain,30,3,8,44620,1427840,59.8
candidate,2,plain,90,0,0,27235,2614560,130.1
candidate,2,plain,90,0,1,27235,2614560,130.1
candidate,2,plain,90,0,2,27235,2614560,130.3
candidate,2,plain,90,0,3,27235,2614560,130.2
candidate,2,plain,90,0,4,27235,2614560,130.6
candidate,2,plain,90,0,5,27235,2614560,130.3
candidate,2,plain,90,0,6,27235,2614560,130.3
candidate,2,plain,90,0,7,27235,2614560,130.8
candidate,2,plain,90,0,8,27235,2614560,130.1
candidate,2,plain,90,1,0,27235,2451150,133.3
candidate,2,plain,90,1,1,27235,2451150,132.7
candidate,2,plain,90,1,2,27235,2451150,132.5
candidate,2,plain,90,1,3,27235,2451150,132.7
candidate,2,plain,90,1,4,27235,2451150,132.7
candidate,2,plain,90,1,5,27235,2451150,138.6
candidate,2,plain,90,1,6,27235,2451150,138.8
candidate,2,plain,90,1,7,27235,2451150,138.8
candidate,2,plain,90,1,8,27235,2451150,138.8
candidate,2,plain,90,2,0,27235,2451150,189.4
candidate,2,plain,90,2,1,27235,2451150,190.0
candidate,2,plain,90,2,2,27235,2451150,189.5
candidate,2,plain,90,2,3,27235,2451150,189.4
candidate,2,plain,90,2,4,27235,2451150,189.9
candidate,2,plain,90,2,5,27235,2451150,189.3
candidate,2,plain,90,2,6,27235,2451150,189.5
candidate,2,plain,90,2,7,27235,2451150,189.9
candidate,2,plain,90,2,8,27235,2451150,193.2
candidate,2,plain,90,3,0,27235,2614560,192.3
candidate,2,plain,90,3,1,27235,2614560,191.9
candidate,2,plain,90,3,2,27235,2614560,191.2
candidate,2,plain,90,3,3,27235,2614560,193.8
candidate,2,plain,90,3,4,27235,2614560,191.4
candidate,2,plain,90,3,5,27235,2614560,170.2
candidate,2,plain,90,3,6,27235,2614560,165.0
candidate,2,plain,90,3,7,27235,2614560,165.8
candidate,2,plain,90,3,8,27235,2614560,165.0
candidate,2,plain,4110,0,0,1004,4401536,5407.4
candidate,2,plain,4110,0,1,1004,4401536,5411.4
candidate,2,plain,4110,0,2,1004,4401536,5414.3
candidate,2,plain,4110,0,3,1004,4401536,5404.4
candidate,2,plain,4110,0,4,1004,4401536,5413.3
candidate,2,plain,4110,0,5,1004,4401536,5411.4
candidate,2,plain,4110,0,6,1004,4401536,5482.1
candidate,2,plain,4110,0,7,1004,4401536,5416.3
candidate,2,plain,4110,0,8,1004,4401536,5407.4
candidate,2,plain,4110,1,0,1004,4126440,5482.1
candidate,2,plain,4110,1,1,1004,4126440,5480.1
candidate,2,plain,4110,1,2,1004,4126440,5468.1
candidate,2,plain,4110,1,3,1004,4126440,5480.1
candidate,2,plain,4110,1,4,1004,4126440,5489.0
candidate,2,plain,4110,1,5,1004,4126440,5471.1
candidate,2,plain,4110,1,6,1004,4126440,5476.1
candidate,2,plain,4110,1,7,1004,4126440,5468.1
candidate,2,plain,4110,1,8,1004,4126440,5480.1
candidate,2,plain,4110,2,0,1004,4126440,7256.0
candidate,2,plain,4110,2,1,1004,4126440,7274.9
candidate,2,plain,4110,2,2,1004,4126440,7262.0
candidate,2,plain,4110,2,3,1004,4126440,7259.0
candidate,2,plain,4110,2,4,1004,4126440,7257.0
candidate,2,plain,4110,2,5,1004,4126440,7261.0
candidate,2,plain,4110,2,6,1004,4126440,7266.9
candidate,2,plain,4110,2,7,1004,4126440,7245.0
candidate,2,plain,4110,2,8,1004,4126440,7262.0
candidate,2,plain,4110,3,0,1004,4401536,6889.4
candidate,2,plain,4110,3,1,1004,4401536,6868.5
candidate,2,plain,4110,3,2,1004,4401536,6875.5
candidate,2,plain,4110,3,3,1004,4401536,6891.4
candidate,2,plain,4110,3,4,1004,4401536,6876.5
candidate,2,plain,4110,3,5,1004,4401536,6870.5
candidate,2,plain,4110,3,6,1004,4401536,6873.5
candidate,2,plain,4110,3,7,1004,4401536,6872.5
candidate,2,plain,4110,3,8,1004,4401536,6892.4
candidate,2,plain,65550,0,0,64,4474880,84718.8
candidate,2,plain,65550,0,1,64,4474880,84703.1
candidate,2,plain,65550,0,2,64,4474880,84812.5
candidate,2,plain,65550,0,3,64,4474880,84812.5
candidate,2,plain,65550,0,4,64,4474880,84781.2
candidate,2,plain,65550,0,5,64,4474880,85515.6
candidate,2,plain,65550,0,6,64,4474880,85000.0
candidate,2,plain,65550,0,7,64,4474880,84609.4
candidate,2,plain,65550,0,8,64,4474880,84921.9
candidate,2,plain,65550,1,0,64,4195200,87171.9
candidate,2,plain,65550,1,1,64,4195200,87843.8
candidate,2,plain,65550,1,2,64,4195200,86812.5
candidate,2,plain,65550,1,3,64,4195200,86953.1
candidate,2,plain,65550,1,4,64,4195200,87125.0
candidate,2,plain,65550,1,5,64,4195200,86937.5
candidate,2,plain,65550,1,6,64,4195200,86796.9
candidate,2,plain,65550,1,7,64,4195200,86796.9
candidate,2,plain,65550,1,8,64,4195200,86921.9
candidate,2,plain,65550,2,0,64,4195200,115328.1
candidate,2,plain,65550,2,1,64,4195200,115343.8
candidate,2,plain,65550,2,2,64,4195200,115578.1
candidate,2,plain,65550,2,3,64,4195200,115203.1
candidate,2,plain,65550,2,4,64,4195200,115484.4
candidate,2,plain,65550,2,5,64,4195200,115625.0
candidate,2,plain,65550,2,6,64,4195200,115625.0
candidate,2,plain,65550,2,7,64,4195200,116000.0
candidate,2,plain,65550,2,8,64,4195200,115390.6
candidate,2,plain,65550,3,0,64,4474880,109656.2
candidate,2,plain,65550,3,1,64,4474880,109953.1
candidate,2,plain,65550,3,2,64,4474880,109765.6
candidate,2,plain,65550,3,3,64,4474880,109984.4
candidate,2,plain,65550,3,4,64,4474880,109875.0
candidate,2,plain,65550,3,5,64,4474880,109625.0
candidate,2,plain,65550,3,6,64,4474880,109984.4
candidate,2,plain,65550,3,7,64,4474880,110015.6
candidate,2,plain,65550,3,8,64,4474880,109906.2
candidate,2,mixed,46,0,0,38130,3660480,99.5
candidate,2,mixed,46,0,1,38130,3660480,98.9
candidate,2,mixed,46,0,2,38130,3660480,98.9
candidate,2,mixed,46,0,3,38130,3660480,98.8
candidate,2,mixed,46,0,4,38130,3660480,99.0
candidate,2,mixed,46,0,5,38130,3660480,100.9
candidate,2,mixed,46,0,6,38130,3660480,99.2
candidate,2,mixed,46,0,7,38130,3660480,98.9
candidate,2,mixed,46,0,8,38130,3660480,99.8
candidate,2,mixed,46,1,0,38130,3507960,100.0
candidate,2,mixed,46,1,1,38130,3507960,100.4
candidate,2,mixed,46,1,2,38130,3507960,99.9
candidate,2,mixed,46,1,3,38130,3507960,99.9
candidate,2,mixed,46,1,4,38130,3507960,100.1
candidate,2,mixed,46,1,5,38130,3507960,99.9
candidate,2,mixed,46,1,6,38130,3507960,99.9
candidate,2,mixed,46,1,7,38130,3507960,101.4
candidate,2,mixed,46,1,8,38130,3507960,100.1
candidate,2,mixed,46,2,0,38130,2897880,121.7
candidate,2,mixed,46,2,1,38130,2897880,122.8
candidate,2,mixed,46,2,2,38130,2897880,125.4
candidate,2,mixed,46,2,3,38130,2897880,126.1
candidate,2,mixed,46,2,4,38130,2897880,120.7
candidate,2,mixed,46,2,5,38130,2897880,118.4
candidate,2,mixed,46,2,6,38130,2897880,118.1
candidate,2,mixed,46,2,7,38130,2897880,125.2
candidate,2,mixed,46,2,8,38130,2897880,118.3
candidate,2,mixed,46,3,0,38130,3355440,108.6
candidate,2,mixed,46,3,1,38130,3355440,108.6
candidate,2,mixed,46,3,2,38130,3355440,109.1
candidate,2,mixed,46,3,3,38130,3355440,108.6
candidate,2,mixed,46,3,4,38130,3355440,108.7
candidate,2,mixed,46,3,5,38130,3355440,108.6
candidate,2,mixed,46,3,6,38130,3355440,108.7
candidate,2,mixed,46,3,7,38130,3355440,108.7
candidate,2,mixed,46,3,8,38130,3355440,108.7
candidate,2,mixed,92,0,0,26886,5162112,182.0
candidate,2,mixed,92,0,1,26886,5162112,181.7
candidate,2,mixed,92,0,2,26886,5162112,183.6
candidate,2,mixed,92,0,3,26886,5162112,182.4
candidate,2,mixed,92,0,4,26886,5162112,182.9
candidate,2,mixed,92,0,5,26886,5162112,182.1
candidate,2,mixed,92,0,6,26886,5162112,181.7
candidate,2,mixed,92,0,7,26886,5162112,181.7
candidate,2,mixed,92,0,8,26886,5162112,181.8
candidate,2,mixed,92,1,0,26886,4947024,185.7
candidate,2,mixed,92,1,1,26886,4947024,185.6
candidate,2,mixed,92,1,2,26886,4947024,186.2
candidate,2,mixed,92,1,3,26886,4947024,185.9
candidate,2,mixed,92,1,4,26886,4947024,185.5
candidate,2,mixed,92,1,5,26886,4947024,186.0
candidate,2,mixed,92,1,6,26886,4947024,185.6
candidate,2,mixed,92,1,7,26886,4947024,185.8
candidate,2,mixed,92,1,8,26886,4947024,185.8
candidate,2,mixed,92,2,0,26886,4086672,225.9
candidate,2,mixed,92,2,1,26886,4086672,222.3
candidate,2,mixed,92,2,2,26886,4086672,222.6
candidate,2,mixed,92,2,3,26886,4086672,222.4
candidate,2,mixed,92,2,4,26886,4086672,222.6
candidate,2,mixed,92,2,5,26886,4086672,224.9
candidate,2,mixed,92,2,6,26886,4086672,229.5
candidate,2,mixed,92,2,7,26886,4086672,228.7
candidate,2,mixed,92,2,8,26886,4086672,224.5
candidate,2,mixed,92,3,0,26886,4731936,207.4
candidate,2,mixed,92,3,1,26886,4731936,207.4
candidate,2,mixed,92,3,2,26886,4731936,207.0
candidate,2,mixed,92,3,3,26886,4731936,207.2
candidate,2,mixed,92,3,4,26886,4731936,207.5
candidate,2,mixed,92,3,5,26886,4731936,207.2
candidate,2,mixed,92,3,6,26886,4731936,208.2
candidate,2,mixed,92,3,7,26886,4731936,208.1
candidate,2,mixed,92,3,8,26886,4731936,208.5
candidate,2,mixed,4140,0,0,997,8614080,7828.5
candidate,2,mixed,4140,0,1,997,8614080,7828.5
candidate,2,mixed,4140,0,2,997,8614080,7815.4
candidate,2,mixed,4140,0,3,997,8614080,7731.2
candidate,2,mixed,4140,0,4,997,8614080,7433.3
candidate,2,mixed,4140,0,5,997,8614080,7476.4
candidate,2,mixed,4140,0,6,997,8614080,7436.3
candidate,2,mixed,4140,0,7,997,8614080,7422.3
candidate,2,mixed,4140,0,8,997,8614080,7411.2
candidate,2,mixed,4140,1,0,997,8255160,7756.3
candidate,2,mixed,4140,1,1,997,8255160,7760.3
candidate,2,mixed,4140,1,2,997,8255160,7754.3
candidate,2,mixed,4140,1,3,997,8255160,7788.4
candidate,2,mixed,4140,1,4,997,8255160,7760.3
candidate,2,mixed,4140,1,5,997,8255160,7764.3
candidate,2,mixed,4140,1,6,997,8255160,7750.3
candidate,2,mixed,4140,1,7,997,8255160,7788.4
candidate,2,mixed,4140,1,8,997,8255160,7778.3
candidate,2,mixed,4140,2,0,997,6819480,8939.8
candidate,2,mixed,4140,2,1,997,6819480,8932.8
candidate,2,mixed,4140,2,2,997,6819480,8936.8
candidate,2,mixed,4140,2,3,997,6819480,8950.9
candidate,2,mixed,4140,2,4,997,6819480,8930.8
candidate,2,mixed,4140,2,5,997,6819480,8936.8
candidate,2,mixed,4140,2,6,997,6819480,8942.8
candidate,2,mixed,4140,2,7,997,6819480,8947.8
candidate,2,mixed,4140,2,8,997,6819480,8937.8
candidate,2,mixed,4140,3,0,997,7896240,8706.1
candidate,2,mixed,4140,3,1,997,7896240,8693.1
candidate,2,mixed,4140,3,2,997,7896240,8715.1
candidate,2,mixed,4140,3,3,997,7896240,8697.1
candidate,2,mixed,4140,3,4,997,7896240,8698.1
candidate,2,mixed,4140,3,5,997,7896240,8690.1
candidate,2,mixed,4140,3,6,997,7896240,8718.2
candidate,2,mixed,4140,3,7,997,7896240,8703.1
candidate,2,mixed,4140,3,8,997,7896240,8690.1
candidate,2,mixed,65550,0,0,64,8755200,118062.5
candidate,2,mixed,65550,0,1,64,8755200,117937.5
candidate,2,mixed,65550,0,2,64,8755200,118437.5
candidate,2,mixed,65550,0,3,64,8755200,118109.4
candidate,2,mixed,65550,0,4,64,8755200,117843.8
candidate,2,mixed,65550,0,5,64,8755200,118109.4
candidate,2,mixed,65550,0,6,64,8755200,117906.2
candidate,2,mixed,65550,0,7,64,8755200,118250.0
candidate,2,mixed,65550,0,8,64,8755200,117921.9
candidate,2,mixed,65550,1,0,64,8390400,122312.5
candidate,2,mixed,65550,1,1,64,8390400,122203.1
candidate,2,mixed,65550,1,2,64,8390400,122328.1
candidate,2,mixed,65550,1,3,64,8390400,122468.8
candidate,2,mixed,65550,1,4,64,8390400,122296.9
candidate,2,mixed,65550,1,5,64,8390400,122265.6
candidate,2,mixed,65550,1,6,64,8390400,122296.9
candidate,2,mixed,65550,1,7,64,8390400,122468.8
candidate,2,mixed,65550,1,8,64,8390400,122296.9
candidate,2,mixed,65550,2,0,64,6931200,140843.8
candidate,2,mixed,65550,2,1,64,6931200,140859.4
candidate,2,mixed,65550,2,2,64,6931200,140921.9
candidate,2,mixed,65550,2,3,64,6931200,141281.2
candidate,2,mixed,65550,2,4,64,6931200,140765.6
candidate,2,mixed,65550,2,5,64,6931200,140859.4
candidate,2,mixed,65550,2,6,64,6931200,140921.9
candidate,2,mixed,65550,2,7,64,6931200,141109.4
candidate,2,mixed,65550,2,8,64,6931200,140921.9
candidate,2,mixed,65550,3,0,64,8025600,137578.1
candidate,2,mixed,65550,3,1,64,8025600,138343.8
candidate,2,mixed,65550,3,2,64,8025600,138046.9
candidate,2,mixed,65550,3,3,64,8025600,137593.8
candidate,2,mixed,65550,3,4,64,8025600,137562.5
candidate,2,mixed,65550,3,5,64,8025600,137484.4
candidate,2,mixed,65550,3,6,64,8025600,137859.4
candidate,2,mixed,65550,3,7,64,8025600,137531.2
candidate,2,mixed,65550,3,8,64,8025600,137984.4
candidate,2,unreserved,1,0,0,64527,64527,14.3
candidate,2,unreserved,1,0,1,64527,64527,14.4
candidate,2,unreserved,1,0,2,64527,64527,14.4
candidate,2,unreserved,1,0,3,64527,64527,14.3
candidate,2,unreserved,1,0,4,64527,64527,14.3
candidate,2,unreserved,1,0,5,64527,64527,14.3
candidate,2,unreserved,1,0,6,64527,64527,14.3
candidate,2,unreserved,1,0,7,64527,64527,14.3
candidate,2,unreserved,1,0,8,64527,64527,14.4
candidate,2,unreserved,1,1,0,64527,64527,14.4
candidate,2,unreserved,1,1,1,64527,64527,14.4
candidate,2,unreserved,1,1,2,64527,64527,14.4
candidate,2,unreserved,1,1,3,64527,64527,14.4
candidate,2,unreserved,1,1,4,64527,64527,14.4
candidate,2,unreserved,1,1,5,64527,64527,14.4
candidate,2,unreserved,1,1,6,64527,64527,14.4
candidate,2,unreserved,1,1,7,64527,64527,14.4
candidate,2,unreserved,1,1,8,64527,64527,14.4
candidate,2,unreserved,1,2,0,64527,64527,17.5
candidate,2,unreserved,1,2,1,64527,64527,17.6
candidate,2,unreserved,1,2,2,64527,64527,17.5
candidate,2,unreserved,1,2,3,64527,64527,17.5
candidate,2,unreserved,1,2,4,64527,64527,17.7
candidate,2,unreserved,1,2,5,64527,64527,17.5
candidate,2,unreserved,1,2,6,64527,64527,17.6
candidate,2,unreserved,1,2,7,64527,64527,17.5
candidate,2,unreserved,1,2,8,64527,64527,17.5
candidate,2,unreserved,1,3,0,64527,64527,15.0
candidate,2,unreserved,1,3,1,64527,64527,15.0
candidate,2,unreserved,1,3,2,64527,64527,15.0
candidate,2,unreserved,1,3,3,64527,64527,15.0
candidate,2,unreserved,1,3,4,64527,64527,14.7
candidate,2,unreserved,1,3,5,64527,64527,14.8
candidate,2,unreserved,1,3,6,64527,64527,14.7
candidate,2,unreserved,1,3,7,64527,64527,14.8
candidate,2,unreserved,1,3,8,64527,64527,14.7
candidate,2,unreserved,8,0,0,58254,466032,21.4
candidate,2,unreserved,8,0,1,58254,466032,21.4
candidate,2,unreserved,8,0,2,58254,466032,21.5
candidate,2,unreserved,8,0,3,58254,466032,21.5
candidate,2,unreserved,8,0,4,58254,466032,21.9
candidate,2,unreserved,8,0,5,58254,466032,22.1
candidate,2,unreserved,8,0,6,58254,466032,21.5
candidate,2,unreserved,8,0,7,58254,466032,21.4
candidate,2,unreserved,8,0,8,58254,466032,21.5
candidate,2,unreserved,8,1,0,58254,466032,21.5
candidate,2,unreserved,8,1,1,58254,466032,21.5
candidate,2,unreserved,8,1,2,58254,466032,21.5
candidate,2,unreserved,8,1,3,58254,466032,21.6
candidate,2,unreserved,8,1,4,58254,466032,21.5
candidate,2,unreserved,8,1,5,58254,466032,21.5
candidate,2,unreserved,8,1,6,58254,466032,21.5
candidate,2,unreserved,8,1,7,58254,466032,21.5
candidate,2,unreserved,8,1,8,58254,466032,21.5
candidate,2,unreserved,8,2,0,58254,466032,31.9
candidate,2,unreserved,8,2,1,58254,466032,31.9
candidate,2,unreserved,8,2,2,58254,466032,31.9
candidate,2,unreserved,8,2,3,58254,466032,31.9
candidate,2,unreserved,8,2,4,58254,466032,32.4
candidate,2,unreserved,8,2,5,58254,466032,31.9
candidate,2,unreserved,8,2,6,58254,466032,31.9
candidate,2,unreserved,8,2,7,58254,466032,31.9
candidate,2,unreserved,8,2,8,58254,466032,31.9
candidate,2,unreserved,8,3,0,58254,466032,23.5
candidate,2,unreserved,8,3,1,58254,466032,23.4
candidate,2,unreserved,8,3,2,58254,466032,24.4
candidate,2,unreserved,8,3,3,58254,466032,26.0
candidate,2,unreserved,8,3,4,58254,466032,25.6
candidate,2,unreserved,8,3,5,58254,466032,23.4
candidate,2,unreserved,8,3,6,58254,466032,23.4
candidate,2,unreserved,8,3,7,58254,466032,23.4
candidate,2,unreserved,8,3,8,58254,466032,23.4
candidate,2,unreserved,64,0,0,32768,2097152,89.9
candidate,2,unreserved,64,0,1,32768,2097152,89.8
candidate,2,unreserved,64,0,2,32768,2097152,90.5
candidate,2,unreserved,64,0,3,32768,2097152,89.8
candidate,2,unreserved,64,0,4,32768,2097152,89.8
candidate,2,unreserved,64,0,5,32768,2097152,89.8
candidate,2,unreserved,64,0,6,32768,2097152,89.8
candidate,2,unreserved,64,0,7,32768,2097152,89.8
candidate,2,unreserved,64,0,8,32768,2097152,89.9
candidate,2,unreserved,64,1,0,32768,2097152,101.5
candidate,2,unreserved,64,1,1,32768,2097152,101.4
candidate,2,unreserved,64,1,2,32768,2097152,101.3
candidate,2,unreserved,64,1,3,32768,2097152,101.4
candidate,2,unreserved,64,1,4,32768,2097152,103.0
candidate,2,unreserved,64,1,5,32768,2097152,101.7
candidate,2,unreserved,64,1,6,32768,2097152,102.1
candidate,2,unreserved,64,1,7,32768,2097152,101.6
candidate,2,unreserved,64,1,8,32768,2097152,101.3
candidate,2,unreserved,64,2,0,32768,2097152,141.4
candidate,2,unreserved,64,2,1,32768,2097152,141.8
candidate,2,unreserved,64,2,2,32768,2097152,141.4
candidate,2,unreserved,64,2,3,32768,2097152,141.6
candidate,2,unreserved,64,2,4,32768,2097152,141.5
candidate,2,unreserved,64,2,5,32768,2097152,141.6
candidate,2,unreserved,64,2,6,32768,2097152,142.7
candidate,2,unreserved,64,2,7,32768,2097152,141.5
candidate,2,unreserved,64,2,8,32768,2097152,141.7
candidate,2,unreserved,64,3,0,32768,2097152,115.3
candidate,2,unreserved,64,3,1,32768,2097152,115.1
candidate,2,unreserved,64,3,2,32768,2097152,115.1
candidate,2,unreserved,64,3,3,32768,2097152,115.1
candidate,2,unreserved,64,3,4,32768,2097152,115.4
candidate,2,unreserved,64,3,5,32768,2097152,115.4
candidate,2,unreserved,64,3,6,32768,2097152,115.1
candidate,2,unreserved,64,3,7,32768,2097152,115.2
candidate,2,unreserved,64,3,8,32768,2097152,115.8
candidate,2,unreserved,4096,0,0,1008,4128768,5112.1
candidate,2,unreserved,4096,0,1,1008,4128768,5084.3
candidate,2,unreserved,4096,0,2,1008,4128768,5084.3
candidate,2,unreserved,4096,0,3,1008,4128768,5090.3
candidate,2,unreserved,4096,0,4,1008,4128768,5087.3
candidate,2,unreserved,4096,0,5,1008,4128768,5084.3
candidate,2,unreserved,4096,0,6,1008,4128768,5091.3
candidate,2,unreserved,4096,0,7,1008,4128768,5161.7
candidate,2,unreserved,4096,0,8,1008,4128768,5084.3
candidate,2,unreserved,4096,1,0,1008,4128768,5099.2
candidate,2,unreserved,4096,1,1,1008,4128768,5090.3
candidate,2,unreserved,4096,1,2,1008,4128768,5085.3
candidate,2,unreserved,4096,1,3,1008,4128768,5239.1
candidate,2,unreserved,4096,1,4,1008,4128768,5297.6
candidate,2,unreserved,4096,1,5,1008,4128768,5418.7
candidate,2,unreserved,4096,1,6,1008,4128768,5321.4
candidate,2,unreserved,4096,1,7,1008,4128768,5311.5
candidate,2,unreserved,4096,1,8,1008,4128768,5313.5
candidate,2,unreserved,4096,2,0,1008,4128768,7191.5
candidate,2,unreserved,4096,2,1,1008,4128768,7267.9
candidate,2,unreserved,4096,2,2,1008,4128768,7189.5
candidate,2,unreserved,4096,2,3,1008,4128768,7225.2
candidate,2,unreserved,4096,2,4,1008,4128768,7197.4
candidate,2,unreserved,4096,2,5,1008,4128768,7193.5
candidate,2,unreserved,4096,2,6,1008,4128768,7201.4
candidate,2,unreserved,4096,2,7,1008,4128768,7192.5
candidate,2,unreserved,4096,2,8,1008,4128768,7216.3
candidate,2,unreserved,4096,3,0,1008,4128768,6253.0
candidate,2,unreserved,4096,3,1,1008,4128768,6254.0
candidate,2,unreserved,4096,3,2,1008,4128768,6259.9
candidate,2,unreserved,4096,3,3,1008,4128768,6252.0
candidate,2,unreserved,4096,3,4,1008,4128768,6256.9
candidate,2,unreserved,4096,3,5,1008,4128768,6278.8
candidate,2,unreserved,4096,3,6,1008,4128768,6260.9
candidate,2,unreserved,4096,3,7,1008,4128768,6252.0
candidate,2,unreserved,4096,3,8,1008,4128768,6253.0
candidate,2,unreserved,65536,0,0,64,4194304,78890.6
candidate,2,unreserved,65536,0,1,64,4194304,79593.8
candidate,2,unreserved,65536,0,2,64,4194304,79437.5
candidate,2,unreserved,65536,0,3,64,4194304,79609.4
candidate,2,unreserved,65536,0,4,64,4194304,79390.6
candidate,2,unreserved,65536,0,5,64,4194304,79078.1
candidate,2,unreserved,65536,0,6,64,4194304,79062.5
candidate,2,unreserved,65536,0,7,64,4194304,78937.5
candidate,2,unreserved,65536,0,8,64,4194304,79156.2
candidate,2,unreserved,65536,1,0,64,4194304,79328.1
candidate,2,unreserved,65536,1,1,64,4194304,79375.0
candidate,2,unreserved,65536,1,2,64,4194304,79734.4
candidate,2,unreserved,65536,1,3,64,4194304,79406.2
candidate,2,unreserved,65536,1,4,64,4194304,79453.1
candidate,2,unreserved,65536,1,5,64,4194304,79406.2
candidate,2,unreserved,65536,1,6,64,4194304,79421.9
candidate,2,unreserved,65536,1,7,64,4194304,79468.8
candidate,2,unreserved,65536,1,8,64,4194304,79328.1
candidate,2,unreserved,65536,2,0,64,4194304,115343.8
candidate,2,unreserved,65536,2,1,64,4194304,114937.5
candidate,2,unreserved,65536,2,2,64,4194304,114796.9
candidate,2,unreserved,65536,2,3,64,4194304,114828.1
candidate,2,unreserved,65536,2,4,64,4194304,114750.0
candidate,2,unreserved,65536,2,5,64,4194304,115078.1
candidate,2,unreserved,65536,2,6,64,4194304,115468.8
candidate,2,unreserved,65536,2,7,64,4194304,114828.1
candidate,2,unreserved,65536,2,8,64,4194304,115093.8
candidate,2,unreserved,65536,3,0,64,4194304,101218.8
candidate,2,unreserved,65536,3,1,64,4194304,101281.2
candidate,2,unreserved,65536,3,2,64,4194304,101671.9
candidate,2,unreserved,65536,3,3,64,4194304,101265.6
candidate,2,unreserved,65536,3,4,64,4194304,101390.6
candidate,2,unreserved,65536,3,5,64,4194304,101328.1
candidate,2,unreserved,65536,3,6,64,4194304,101015.6
candidate,2,unreserved,65536,3,7,64,4194304,101593.8
candidate,2,unreserved,65536,3,8,64,4194304,101375.0
candidate,2,dense,4,0,0,61680,740160,23.7
candidate,2,dense,4,0,1,61680,740160,23.7
candidate,2,dense,4,0,2,61680,740160,24.0
candidate,2,dense,4,0,3,61680,740160,23.7
candidate,2,dense,4,0,4,61680,740160,23.7
candidate,2,dense,4,0,5,61680,740160,23.7
candidate,2,dense,4,0,6,61680,740160,23.6
candidate,2,dense,4,0,7,61680,740160,23.7
candidate,2,dense,4,0,8,61680,740160,23.7
candidate,2,dense,4,1,0,61680,616800,22.4
candidate,2,dense,4,1,1,61680,616800,22.4
candidate,2,dense,4,1,2,61680,616800,22.4
candidate,2,dense,4,1,3,61680,616800,22.4
candidate,2,dense,4,1,4,61680,616800,22.5
candidate,2,dense,4,1,5,61680,616800,22.5
candidate,2,dense,4,1,6,61680,616800,22.4
candidate,2,dense,4,1,7,61680,616800,22.5
candidate,2,dense,4,1,8,61680,616800,22.5
candidate,2,dense,4,2,0,61680,246720,23.4
candidate,2,dense,4,2,1,61680,246720,23.4
candidate,2,dense,4,2,2,61680,246720,23.5
candidate,2,dense,4,2,3,61680,246720,23.4
candidate,2,dense,4,2,4,61680,246720,23.4
candidate,2,dense,4,2,5,61680,246720,23.4
candidate,2,dense,4,2,6,61680,246720,23.4
candidate,2,dense,4,2,7,61680,246720,23.4
candidate,2,dense,4,2,8,61680,246720,23.5
candidate,2,dense,4,3,0,61680,616800,22.6
candidate,2,dense,4,3,1,61680,616800,22.6
candidate,2,dense,4,3,2,61680,616800,22.6
candidate,2,dense,4,3,3,61680,616800,22.6
candidate,2,dense,4,3,4,61680,616800,22.9
candidate,2,dense,4,3,5,61680,616800,22.6
candidate,2,dense,4,3,6,61680,616800,22.6
candidate,2,dense,4,3,7,61680,616800,22.6
candidate,2,dense,4,3,8,61680,616800,22.6
candidate,2,dense,8,0,0,58254,1398096,33.7
candidate,2,dense,8,0,1,58254,1398096,33.7
candidate,2,dense,8,0,2,58254,1398096,33.9
candidate,2,dense,8,0,3,58254,1398096,33.7
candidate,2,dense,8,0,4,58254,1398096,33.8
candidate,2,dense,8,0,5,58254,1398096,33.8
candidate,2,dense,8,0,6,58254,1398096,33.9
candidate,2,dense,8,0,7,58254,1398096,33.8
candidate,2,dense,8,0,8,58254,1398096,33.8
candidate,2,dense,8,1,0,58254,1165080,32.3
candidate,2,dense,8,1,1,58254,1165080,32.2
candidate,2,dense,8,1,2,58254,1165080,32.2
candidate,2,dense,8,1,3,58254,1165080,32.2
candidate,2,dense,8,1,4,58254,1165080,32.2
candidate,2,dense,8,1,5,58254,1165080,32.3
candidate,2,dense,8,1,6,58254,1165080,32.7
candidate,2,dense,8,1,7,58254,1165080,32.2
candidate,2,dense,8,1,8,58254,1165080,32.3
candidate,2,dense,8,2,0,58254,466032,32.2
candidate,2,dense,8,2,1,58254,466032,32.2
candidate,2,dense,8,2,2,58254,466032,32.2
candidate,2,dense,8,2,3,58254,466032,32.2
candidate,2,dense,8,2,4,58254,466032,32.2
candidate,2,dense,8,2,5,58254,466032,32.5
candidate,2,dense,8,2,6,58254,466032,32.2
candidate,2,dense,8,2,7,58254,466032,32.2
candidate,2,dense,8,2,8,58254,466032,32.2
candidate,2,dense,8,3,0,58254,1165080,32.2
candidate,2,dense,8,3,1,58254,1165080,33.1
candidate,2,dense,8,3,2,58254,1165080,32.2
candidate,2,dense,8,3,3,58254,1165080,32.2
candidate,2,dense,8,3,4,58254,1165080,32.2
candidate,2,dense,8,3,5,58254,1165080,32.2
candidate,2,dense,8,3,6,58254,1165080,32.3
candidate,2,dense,8,3,7,58254,1165080,32.2
candidate,2,dense,8,3,8,58254,1165080,32.2
candidate,2,dense,64,0,0,32768,6291456,171.6
candidate,2,dense,64,0,1,32768,6291456,171.7
candidate,2,dense,64,0,2,32768,6291456,171.8
candidate,2,dense,64,0,3,32768,6291456,172.1
candidate,2,dense,64,0,4,32768,6291456,171.7
candidate,2,dense,64,0,5,32768,6291456,172.0
candidate,2,dense,64,0,6,32768,6291456,171.7
candidate,2,dense,64,0,7,32768,6291456,171.8
candidate,2,dense,64,0,8,32768,6291456,171.6
candidate,2,dense,64,1,0,32768,5242880,164.3
candidate,2,dense,64,1,1,32768,5242880,164.9
candidate,2,dense,64,1,2,32768,5242880,164.3
candidate,2,dense,64,1,3,32768,5242880,164.3
candidate,2,dense,64,1,4,32768,5242880,164.5
candidate,2,dense,64,1,5,32768,5242880,164.3
candidate,2,dense,64,1,6,32768,5242880,165.2
candidate,2,dense,64,1,7,32768,5242880,164.3
candidate,2,dense,64,1,8,32768,5242880,164.8
candidate,2,dense,64,2,0,32768,2097152,142.9
candidate,2,dense,64,2,1,32768,2097152,143.2
candidate,2,dense,64,2,2,32768,2097152,142.9
candidate,2,dense,64,2,3,32768,2097152,143.0
candidate,2,dense,64,2,4,32768,2097152,143.0
candidate,2,dense,64,2,5,32768,2097152,143.1
candidate,2,dense,64,2,6,32768,2097152,143.0
candidate,2,dense,64,2,7,32768,2097152,143.5
candidate,2,dense,64,2,8,32768,2097152,143.2
candidate,2,dense,64,3,0,32768,5242880,165.4
candidate,2,dense,64,3,1,32768,5242880,165.6
candidate,2,dense,64,3,2,32768,5242880,165.7
candidate,2,dense,64,3,3,32768,5242880,165.6
candidate,2,dense,64,3,4,32768,5242880,165.7
candidate,2,dense,64,3,5,32768,5242880,167.5
candidate,2,dense,64,3,6,32768,5242880,165.6
candidate,2,dense,64,3,7,32768,5242880,165.8
candidate,2,dense,64,3,8,32768,5242880,165.4
candidate,2,dense,4096,0,0,1008,12386304,9876.0
candidate,2,dense,4096,0,1,1008,12386304,9868.1
candidate,2,dense,4096,0,2,1008,12386304,9902.8
candidate,2,dense,4096,0,3,1008,12386304,9898.8
candidate,2,dense,4096,0,4,1008,12386304,9891.9
candidate,2,dense,4096,0,5,1008,12386304,9900.8
candidate,2,dense,4096,0,6,1008,12386304,9875.0
candidate,2,dense,4096,0,7,1008,12386304,9870.0
candidate,2,dense,4096,0,8,1008,12386304,9917.7
candidate,2,dense,4096,1,0,1008,10321920,9214.3
candidate,2,dense,4096,1,1,1008,10321920,9198.4
candidate,2,dense,4096,1,2,1008,10321920,9203.4
candidate,2,dense,4096,1,3,1008,10321920,9193.5
candidate,2,dense,4096,1,4,1008,10321920,9215.3
candidate,2,dense,4096,1,5,1008,10321920,9193.5
candidate,2,dense,4096,1,6,1008,10321920,9202.4
candidate,2,dense,4096,1,7,1008,10321920,9268.8
candidate,2,dense,4096,1,8,1008,10321920,9223.2
candidate,2,dense,4096,2,0,1008,4128768,7906.7
candidate,2,dense,4096,2,1,1008,4128768,7928.6
candidate,2,dense,4096,2,2,1008,4128768,7915.7
candidate,2,dense,4096,2,3,1008,4128768,7928.6
candidate,2,dense,4096,2,4,1008,4128768,7942.5
candidate,2,dense,4096,2,5,1008,4128768,7931.5
candidate,2,dense,4096,2,6,1008,4128768,7918.7
candidate,2,dense,4096,2,7,1008,4128768,8104.2
candidate,2,dense,4096,2,8,1008,4128768,8250.0
candidate,2,dense,4096,3,0,1008,10321920,9339.3
candidate,2,dense,4096,3,1,1008,10321920,9318.5
candidate,2,dense,4096,3,2,1008,10321920,9350.2
candidate,2,dense,4096,3,3,1008,10321920,9328.4
candidate,2,dense,4096,3,4,1008,10321920,9341.3
candidate,2,dense,4096,3,5,1008,10321920,9327.4
candidate,2,dense,4096,3,6,1008,10321920,9322.4
candidate,2,dense,4096,3,7,1008,10321920,9331.3
candidate,2,dense,4096,3,8,1008,10321920,9377.0
candidate,2,dense,65536,0,0,64,12582912,160187.5
candidate,2,dense,65536,0,1,64,12582912,160187.5
candidate,2,dense,65536,0,2,64,12582912,160375.0
candidate,2,dense,65536,0,3,64,12582912,160031.2
candidate,2,dense,65536,0,4,64,12582912,160125.0
candidate,2,dense,65536,0,5,64,12582912,160703.1
candidate,2,dense,65536,0,6,64,12582912,160640.6
candidate,2,dense,65536,0,7,64,12582912,160265.6
candidate,2,dense,65536,0,8,64,12582912,159796.9
candidate,2,dense,65536,1,0,64,10485760,146578.1
candidate,2,dense,65536,1,1,64,10485760,146687.5
candidate,2,dense,65536,1,2,64,10485760,146453.1
candidate,2,dense,65536,1,3,64,10485760,146500.0
candidate,2,dense,65536,1,4,64,10485760,146734.4
candidate,2,dense,65536,1,5,64,10485760,146578.1
candidate,2,dense,65536,1,6,64,10485760,146515.6
candidate,2,dense,65536,1,7,64,10485760,146531.2
candidate,2,dense,65536,1,8,64,10485760,146734.4
candidate,2,dense,65536,2,0,64,4194304,126359.4
candidate,2,dense,65536,2,1,64,4194304,126265.6
candidate,2,dense,65536,2,2,64,4194304,126281.2
candidate,2,dense,65536,2,3,64,4194304,126265.6
candidate,2,dense,65536,2,4,64,4194304,127062.5
candidate,2,dense,65536,2,5,64,4194304,126406.2
candidate,2,dense,65536,2,6,64,4194304,127859.4
candidate,2,dense,65536,2,7,64,4194304,127468.8
candidate,2,dense,65536,2,8,64,4194304,127093.8
candidate,2,dense,65536,3,0,64,10485760,148562.5
candidate,2,dense,65536,3,1,64,10485760,148531.2
candidate,2,dense,65536,3,2,64,10485760,148531.2
candidate,2,dense,65536,3,3,64,10485760,148828.1
candidate,2,dense,65536,3,4,64,10485760,148515.6
candidate,2,dense,65536,3,5,64,10485760,148546.9
candidate,2,dense,65536,3,6,64,10485760,148546.9
candidate,2,dense,65536,3,7,64,10485760,148890.6
candidate,2,dense,65536,3,8,64,10485760,149015.6
baseline,3,plain,0,0,0,65536,0,3.7
baseline,3,plain,0,0,1,65536,0,3.7
baseline,3,plain,0,0,2,65536,0,3.7
baseline,3,plain,0,0,3,65536,0,3.8
baseline,3,plain,0,0,4,65536,0,3.8
baseline,3,plain,0,0,5,65536,0,3.8
baseline,3,plain,0,0,6,65536,0,3.7
baseline,3,plain,0,0,7,65536,0,3.7
baseline,3,plain,0,0,8,65536,0,3.8
baseline,3,plain,0,1,0,65536,0,4.1
baseline,3,plain,0,1,1,65536,0,4.1
baseline,3,plain,0,1,2,65536,0,4.1
baseline,3,plain,0,1,3,65536,0,4.4
baseline,3,plain,0,1,4,65536,0,4.1
baseline,3,plain,0,1,5,65536,0,4.0
baseline,3,plain,0,1,6,65536,0,4.1
baseline,3,plain,0,1,7,65536,0,4.1
baseline,3,plain,0,1,8,65536,0,4.1
baseline,3,plain,0,2,0,65536,0,9.9
baseline,3,plain,0,2,1,65536,0,9.9
baseline,3,plain,0,2,2,65536,0,9.9
baseline,3,plain,0,2,3,65536,0,9.9
baseline,3,plain,0,2,4,65536,0,9.9
baseline,3,plain,0,2,5,65536,0,9.9
baseline,3,plain,0,2,6,65536,0,9.9
baseline,3,plain,0,2,7,65536,0,9.9
baseline,3,plain,0,2,8,65536,0,9.9
baseline,3,plain,0,3,0,65536,0,4.1
baseline,3,plain,0,3,1,65536,0,4.1
baseline,3,plain,0,3,2,65536,0,4.1
baseline,3,plain,0,3,3,65536,0,4.1
baseline,3,plain,0,3,4,65536,0,4.1
baseline,3,plain,0,3,5,65536,0,4.1
baseline,3,plain,0,3,6,65536,0,4.1
baseline,3,plain,0,3,7,65536,0,4.1
baseline,3,plain,0,3,8,65536,0,4.1
baseline,3,plain,30,0,0,44620,1427840,54.1
baseline,3,plain,30,0,1,44620,1427840,54.1
baseline,3,plain,30,0,2,44620,1427840,54.3
baseline,3,plain,30,0,3,44620,1427840,54.1
baseline,3,plain,30,0,4,44620,1427840,54.1
baseline,3,plain,30,0,5,44620,1427840,54.8
baseline,3,plain,30,0,6,44620,1427840,54.1
baseline,3,plain,30,0,7,44620,1427840,54.1
baseline,3,plain,30,0,8,44620,1427840,54.2
baseline,3,plain,30,1,0,44620,1338600,65.0
baseline,3,plain,30,1,1,44620,1338600,64.4
baseline,3,plain,30,1,2,44620,1338600,64.3
baseline,3,plain,30,1,3,44620,1338600,64.4
baseline,3,plain,30,1,4,44620,1338600,64.3
baseline,3,plain,30,1,5,44620,1338600,64.6
baseline,3,plain,30,1,6,44620,1338600,64.3
baseline,3,plain,30,1,7,44620,1338600,64.3
baseline,3,plain,30,1,8,44620,1338600,64.4
baseline,3,plain,30,2,0,44620,1338600,72.4
baseline,3,plain,30,2,1,44620,1338600,72.4
baseline,3,plain,30,2,2,44620,1338600,72.5
baseline,3,plain,30,2,3,44620,1338600,72.8
baseline,3,plain,30,2,4,44620,1338600,72.4
baseline,3,plain,30,2,5,44620,1338600,72.5
baseline,3,plain,30,2,6,44620,1338600,72.4
baseline,3,plain,30,2,7,44620,1338600,72.6
baseline,3,plain,30,2,8,44620,1338600,72.5
baseline,3,plain,30,3,0,44620,1427840,73.6
baseline,3,plain,30,3,1,44620,1427840,73.6
baseline,3,plain,30,3,2,44620,1427840,73.6
baseline,3,plain,30,3,3,44620,1427840,73.7
baseline,3,plain,30,3,4,44620,1427840,73.6
baseline,3,plain,30,3,5,44620,1427840,73.6
baseline,3,plain,30,3,6,44620,1427840,74.0
baseline,3,plain,30,3,7,44620,1427840,74.6
baseline,3,plain,30,3,8,44620,1427840,73.6
baseline,3,plain,90,0,0,27235,2614560,134.4
baseline,3,plain,90,0,1,27235,2614560,134.5
baseline,3,plain,90,0,2,27235,2614560,134.4
baseline,3,plain,90,0,3,27235,2614560,134.7
baseline,3,plain,90,0,4,27235,2614560,134.4
baseline,3,plain,90,0,5,27235,2614560,134.4
baseline,3,plain,90,0,6,27235,2614560,134.5
baseline,3,plain,90,0,7,27235,2614560,134.6
baseline,3,plain,90,0,8,27235,2614560,134.9
baseline,3,plain,90,1,0,27235,2451150,174.1
baseline,3,plain,90,1,1,27235,2451150,173.3
baseline,3,plain,90,1,2,27235,2451150,172.8
baseline,3,plain,90,1,3,27235,2451150,172.9
baseline,3,plain,90,1,4,27235,2451150,172.7
baseline,3,plain,90,1,5,27235,2451150,172.8
baseline,3,plain,90,1,6,27235,2451150,172.9
baseline,3,plain,90,1,7,27235,2451150,172.8
baseline,3,plain,90,1,8,27235,2451150,173.3
baseline,3,plain,90,2,0,27235,2451150,190.1
baseline,3,plain,90,2,1,27235,2451150,190.5
baseline,3,plain,90,2,2,27235,2451150,189.2
baseline,3,plain,90,2,3,27235,2451150,189.6
baseline,3,plain,90,2,4,27235,2451150,189.2
baseline,3,plain,90,2,5,27235,2451150,189.5
baseline,3,plain,90,2,6,27235,2451150,189.9
baseline,3,plain,90,2,7,27235,2451150,189.3
baseline,3,plain,90,2,8,27235,2451150,189.5
baseline,3,plain,90,3,0,27235,2614560,200.7
baseline,3,plain,90,3,1,27235,2614560,200.5
baseline,3,plain,90,3,2,27235,2614560,200.6
baseline,3,plain,90,3,3,27235,2614560,200.7
baseline,3,plain,90,3,4,27235,2614560,200.4
baseline,3,plain,90,3,5,27235,2614560,201.1
baseline,3,plain,90,3,6,27235,2614560,200.4
baseline,3,plain,90,3,7,27235,2614560,200.7
baseline,3,plain,90,3,8,27235,2614560,200.4
baseline,3,plain,4110,0,0,1004,4401536,5478.1
baseline,3,plain,4110,0,1,1004,4401536,5486.1
baseline,3,plain,4110,0,2,1004,4401536,5479.1
baseline,3,plain,4110,0,3,1004,4401536,5495.0
baseline,3,plain,4110,0,4,1004,4401536,5480.1
baseline,3,plain,4110,0,5,1004,4401536,5489.0
baseline,3,plain,4110,0,6,1004,4401536,5488.0
baseline,3,plain,4110,0,7,1004,4401536,5485.1
baseline,3,plain,4110,0,8,1004,4401536,5477.1
baseline,3,plain,4110,1,0,1004,4126440,7068.7
baseline,3,plain,4110,1,1,1004,4126440,7079.7
baseline,3,plain,4110,1,2,1004,4126440,7058.8
baseline,3,plain,4110,1,3,1004,4126440,7065.7
baseline,3,plain,4110,1,4,1004,4126440,7059.8
baseline,3,plain,4110,1,5,1004,4126440,7059.8
baseline,3,plain,4110,1,6,1004,4126440,7080.7
baseline,3,plain,4110,1,7,1004,4126440,7074.7
baseline,3,plain,4110,1,8,1004,4126440,7060.8
baseline,3,plain,4110,2,0,1004,4126440,7265.9
baseline,3,plain,4110,2,1,1004,4126440,7302.8
baseline,3,plain,4110,2,2,1004,4126440,7262.0
baseline,3,plain,4110,2,3,1004,4126440,7298.8
baseline,3,plain,4110,2,4,1004,4126440,7262.9
baseline,3,plain,4110,2,5,1004,4126440,7254.0
baseline,3,plain,4110,2,6,1004,4126440,7251.0
baseline,3,plain,4110,2,7,1004,4126440,7267.9
baseline,3,plain,4110,2,8,1004,4126440,7349.6
baseline,3,plain,4110,3,0,1004,4401536,8832.7
baseline,3,plain,4110,3,1,1004,4401536,8762.9
baseline,3,plain,4110,3,2,1004,4401536,8810.8
baseline,3,plain,4110,3,3,1004,4401536,8895.4
baseline,3,plain,4110,3,4,1004,4401536,8766.9
baseline,3,plain,4110,3,5,1004,4401536,8754.0
baseline,3,plain,4110,3,6,1004,4401536,8501.0
baseline,3,plain,4110,3,7,1004,4401536,8405.4
baseline,3,plain,4110,3,8,1004,4401536,8381.5
baseline,3,plain,65550,0,0,64,4474880,86812.5
baseline,3,plain,65550,0,1,64,4474880,86906.2
baseline,3,plain,65550,0,2,64,4474880,86828.1
baseline,3,plain,65550,0,3,64,4474880,88421.9
baseline,3,plain,65550,0,4,64,4474880,91359.4
baseline,3,plain,65550,0,5,64,4474880,87015.6
baseline,3,plain,65550,0,6,64,4474880,86906.2
baseline,3,plain,65550,0,7,64,4474880,86859.4
baseline,3,plain,65550,0,8,64,4474880,86890.6
baseline,3,plain,65550,1,0,64,4195200,112843.8
baseline,3,plain,65550,1,1,64,4195200,112906.2
baseline,3,plain,65550,1,2,64,4195200,112937.5
baseline,3,plain,65550,1,3,64,4195200,112671.9
baseline,3,plain,65550,1,4,64,4195200,112593.8
baseline,3,plain,65550,1,5,64,4195200,113281.2
baseline,3,plain,65550,1,6,64,4195200,112671.9
baseline,3,plain,65550,1,7,64,4195200,113406.2
baseline,3,plain,65550,1,8,64,4195200,112656.2
baseline,3,plain,65550,2,0,64,4195200,115171.9
baseline,3,plain,65550,2,1,64,4195200,115234.4
baseline,3,plain,65550,2,2,64,4195200,115968.8
baseline,3,plain,65550,2,3,64,4195200,115515.6
baseline,3,plain,65550,2,4,64,4195200,115171.9
baseline,3,plain,65550,2,5,64,4195200,115312.5
baseline,3,plain,65550,2,6,64,4195200,115171.9
baseline,3,plain,65550,2,7,64,4195200,115187.5
baseline,3,plain,65550,2,8,64,4195200,115437.5
baseline,3,plain,65550,3,0,64,4474880,134250.0
baseline,3,plain,65550,3,1,64,4474880,133890.6
baseline,3,plain,65550,3,2,64,4474880,133906.2
baseline,3,plain,65550,3,3,64,4474880,134265.6
baseline,3,plain,65550,3,4,64,4474880,134046.9
baseline,3,plain,65550,3,5,64,4474880,133718.8
baseline,3,plain,65550,3,6,64,4474880,133750.0
baseline,3,plain,65550,3,7,64,4474880,134937.5
baseline,3,plain,65550,3,8,64,4474880,134093.8
baseline,3,mixed,46,0,0,38130,3660480,100.8
baseline,3,mixed,46,0,1,38130,3660480,100.8
baseline,3,mixed,46,0,2,38130,3660480,101.5
baseline,3,mixed,46,0,3,38130,3660480,100.8
baseline,3,mixed,46,0,4,38130,3660480,100.9
baseline,3,mixed,46,0,5,38130,3660480,101.0
baseline,3,mixed,46,0,6,38130,3660480,100.8
baseline,3,mixed,46,0,7,38130,3660480,100.9
baseline,3,mixed,46,0,8,38130,3660480,101.4
baseline,3,mixed,46,1,0,38130,3507960,119.0
baseline,3,mixed,46,1,1,38130,3507960,119.5
baseline,3,mixed,46,1,2,38130,3507960,119.0
baseline,3,mixed,46,1,3,38130,3507960,119.1
baseline,3,mixed,46,1,4,38130,3507960,119.0
baseline,3,mixed,46,1,5,38130,3507960,119.0
baseline,3,mixed,46,1,6,38130,3507960,119.2
baseline,3,mixed,46,1,7,38130,3507960,119.0
baseline,3,mixed,46,1,8,38130,3507960,119.5
baseline,3,mixed,46,2,0,38130,2897880,118.5
baseline,3,mixed,46,2,1,38130,2897880,122.2
baseline,3,mixed,46,2,2,38130,2897880,120.5
baseline,3,mixed,46,2,3,38130,2897880,119.0
baseline,3,mixed,46,2,4,38130,2897880,118.2
baseline,3,mixed,46,2,5,38130,2897880,118.0
baseline,3,mixed,46,2,6,38130,2897880,118.4
baseline,3,mixed,46,2,7,38130,2897880,118.2
baseline,3,mixed,46,2,8,38130,2897880,118.7
baseline,3,mixed,46,3,0,38130,3355440,128.0
baseline,3,mixed,46,3,1,38130,3355440,128.2
baseline,3,mixed,46,3,2,38130,3355440,127.9
baseline,3,mixed,46,3,3,38130,3355440,127.4
baseline,3,mixed,46,3,4,38130,3355440,127.7
baseline,3,mixed,46,3,5,38130,3355440,127.4
baseline,3,mixed,46,3,6,38130,3355440,127.6
baseline,3,mixed,46,3,7,38130,3355440,128.5
baseline,3,mixed,46,3,8,38130,3355440,127.5
baseline,3,mixed,92,0,0,26886,5162112,185.5
baseline,3,mixed,92,0,1,26886,5162112,186.0
baseline,3,mixed,92,0,2,26886,5162112,185.4
baseline,3,mixed,92,0,3,26886,5162112,185.3
baseline,3,mixed,92,0,4,26886,5162112,185.4
baseline,3,mixed,92,0,5,26886,5162112,185.2
baseline,3,mixed,92,0,6,26886,5162112,185.1
baseline,3,mixed,92,0,7,26886,5162112,185.4
baseline,3,mixed,92,0,8,26886,5162112,185.2
baseline,3,mixed,92,1,0,26886,4947024,223.1
baseline,3,mixed,92,1,1,26886,4947024,223.1
baseline,3,mixed,92,1,2,26886,4947024,223.8
baseline,3,mixed,92,1,3,26886,4947024,223.6
baseline,3,mixed,92,1,4,26886,4947024,223.2
baseline,3,mixed,92,1,5,26886,4947024,222.9
baseline,3,mixed,92,1,6,26886,4947024,223.4
baseline,3,mixed,92,1,7,26886,4947024,226.7
baseline,3,mixed,92,1,8,26886,4947024,223.4
baseline,3,mixed,92,2,0,26886,4086672,222.8
baseline,3,mixed,92,2,1,26886,4086672,226.3
baseline,3,mixed,92,2,2,26886,4086672,228.9
baseline,3,mixed,92,2,3,26886,4086672,229.2
baseline,3,mixed,92,2,4,26886,4086672,230.1
baseline,3,mixed,92,2,5,26886,4086672,229.7
baseline,3,mixed,92,2,6,26886,4086672,223.6
baseline,3,mixed,92,2,7,26886,4086672,222.6
baseline,3,mixed,92,2,8,26886,4086672,223.8
baseline,3,mixed,92,3,0,26886,4731936,244.7
baseline,3,mixed,92,3,1,26886,4731936,244.8
baseline,3,mixed,92,3,2,26886,4731936,244.4
baseline,3,mixed,92,3,3,26886,4731936,244.6
baseline,3,mixed,92,3,4,26886,4731936,244.3
baseline,3,mixed,92,3,5,26886,4731936,244.2
baseline,3,mixed,92,3,6,26886,4731936,246.1
baseline,3,mixed,92,3,7,26886,4731936,244.3
baseline,3,mixed,92,3,8,26886,4731936,244.3
baseline,3,mixed,4140,0,0,997,8614080,7714.1
baseline,3,mixed,4140,0,1,997,8614080,7755.3
baseline,3,mixed,4140,0,2,997,8614080,7711.1
baseline,3,mixed,4140,0,3,997,8614080,7707.1
baseline,3,mixed,4140,0,4,997,8614080,7717.2
baseline,3,mixed,4140,0,5,997,8614080,7746.2
baseline,3,mixed,4140,0,6,997,8614080,7750.3
baseline,3,mixed,4140,0,7,997,8614080,7766.3
baseline,3,mixed,4140,0,8,997,8614080,7849.5
baseline,3,mixed,4140,1,0,997,8255160,9502.5
baseline,3,mixed,4140,1,1,997,8255160,9486.5
baseline,3,mixed,4140,1,2,997,8255160,9576.7
baseline,3,mixed,4140,1,3,997,8255160,9676.0
baseline,3,mixed,4140,1,4,997,8255160,9631.9
baseline,3,mixed,4140,1,5,997,8255160,9633.9
baseline,3,mixed,4140,1,6,997,8255160,9613.8
baseline,3,mixed,4140,1,7,997,8255160,9608.8
baseline,3,mixed,4140,1,8,997,8255160,9644.9
baseline,3,mixed,4140,2,0,997,6819480,9061.2
baseline,3,mixed,4140,2,1,997,6819480,9051.2
baseline,3,mixed,4140,2,2,997,6819480,9129.4
baseline,3,mixed,4140,2,3,997,6819480,9023.1
baseline,3,mixed,4140,2,4,997,6819480,9011.0
baseline,3,mixed,4140,2,5,997,6819480,8979.9
baseline,3,mixed,4140,2,6,997,6819480,9030.1
baseline,3,mixed,4140,2,7,997,6819480,9016.0
baseline,3,mixed,4140,2,8,997,6819480,8989.0
baseline,3,mixed,4140,3,0,997,7896240,10369.1
baseline,3,mixed,4140,3,1,997,7896240,10386.2
baseline,3,mixed,4140,3,2,997,7896240,10385.2
baseline,3,mixed,4140,3,3,997,7896240,10405.2
baseline,3,mixed,4140,3,4,997,7896240,10315.9
baseline,3,mixed,4140,3,5,997,7896240,10303.9
baseline,3,mixed,4140,3,6,997,7896240,10343.0
baseline,3,mixed,4140,3,7,997,7896240,10327.0
baseline,3,mixed,4140,3,8,997,7896240,10314.9
baseline,3,mixed,65550,0,0,64,8755200,121500.0
baseline,3,mixed,65550,0,1,64,8755200,121718.8
baseline,3,mixed,65550,0,2,64,8755200,121500.0
baseline,3,mixed,65550,0,3,64,8755200,121453.1
baseline,3,mixed,65550,0,4,64,8755200,121515.6
baseline,3,mixed,65550,0,5,64,8755200,121437.5
baseline,3,mixed,65550,0,6,64,8755200,121500.0
baseline,3,mixed,65550,0,7,64,8755200,121421.9
baseline,3,mixed,65550,0,8,64,8755200,123656.2
baseline,3,mixed,65550,1,0,64,8390400,149671.9
baseline,3,mixed,65550,1,1,64,8390400,149593.8
baseline,3,mixed,65550,1,2,64,8390400,149343.8
baseline,3,mixed,65550,1,3,64,8390400,149312.5
baseline,3,mixed,65550,1,4,64,8390400,149531.2
baseline,3,mixed,65550,1,5,64,8390400,149640.6
baseline,3,mixed,65550,1,6,64,8390400,149437.5
baseline,3,mixed,65550,1,7,64,8390400,149453.1
baseline,3,mixed,65550,1,8,64,8390400,149796.9
baseline,3,mixed,65550,2,0,64,6931200,141218.8
baseline,3,mixed,65550,2,1,64,6931200,141015.6
baseline,3,mixed,65550,2,2,64,6931200,141390.6
baseline,3,mixed,65550,2,3,64,6931200,140859.4
baseline,3,mixed,65550,2,4,64,6931200,141265.6
baseline,3,mixed,65550,2,5,64,6931200,141093.8
baseline,3,mixed,65550,2,6,64,6931200,141343.8
baseline,3,mixed,65550,2,7,64,6931200,141968.8
baseline,3,mixed,65550,2,8,64,6931200,140937.5
baseline,3,mixed,65550,3,0,64,8025600,166000.0
baseline,3,mixed,65550,3,1,64,8025600,163140.6
baseline,3,mixed,65550,3,2,64,8025600,163609.4
baseline,3,mixed,65550,3,3,64,8025600,162734.4
baseline,3,mixed,65550,3,4,64,8025600,163765.6
baseline,3,mixed,65550,3,5,64,8025600,163765.6
baseline,3,mixed,65550,3,6,64,8025600,163234.4
baseline,3,mixed,65550,3,7,64,8025600,162828.1
baseline,3,mixed,65550,3,8,64,8025600,163406.2
baseline,3,unreserved,1,0,0,64527,64527,15.4
baseline,3,unreserved,1,0,1,64527,64527,15.4
baseline,3,unreserved,1,0,2,64527,64527,15.3
baseline,3,unreserved,1,0,3,64527,64527,15.3
baseline,3,unreserved,1,0,4,64527,64527,15.3
baseline,3,unreserved,1,0,5,64527,64527,15.3
baseline,3,unreserved,1,0,6,64527,64527,15.4
baseline,3,unreserved,1,0,7,64527,64527,15.2
baseline,3,unreserved,1,0,8,64527,64527,15.1
baseline,3,unreserved,1,1,0,64527,64527,15.9
baseline,3,unreserved,1,1,1,64527,64527,15.9
baseline,3,unreserved,1,1,2,64527,64527,15.8
baseline,3,unreserved,1,1,3,64527,64527,15.7
baseline,3,unreserved,1,1,4,64527,64527,16.2
baseline,3,unreserved,1,1,5,64527,64527,16.3
baseline,3,unreserved,1,1,6,64527,64527,16.2
baseline,3,unreserved,1,1,7,64527,64527,15.6
baseline,3,unreserved,1,1,8,64527,64527,15.6
baseline,3,unreserved,1,2,0,64527,64527,17.5
baseline,3,unreserved,1,2,1,64527,64527,17.6
baseline,3,unreserved,1,2,2,64527,64527,17.8
baseline,3,unreserved,1,2,3,64527,64527,17.5
baseline,3,unreserved,1,2,4,64527,64527,17.5
baseline,3,unreserved,1,2,5,64527,64527,17.5
baseline,3,unreserved,1,2,6,64527,64527,17.5
baseline,3,unreserved,1,2,7,64527,64527,17.5
baseline,3,unreserved,1,2,8,64527,64527,17.5
baseline,3,unreserved,1,3,0,64527,64527,16.1
baseline,3,unreserved,1,3,1,64527,64527,16.1
baseline,3,unreserved,1,3,2,64527,64527,16.1
baseline,3,unreserved,1,3,3,64527,64527,16.1
baseline,3,unreserved,1,3,4,64527,64527,16.1
baseline,3,unreserved,1,3,5,64527,64527,16.1
baseline,3,unreserved,1,3,6,64527,64527,16.1
baseline,3,unreserved,1,3,7,64527,64527,16.1
baseline,3,unreserved,1,3,8,64527,64527,16.1
baseline,3,unreserved,8,0,0,58254,466032,23.7
baseline,3,unreserved,8,0,1,58254,466032,23.7
baseline,3,unreserved,8,0,2,58254,466032,23.8
baseline,3,unreserved,8,0,3,58254,466032,23.7
baseline,3,unreserved,8,0,4,58254,466032,23.7
baseline,3,unreserved,8,0,5,58254,466032,23.8
baseline,3,unreserved,8,0,6,58254,466032,23.7
baseline,3,unreserved,8,0,7,58254,466032,23.7
baseline,3,unreserved,8,0,8,58254,466032,23.7
baseline,3,unreserved,8,1,0,58254,466032,27.6
baseline,3,unreserved,8,1,1,58254,466032,27.5
baseline,3,unreserved,8,1,2,58254,466032,27.5
baseline,3,unreserved,8,1,3,58254,466032,27.5
baseline,3,unreserved,8,1,4,58254,466032,27.5
baseline,3,unreserved,8,1,5,58254,466032,27.5
baseline,3,unreserved,8,1,6,58254,466032,27.5
baseline,3,unreserved,8,1,7,58254,466032,27.5
baseline,3,unreserved,8,1,8,58254,466032,27.5
baseline,3,unreserved,8,2,0,58254,466032,31.9
baseline,3,unreserved,8,2,1,58254,466032,31.8
baseline,3,unreserved,8,2,2,58254,466032,31.9
baseline,3,unreserved,8,2,3,58254,466032,31.8
baseline,3,unreserved,8,2,4,58254,466032,31.8
baseline,3,unreserved,8,2,5,58254,466032,31.8
baseline,3,unreserved,8,2,6,58254,466032,32.1
baseline,3,unreserved,8,2,7,58254,466032,31.8
baseline,3,unreserved,8,2,8,58254,466032,31.9
baseline,3,unreserved,8,3,0,58254,466032,28.1
baseline,3,unreserved,8,3,1,58254,466032,28.1
baseline,3,unreserved,8,3,2,58254,466032,28.1
baseline,3,unreserved,8,3,3,58254,466032,28.1
baseline,3,unreserved,8,3,4,58254,466032,28.1
baseline,3,unreserved,8,3,5,58254,466032,28.1
baseline,3,unreserved,8,3,6,58254,466032,28.1
baseline,3,unreserved,8,3,7,58254,466032,28.1
baseline,3,unreserved,8,3,8,58254,466032,28.1
baseline,3,unreserved,64,0,0,32768,2097152,94.6
baseline,3,unreserved,64,0,1,32768,2097152,94.6
baseline,3,unreserved,64,0,2,32768,2097152,94.5
baseline,3,unreserved,64,0,3,32768,2097152,94.5
baseline,3,unreserved,64,0,4,32768,2097152,94.5
baseline,3,unreserved,64,0,5,32768,2097152,94.5
baseline,3,unreserved,64,0,6,32768,2097152,94.6
baseline,3,unreserved,64,0,7,32768,2097152,94.5
baseline,3,unreserved,64,0,8,32768,2097152,95.1
baseline,3,unreserved,64,1,0,32768,2097152,127.2
baseline,3,unreserved,64,1,1,32768,2097152,126.8
baseline,3,unreserved,64,1,2,32768,2097152,126.7
baseline,3,unreserved,64,1,3,32768,2097152,126.7
baseline,3,unreserved,64,1,4,32768,2097152,126.8
baseline,3,unreserved,64,1,5,32768,2097152,126.8
baseline,3,unreserved,64,1,6,32768,2097152,126.7
baseline,3,unreserved,64,1,7,32768,2097152,126.7
baseline,3,unreserved,64,1,8,32768,2097152,126.9
baseline,3,unreserved,64,2,0,32768,2097152,141.4
baseline,3,unreserved,64,2,1,32768,2097152,144.0
baseline,3,unreserved,64,2,2,32768,2097152,141.0
baseline,3,unreserved,64,2,3,32768,2097152,141.2
baseline,3,unreserved,64,2,4,32768,2097152,141.0
baseline,3,unreserved,64,2,5,32768,2097152,141.1
baseline,3,unreserved,64,2,6,32768,2097152,141.1
baseline,3,unreserved,64,2,7,32768,2097152,141.5
baseline,3,unreserved,64,2,8,32768,2097152,141.8
baseline,3,unreserved,64,3,0,32768,2097152,143.2
baseline,3,unreserved,64,3,1,32768,2097152,141.3
baseline,3,unreserved,64,3,2,32768,2097152,141.2
baseline,3,unreserved,64,3,3,32768,2097152,141.3
baseline,3,unreserved,64,3,4,32768,2097152,141.4
baseline,3,unreserved,64,3,5,32768,2097152,141.3
baseline,3,unreserved,64,3,6,32768,2097152,141.2
baseline,3,unreserved,64,3,7,32768,2097152,143.4
baseline,3,unreserved,64,3,8,32768,2097152,141.9
baseline,3,unreserved,4096,0,0,1008,4128768,5175.6
baseline,3,unreserved,4096,0,1,1008,4128768,5169.6
baseline,3,unreserved,4096,0,2,1008,4128768,5164.7
baseline,3,unreserved,4096,0,3,1008,4128768,5157.7
baseline,3,unreserved,4096,0,4,1008,4128768,5166.7
baseline,3,unreserved,4096,0,5,1008,4128768,5169.6
baseline,3,unreserved,4096,0,6,1008,4128768,5176.6
baseline,3,unreserved,4096,0,7,1008,4128768,5166.7
baseline,3,unreserved,4096,0,8,1008,4128768,5165.7
baseline,3,unreserved,4096,1,0,1008,4128768,6548.6
baseline,3,unreserved,4096,1,1,1008,4128768,6553.6
baseline,3,unreserved,4096,1,2,1008,4128768,6552.6
baseline,3,unreserved,4096,1,3,1008,4128768,6575.4
baseline,3,unreserved,4096,1,4,1008,4128768,6574.4
baseline,3,unreserved,4096,1,5,1008,4128768,6550.6
baseline,3,unreserved,4096,1,6,1008,4128768,6582.3
baseline,3,unreserved,4096,1,7,1008,4128768,6552.6
baseline,3,unreserved,4096,1,8,1008,4128768,6594.2
baseline,3,unreserved,4096,2,0,1008,4128768,7468.3
baseline,3,unreserved,4096,2,1,1008,4128768,7214.3
baseline,3,unreserved,4096,2,2,1008,4128768,7249.0
baseline,3,unreserved,4096,2,3,1008,4128768,7199.4
baseline,3,unreserved,4096,2,4,1008,4128768,7231.2
baseline,3,unreserved,4096,2,5,1008,4128768,7197.4
baseline,3,unreserved,4096,2,6,1008,4128768,7223.2
baseline,3,unreserved,4096,2,7,1008,4128768,7208.3
baseline,3,unreserved,4096,2,8,1008,4128768,7196.4
baseline,3,unreserved,4096,3,0,1008,4128768,7831.3
baseline,3,unreserved,4096,3,1,1008,4128768,7826.4
baseline,3,unreserved,4096,3,2,1008,4128768,7844.2
baseline,3,unreserved,4096,3,3,1008,4128768,7827.4
baseline,3,unreserved,4096,3,4,1008,4128768,7896.8
baseline,3,unreserved,4096,3,5,1008,4128768,7861.1
baseline,3,unreserved,4096,3,6,1008,4128768,7864.1
baseline,3,unreserved,4096,3,7,1008,4128768,7826.4
baseline,3,unreserved,4096,3,8,1008,4128768,7830.4
baseline,3,unreserved,65536,0,0,64,4194304,82140.6
baseline,3,unreserved,65536,0,1,64,4194304,82078.1
baseline,3,unreserved,65536,0,2,64,4194304,82187.5
baseline,3,unreserved,65536,0,3,64,4194304,82156.2
baseline,3,unreserved,65536,0,4,64,4194304,82265.6
baseline,3,unreserved,65536,0,5,64,4194304,82062.5
baseline,3,unreserved,65536,0,6,64,4194304,82109.4
baseline,3,unreserved,65536,0,7,64,4194304,82031.2
baseline,3,unreserved,65536,0,8,64,4194304,82109.4
baseline,3,unreserved,65536,1,0,64,4194304,105125.0
baseline,3,unreserved,65536,1,1,64,4194304,105140.6
baseline,3,unreserved,65536,1,2,64,4194304,105312.5
baseline,3,unreserved,65536,1,3,64,4194304,105078.1
baseline,3,unreserved,65536,1,4,64,4194304,105062.5
baseline,3,unreserved,65536,1,5,64,4194304,106968.8
baseline,3,unreserved,65536,1,6,64,4194304,105859.4
baseline,3,unreserved,65536,1,7,64,4194304,105718.8
baseline,3,unreserved,65536,1,8,64,4194304,105187.5
baseline,3,unreserved,65536,2,0,64,4194304,115187.5
baseline,3,unreserved,65536,2,1,64,4194304,115640.6
baseline,3,unreserved,65536,2,2,64,4194304,115140.6
baseline,3,unreserved,65536,2,3,64,4194304,115062.5
baseline,3,unreserved,65536,2,4,64,4194304,115078.1
baseline,3,unreserved,65536,2,5,64,4194304,114890.6
baseline,3,unreserved,65536,2,6,64,4194304,114968.8
baseline,3,unreserved,65536,2,7,64,4194304,114937.5
baseline,3,unreserved,65536,2,8,64,4194304,115187.5
baseline,3,unreserved,65536,3,0,64,4194304,126625.0
baseline,3,unreserved,65536,3,1,64,4194304,125609.4
baseline,3,unreserved,65536,3,2,64,4194304,125359.4
baseline,3,unreserved,65536,3,3,64,4194304,127171.9
baseline,3,unreserved,65536,3,4,64,4194304,131687.5
baseline,3,unreserved,65536,3,5,64,4194304,131859.4
baseline,3,unreserved,65536,3,6,64,4194304,131093.8
baseline,3,unreserved,65536,3,7,64,4194304,132421.9
baseline,3,unreserved,65536,3,8,64,4194304,131906.2
baseline,3,dense,4,0,0,61680,740160,23.7
baseline,3,dense,4,0,1,61680,740160,23.6
baseline,3,dense,4,0,2,61680,740160,23.6
baseline,3,dense,4,0,3,61680,740160,23.9
baseline,3,dense,4,0,4,61680,740160,23.6
baseline,3,dense,4,0,5,61680,740160,23.6
baseline,3,dense,4,0,6,61680,740160,23.6
baseline,3,dense,4,0,7,61680,740160,23.6
baseline,3,dense,4,0,8,61680,740160,23.6
baseline,3,dense,4,1,0,61680,616800,24.6
baseline,3,dense,4,1,1,61680,616800,24.6
baseline,3,dense,4,1,2,61680,616800,24.6
baseline,3,dense,4,1,3,61680,616800,24.6
baseline,3,dense,4,1,4,61680,616800,24.6
baseline,3,dense,4,1,5,61680,616800,24.7
baseline,3,dense,4,1,6,61680,616800,24.6
baseline,3,dense,4,1,7,61680,616800,24.6
baseline,3,dense,4,1,8,61680,616800,24.6
baseline,3,dense,4,2,0,61680,246720,23.4
baseline,3,dense,4,2,1,61680,246720,23.4
baseline,3,dense,4,2,2,61680,246720,23.5
baseline,3,dense,4,2,3,61680,246720,23.4
baseline,3,dense,4,2,4,61680,246720,23.5
baseline,3,dense,4,2,5,61680,246720,23.4
baseline,3,dense,4,2,6,61680,246720,23.4
baseline,3,dense,4,2,7,61680,246720,23.5
baseline,3,dense,4,2,8,61680,246720,23.5
baseline,3,dense,4,3,0,61680,616800,24.9
baseline,3,dense,4,3,1,61680,616800,25.0
baseline,3,dense,4,3,2,61680,616800,25.0
baseline,3,dense,4,3,3,61680,616800,25.0
baseline,3,dense,4,3,4,61680,616800,24.9
baseline,3,dense,4,3,5,61680,616800,25.0
baseline,3,dense,4,3,6,61680,616800,25.0
baseline,3,dense,4,3,7,61680,616800,25.0
baseline,3,dense,4,3,8,61680,616800,25.0
baseline,3,dense,8,0,0,58254,1398096,32.9
baseline,3,dense,8,0,1,58254,1398096,33.8
baseline,3,dense,8,0,2,58254,1398096,33.0
baseline,3,dense,8,0,3,58254,1398096,33.2
baseline,3,dense,8,0,4,58254,1398096,32.9
baseline,3,dense,8,0,5,58254,1398096,32.8
baseline,3,dense,8,0,6,58254,1398096,32.8
baseline,3,dense,8,0,7,58254,1398096,32.9
baseline,3,dense,8,0,8,58254,1398096,32.9
baseline,3,dense,8,1,0,58254,1165080,35.6
baseline,3,dense,8,1,1,58254,1165080,35.6
baseline,3,dense,8,1,2,58254,1165080,35.6
baseline,3,dense,8,1,3,58254,1165080,35.6
baseline,3,dense,8,1,4,58254,1165080,35.6
baseline,3,dense,8,1,5,58254,1165080,35.6
baseline,3,dense,8,1,6,58254,1165080,35.6
baseline,3,dense,8,1,7,58254,1165080,36.1
baseline,3,dense,8,1,8,58254,1165080,35.5
baseline,3,dense,8,2,0,58254,466032,32.4
baseline,3,dense,8,2,1,58254,466032,32.4
baseline,3,dense,8,2,2,58254,466032,32.2
baseline,3,dense,8,2,3,58254,466032,32.2
baseline,3,dense,8,2,4,58254,466032,32.2
baseline,3,dense,8,2,5,58254,466032,32.3
baseline,3,dense,8,2,6,58254,466032,32.2
baseline,3,dense,8,2,7,58254,466032,32.2
baseline,3,dense,8,2,8,58254,466032,32.4
baseline,3,dense,8,3,0,58254,1165080,36.1
baseline,3,dense,8,3,1,58254,1165080,36.1
baseline,3,dense,8,3,2,58254,1165080,36.4
baseline,3,dense,8,3,3,58254,1165080,36.1
baseline,3,dense,8,3,4,58254,1165080,36.2
baseline,3,dense,8,3,5,58254,1165080,36.1
baseline,3,dense,8,3,6,58254,1165080,36.3
baseline,3,dense,8,3,7,58254,1165080,36.1
baseline,3,dense,8,3,8,58254,1165080,36.2
baseline,3,dense,64,0,0,32768,6291456,161.9
baseline,3,dense,64,0,1,32768,6291456,161.9
baseline,3,dense,64,0,2,32768,6291456,162.1
baseline,3,dense,64,0,3,32768,6291456,162.1
baseline,3,dense,64,0,4,32768,6291456,162.4
baseline,3,dense,64,0,5,32768,6291456,161.9
baseline,3,dense,64,0,6,32768,6291456,161.7
baseline,3,dense,64,0,7,32768,6291456,162.1
baseline,3,dense,64,0,8,32768,6291456,163.7
baseline,3,dense,64,1,0,32768,5242880,185.2
baseline,3,dense,64,1,1,32768,5242880,185.5
baseline,3,dense,64,1,2,32768,5242880,185.8
baseline,3,dense,64,1,3,32768,5242880,185.3
baseline,3,dense,64,1,4,32768,5242880,185.2
baseline,3,dense,64,1,5,32768,5242880,185.4
baseline,3,dense,64,1,6,32768,5242880,185.3
baseline,3,dense,64,1,7,32768,5242880,185.2
baseline,3,dense,64,1,8,32768,5242880,186.6
baseline,3,dense,64,2,0,32768,2097152,143.6
baseline,3,dense,64,2,1,32768,2097152,143.0
baseline,3,dense,64,2,2,32768,2097152,143.2
baseline,3,dense,64,2,3,32768,2097152,142.9
baseline,3,dense,64,2,4,32768,2097152,143.0
baseline,3,dense,64,2,5,32768,2097152,144.7
baseline,3,dense,64,2,6,32768,2097152,143.2
baseline,3,dense,64,2,7,32768,2097152,143.3
baseline,3,dense,64,2,8,32768,2097152,143.5
baseline,3,dense,64,3,0,32768,5242880,189.6
baseline,3,dense,64,3,1,32768,5242880,188.9
baseline,3,dense,64,3,2,32768,5242880,189.1
baseline,3,dense,64,3,3,32768,5242880,188.9
baseline,3,dense,64,3,4,32768,5242880,188.9
baseline,3,dense,64,3,5,32768,5242880,191.2
baseline,3,dense,64,3,6,32768,5242880,189.7
baseline,3,dense,64,3,7,32768,5242880,189.1
baseline,3,dense,64,3,8,32768,5242880,189.1
baseline,3,dense,4096,0,0,1008,12386304,10082.3
baseline,3,dense,4096,0,1,1008,12386304,10085.3
baseline,3,dense,4096,0,2,1008,12386304,10103.2
baseline,3,dense,4096,0,3,1008,12386304,10075.4
baseline,3,dense,4096,0,4,1008,12386304,10070.4
baseline,3,dense,4096,0,5,1008,12386304,10096.2
baseline,3,dense,4096,0,6,1008,12386304,10077.4
baseline,3,dense,4096,0,7,1008,12386304,10078.4
baseline,3,dense,4096,0,8,1008,12386304,10148.8
baseline,3,dense,4096,1,0,1008,10321920,10501.0
baseline,3,dense,4096,1,1,1008,10321920,10479.2
baseline,3,dense,4096,1,2,1008,10321920,10486.1
baseline,3,dense,4096,1,3,1008,10321920,10501.0
baseline,3,dense,4096,1,4,1008,10321920,10477.2
baseline,3,dense,4096,1,5,1008,10321920,10485.1
baseline,3,dense,4096,1,6,1008,10321920,10499.0
baseline,3,dense,4096,1,7,1008,10321920,10482.1
baseline,3,dense,4096,1,8,1008,10321920,10482.1
baseline,3,dense,4096,2,0,1008,4128768,7921.6
baseline,3,dense,4096,2,1,1008,4128768,7922.6
baseline,3,dense,4096,2,2,1008,4128768,7945.4
baseline,3,dense,4096,2,3,1008,4128768,7921.6
baseline,3,dense,4096,2,4,1008,4128768,7921.6
baseline,3,dense,4096,2,5,1008,4128768,7917.7
baseline,3,dense,4096,2,6,1008,4128768,7946.4
baseline,3,dense,4096,2,7,1008,4128768,7925.6
baseline,3,dense,4096,2,8,1008,4128768,7918.7
baseline,3,dense,4096,3,0,1008,10321920,10800.6
baseline,3,dense,4096,3,1,1008,10321920,10823.4
baseline,3,dense,4096,3,2,1008,10321920,10804.6
baseline,3,dense,4096,3,3,1008,10321920,10818.5
baseline,3,dense,4096,3,4,1008,10321920,10807.5
baseline,3,dense,4096,3,5,1008,10321920,10816.5
baseline,3,dense,4096,3,6,1008,10321920,10807.5
baseline,3,dense,4096,3,7,1008,10321920,10801.6
baseline,3,dense,4096,3,8,1008,10321920,10813.5
baseline,3,dense,65536,0,0,64,12582912,160593.8
baseline,3,dense,65536,0,1,64,12582912,160796.9
baseline,3,dense,65536,0,2,64,12582912,160718.8
baseline,3,dense,65536,0,3,64,12582912,160921.9
baseline,3,dense,65536,0,4,64,12582912,160484.4
baseline,3,dense,65536,0,5,64,12582912,160296.9
baseline,3,dense,65536,0,6,64,12582912,160687.5
baseline,3,dense,65536,0,7,64,12582912,160484.4
baseline,3,dense,65536,0,8,64,12582912,161421.9
baseline,3,dense,65536,1,0,64,10485760,167015.6
baseline,3,dense,65536,1,1,64,10485760,167343.8
baseline,3,dense,65536,1,2,64,10485760,167125.0
baseline,3,dense,65536,1,3,64,10485760,167343.8
baseline,3,dense,65536,1,4,64,10485760,167390.6
baseline,3,dense,65536,1,5,64,10485760,167046.9
baseline,3,dense,65536,1,6,64,10485760,166953.1
baseline,3,dense,65536,1,7,64,10485760,167281.2
baseline,3,dense,65536,1,8,64,10485760,167046.9
baseline,3,dense,65536,2,0,64,4194304,126359.4
baseline,3,dense,65536,2,1,64,4194304,126484.4
baseline,3,dense,65536,2,2,64,4194304,126593.8
baseline,3,dense,65536,2,3,64,4194304,127078.1
baseline,3,dense,65536,2,4,64,4194304,126640.6
baseline,3,dense,65536,2,5,64,4194304,126593.8
baseline,3,dense,65536,2,6,64,4194304,126687.5
baseline,3,dense,65536,2,7,64,4194304,126671.9
baseline,3,dense,65536,2,8,64,4194304,126437.5
baseline,3,dense,65536,3,0,64,10485760,172375.0
baseline,3,dense,65536,3,1,64,10485760,174968.8
baseline,3,dense,65536,3,2,64,10485760,181468.8
baseline,3,dense,65536,3,3,64,10485760,180687.5
baseline,3,dense,65536,3,4,64,10485760,182468.8
baseline,3,dense,65536,3,5,64,10485760,181515.6
baseline,3,dense,65536,3,6,64,10485760,178703.1
baseline,3,dense,65536,3,7,64,10485760,173343.8
baseline,3,dense,65536,3,8,64,10485760,172859.4
