arm,run,input,input_bytes,kind,trial,calls,output_bytes,ns_per_call
baseline,0,plain,0,0,0,65536,0,3.4
baseline,0,plain,0,0,1,65536,0,3.4
baseline,0,plain,0,0,2,65536,0,3.4
baseline,0,plain,0,0,3,65536,0,3.4
baseline,0,plain,0,0,4,65536,0,3.4
baseline,0,plain,0,0,5,65536,0,3.4
baseline,0,plain,0,0,6,65536,0,3.4
baseline,0,plain,0,0,7,65536,0,3.4
baseline,0,plain,0,0,8,65536,0,3.4
baseline,0,plain,0,1,0,65536,0,3.8
baseline,0,plain,0,1,1,65536,0,3.7
baseline,0,plain,0,1,2,65536,0,3.7
baseline,0,plain,0,1,3,65536,0,3.7
baseline,0,plain,0,1,4,65536,0,3.8
baseline,0,plain,0,1,5,65536,0,3.7
baseline,0,plain,0,1,6,65536,0,3.7
baseline,0,plain,0,1,7,65536,0,3.7
baseline,0,plain,0,1,8,65536,0,3.8
baseline,0,plain,0,2,0,65536,0,4.7
baseline,0,plain,0,2,1,65536,0,4.7
baseline,0,plain,0,2,2,65536,0,4.7
baseline,0,plain,0,2,3,65536,0,4.7
baseline,0,plain,0,2,4,65536,0,4.7
baseline,0,plain,0,2,5,65536,0,4.7
baseline,0,plain,0,2,6,65536,0,4.7
baseline,0,plain,0,2,7,65536,0,4.7
baseline,0,plain,0,2,8,65536,0,4.7
baseline,0,plain,0,3,0,65536,0,3.9
baseline,0,plain,0,3,1,65536,0,3.7
baseline,0,plain,0,3,2,65536,0,3.7
baseline,0,plain,0,3,3,65536,0,3.7
baseline,0,plain,0,3,4,65536,0,3.8
baseline,0,plain,0,3,5,65536,0,3.7
baseline,0,plain,0,3,6,65536,0,3.7
baseline,0,plain,0,3,7,65536,0,3.7
baseline,0,plain,0,3,8,65536,0,3.8
baseline,0,plain,30,0,0,44620,1427840,57.8
baseline,0,plain,30,0,1,44620,1427840,56.6
baseline,0,plain,30,0,2,44620,1427840,57.0
baseline,0,plain,30,0,3,44620,1427840,56.7
baseline,0,plain,30,0,4,44620,1427840,58.0
baseline,0,plain,30,0,5,44620,1427840,57.7
baseline,0,plain,30,0,6,44620,1427840,57.7
baseline,0,plain,30,0,7,44620,1427840,58.8
baseline,0,plain,30,0,8,44620,1427840,58.2
baseline,0,plain,30,1,0,44620,1338600,64.0
baseline,0,plain,30,1,1,44620,1338600,65.2
baseline,0,plain,30,1,2,44620,1338600,63.9
baseline,0,plain,30,1,3,44620,1338600,64.0
baseline,0,plain,30,1,4,44620,1338600,63.9
baseline,0,plain,30,1,5,44620,1338600,64.0
baseline,0,plain,30,1,6,44620,1338600,64.1
baseline,0,plain,30,1,7,44620,1338600,64.0
baseline,0,plain,30,1,8,44620,1338600,63.9
baseline,0,plain,30,2,0,44620,1338600,73.3
baseline,0,plain,30,2,1,44620,1338600,73.1
baseline,0,plain,30,2,2,44620,1338600,73.2
baseline,0,plain,30,2,3,44620,1338600,73.5
baseline,0,plain,30,2,4,44620,1338600,73.1
baseline,0,plain,30,2,5,44620,1338600,73.2
baseline,0,plain,30,2,6,44620,1338600,73.1
baseline,0,plain,30,2,7,44620,1338600,73.4
baseline,0,plain,30,2,8,44620,1338600,73.1
baseline,0,plain,30,3,0,44620,1427840,73.2
baseline,0,plain,30,3,1,44620,1427840,73.2
baseline,0,plain,30,3,2,44620,1427840,72.9
baseline,0,plain,30,3,3,44620,1427840,72.8
baseline,0,plain,30,3,4,44620,1427840,73.4
baseline,0,plain,30,3,5,44620,1427840,73.2
baseline,0,plain,30,3,6,44620,1427840,72.8
baseline,0,plain,30,3,7,44620,1427840,73.0
baseline,0,plain,30,3,8,44620,1427840,72.7
baseline,0,plain,90,0,0,27235,2614560,135.8
baseline,0,plain,90,0,1,27235,2614560,136.1
baseline,0,plain,90,0,2,27235,2614560,135.6
baseline,0,plain,90,0,3,27235,2614560,135.8
baseline,0,plain,90,0,4,27235,2614560,136.2
baseline,0,plain,90,0,5,27235,2614560,135.6
baseline,0,plain,90,0,6,27235,2614560,135.7
baseline,0,plain,90,0,7,27235,2614560,135.9
baseline,0,plain,90,0,8,27235,2614560,135.8
baseline,0,plain,90,1,0,27235,2451150,173.0
baseline,0,plain,90,1,1,27235,2451150,173.2
baseline,0,plain,90,1,2,27235,2451150,172.9
baseline,0,plain,90,1,3,27235,2451150,173.2
baseline,0,plain,90,1,4,27235,2451150,172.6
baseline,0,plain,90,1,5,27235,2451150,171.2
baseline,0,plain,90,1,6,27235,2451150,170.4
baseline,0,plain,90,1,7,27235,2451150,171.2
baseline,0,plain,90,1,8,27235,2451150,171.2
baseline,0,plain,90,2,0,27235,2451150,193.5
baseline,0,plain,90,2,1,27235,2451150,193.4
baseline,0,plain,90,2,2,27235,2451150,193.5
baseline,0,plain,90,2,3,27235,2451150,193.1
baseline,0,plain,90,2,4,27235,2451150,193.2
baseline,0,plain,90,2,5,27235,2451150,193.1
baseline,0,plain,90,2,6,27235,2451150,193.5
baseline,0,plain,90,2,7,27235,2451150,193.2
baseline,0,plain,90,2,8,27235,2451150,193.1
baseline,0,plain,90,3,0,27235,2614560,202.1
baseline,0,plain,90,3,1,27235,2614560,201.9
baseline,0,plain,90,3,2,27235,2614560,201.8
baseline,0,plain,90,3,3,27235,2614560,201.3
baseline,0,plain,90,3,4,27235,2614560,201.3
baseline,0,plain,90,3,5,27235,2614560,200.8
baseline,0,plain,90,3,6,27235,2614560,202.4
baseline,0,plain,90,3,7,27235,2614560,202.2
baseline,0,plain,90,3,8,27235,2614560,202.2
baseline,0,plain,4110,0,0,1004,4401536,5936.0
baseline,0,plain,4110,0,1,1004,4401536,5912.4
baseline,0,plain,4110,0,2,1004,4401536,5937.7
baseline,0,plain,4110,0,3,1004,4401536,5914.9
baseline,0,plain,4110,0,4,1004,4401536,5926.2
baseline,0,plain,4110,0,5,1004,4401536,5918.7
baseline,0,plain,4110,0,6,1004,4401536,5975.3
baseline,0,plain,4110,0,7,1004,4401536,5914.5
baseline,0,plain,4110,0,8,1004,4401536,5939.8
baseline,0,plain,4110,1,0,1004,4126440,7071.6
baseline,0,plain,4110,1,1,1004,4126440,7048.6
baseline,0,plain,4110,1,2,1004,4126440,7111.3
baseline,0,plain,4110,1,3,1004,4126440,7069.9
baseline,0,plain,4110,1,4,1004,4126440,7054.3
baseline,0,plain,4110,1,5,1004,4126440,7060.8
baseline,0,plain,4110,1,6,1004,4126440,7057.3
baseline,0,plain,4110,1,7,1004,4126440,7073.7
baseline,0,plain,4110,1,8,1004,4126440,7060.3
baseline,0,plain,4110,2,0,1004,4126440,7776.3
baseline,0,plain,4110,2,1,1004,4126440,7825.7
baseline,0,plain,4110,2,2,1004,4126440,7792.7
baseline,0,plain,4110,2,3,1004,4126440,7772.7
baseline,0,plain,4110,2,4,1004,4126440,7763.7
baseline,0,plain,4110,2,5,1004,4126440,7780.7
baseline,0,plain,4110,2,6,1004,4126440,7780.2
baseline,0,plain,4110,2,7,1004,4126440,7762.0
baseline,0,plain,4110,2,8,1004,4126440,7781.0
baseline,0,plain,4110,3,0,1004,4401536,8561.9
baseline,0,plain,4110,3,1,1004,4401536,8565.8
baseline,0,plain,4110,3,2,1004,4401536,8550.3
baseline,0,plain,4110,3,3,1004,4401536,8556.9
baseline,0,plain,4110,3,4,1004,4401536,8559.9
baseline,0,plain,4110,3,5,1004,4401536,8564.9
baseline,0,plain,4110,3,6,1004,4401536,8561.9
baseline,0,plain,4110,3,7,1004,4401536,8623.8
baseline,0,plain,4110,3,8,1004,4401536,8631.9
baseline,0,plain,65550,0,0,64,4474880,95610.7
baseline,0,plain,65550,0,1,64,4474880,94759.8
baseline,0,plain,65550,0,2,64,4474880,95043.6
baseline,0,plain,65550,0,3,64,4474880,95097.0
baseline,0,plain,65550,0,4,64,4474880,94641.3
baseline,0,plain,65550,0,5,64,4474880,94949.9
baseline,0,plain,65550,0,6,64,4474880,94756.5
baseline,0,plain,65550,0,7,64,4474880,95225.3
baseline,0,plain,65550,0,8,64,4474880,94791.7
baseline,0,plain,65550,1,0,64,4195200,112505.9
baseline,0,plain,65550,1,1,64,4195200,112887.4
baseline,0,plain,65550,1,2,64,4195200,112423.2
baseline,0,plain,65550,1,3,64,4195200,113000.7
baseline,0,plain,65550,1,4,64,4195200,113214.2
baseline,0,plain,65550,1,5,64,4195200,112322.3
baseline,0,plain,65550,1,6,64,4195200,113027.3
baseline,0,plain,65550,1,7,64,4195200,112820.3
baseline,0,plain,65550,1,8,64,4195200,112531.9
baseline,0,plain,65550,2,0,64,4195200,124298.8
baseline,0,plain,65550,2,1,64,4195200,124411.5
baseline,0,plain,65550,2,2,64,4195200,124263.0
baseline,0,plain,65550,2,3,64,4195200,124105.5
baseline,0,plain,65550,2,4,64,4195200,124398.4
baseline,0,plain,65550,2,5,64,4195200,124767.6
baseline,0,plain,65550,2,6,64,4195200,124152.3
baseline,0,plain,65550,2,7,64,4195200,124269.5
baseline,0,plain,65550,2,8,64,4195200,124468.1
baseline,0,plain,65550,3,0,64,4474880,137224.0
baseline,0,plain,65550,3,1,64,4474880,136550.1
baseline,0,plain,65550,3,2,64,4474880,136598.3
baseline,0,plain,65550,3,3,64,4474880,136502.6
baseline,0,plain,65550,3,4,64,4474880,136651.0
baseline,0,plain,65550,3,5,64,4474880,136648.4
baseline,0,plain,65550,3,6,64,4474880,136516.3
baseline,0,plain,65550,3,7,64,4474880,136813.2
baseline,0,plain,65550,3,8,64,4474880,137156.2
baseline,0,mixed,46,0,0,38130,3660480,104.4
baseline,0,mixed,46,0,1,38130,3660480,106.1
baseline,0,mixed,46,0,2,38130,3660480,104.0
baseline,0,mixed,46,0,3,38130,3660480,104.7
baseline,0,mixed,46,0,4,38130,3660480,104.4
baseline,0,mixed,46,0,5,38130,3660480,104.4
baseline,0,mixed,46,0,6,38130,3660480,104.9
baseline,0,mixed,46,0,7,38130,3660480,104.5
baseline,0,mixed,46,0,8,38130,3660480,104.1
baseline,0,mixed,46,1,0,38130,3507960,118.2
baseline,0,mixed,46,1,1,38130,3507960,117.6
baseline,0,mixed,46,1,2,38130,3507960,118.2
baseline,0,mixed,46,1,3,38130,3507960,117.5
baseline,0,mixed,46,1,4,38130,3507960,118.3
baseline,0,mixed,46,1,5,38130,3507960,118.0
baseline,0,mixed,46,1,6,38130,3507960,117.7
baseline,0,mixed,46,1,7,38130,3507960,118.2
baseline,0,mixed,46,1,8,38130,3507960,118.0
baseline,0,mixed,46,2,0,38130,2897880,115.8
baseline,0,mixed,46,2,1,38130,2897880,116.4
baseline,0,mixed,46,2,2,38130,2897880,115.5
baseline,0,mixed,46,2,3,38130,2897880,116.9
baseline,0,mixed,46,2,4,38130,2897880,117.0
baseline,0,mixed,46,2,5,38130,2897880,116.8
baseline,0,mixed,46,2,6,38130,2897880,116.3
baseline,0,mixed,46,2,7,38130,2897880,116.4
baseline,0,mixed,46,2,8,38130,2897880,117.2
baseline,0,mixed,46,3,0,38130,3355440,125.9
baseline,0,mixed,46,3,1,38130,3355440,125.7
baseline,0,mixed,46,3,2,38130,3355440,125.3
baseline,0,mixed,46,3,3,38130,3355440,125.7
baseline,0,mixed,46,3,4,38130,3355440,125.3
baseline,0,mixed,46,3,5,38130,3355440,125.5
baseline,0,mixed,46,3,6,38130,3355440,125.5
baseline,0,mixed,46,3,7,38130,3355440,125.7
baseline,0,mixed,46,3,8,38130,3355440,125.5
baseline,0,mixed,92,0,0,26886,5162112,197.1
baseline,0,mixed,92,0,1,26886,5162112,196.2
baseline,0,mixed,92,0,2,26886,5162112,195.5
baseline,0,mixed,92,0,3,26886,5162112,196.2
baseline,0,mixed,92,0,4,26886,5162112,195.8
baseline,0,mixed,92,0,5,26886,5162112,196.4
baseline,0,mixed,92,0,6,26886,5162112,195.5
baseline,0,mixed,92,0,7,26886,5162112,197.2
baseline,0,mixed,92,0,8,26886,5162112,195.4
baseline,0,mixed,92,1,0,26886,4947024,223.8
baseline,0,mixed,92,1,1,26886,4947024,226.1
baseline,0,mixed,92,1,2,26886,4947024,223.5
baseline,0,mixed,92,1,3,26886,4947024,225.2
baseline,0,mixed,92,1,4,26886,4947024,223.6
baseline,0,mixed,92,1,5,26886,4947024,224.9
baseline,0,mixed,92,1,6,26886,4947024,223.8
baseline,0,mixed,92,1,7,26886,4947024,225.1
baseline,0,mixed,92,1,8,26886,4947024,223.6
baseline,0,mixed,92,2,0,26886,4086672,221.9
baseline,0,mixed,92,2,1,26886,4086672,221.7
baseline,0,mixed,92,2,2,26886,4086672,221.7
baseline,0,mixed,92,2,3,26886,4086672,223.8
baseline,0,mixed,92,2,4,26886,4086672,222.3
baseline,0,mixed,92,2,5,26886,4086672,222.4
baseline,0,mixed,92,2,6,26886,4086672,222.2
baseline,0,mixed,92,2,7,26886,4086672,224.8
baseline,0,mixed,92,2,8,26886,4086672,224.0
baseline,0,mixed,92,3,0,26886,4731936,245.3
baseline,0,mixed,92,3,1,26886,4731936,245.9
baseline,0,mixed,92,3,2,26886,4731936,245.4
baseline,0,mixed,92,3,3,26886,4731936,245.8
baseline,0,mixed,92,3,4,26886,4731936,246.6
baseline,0,mixed,92,3,5,26886,4731936,245.3
baseline,0,mixed,92,3,6,26886,4731936,246.5
baseline,0,mixed,92,3,7,26886,4731936,245.9
baseline,0,mixed,92,3,8,26886,4731936,245.6
baseline,0,mixed,4140,0,0,997,8614080,8391.6
baseline,0,mixed,4140,0,1,997,8614080,8381.4
baseline,0,mixed,4140,0,2,997,8614080,8374.7
baseline,0,mixed,4140,0,3,997,8614080,8377.1
baseline,0,mixed,4140,0,4,997,8614080,8381.7
baseline,0,mixed,4140,0,5,997,8614080,8367.1
baseline,0,mixed,4140,0,6,997,8614080,8390.8
baseline,0,mixed,4140,0,7,997,8614080,8386.9
baseline,0,mixed,4140,0,8,997,8614080,8375.8
baseline,0,mixed,4140,1,0,997,8255160,9577.1
baseline,0,mixed,4140,1,1,997,8255160,9590.1
baseline,0,mixed,4140,1,2,997,8255160,9589.1
baseline,0,mixed,4140,1,3,997,8255160,9575.4
baseline,0,mixed,4140,1,4,997,8255160,9582.6
baseline,0,mixed,4140,1,5,997,8255160,9582.9
baseline,0,mixed,4140,1,6,997,8255160,9629.0
baseline,0,mixed,4140,1,7,997,8255160,9590.3
baseline,0,mixed,4140,1,8,997,8255160,9582.5
baseline,0,mixed,4140,2,0,997,6819480,9006.8
baseline,0,mixed,4140,2,1,997,6819480,9043.7
baseline,0,mixed,4140,2,2,997,6819480,9031.1
baseline,0,mixed,4140,2,3,997,6819480,9023.4
baseline,0,mixed,4140,2,4,997,6819480,9021.4
baseline,0,mixed,4140,2,5,997,6819480,9022.1
baseline,0,mixed,4140,2,6,997,6819480,9020.7
baseline,0,mixed,4140,2,7,997,6819480,9016.1
baseline,0,mixed,4140,2,8,997,6819480,9026.9
baseline,0,mixed,4140,3,0,997,7896240,10425.2
baseline,0,mixed,4140,3,1,997,7896240,10429.7
baseline,0,mixed,4140,3,2,997,7896240,10428.5
baseline,0,mixed,4140,3,3,997,7896240,10460.5
baseline,0,mixed,4140,3,4,997,7896240,10430.2
baseline,0,mixed,4140,3,5,997,7896240,10425.2
baseline,0,mixed,4140,3,6,997,7896240,10420.3
baseline,0,mixed,4140,3,7,997,7896240,10447.3
baseline,0,mixed,4140,3,8,997,7896240,10437.6
baseline,0,mixed,65550,0,0,64,8755200,132269.5
baseline,0,mixed,65550,0,1,64,8755200,132284.5
baseline,0,mixed,65550,0,2,64,8755200,133167.3
baseline,0,mixed,65550,0,3,64,8755200,132252.6
baseline,0,mixed,65550,0,4,64,8755200,132323.6
baseline,0,mixed,65550,0,5,64,8755200,132331.4
baseline,0,mixed,65550,0,6,64,8755200,132125.7
baseline,0,mixed,65550,0,7,64,8755200,132472.7
baseline,0,mixed,65550,0,8,64,8755200,132503.3
baseline,0,mixed,65550,1,0,64,8390400,151509.8
baseline,0,mixed,65550,1,1,64,8390400,152110.0
baseline,0,mixed,65550,1,2,64,8390400,151541.7
baseline,0,mixed,65550,1,3,64,8390400,151473.3
baseline,0,mixed,65550,1,4,64,8390400,151253.9
baseline,0,mixed,65550,1,5,64,8390400,151569.0
baseline,0,mixed,65550,1,6,64,8390400,151304.7
baseline,0,mixed,65550,1,7,64,8390400,151435.5
baseline,0,mixed,65550,1,8,64,8390400,151344.4
baseline,0,mixed,65550,2,0,64,6931200,142180.3
baseline,0,mixed,65550,2,1,64,6931200,141908.2
baseline,0,mixed,65550,2,2,64,6931200,142268.9
baseline,0,mixed,65550,2,3,64,6931200,142613.9
baseline,0,mixed,65550,2,4,64,6931200,142880.9
baseline,0,mixed,65550,2,5,64,6931200,142057.3
baseline,0,mixed,65550,2,6,64,6931200,141937.5
baseline,0,mixed,65550,2,7,64,6931200,141899.1
baseline,0,mixed,65550,2,8,64,6931200,141789.1
baseline,0,mixed,65550,3,0,64,8025600,164340.5
baseline,0,mixed,65550,3,1,64,8025600,164224.0
baseline,0,mixed,65550,3,2,64,8025600,164243.5
baseline,0,mixed,65550,3,3,64,8025600,165347.0
baseline,0,mixed,65550,3,4,64,8025600,164472.7
baseline,0,mixed,65550,3,5,64,8025600,164217.5
baseline,0,mixed,65550,3,6,64,8025600,164118.5
baseline,0,mixed,65550,3,7,64,8025600,164221.4
baseline,0,mixed,65550,3,8,64,8025600,164403.0
baseline,0,unreserved,1,0,0,64527,64527,12.8
baseline,0,unreserved,1,0,1,64527,64527,12.8
baseline,0,unreserved,1,0,2,64527,64527,12.8
baseline,0,unreserved,1,0,3,64527,64527,12.8
baseline,0,unreserved,1,0,4,64527,64527,12.9
baseline,0,unreserved,1,0,5,64527,64527,12.8
baseline,0,unreserved,1,0,6,64527,64527,12.8
baseline,0,unreserved,1,0,7,64527,64527,12.8
baseline,0,unreserved,1,0,8,64527,64527,12.8
baseline,0,unreserved,1,1,0,64527,64527,12.8
baseline,0,unreserved,1,1,1,64527,64527,12.9
baseline,0,unreserved,1,1,2,64527,64527,12.9
baseline,0,unreserved,1,1,3,64527,64527,12.8
baseline,0,unreserved,1,1,4,64527,64527,12.8
baseline,0,unreserved,1,1,5,64527,64527,13.0
baseline,0,unreserved,1,1,6,64527,64527,12.8
baseline,0,unreserved,1,1,7,64527,64527,12.8
baseline,0,unreserved,1,1,8,64527,64527,12.8
baseline,0,unreserved,1,2,0,64527,64527,15.3
baseline,0,unreserved,1,2,1,64527,64527,15.4
baseline,0,unreserved,1,2,2,64527,64527,15.4
baseline,0,unreserved,1,2,3,64527,64527,15.4
baseline,0,unreserved,1,2,4,64527,64527,15.4
baseline,0,unreserved,1,2,5,64527,64527,15.4
baseline,0,unreserved,1,2,6,64527,64527,15.4
baseline,0,unreserved,1,2,7,64527,64527,15.4
baseline,0,unreserved,1,2,8,64527,64527,15.5
baseline,0,unreserved,1,3,0,64527,64527,13.4
baseline,0,unreserved,1,3,1,64527,64527,13.5
baseline,0,unreserved,1,3,2,64527,64527,13.4
baseline,0,unreserved,1,3,3,64527,64527,13.4
baseline,0,unreserved,1,3,4,64527,64527,13.4
baseline,0,unreserved,1,3,5,64527,64527,13.4
baseline,0,unreserved,1,3,6,64527,64527,13.4
baseline,0,unreserved,1,3,7,64527,64527,13.4
baseline,0,unreserved,1,3,8,64527,64527,13.5
baseline,0,unreserved,8,0,0,58254,466032,22.1
baseline,0,unreserved,8,0,1,58254,466032,22.1
baseline,0,unreserved,8,0,2,58254,466032,22.1
baseline,0,unreserved,8,0,3,58254,466032,22.1
baseline,0,unreserved,8,0,4,58254,466032,22.1
baseline,0,unreserved,8,0,5,58254,466032,22.2
baseline,0,unreserved,8,0,6,58254,466032,22.2
baseline,0,unreserved,8,0,7,58254,466032,22.2
baseline,0,unreserved,8,0,8,58254,466032,22.1
baseline,0,unreserved,8,1,0,58254,466032,26.0
baseline,0,unreserved,8,1,1,58254,466032,26.3
baseline,0,unreserved,8,1,2,58254,466032,26.0
baseline,0,unreserved,8,1,3,58254,466032,26.0
baseline,0,unreserved,8,1,4,58254,466032,26.1
baseline,0,unreserved,8,1,5,58254,466032,26.1
baseline,0,unreserved,8,1,6,58254,466032,26.0
baseline,0,unreserved,8,1,7,58254,466032,26.0
baseline,0,unreserved,8,1,8,58254,466032,26.0
baseline,0,unreserved,8,2,0,58254,466032,30.0
baseline,0,unreserved,8,2,1,58254,466032,30.0
baseline,0,unreserved,8,2,2,58254,466032,30.0
baseline,0,unreserved,8,2,3,58254,466032,30.0
baseline,0,unreserved,8,2,4,58254,466032,30.1
baseline,0,unreserved,8,2,5,58254,466032,30.0
baseline,0,unreserved,8,2,6,58254,466032,30.1
baseline,0,unreserved,8,2,7,58254,466032,30.0
baseline,0,unreserved,8,2,8,58254,466032,30.1
baseline,0,unreserved,8,3,0,58254,466032,27.4
baseline,0,unreserved,8,3,1,58254,466032,27.3
baseline,0,unreserved,8,3,2,58254,466032,27.2
baseline,0,unreserved,8,3,3,58254,466032,27.2
baseline,0,unreserved,8,3,4,58254,466032,27.2
baseline,0,unreserved,8,3,5,58254,466032,27.2
baseline,0,unreserved,8,3,6,58254,466032,27.4
baseline,0,unreserved,8,3,7,58254,466032,27.3
baseline,0,unreserved,8,3,8,58254,466032,27.3
baseline,0,unreserved,64,0,0,32768,2097152,97.3
baseline,0,unreserved,64,0,1,32768,2097152,97.8
baseline,0,unreserved,64,0,2,32768,2097152,97.2
baseline,0,unreserved,64,0,3,32768,2097152,98.0
baseline,0,unreserved,64,0,4,32768,2097152,97.3
baseline,0,unreserved,64,0,5,32768,2097152,98.2
baseline,0,unreserved,64,0,6,32768,2097152,97.2
baseline,0,unreserved,64,0,7,32768,2097152,97.2
baseline,0,unreserved,64,0,8,32768,2097152,97.4
baseline,0,unreserved,64,1,0,32768,2097152,124.5
baseline,0,unreserved,64,1,1,32768,2097152,124.4
baseline,0,unreserved,64,1,2,32768,2097152,124.8
baseline,0,unreserved,64,1,3,32768,2097152,124.3
baseline,0,unreserved,64,1,4,32768,2097152,124.7
baseline,0,unreserved,64,1,5,32768,2097152,124.6
baseline,0,unreserved,64,1,6,32768,2097152,124.7
baseline,0,unreserved,64,1,7,32768,2097152,126.9
baseline,0,unreserved,64,1,8,32768,2097152,126.0
baseline,0,unreserved,64,2,0,32768,2097152,153.9
baseline,0,unreserved,64,2,1,32768,2097152,151.3
baseline,0,unreserved,64,2,2,32768,2097152,153.7
baseline,0,unreserved,64,2,3,32768,2097152,154.5
baseline,0,unreserved,64,2,4,32768,2097152,153.1
baseline,0,unreserved,64,2,5,32768,2097152,156.7
baseline,0,unreserved,64,2,6,32768,2097152,152.4
baseline,0,unreserved,64,2,7,32768,2097152,152.1
baseline,0,unreserved,64,2,8,32768,2097152,145.8
baseline,0,unreserved,64,3,0,32768,2097152,139.7
baseline,0,unreserved,64,3,1,32768,2097152,139.2
baseline,0,unreserved,64,3,2,32768,2097152,139.4
baseline,0,unreserved,64,3,3,32768,2097152,139.4
baseline,0,unreserved,64,3,4,32768,2097152,139.3
baseline,0,unreserved,64,3,5,32768,2097152,139.4
baseline,0,unreserved,64,3,6,32768,2097152,139.3
baseline,0,unreserved,64,3,7,32768,2097152,139.4
baseline,0,unreserved,64,3,8,32768,2097152,139.3
baseline,0,unreserved,4096,0,0,1008,4128768,5388.7
baseline,0,unreserved,4096,0,1,1008,4128768,5425.3
baseline,0,unreserved,4096,0,2,1008,4128768,5386.6
baseline,0,unreserved,4096,0,3,1008,4128768,5379.5
baseline,0,unreserved,4096,0,4,1008,4128768,5381.8
baseline,0,unreserved,4096,0,5,1008,4128768,5393.4
baseline,0,unreserved,4096,0,6,1008,4128768,5375.1
baseline,0,unreserved,4096,0,7,1008,4128768,5375.0
baseline,0,unreserved,4096,0,8,1008,4128768,5382.7
baseline,0,unreserved,4096,1,0,1008,4128768,6661.5
baseline,0,unreserved,4096,1,1,1008,4128768,6668.0
baseline,0,unreserved,4096,1,2,1008,4128768,6670.3
baseline,0,unreserved,4096,1,3,1008,4128768,6662.7
baseline,0,unreserved,4096,1,4,1008,4128768,6669.5
baseline,0,unreserved,4096,1,5,1008,4128768,6658.5
baseline,0,unreserved,4096,1,6,1008,4128768,6675.9
baseline,0,unreserved,4096,1,7,1008,4128768,6658.3
baseline,0,unreserved,4096,1,8,1008,4128768,6659.4
baseline,0,unreserved,4096,2,0,1008,4128768,7827.4
baseline,0,unreserved,4096,2,1,1008,4128768,7825.0
baseline,0,unreserved,4096,2,2,1008,4128768,7822.6
baseline,0,unreserved,4096,2,3,1008,4128768,7825.6
baseline,0,unreserved,4096,2,4,1008,4128768,7826.6
baseline,0,unreserved,4096,2,5,1008,4128768,7829.0
baseline,0,unreserved,4096,2,6,1008,4128768,7826.6
baseline,0,unreserved,4096,2,7,1008,4128768,7825.5
baseline,0,unreserved,4096,2,8,1008,4128768,7818.7
baseline,0,unreserved,4096,3,0,1008,4128768,7940.7
baseline,0,unreserved,4096,3,1,1008,4128768,7934.6
baseline,0,unreserved,4096,3,2,1008,4128768,7926.7
baseline,0,unreserved,4096,3,3,1008,4128768,7935.6
baseline,0,unreserved,4096,3,4,1008,4128768,7933.8
baseline,0,unreserved,4096,3,5,1008,4128768,7988.3
baseline,0,unreserved,4096,3,6,1008,4128768,7945.9
baseline,0,unreserved,4096,3,7,1008,4128768,7940.6
baseline,0,unreserved,4096,3,8,1008,4128768,7923.7
baseline,0,unreserved,65536,0,0,64,4194304,85511.7
baseline,0,unreserved,65536,0,1,64,4194304,85969.4
baseline,0,unreserved,65536,0,2,64,4194304,85528.0
baseline,0,unreserved,65536,0,3,64,4194304,85672.5
baseline,0,unreserved,65536,0,4,64,4194304,85452.5
baseline,0,unreserved,65536,0,5,64,4194304,85918.0
baseline,0,unreserved,65536,0,6,64,4194304,85595.0
baseline,0,unreserved,65536,0,7,64,4194304,85866.5
baseline,0,unreserved,65536,0,8,64,4194304,86074.9
baseline,0,unreserved,65536,1,0,64,4194304,108074.9
baseline,0,unreserved,65536,1,1,64,4194304,108953.8
baseline,0,unreserved,65536,1,2,64,4194304,108135.4
baseline,0,unreserved,65536,1,3,64,4194304,108050.1
baseline,0,unreserved,65536,1,4,64,4194304,107931.0
baseline,0,unreserved,65536,1,5,64,4194304,108039.1
baseline,0,unreserved,65536,1,6,64,4194304,108093.1
baseline,0,unreserved,65536,1,7,64,4194304,108266.3
baseline,0,unreserved,65536,1,8,64,4194304,108033.9
baseline,0,unreserved,65536,2,0,64,4194304,125756.5
baseline,0,unreserved,65536,2,1,64,4194304,125419.3
baseline,0,unreserved,65536,2,2,64,4194304,125624.3
baseline,0,unreserved,65536,2,3,64,4194304,125371.1
baseline,0,unreserved,65536,2,4,64,4194304,125171.2
baseline,0,unreserved,65536,2,5,64,4194304,125072.9
baseline,0,unreserved,65536,2,6,64,4194304,125460.9
baseline,0,unreserved,65536,2,7,64,4194304,125376.3
baseline,0,unreserved,65536,2,8,64,4194304,125061.2
baseline,0,unreserved,65536,3,0,64,4194304,126863.9
baseline,0,unreserved,65536,3,1,64,4194304,126692.7
baseline,0,unreserved,65536,3,2,64,4194304,127310.5
baseline,0,unreserved,65536,3,3,64,4194304,126933.0
baseline,0,unreserved,65536,3,4,64,4194304,126757.2
baseline,0,unreserved,65536,3,5,64,4194304,127184.2
baseline,0,unreserved,65536,3,6,64,4194304,126706.4
baseline,0,unreserved,65536,3,7,64,4194304,126907.5
baseline,0,unreserved,65536,3,8,64,4194304,127059.2
baseline,0,dense,4,0,0,61680,740160,21.8
baseline,0,dense,4,0,1,61680,740160,21.7
baseline,0,dense,4,0,2,61680,740160,21.6
baseline,0,dense,4,0,3,61680,740160,21.7
baseline,0,dense,4,0,4,61680,740160,21.6
baseline,0,dense,4,0,5,61680,740160,21.6
baseline,0,dense,4,0,6,61680,740160,21.6
baseline,0,dense,4,0,7,61680,740160,21.7
baseline,0,dense,4,0,8,61680,740160,21.8
baseline,0,dense,4,1,0,61680,616800,22.5
baseline,0,dense,4,1,1,61680,616800,22.4
baseline,0,dense,4,1,2,61680,616800,22.3
baseline,0,dense,4,1,3,61680,616800,22.3
baseline,0,dense,4,1,4,61680,616800,22.6
baseline,0,dense,4,1,5,61680,616800,22.8
baseline,0,dense,4,1,6,61680,616800,22.4
baseline,0,dense,4,1,7,61680,616800,22.6
baseline,0,dense,4,1,8,61680,616800,22.3
baseline,0,dense,4,2,0,61680,246720,22.2
baseline,0,dense,4,2,1,61680,246720,21.8
baseline,0,dense,4,2,2,61680,246720,22.3
baseline,0,dense,4,2,3,61680,246720,22.8
baseline,0,dense,4,2,4,61680,246720,22.2
baseline,0,dense,4,2,5,61680,246720,21.8
baseline,0,dense,4,2,6,61680,246720,21.7
baseline,0,dense,4,2,7,61680,246720,21.6
baseline,0,dense,4,2,8,61680,246720,21.7
baseline,0,dense,4,3,0,61680,616800,23.1
baseline,0,dense,4,3,1,61680,616800,23.3
baseline,0,dense,4,3,2,61680,616800,23.2
baseline,0,dense,4,3,3,61680,616800,23.1
baseline,0,dense,4,3,4,61680,616800,23.3
baseline,0,dense,4,3,5,61680,616800,23.2
baseline,0,dense,4,3,6,61680,616800,23.4
baseline,0,dense,4,3,7,61680,616800,23.3
baseline,0,dense,4,3,8,61680,616800,23.1
baseline,0,dense,8,0,0,58254,1398096,32.2
baseline,0,dense,8,0,1,58254,1398096,32.0
baseline,0,dense,8,0,2,58254,1398096,32.0
baseline,0,dense,8,0,3,58254,1398096,31.9
baseline,0,dense,8,0,4,58254,1398096,32.1
baseline,0,dense,8,0,5,58254,1398096,32.3
baseline,0,dense,8,0,6,58254,1398096,32.1
baseline,0,dense,8,0,7,58254,1398096,32.0
baseline,0,dense,8,0,8,58254,1398096,32.0
baseline,0,dense,8,1,0,58254,1165080,34.2
baseline,0,dense,8,1,1,58254,1165080,34.2
baseline,0,dense,8,1,2,58254,1165080,34.0
baseline,0,dense,8,1,3,58254,1165080,34.2
baseline,0,dense,8,1,4,58254,1165080,34.6
baseline,0,dense,8,1,5,58254,1165080,34.1
baseline,0,dense,8,1,6,58254,1165080,34.0
baseline,0,dense,8,1,7,58254,1165080,34.3
baseline,0,dense,8,1,8,58254,1165080,34.0
baseline,0,dense,8,2,0,58254,466032,29.7
baseline,0,dense,8,2,1,58254,466032,30.2
baseline,0,dense,8,2,2,58254,466032,29.7
baseline,0,dense,8,2,3,58254,466032,30.0
baseline,0,dense,8,2,4,58254,466032,32.1
baseline,0,dense,8,2,5,58254,466032,29.9
baseline,0,dense,8,2,6,58254,466032,29.7
baseline,0,dense,8,2,7,58254,466032,29.7
baseline,0,dense,8,2,8,58254,466032,30.6
baseline,0,dense,8,3,0,58254,1165080,34.5
baseline,0,dense,8,3,1,58254,1165080,34.5
baseline,0,dense,8,3,2,58254,1165080,34.7
baseline,0,dense,8,3,3,58254,1165080,34.4
baseline,0,dense,8,3,4,58254,1165080,34.4
baseline,0,dense,8,3,5,58254,1165080,34.5
baseline,0,dense,8,3,6,58254,1165080,34.3
baseline,0,dense,8,3,7,58254,1165080,34.6
baseline,0,dense,8,3,8,58254,1165080,34.5
baseline,0,dense,64,0,0,32768,6291456,176.0
baseline,0,dense,64,0,1,32768,6291456,175.2
baseline,0,dense,64,0,2,32768,6291456,175.7
baseline,0,dense,64,0,3,32768,6291456,175.8
baseline,0,dense,64,0,4,32768,6291456,175.4
baseline,0,dense,64,0,5,32768,6291456,175.6
baseline,0,dense,64,0,6,32768,6291456,175.4
baseline,0,dense,64,0,7,32768,6291456,176.1
baseline,0,dense,64,0,8,32768,6291456,175.2
baseline,0,dense,64,1,0,32768,5242880,192.5
baseline,0,dense,64,1,1,32768,5242880,192.5
baseline,0,dense,64,1,2,32768,5242880,192.8
baseline,0,dense,64,1,3,32768,5242880,192.6
baseline,0,dense,64,1,4,32768,5242880,192.6
baseline,0,dense,64,1,5,32768,5242880,194.4
baseline,0,dense,64,1,6,32768,5242880,192.9
baseline,0,dense,64,1,7,32768,5242880,192.4
baseline,0,dense,64,1,8,32768,5242880,192.5
baseline,0,dense,64,2,0,32768,2097152,148.9
baseline,0,dense,64,2,1,32768,2097152,149.2
baseline,0,dense,64,2,2,32768,2097152,149.5
baseline,0,dense,64,2,3,32768,2097152,149.4
baseline,0,dense,64,2,4,32768,2097152,149.3
baseline,0,dense,64,2,5,32768,2097152,149.0
baseline,0,dense,64,2,6,32768,2097152,153.8
baseline,0,dense,64,2,7,32768,2097152,155.8
baseline,0,dense,64,2,8,32768,2097152,157.2
baseline,0,dense,64,3,0,32768,5242880,193.5
baseline,0,dense,64,3,1,32768,5242880,193.2
baseline,0,dense,64,3,2,32768,5242880,196.8
baseline,0,dense,64,3,3,32768,5242880,194.0
baseline,0,dense,64,3,4,32768,5242880,193.6
baseline,0,dense,64,3,5,32768,5242880,193.6
baseline,0,dense,64,3,6,32768,5242880,197.6
baseline,0,dense,64,3,7,32768,5242880,203.3
baseline,0,dense,64,3,8,32768,5242880,204.8
baseline,0,dense,4096,0,0,1008,12386304,10891.3
baseline,0,dense,4096,0,1,1008,12386304,10893.1
baseline,0,dense,4096,0,2,1008,12386304,11029.6
baseline,0,dense,4096,0,3,1008,12386304,11008.1
baseline,0,dense,4096,0,4,1008,12386304,10920.3
baseline,0,dense,4096,0,5,1008,12386304,11338.0
baseline,0,dense,4096,0,6,1008,12386304,11048.8
baseline,0,dense,4096,0,7,1008,12386304,10911.8
baseline,0,dense,4096,0,8,1008,12386304,10565.1
baseline,0,dense,4096,1,0,1008,10321920,11113.8
baseline,0,dense,4096,1,1,1008,10321920,11118.1
baseline,0,dense,4096,1,2,1008,10321920,11121.9
baseline,0,dense,4096,1,3,1008,10321920,11169.0
baseline,0,dense,4096,1,4,1008,10321920,11185.9
baseline,0,dense,4096,1,5,1008,10321920,11152.5
baseline,0,dense,4096,1,6,1008,10321920,11107.0
baseline,0,dense,4096,1,7,1008,10321920,11125.9
baseline,0,dense,4096,1,8,1008,10321920,11111.9
baseline,0,dense,4096,2,0,1008,4128768,7996.9
baseline,0,dense,4096,2,1,1008,4128768,8015.0
baseline,0,dense,4096,2,2,1008,4128768,8026.5
baseline,0,dense,4096,2,3,1008,4128768,8003.3
baseline,0,dense,4096,2,4,1008,4128768,8014.8
baseline,0,dense,4096,2,5,1008,4128768,8038.6
baseline,0,dense,4096,2,6,1008,4128768,7998.8
baseline,0,dense,4096,2,7,1008,4128768,8013.1
baseline,0,dense,4096,2,8,1008,4128768,7989.9
baseline,0,dense,4096,3,0,1008,10321920,11127.2
baseline,0,dense,4096,3,1,1008,10321920,11176.5
baseline,0,dense,4096,3,2,1008,10321920,11133.7
baseline,0,dense,4096,3,3,1008,10321920,11133.2
baseline,0,dense,4096,3,4,1008,10321920,11099.3
baseline,0,dense,4096,3,5,1008,10321920,11123.9
baseline,0,dense,4096,3,6,1008,10321920,11127.9
baseline,0,dense,4096,3,7,1008,10321920,11138.6
baseline,0,dense,4096,3,8,1008,10321920,11145.2
baseline,0,dense,65536,0,0,64,12582912,168943.4
baseline,0,dense,65536,0,1,64,12582912,168488.3
baseline,0,dense,65536,0,2,64,12582912,168391.9
baseline,0,dense,65536,0,3,64,12582912,168104.2
baseline,0,dense,65536,0,4,64,12582912,168238.3
baseline,0,dense,65536,0,5,64,12582912,168259.8
baseline,0,dense,65536,0,6,64,12582912,168809.9
baseline,0,dense,65536,0,7,64,12582912,168248.0
baseline,0,dense,65536,0,8,64,12582912,169571.6
baseline,0,dense,65536,1,0,64,10485760,178084.6
baseline,0,dense,65536,1,1,64,10485760,177838.5
baseline,0,dense,65536,1,2,64,10485760,177713.5
baseline,0,dense,65536,1,3,64,10485760,177815.8
baseline,0,dense,65536,1,4,64,10485760,178369.1
baseline,0,dense,65536,1,5,64,10485760,177746.1
baseline,0,dense,65536,1,6,64,10485760,177953.1
baseline,0,dense,65536,1,7,64,10485760,177852.9
baseline,0,dense,65536,1,8,64,10485760,177927.1
baseline,0,dense,65536,2,0,64,4194304,128763.0
baseline,0,dense,65536,2,1,64,4194304,128287.1
baseline,0,dense,65536,2,2,64,4194304,128335.3
baseline,0,dense,65536,2,3,64,4194304,128275.4
baseline,0,dense,65536,2,4,64,4194304,128334.6
baseline,0,dense,65536,2,5,64,4194304,129875.6
baseline,0,dense,65536,2,6,64,4194304,128972.7
baseline,0,dense,65536,2,7,64,4194304,128686.9
baseline,0,dense,65536,2,8,64,4194304,128475.9
baseline,0,dense,65536,3,0,64,10485760,177867.2
baseline,0,dense,65536,3,1,64,10485760,177854.8
baseline,0,dense,65536,3,2,64,10485760,177863.3
baseline,0,dense,65536,3,3,64,10485760,177940.8
baseline,0,dense,65536,3,4,64,10485760,177474.0
baseline,0,dense,65536,3,5,64,10485760,177790.4
baseline,0,dense,65536,3,6,64,10485760,177731.8
baseline,0,dense,65536,3,7,64,10485760,177507.8
baseline,0,dense,65536,3,8,64,10485760,178332.7
candidate,1,plain,0,0,0,65536,0,2.8
candidate,1,plain,0,0,1,65536,0,2.8
candidate,1,plain,0,0,2,65536,0,2.9
candidate,1,plain,0,0,3,65536,0,2.8
candidate,1,plain,0,0,4,65536,0,2.8
candidate,1,plain,0,0,5,65536,0,2.9
candidate,1,plain,0,0,6,65536,0,2.8
candidate,1,plain,0,0,7,65536,0,2.9
candidate,1,plain,0,0,8,65536,0,2.8
candidate,1,plain,0,1,0,65536,0,2.8
candidate,1,plain,0,1,1,65536,0,2.9
candidate,1,plain,0,1,2,65536,0,2.9
candidate,1,plain,0,1,3,65536,0,2.8
candidate,1,plain,0,1,4,65536,0,3.0
candidate,1,plain,0,1,5,65536,0,2.8
candidate,1,plain,0,1,6,65536,0,2.8
candidate,1,plain,0,1,7,65536,0,3.0
candidate,1,plain,0,1,8,65536,0,2.8
candidate,1,plain,0,2,0,65536,0,4.7
candidate,1,plain,0,2,1,65536,0,4.7
candidate,1,plain,0,2,2,65536,0,4.7
candidate,1,plain,0,2,3,65536,0,4.7
candidate,1,plain,0,2,4,65536,0,4.7
candidate,1,plain,0,2,5,65536,0,4.7
candidate,1,plain,0,2,6,65536,0,4.7
candidate,1,plain,0,2,7,65536,0,4.8
candidate,1,plain,0,2,8,65536,0,4.7
candidate,1,plain,0,3,0,65536,0,2.8
candidate,1,plain,0,3,1,65536,0,2.9
candidate,1,plain,0,3,2,65536,0,2.8
candidate,1,plain,0,3,3,65536,0,2.8
candidate,1,plain,0,3,4,65536,0,2.8
candidate,1,plain,0,3,5,65536,0,2.8
candidate,1,plain,0,3,6,65536,0,2.8
candidate,1,plain,0,3,7,65536,0,2.8
candidate,1,plain,0,3,8,65536,0,2.8
candidate,1,plain,30,0,0,44620,1427840,51.0
candidate,1,plain,30,0,1,44620,1427840,50.9
candidate,1,plain,30,0,2,44620,1427840,50.8
candidate,1,plain,30,0,3,44620,1427840,51.0
candidate,1,plain,30,0,4,44620,1427840,50.8
candidate,1,plain,30,0,5,44620,1427840,51.4
candidate,1,plain,30,0,6,44620,1427840,50.9
candidate,1,plain,30,0,7,44620,1427840,50.8
candidate,1,plain,30,0,8,44620,1427840,51.0
candidate,1,plain,30,1,0,44620,1338600,50.7
candidate,1,plain,30,1,1,44620,1338600,50.6
candidate,1,plain,30,1,2,44620,1338600,50.9
candidate,1,plain,30,1,3,44620,1338600,50.7
candidate,1,plain,30,1,4,44620,1338600,50.9
candidate,1,plain,30,1,5,44620,1338600,50.6
candidate,1,plain,30,1,6,44620,1338600,50.8
candidate,1,plain,30,1,7,44620,1338600,50.6
candidate,1,plain,30,1,8,44620,1338600,50.8
candidate,1,plain,30,2,0,44620,1338600,73.2
candidate,1,plain,30,2,1,44620,1338600,73.2
candidate,1,plain,30,2,2,44620,1338600,73.5
candidate,1,plain,30,2,3,44620,1338600,73.2
candidate,1,plain,30,2,4,44620,1338600,73.2
candidate,1,plain,30,2,5,44620,1338600,73.4
candidate,1,plain,30,2,6,44620,1338600,73.3
candidate,1,plain,30,2,7,44620,1338600,73.2
candidate,1,plain,30,2,8,44620,1338600,73.5
candidate,1,plain,30,3,0,44620,1427840,58.7
candidate,1,plain,30,3,1,44620,1427840,58.9
candidate,1,plain,30,3,2,44620,1427840,58.9
candidate,1,plain,30,3,3,44620,1427840,58.7
candidate,1,plain,30,3,4,44620,1427840,58.6
candidate,1,plain,30,3,5,44620,1427840,58.5
candidate,1,plain,30,3,6,44620,1427840,58.5
candidate,1,plain,30,3,7,44620,1427840,58.7
candidate,1,plain,30,3,8,44620,1427840,59.0
candidate,1,plain,90,0,0,27235,2614560,131.5
candidate,1,plain,90,0,1,27235,2614560,132.0
candidate,1,plain,90,0,2,27235,2614560,131.9
candidate,1,plain,90,0,3,27235,2614560,131.5
candidate,1,plain,90,0,4,27235,2614560,131.9
candidate,1,plain,90,0,5,27235,2614560,131.6
candidate,1,plain,90,0,6,27235,2614560,131.6
candidate,1,plain,90,0,7,27235,2614560,131.7
candidate,1,plain,90,0,8,27235,2614560,132.1
candidate,1,plain,90,1,0,27235,2451150,140.6
candidate,1,plain,90,1,1,27235,2451150,140.3
candidate,1,plain,90,1,2,27235,2451150,140.1
candidate,1,plain,90,1,3,27235,2451150,139.5
candidate,1,plain,90,1,4,27235,2451150,140.2
candidate,1,plain,90,1,5,27235,2451150,140.8
candidate,1,plain,90,1,6,27235,2451150,139.6
candidate,1,plain,90,1,7,27235,2451150,140.7
candidate,1,plain,90,1,8,27235,2451150,139.8
candidate,1,plain,90,2,0,27235,2451150,193.1
candidate,1,plain,90,2,1,27235,2451150,193.8
candidate,1,plain,90,2,2,27235,2451150,193.7
candidate,1,plain,90,2,3,27235,2451150,194.9
candidate,1,plain,90,2,4,27235,2451150,193.7
candidate,1,plain,90,2,5,27235,2451150,200.4
candidate,1,plain,90,2,6,27235,2451150,194.2
candidate,1,plain,90,2,7,27235,2451150,194.0
candidate,1,plain,90,2,8,27235,2451150,193.4
candidate,1,plain,90,3,0,27235,2614560,163.8
candidate,1,plain,90,3,1,27235,2614560,170.0
candidate,1,plain,90,3,2,27235,2614560,170.0
candidate,1,plain,90,3,3,27235,2614560,170.1
candidate,1,plain,90,3,4,27235,2614560,173.3
candidate,1,plain,90,3,5,27235,2614560,170.4
candidate,1,plain,90,3,6,27235,2614560,170.2
candidate,1,plain,90,3,7,27235,2614560,171.2
candidate,1,plain,90,3,8,27235,2614560,174.4
candidate,1,plain,4110,0,0,1004,4401536,5556.4
candidate,1,plain,4110,0,1,1004,4401536,5551.0
candidate,1,plain,4110,0,2,1004,4401536,5557.8
candidate,1,plain,4110,0,3,1004,4401536,5545.4
candidate,1,plain,4110,0,4,1004,4401536,5556.6
candidate,1,plain,4110,0,5,1004,4401536,5540.3
candidate,1,plain,4110,0,6,1004,4401536,5557.3
candidate,1,plain,4110,0,7,1004,4401536,5543.6
candidate,1,plain,4110,0,8,1004,4401536,5559.7
candidate,1,plain,4110,1,0,1004,4126440,5605.5
candidate,1,plain,4110,1,1,1004,4126440,5603.8
candidate,1,plain,4110,1,2,1004,4126440,5600.3
candidate,1,plain,4110,1,3,1004,4126440,5600.0
candidate,1,plain,4110,1,4,1004,4126440,5605.5
candidate,1,plain,4110,1,5,1004,4126440,5599.6
candidate,1,plain,4110,1,6,1004,4126440,5601.2
candidate,1,plain,4110,1,7,1004,4126440,5599.3
candidate,1,plain,4110,1,8,1004,4126440,5595.0
candidate,1,plain,4110,2,0,1004,4126440,7806.3
candidate,1,plain,4110,2,1,1004,4126440,7775.4
candidate,1,plain,4110,2,2,1004,4126440,7778.7
candidate,1,plain,4110,2,3,1004,4126440,7766.2
candidate,1,plain,4110,2,4,1004,4126440,7793.7
candidate,1,plain,4110,2,5,1004,4126440,7784.9
candidate,1,plain,4110,2,6,1004,4126440,7778.8
candidate,1,plain,4110,2,7,1004,4126440,7817.9
candidate,1,plain,4110,2,8,1004,4126440,7776.2
candidate,1,plain,4110,3,0,1004,4401536,7084.5
candidate,1,plain,4110,3,1,1004,4401536,7069.3
candidate,1,plain,4110,3,2,1004,4401536,7079.8
candidate,1,plain,4110,3,3,1004,4401536,7073.4
candidate,1,plain,4110,3,4,1004,4401536,7067.7
candidate,1,plain,4110,3,5,1004,4401536,7082.3
candidate,1,plain,4110,3,6,1004,4401536,7067.5
candidate,1,plain,4110,3,7,1004,4401536,7074.0
candidate,1,plain,4110,3,8,1004,4401536,7088.8
candidate,1,plain,65550,0,0,64,4474880,88877.0
candidate,1,plain,65550,0,1,64,4474880,90300.1
candidate,1,plain,65550,0,2,64,4474880,89077.5
candidate,1,plain,65550,0,3,64,4474880,89150.4
candidate,1,plain,65550,0,4,64,4474880,89065.8
candidate,1,plain,65550,0,5,64,4474880,89032.6
candidate,1,plain,65550,0,6,64,4474880,89158.8
candidate,1,plain,65550,0,7,64,4474880,88984.4
candidate,1,plain,65550,0,8,64,4474880,89020.8
candidate,1,plain,65550,1,0,64,4195200,88952.5
candidate,1,plain,65550,1,1,64,4195200,89240.2
candidate,1,plain,65550,1,2,64,4195200,88850.3
candidate,1,plain,65550,1,3,64,4195200,89151.7
candidate,1,plain,65550,1,4,64,4195200,88999.4
candidate,1,plain,65550,1,5,64,4195200,89074.9
candidate,1,plain,65550,1,6,64,4195200,88927.7
candidate,1,plain,65550,1,7,64,4195200,88995.5
candidate,1,plain,65550,1,8,64,4195200,88992.2
candidate,1,plain,65550,2,0,64,4195200,123866.5
candidate,1,plain,65550,2,1,64,4195200,123945.3
candidate,1,plain,65550,2,2,64,4195200,123794.3
candidate,1,plain,65550,2,3,64,4195200,123815.1
candidate,1,plain,65550,2,4,64,4195200,123924.5
candidate,1,plain,65550,2,5,64,4195200,123857.4
candidate,1,plain,65550,2,6,64,4195200,123914.7
candidate,1,plain,65550,2,7,64,4195200,123896.5
candidate,1,plain,65550,2,8,64,4195200,123860.0
candidate,1,plain,65550,3,0,64,4474880,112540.4
candidate,1,plain,65550,3,1,64,4474880,112725.3
candidate,1,plain,65550,3,2,64,4474880,112776.7
candidate,1,plain,65550,3,3,64,4474880,113290.4
candidate,1,plain,65550,3,4,64,4474880,112538.4
candidate,1,plain,65550,3,5,64,4474880,112748.0
candidate,1,plain,65550,3,6,64,4474880,113384.1
candidate,1,plain,65550,3,7,64,4474880,112648.4
candidate,1,plain,65550,3,8,64,4474880,112634.8
candidate,1,mixed,46,0,0,38130,3660480,94.5
candidate,1,mixed,46,0,1,38130,3660480,95.1
candidate,1,mixed,46,0,2,38130,3660480,94.6
candidate,1,mixed,46,0,3,38130,3660480,94.5
candidate,1,mixed,46,0,4,38130,3660480,94.7
candidate,1,mixed,46,0,5,38130,3660480,94.4
candidate,1,mixed,46,0,6,38130,3660480,94.8
candidate,1,mixed,46,0,7,38130,3660480,94.6
candidate,1,mixed,46,0,8,38130,3660480,95.2
candidate,1,mixed,46,1,0,38130,3507960,99.5
candidate,1,mixed,46,1,1,38130,3507960,99.6
candidate,1,mixed,46,1,2,38130,3507960,99.6
candidate,1,mixed,46,1,3,38130,3507960,99.6
candidate,1,mixed,46,1,4,38130,3507960,99.6
candidate,1,mixed,46,1,5,38130,3507960,99.7
candidate,1,mixed,46,1,6,38130,3507960,99.4
candidate,1,mixed,46,1,7,38130,3507960,99.6
candidate,1,mixed,46,1,8,38130,3507960,99.7
candidate,1,mixed,46,2,0,38130,2897880,115.2
candidate,1,mixed,46,2,1,38130,2897880,115.4
candidate,1,mixed,46,2,2,38130,2897880,115.9
candidate,1,mixed,46,2,3,38130,2897880,117.4
candidate,1,mixed,46,2,4,38130,2897880,116.1
candidate,1,mixed,46,2,5,38130,2897880,116.7
candidate,1,mixed,46,2,6,38130,2897880,115.4
candidate,1,mixed,46,2,7,38130,2897880,116.2
candidate,1,mixed,46,2,8,38130,2897880,115.9
candidate,1,mixed,46,3,0,38130,3355440,107.4
candidate,1,mixed,46,3,1,38130,3355440,107.7
candidate,1,mixed,46,3,2,38130,3355440,107.7
candidate,1,mixed,46,3,3,38130,3355440,107.5
candidate,1,mixed,46,3,4,38130,3355440,107.7
candidate,1,mixed,46,3,5,38130,3355440,107.7
candidate,1,mixed,46,3,6,38130,3355440,107.6
candidate,1,mixed,46,3,7,38130,3355440,108.1
candidate,1,mixed,46,3,8,38130,3355440,113.1
candidate,1,mixed,92,0,0,26886,5162112,177.7
candidate,1,mixed,92,0,1,26886,5162112,177.4
candidate,1,mixed,92,0,2,26886,5162112,177.5
candidate,1,mixed,92,0,3,26886,5162112,177.8
candidate,1,mixed,92,0,4,26886,5162112,177.3
candidate,1,mixed,92,0,5,26886,5162112,180.0
candidate,1,mixed,92,0,6,26886,5162112,177.4
candidate,1,mixed,92,0,7,26886,5162112,178.3
candidate,1,mixed,92,0,8,26886,5162112,178.3
candidate,1,mixed,92,1,0,26886,4947024,187.5
candidate,1,mixed,92,1,1,26886,4947024,189.6
candidate,1,mixed,92,1,2,26886,4947024,187.2
candidate,1,mixed,92,1,3,26886,4947024,187.3
candidate,1,mixed,92,1,4,26886,4947024,187.6
candidate,1,mixed,92,1,5,26886,4947024,187.7
candidate,1,mixed,92,1,6,26886,4947024,187.2
candidate,1,mixed,92,1,7,26886,4947024,187.8
candidate,1,mixed,92,1,8,26886,4947024,187.2
candidate,1,mixed,92,2,0,26886,4086672,223.6
candidate,1,mixed,92,2,1,26886,4086672,220.2
candidate,1,mixed,92,2,2,26886,4086672,222.0
candidate,1,mixed,92,2,3,26886,4086672,219.4
candidate,1,mixed,92,2,4,26886,4086672,220.0
candidate,1,mixed,92,2,5,26886,4086672,222.3
candidate,1,mixed,92,2,6,26886,4086672,223.5
candidate,1,mixed,92,2,7,26886,4086672,222.1
candidate,1,mixed,92,2,8,26886,4086672,221.7
candidate,1,mixed,92,3,0,26886,4731936,212.4
candidate,1,mixed,92,3,1,26886,4731936,211.8
candidate,1,mixed,92,3,2,26886,4731936,212.5
candidate,1,mixed,92,3,3,26886,4731936,212.1
candidate,1,mixed,92,3,4,26886,4731936,211.7
candidate,1,mixed,92,3,5,26886,4731936,213.8
candidate,1,mixed,92,3,6,26886,4731936,211.9
candidate,1,mixed,92,3,7,26886,4731936,211.9
candidate,1,mixed,92,3,8,26886,4731936,211.9
candidate,1,mixed,4140,0,0,997,8614080,7544.8
candidate,1,mixed,4140,0,1,997,8614080,7539.5
candidate,1,mixed,4140,0,2,997,8614080,7527.6
candidate,1,mixed,4140,0,3,997,8614080,7531.1
candidate,1,mixed,4140,0,4,997,8614080,7533.5
candidate,1,mixed,4140,0,5,997,8614080,7524.0
candidate,1,mixed,4140,0,6,997,8614080,7545.0
candidate,1,mixed,4140,0,7,997,8614080,7538.4
candidate,1,mixed,4140,0,8,997,8614080,7548.8
candidate,1,mixed,4140,1,0,997,8255160,7996.7
candidate,1,mixed,4140,1,1,997,8255160,8009.9
candidate,1,mixed,4140,1,2,997,8255160,7956.5
candidate,1,mixed,4140,1,3,997,8255160,7980.6
candidate,1,mixed,4140,1,4,997,8255160,8006.1
candidate,1,mixed,4140,1,5,997,8255160,7969.4
candidate,1,mixed,4140,1,6,997,8255160,7990.1
candidate,1,mixed,4140,1,7,997,8255160,7990.6
candidate,1,mixed,4140,1,8,997,8255160,8023.9
candidate,1,mixed,4140,2,0,997,6819480,9078.0
candidate,1,mixed,4140,2,1,997,6819480,9018.0
candidate,1,mixed,4140,2,2,997,6819480,9000.3
candidate,1,mixed,4140,2,3,997,6819480,9012.6
candidate,1,mixed,4140,2,4,997,6819480,9028.3
candidate,1,mixed,4140,2,5,997,6819480,8997.6
candidate,1,mixed,4140,2,6,997,6819480,9020.9
candidate,1,mixed,4140,2,7,997,6819480,9020.3
candidate,1,mixed,4140,2,8,997,6819480,9003.9
candidate,1,mixed,4140,3,0,997,7896240,9309.5
candidate,1,mixed,4140,3,1,997,7896240,9067.8
candidate,1,mixed,4140,3,2,997,7896240,8931.1
candidate,1,mixed,4140,3,3,997,7896240,8900.9
candidate,1,mixed,4140,3,4,997,7896240,8904.8
candidate,1,mixed,4140,3,5,997,7896240,8890.7
candidate,1,mixed,4140,3,6,997,7896240,8865.3
candidate,1,mixed,4140,3,7,997,7896240,8909.6
candidate,1,mixed,4140,3,8,997,7896240,8903.4
candidate,1,mixed,65550,0,0,64,8755200,119392.6
candidate,1,mixed,65550,0,1,64,8755200,119046.9
candidate,1,mixed,65550,0,2,64,8755200,119244.8
candidate,1,mixed,65550,0,3,64,8755200,119806.6
candidate,1,mixed,65550,0,4,64,8755200,119444.7
candidate,1,mixed,65550,0,5,64,8755200,119425.8
candidate,1,mixed,65550,0,6,64,8755200,119398.4
candidate,1,mixed,65550,0,7,64,8755200,120402.3
candidate,1,mixed,65550,0,8,64,8755200,119336.6
candidate,1,mixed,65550,1,0,64,8390400,126189.5
candidate,1,mixed,65550,1,1,64,8390400,125973.3
candidate,1,mixed,65550,1,2,64,8390400,126355.5
candidate,1,mixed,65550,1,3,64,8390400,126209.6
candidate,1,mixed,65550,1,4,64,8390400,126144.5
candidate,1,mixed,65550,1,5,64,8390400,126271.5
candidate,1,mixed,65550,1,6,64,8390400,127024.1
candidate,1,mixed,65550,1,7,64,8390400,126191.4
candidate,1,mixed,65550,1,8,64,8390400,126710.9
candidate,1,mixed,65550,2,0,64,6931200,142120.5
candidate,1,mixed,65550,2,1,64,6931200,142210.9
candidate,1,mixed,65550,2,2,64,6931200,142564.5
candidate,1,mixed,65550,2,3,64,6931200,142287.1
candidate,1,mixed,65550,2,4,64,6931200,142039.7
candidate,1,mixed,65550,2,5,64,6931200,142716.8
candidate,1,mixed,65550,2,6,64,6931200,142263.0
candidate,1,mixed,65550,2,7,64,6931200,142324.2
candidate,1,mixed,65550,2,8,64,6931200,142642.6
candidate,1,mixed,65550,3,0,64,8025600,140679.7
candidate,1,mixed,65550,3,1,64,8025600,140011.7
candidate,1,mixed,65550,3,2,64,8025600,140440.8
candidate,1,mixed,65550,3,3,64,8025600,140757.2
candidate,1,mixed,65550,3,4,64,8025600,140615.2
candidate,1,mixed,65550,3,5,64,8025600,140284.5
candidate,1,mixed,65550,3,6,64,8025600,140496.8
candidate,1,mixed,65550,3,7,64,8025600,140573.6
candidate,1,mixed,65550,3,8,64,8025600,140310.5
candidate,1,unreserved,1,0,0,64527,64527,12.0
candidate,1,unreserved,1,0,1,64527,64527,12.0
candidate,1,unreserved,1,0,2,64527,64527,11.9
candidate,1,unreserved,1,0,3,64527,64527,11.9
candidate,1,unreserved,1,0,4,64527,64527,11.8
candidate,1,unreserved,1,0,5,64527,64527,11.9
candidate,1,unreserved,1,0,6,64527,64527,11.8
candidate,1,unreserved,1,0,7,64527,64527,11.9
candidate,1,unreserved,1,0,8,64527,64527,11.9
candidate,1,unreserved,1,1,0,64527,64527,11.8
candidate,1,unreserved,1,1,1,64527,64527,11.8
candidate,1,unreserved,1,1,2,64527,64527,11.8
candidate,1,unreserved,1,1,3,64527,64527,11.9
candidate,1,unreserved,1,1,4,64527,64527,11.9
candidate,1,unreserved,1,1,5,64527,64527,11.9
candidate,1,unreserved,1,1,6,64527,64527,11.8
candidate,1,unreserved,1,1,7,64527,64527,12.1
candidate,1,unreserved,1,1,8,64527,64527,11.8
candidate,1,unreserved,1,2,0,64527,64527,15.3
candidate,1,unreserved,1,2,1,64527,64527,15.5
candidate,1,unreserved,1,2,2,64527,64527,15.4
candidate,1,unreserved,1,2,3,64527,64527,15.5
candidate,1,unreserved,1,2,4,64527,64527,15.3
candidate,1,unreserved,1,2,5,64527,64527,15.5
candidate,1,unreserved,1,2,6,64527,64527,15.4
candidate,1,unreserved,1,2,7,64527,64527,15.4
candidate,1,unreserved,1,2,8,64527,64527,15.4
candidate,1,unreserved,1,3,0,64527,64527,12.4
candidate,1,unreserved,1,3,1,64527,64527,12.4
candidate,1,unreserved,1,3,2,64527,64527,12.5
candidate,1,unreserved,1,3,3,64527,64527,13.0
candidate,1,unreserved,1,3,4,64527,64527,12.7
candidate,1,unreserved,1,3,5,64527,64527,12.6
candidate,1,unreserved,1,3,6,64527,64527,12.4
candidate,1,unreserved,1,3,7,64527,64527,12.3
candidate,1,unreserved,1,3,8,64527,64527,12.5
candidate,1,unreserved,8,0,0,58254,466032,19.4
candidate,1,unreserved,8,0,1,58254,466032,19.6
candidate,1,unreserved,8,0,2,58254,466032,19.7
candidate,1,unreserved,8,0,3,58254,466032,19.5
candidate,1,unreserved,8,0,4,58254,466032,19.5
candidate,1,unreserved,8,0,5,58254,466032,19.6
candidate,1,unreserved,8,0,6,58254,466032,20.2
candidate,1,unreserved,8,0,7,58254,466032,19.4
candidate,1,unreserved,8,0,8,58254,466032,19.4
candidate,1,unreserved,8,1,0,58254,466032,19.7
candidate,1,unreserved,8,1,1,58254,466032,19.8
candidate,1,unreserved,8,1,2,58254,466032,19.8
candidate,1,unreserved,8,1,3,58254,466032,20.0
candidate,1,unreserved,8,1,4,58254,466032,19.9
candidate,1,unreserved,8,1,5,58254,466032,19.7
candidate,1,unreserved,8,1,6,58254,466032,20.0
candidate,1,unreserved,8,1,7,58254,466032,20.5
candidate,1,unreserved,8,1,8,58254,466032,19.8
candidate,1,unreserved,8,2,0,58254,466032,30.2
candidate,1,unreserved,8,2,1,58254,466032,30.3
candidate,1,unreserved,8,2,2,58254,466032,30.4
candidate,1,unreserved,8,2,3,58254,466032,30.2
candidate,1,unreserved,8,2,4,58254,466032,30.0
candidate,1,unreserved,8,2,5,58254,466032,30.1
candidate,1,unreserved,8,2,6,58254,466032,30.2
candidate,1,unreserved,8,2,7,58254,466032,30.2
candidate,1,unreserved,8,2,8,58254,466032,30.1
candidate,1,unreserved,8,3,0,58254,466032,21.3
candidate,1,unreserved,8,3,1,58254,466032,21.2
candidate,1,unreserved,8,3,2,58254,466032,21.4
candidate,1,unreserved,8,3,3,58254,466032,21.2
candidate,1,unreserved,8,3,4,58254,466032,21.2
candidate,1,unreserved,8,3,5,58254,466032,21.6
candidate,1,unreserved,8,3,6,58254,466032,21.5
candidate,1,unreserved,8,3,7,58254,466032,21.2
candidate,1,unreserved,8,3,8,58254,466032,21.2
candidate,1,unreserved,64,0,0,32768,2097152,93.0
candidate,1,unreserved,64,0,1,32768,2097152,93.3
candidate,1,unreserved,64,0,2,32768,2097152,93.5
candidate,1,unreserved,64,0,3,32768,2097152,93.0
candidate,1,unreserved,64,0,4,32768,2097152,92.7
candidate,1,unreserved,64,0,5,32768,2097152,93.1
candidate,1,unreserved,64,0,6,32768,2097152,93.3
candidate,1,unreserved,64,0,7,32768,2097152,92.8
candidate,1,unreserved,64,0,8,32768,2097152,92.9
candidate,1,unreserved,64,1,0,32768,2097152,101.9
candidate,1,unreserved,64,1,1,32768,2097152,102.4
candidate,1,unreserved,64,1,2,32768,2097152,103.1
candidate,1,unreserved,64,1,3,32768,2097152,102.5
candidate,1,unreserved,64,1,4,32768,2097152,102.1
candidate,1,unreserved,64,1,5,32768,2097152,102.9
candidate,1,unreserved,64,1,6,32768,2097152,102.8
candidate,1,unreserved,64,1,7,32768,2097152,102.0
candidate,1,unreserved,64,1,8,32768,2097152,102.1
candidate,1,unreserved,64,2,0,32768,2097152,146.5
candidate,1,unreserved,64,2,1,32768,2097152,147.2
candidate,1,unreserved,64,2,2,32768,2097152,146.9
candidate,1,unreserved,64,2,3,32768,2097152,146.8
candidate,1,unreserved,64,2,4,32768,2097152,146.8
candidate,1,unreserved,64,2,5,32768,2097152,146.1
candidate,1,unreserved,64,2,6,32768,2097152,146.9
candidate,1,unreserved,64,2,7,32768,2097152,146.4
candidate,1,unreserved,64,2,8,32768,2097152,146.0
candidate,1,unreserved,64,3,0,32768,2097152,112.7
candidate,1,unreserved,64,3,1,32768,2097152,112.7
candidate,1,unreserved,64,3,2,32768,2097152,113.1
candidate,1,unreserved,64,3,3,32768,2097152,112.5
candidate,1,unreserved,64,3,4,32768,2097152,112.7
candidate,1,unreserved,64,3,5,32768,2097152,112.5
candidate,1,unreserved,64,3,6,32768,2097152,112.5
candidate,1,unreserved,64,3,7,32768,2097152,112.6
candidate,1,unreserved,64,3,8,32768,2097152,112.5
candidate,1,unreserved,4096,0,0,1008,4128768,5174.4
candidate,1,unreserved,4096,0,1,1008,4128768,5179.6
candidate,1,unreserved,4096,0,2,1008,4128768,5174.4
candidate,1,unreserved,4096,0,3,1008,4128768,5168.9
candidate,1,unreserved,4096,0,4,1008,4128768,5168.6
candidate,1,unreserved,4096,0,5,1008,4128768,5182.6
candidate,1,unreserved,4096,0,6,1008,4128768,5171.7
candidate,1,unreserved,4096,0,7,1008,4128768,5170.3
candidate,1,unreserved,4096,0,8,1008,4128768,5175.6
candidate,1,unreserved,4096,1,0,1008,4128768,5155.6
candidate,1,unreserved,4096,1,1,1008,4128768,5155.2
candidate,1,unreserved,4096,1,2,1008,4128768,5163.3
candidate,1,unreserved,4096,1,3,1008,4128768,5154.8
candidate,1,unreserved,4096,1,4,1008,4128768,5164.5
candidate,1,unreserved,4096,1,5,1008,4128768,5160.5
candidate,1,unreserved,4096,1,6,1008,4128768,5162.2
candidate,1,unreserved,4096,1,7,1008,4128768,5158.2
candidate,1,unreserved,4096,1,8,1008,4128768,5164.2
candidate,1,unreserved,4096,2,0,1008,4128768,7821.1
candidate,1,unreserved,4096,2,1,1008,4128768,7829.5
candidate,1,unreserved,4096,2,2,1008,4128768,7823.9
candidate,1,unreserved,4096,2,3,1008,4128768,7814.9
candidate,1,unreserved,4096,2,4,1008,4128768,7832.5
candidate,1,unreserved,4096,2,5,1008,4128768,7833.4
candidate,1,unreserved,4096,2,6,1008,4128768,7844.0
candidate,1,unreserved,4096,2,7,1008,4128768,7836.9
candidate,1,unreserved,4096,2,8,1008,4128768,7826.5
candidate,1,unreserved,4096,3,0,1008,4128768,6426.4
candidate,1,unreserved,4096,3,1,1008,4128768,6420.3
candidate,1,unreserved,4096,3,2,1008,4128768,6427.3
candidate,1,unreserved,4096,3,3,1008,4128768,6420.3
candidate,1,unreserved,4096,3,4,1008,4128768,6425.8
candidate,1,unreserved,4096,3,5,1008,4128768,6421.6
candidate,1,unreserved,4096,3,6,1008,4128768,6432.3
candidate,1,unreserved,4096,3,7,1008,4128768,6426.1
candidate,1,unreserved,4096,3,8,1008,4128768,6479.3
candidate,1,unreserved,65536,0,0,64,4194304,83679.7
candidate,1,unreserved,65536,0,1,64,4194304,83520.2
candidate,1,unreserved,65536,0,2,64,4194304,84712.9
candidate,1,unreserved,65536,0,3,64,4194304,83608.7
candidate,1,unreserved,65536,0,4,64,4194304,83873.0
candidate,1,unreserved,65536,0,5,64,4194304,83535.8
candidate,1,unreserved,65536,0,6,64,4194304,83739.6
candidate,1,unreserved,65536,0,7,64,4194304,85675.8
candidate,1,unreserved,65536,0,8,64,4194304,87425.8
candidate,1,unreserved,65536,1,0,64,4194304,83665.4
candidate,1,unreserved,65536,1,1,64,4194304,83562.5
candidate,1,unreserved,65536,1,2,64,4194304,83747.4
candidate,1,unreserved,65536,1,3,64,4194304,83810.5
candidate,1,unreserved,65536,1,4,64,4194304,83485.7
candidate,1,unreserved,65536,1,5,64,4194304,83932.9
candidate,1,unreserved,65536,1,6,64,4194304,86258.5
candidate,1,unreserved,65536,1,7,64,4194304,85238.9
candidate,1,unreserved,65536,1,8,64,4194304,84016.9
candidate,1,unreserved,65536,2,0,64,4194304,126103.5
candidate,1,unreserved,65536,2,1,64,4194304,125513.0
candidate,1,unreserved,65536,2,2,64,4194304,125258.5
candidate,1,unreserved,65536,2,3,64,4194304,125324.2
candidate,1,unreserved,65536,2,4,64,4194304,125201.8
candidate,1,unreserved,65536,2,5,64,4194304,125718.1
candidate,1,unreserved,65536,2,6,64,4194304,125178.4
candidate,1,unreserved,65536,2,7,64,4194304,125279.9
candidate,1,unreserved,65536,2,8,64,4194304,125228.5
candidate,1,unreserved,65536,3,0,64,4194304,102736.3
candidate,1,unreserved,65536,3,1,64,4194304,102353.5
candidate,1,unreserved,65536,3,2,64,4194304,102592.4
candidate,1,unreserved,65536,3,3,64,4194304,102353.5
candidate,1,unreserved,65536,3,4,64,4194304,102542.3
candidate,1,unreserved,65536,3,5,64,4194304,102484.4
candidate,1,unreserved,65536,3,6,64,4194304,102451.8
candidate,1,unreserved,65536,3,7,64,4194304,102505.2
candidate,1,unreserved,65536,3,8,64,4194304,102330.1
candidate,1,dense,4,0,0,61680,740160,20.5
candidate,1,dense,4,0,1,61680,740160,20.4
candidate,1,dense,4,0,2,61680,740160,20.4
candidate,1,dense,4,0,3,61680,740160,20.5
candidate,1,dense,4,0,4,61680,740160,20.4
candidate,1,dense,4,0,5,61680,740160,20.4
candidate,1,dense,4,0,6,61680,740160,20.5
candidate,1,dense,4,0,7,61680,740160,20.5
candidate,1,dense,4,0,8,61680,740160,20.6
candidate,1,dense,4,1,0,61680,616800,21.5
candidate,1,dense,4,1,1,61680,616800,21.3
candidate,1,dense,4,1,2,61680,616800,21.5
candidate,1,dense,4,1,3,61680,616800,21.5
candidate,1,dense,4,1,4,61680,616800,21.6
candidate,1,dense,4,1,5,61680,616800,21.6
candidate,1,dense,4,1,6,61680,616800,21.5
candidate,1,dense,4,1,7,61680,616800,21.5
candidate,1,dense,4,1,8,61680,616800,21.6
candidate,1,dense,4,2,0,61680,246720,22.8
candidate,1,dense,4,2,1,61680,246720,22.8
candidate,1,dense,4,2,2,61680,246720,22.5
candidate,1,dense,4,2,3,61680,246720,23.0
candidate,1,dense,4,2,4,61680,246720,23.1
candidate,1,dense,4,2,5,61680,246720,22.7
candidate,1,dense,4,2,6,61680,246720,23.8
candidate,1,dense,4,2,7,61680,246720,23.9
candidate,1,dense,4,2,8,61680,246720,23.0
candidate,1,dense,4,3,0,61680,616800,20.0
candidate,1,dense,4,3,1,61680,616800,20.0
candidate,1,dense,4,3,2,61680,616800,20.0
candidate,1,dense,4,3,3,61680,616800,20.0
candidate,1,dense,4,3,4,61680,616800,20.7
candidate,1,dense,4,3,5,61680,616800,20.0
candidate,1,dense,4,3,6,61680,616800,20.1
candidate,1,dense,4,3,7,61680,616800,20.0
candidate,1,dense,4,3,8,61680,616800,20.0
candidate,1,dense,8,0,0,58254,1398096,31.0
candidate,1,dense,8,0,1,58254,1398096,30.4
candidate,1,dense,8,0,2,58254,1398096,30.7
candidate,1,dense,8,0,3,58254,1398096,30.4
candidate,1,dense,8,0,4,58254,1398096,30.4
candidate,1,dense,8,0,5,58254,1398096,30.4
candidate,1,dense,8,0,6,58254,1398096,30.5
candidate,1,dense,8,0,7,58254,1398096,30.6
candidate,1,dense,8,0,8,58254,1398096,30.6
candidate,1,dense,8,1,0,58254,1165080,31.2
candidate,1,dense,8,1,1,58254,1165080,31.2
candidate,1,dense,8,1,2,58254,1165080,31.2
candidate,1,dense,8,1,3,58254,1165080,31.0
candidate,1,dense,8,1,4,58254,1165080,31.4
candidate,1,dense,8,1,5,58254,1165080,31.2
candidate,1,dense,8,1,6,58254,1165080,30.9
candidate,1,dense,8,1,7,58254,1165080,30.9
candidate,1,dense,8,1,8,58254,1165080,31.0
candidate,1,dense,8,2,0,58254,466032,29.7
candidate,1,dense,8,2,1,58254,466032,29.8
candidate,1,dense,8,2,2,58254,466032,29.7
candidate,1,dense,8,2,3,58254,466032,31.1
candidate,1,dense,8,2,4,58254,466032,29.7
candidate,1,dense,8,2,5,58254,466032,29.7
candidate,1,dense,8,2,6,58254,466032,29.7
candidate,1,dense,8,2,7,58254,466032,29.7
candidate,1,dense,8,2,8,58254,466032,29.9
candidate,1,dense,8,3,0,58254,1165080,28.9
candidate,1,dense,8,3,1,58254,1165080,28.9
candidate,1,dense,8,3,2,58254,1165080,29.2
candidate,1,dense,8,3,3,58254,1165080,28.9
candidate,1,dense,8,3,4,58254,1165080,29.2
candidate,1,dense,8,3,5,58254,1165080,29.0
candidate,1,dense,8,3,6,58254,1165080,28.9
candidate,1,dense,8,3,7,58254,1165080,28.9
candidate,1,dense,8,3,8,58254,1165080,29.0
candidate,1,dense,64,0,0,32768,6291456,165.4
candidate,1,dense,64,0,1,32768,6291456,164.9
candidate,1,dense,64,0,2,32768,6291456,165.0
candidate,1,dense,64,0,3,32768,6291456,164.9
candidate,1,dense,64,0,4,32768,6291456,165.2
candidate,1,dense,64,0,5,32768,6291456,164.9
candidate,1,dense,64,0,6,32768,6291456,165.1
candidate,1,dense,64,0,7,32768,6291456,164.9
candidate,1,dense,64,0,8,32768,6291456,165.1
candidate,1,dense,64,1,0,32768,5242880,171.7
candidate,1,dense,64,1,1,32768,5242880,172.2
candidate,1,dense,64,1,2,32768,5242880,171.7
candidate,1,dense,64,1,3,32768,5242880,172.0
candidate,1,dense,64,1,4,32768,5242880,171.7
candidate,1,dense,64,1,5,32768,5242880,172.6
candidate,1,dense,64,1,6,32768,5242880,172.0
candidate,1,dense,64,1,7,32768,5242880,172.1
candidate,1,dense,64,1,8,32768,5242880,171.8
candidate,1,dense,64,2,0,32768,2097152,149.4
candidate,1,dense,64,2,1,32768,2097152,149.0
candidate,1,dense,64,2,2,32768,2097152,149.5
candidate,1,dense,64,2,3,32768,2097152,149.2
candidate,1,dense,64,2,4,32768,2097152,149.7
candidate,1,dense,64,2,5,32768,2097152,149.2
candidate,1,dense,64,2,6,32768,2097152,149.5
candidate,1,dense,64,2,7,32768,2097152,149.4
candidate,1,dense,64,2,8,32768,2097152,149.3
candidate,1,dense,64,3,0,32768,5242880,157.6
candidate,1,dense,64,3,1,32768,5242880,157.7
candidate,1,dense,64,3,2,32768,5242880,157.8
candidate,1,dense,64,3,3,32768,5242880,159.3
candidate,1,dense,64,3,4,32768,5242880,158.3
candidate,1,dense,64,3,5,32768,5242880,157.5
candidate,1,dense,64,3,6,32768,5242880,158.0
candidate,1,dense,64,3,7,32768,5242880,157.5
candidate,1,dense,64,3,8,32768,5242880,157.8
candidate,1,dense,4096,0,0,1008,12386304,9868.9
candidate,1,dense,4096,0,1,1008,12386304,9865.0
candidate,1,dense,4096,0,2,1008,12386304,9856.4
candidate,1,dense,4096,0,3,1008,12386304,9849.8
candidate,1,dense,4096,0,4,1008,12386304,9863.8
candidate,1,dense,4096,0,5,1008,12386304,9919.2
candidate,1,dense,4096,0,6,1008,12386304,9884.1
candidate,1,dense,4096,0,7,1008,12386304,9893.3
candidate,1,dense,4096,0,8,1008,12386304,9916.8
candidate,1,dense,4096,1,0,1008,10321920,9871.4
candidate,1,dense,4096,1,1,1008,10321920,9839.7
candidate,1,dense,4096,1,2,1008,10321920,9836.0
candidate,1,dense,4096,1,3,1008,10321920,9830.3
candidate,1,dense,4096,1,4,1008,10321920,9814.1
candidate,1,dense,4096,1,5,1008,10321920,9833.2
candidate,1,dense,4096,1,6,1008,10321920,9835.1
candidate,1,dense,4096,1,7,1008,10321920,10419.4
candidate,1,dense,4096,1,8,1008,10321920,9874.8
candidate,1,dense,4096,2,0,1008,4128768,8010.2
candidate,1,dense,4096,2,1,1008,4128768,8016.0
candidate,1,dense,4096,2,2,1008,4128768,8002.3
candidate,1,dense,4096,2,3,1008,4128768,8027.1
candidate,1,dense,4096,2,4,1008,4128768,8023.4
candidate,1,dense,4096,2,5,1008,4128768,8027.0
candidate,1,dense,4096,2,6,1008,4128768,8013.3
candidate,1,dense,4096,2,7,1008,4128768,8001.2
candidate,1,dense,4096,2,8,1008,4128768,8015.4
candidate,1,dense,4096,3,0,1008,10321920,8942.2
candidate,1,dense,4096,3,1,1008,10321920,8924.5
candidate,1,dense,4096,3,2,1008,10321920,9014.1
candidate,1,dense,4096,3,3,1008,10321920,8948.2
candidate,1,dense,4096,3,4,1008,10321920,8977.4
candidate,1,dense,4096,3,5,1008,10321920,8939.1
candidate,1,dense,4096,3,6,1008,10321920,8957.3
candidate,1,dense,4096,3,7,1008,10321920,8948.8
candidate,1,dense,4096,3,8,1008,10321920,8950.6
candidate,1,dense,65536,0,0,64,12582912,157903.0
candidate,1,dense,65536,0,1,64,12582912,157831.4
candidate,1,dense,65536,0,2,64,12582912,158569.7
candidate,1,dense,65536,0,3,64,12582912,158158.2
candidate,1,dense,65536,0,4,64,12582912,158208.3
candidate,1,dense,65536,0,5,64,12582912,158108.7
candidate,1,dense,65536,0,6,64,12582912,158242.2
candidate,1,dense,65536,0,7,64,12582912,157989.6
candidate,1,dense,65536,0,8,64,12582912,158229.8
candidate,1,dense,65536,1,0,64,10485760,165080.1
candidate,1,dense,65536,1,1,64,10485760,165314.5
candidate,1,dense,65536,1,2,64,10485760,166779.9
candidate,1,dense,65536,1,3,64,10485760,165157.5
candidate,1,dense,65536,1,4,64,10485760,160165.4
candidate,1,dense,65536,1,5,64,10485760,157377.6
candidate,1,dense,65536,1,6,64,10485760,157426.4
candidate,1,dense,65536,1,7,64,10485760,157315.8
candidate,1,dense,65536,1,8,64,10485760,157578.8
candidate,1,dense,65536,2,0,64,4194304,130809.2
candidate,1,dense,65536,2,1,64,4194304,129845.0
candidate,1,dense,65536,2,2,64,4194304,128496.8
candidate,1,dense,65536,2,3,64,4194304,128280.0
candidate,1,dense,65536,2,4,64,4194304,129099.6
candidate,1,dense,65536,2,5,64,4194304,128517.6
candidate,1,dense,65536,2,6,64,4194304,129136.1
candidate,1,dense,65536,2,7,64,4194304,128214.8
candidate,1,dense,65536,2,8,64,4194304,128102.9
candidate,1,dense,65536,3,0,64,10485760,143065.1
candidate,1,dense,65536,3,1,64,10485760,143160.8
candidate,1,dense,65536,3,2,64,10485760,143071.0
candidate,1,dense,65536,3,3,64,10485760,143597.0
candidate,1,dense,65536,3,4,64,10485760,143207.0
candidate,1,dense,65536,3,5,64,10485760,143257.8
candidate,1,dense,65536,3,6,64,10485760,143796.2
candidate,1,dense,65536,3,7,64,10485760,143294.9
candidate,1,dense,65536,3,8,64,10485760,143108.1
candidate,2,plain,0,0,0,65536,0,2.8
candidate,2,plain,0,0,1,65536,0,2.8
candidate,2,plain,0,0,2,65536,0,2.8
candidate,2,plain,0,0,3,65536,0,2.8
candidate,2,plain,0,0,4,65536,0,2.8
candidate,2,plain,0,0,5,65536,0,2.8
candidate,2,plain,0,0,6,65536,0,2.8
candidate,2,plain,0,0,7,65536,0,2.8
candidate,2,plain,0,0,8,65536,0,2.8
candidate,2,plain,0,1,0,65536,0,2.8
candidate,2,plain,0,1,1,65536,0,2.9
candidate,2,plain,0,1,2,65536,0,2.8
candidate,2,plain,0,1,3,65536,0,2.8
candidate,2,plain,0,1,4,65536,0,2.8
candidate,2,plain,0,1,5,65536,0,2.8
candidate,2,plain,0,1,6,65536,0,2.8
candidate,2,plain,0,1,7,65536,0,2.8
candidate,2,plain,0,1,8,65536,0,2.8
candidate,2,plain,0,2,0,65536,0,4.7
candidate,2,plain,0,2,1,65536,0,5.0
candidate,2,plain,0,2,2,65536,0,4.7
candidate,2,plain,0,2,3,65536,0,4.7
candidate,2,plain,0,2,4,65536,0,4.8
candidate,2,plain,0,2,5,65536,0,4.7
candidate,2,plain,0,2,6,65536,0,4.7
candidate,2,plain,0,2,7,65536,0,4.7
candidate,2,plain,0,2,8,65536,0,4.7
candidate,2,plain,0,3,0,65536,0,2.8
candidate,2,plain,0,3,1,65536,0,2.9
candidate,2,plain,0,3,2,65536,0,2.9
candidate,2,plain,0,3,3,65536,0,2.8
candidate,2,plain,0,3,4,65536,0,2.9
candidate,2,plain,0,3,5,65536,0,2.8
candidate,2,plain,0,3,6,65536,0,2.9
candidate,2,plain,0,3,7,65536,0,2.8
candidate,2,plain,0,3,8,65536,0,2.8
candidate,2,plain,30,0,0,44620,1427840,51.0
candidate,2,plain,30,0,1,44620,1427840,50.9
candidate,2,plain,30,0,2,44620,1427840,50.7
candidate,2,plain,30,0,3,44620,1427840,51.7
candidate,2,plain,30,0,4,44620,1427840,50.9
candidate,2,plain,30,0,5,44620,1427840,51.0
candidate,2,plain,30,0,6,44620,1427840,50.9
candidate,2,plain,30,0,7,44620,1427840,51.2
candidate,2,plain,30,0,8,44620,1427840,51.1
candidate,2,plain,30,1,0,44620,1338600,51.3
candidate,2,plain,30,1,1,44620,1338600,50.9
candidate,2,plain,30,1,2,44620,1338600,50.8
candidate,2,plain,30,1,3,44620,1338600,50.8
candidate,2,plain,30,1,4,44620,1338600,50.6
candidate,2,plain,30,1,5,44620,1338600,51.1
candidate,2,plain,30,1,6,44620,1338600,51.2
candidate,2,plain,30,1,7,44620,1338600,50.8
candidate,2,plain,30,1,8,44620,1338600,50.6
candidate,2,plain,30,2,0,44620,1338600,73.7
candidate,2,plain,30,2,1,44620,1338600,73.8
candidate,2,plain,30,2,2,44620,1338600,73.4
candidate,2,plain,30,2,3,44620,1338600,73.5
candidate,2,plain,30,2,4,44620,1338600,73.6
candidate,2,plain,30,2,5,44620,1338600,73.5
candidate,2,plain,30,2,6,44620,1338600,73.2
candidate,2,plain,30,2,7,44620,1338600,73.6
candidate,2,plain,30,2,8,44620,1338600,73.1
candidate,2,plain,30,3,0,44620,1427840,59.2
candidate,2,plain,30,3,1,44620,1427840,58.9
candidate,2,plain,30,3,2,44620,1427840,58.5
candidate,2,plain,30,3,3,44620,1427840,59.2
candidate,2,plain,30,3,4,44620,1427840,59.0
candidate,2,plain,30,3,5,44620,1427840,59.1
candidate,2,plain,30,3,6,44620,1427840,58.7
candidate,2,plain,30,3,7,44620,1427840,58.9
candidate,2,plain,30,3,8,44620,1427840,58.8
candidate,2,plain,90,0,0,27235,2614560,132.2
candidate,2,plain,90,0,1,27235,2614560,132.6
candidate,2,plain,90,0,2,27235,2614560,132.0
candidate,2,plain,90,0,3,27235,2614560,132.2
candidate,2,plain,90,0,4,27235,2614560,132.4
candidate,2,plain,90,0,5,27235,2614560,131.8
candidate,2,plain,90,0,6,27235,2614560,132.4
candidate,2,plain,90,0,7,27235,2614560,132.4
candidate,2,plain,90,0,8,27235,2614560,132.4
candidate,2,plain,90,1,0,27235,2451150,140.6
candidate,2,plain,90,1,1,27235,2451150,140.6
candidate,2,plain,90,1,2,27235,2451150,139.2
candidate,2,plain,90,1,3,27235,2451150,138.8
candidate,2,plain,90,1,4,27235,2451150,138.8
candidate,2,plain,90,1,5,27235,2451150,139.1
candidate,2,plain,90,1,6,27235,2451150,140.6
candidate,2,plain,90,1,7,27235,2451150,140.0
candidate,2,plain,90,1,8,27235,2451150,141.1
candidate,2,plain,90,2,0,27235,2451150,194.1
candidate,2,plain,90,2,1,27235,2451150,193.8
candidate,2,plain,90,2,2,27235,2451150,195.1
candidate,2,plain,90,2,3,27235,2451150,193.4
candidate,2,plain,90,2,4,27235,2451150,193.7
candidate,2,plain,90,2,5,27235,2451150,193.1
candidate,2,plain,90,2,6,27235,2451150,194.2
candidate,2,plain,90,2,7,27235,2451150,192.9
candidate,2,plain,90,2,8,27235,2451150,193.6
candidate,2,plain,90,3,0,27235,2614560,164.6
candidate,2,plain,90,3,1,27235,2614560,165.3
candidate,2,plain,90,3,2,27235,2614560,166.9
candidate,2,plain,90,3,3,27235,2614560,166.5
candidate,2,plain,90,3,4,27235,2614560,164.5
candidate,2,plain,90,3,5,27235,2614560,164.0
candidate,2,plain,90,3,6,27235,2614560,165.7
candidate,2,plain,90,3,7,27235,2614560,164.6
candidate,2,plain,90,3,8,27235,2614560,164.8
candidate,2,plain,4110,0,0,1004,4401536,5583.7
candidate,2,plain,4110,0,1,1004,4401536,5564.4
candidate,2,plain,4110,0,2,1004,4401536,5577.5
candidate,2,plain,4110,0,3,1004,4401536,5573.4
candidate,2,plain,4110,0,4,1004,4401536,5549.8
candidate,2,plain,4110,0,5,1004,4401536,5651.1
candidate,2,plain,4110,0,6,1004,4401536,5548.9
candidate,2,plain,4110,0,7,1004,4401536,5574.6
candidate,2,plain,4110,0,8,1004,4401536,5561.8
candidate,2,plain,4110,1,0,1004,4126440,5610.6
candidate,2,plain,4110,1,1,1004,4126440,5604.6
candidate,2,plain,4110,1,2,1004,4126440,5668.1
candidate,2,plain,4110,1,3,1004,4126440,5604.0
candidate,2,plain,4110,1,4,1004,4126440,5645.3
candidate,2,plain,4110,1,5,1004,4126440,5620.3
candidate,2,plain,4110,1,6,1004,4126440,5636.2
candidate,2,plain,4110,1,7,1004,4126440,5618.4
candidate,2,plain,4110,1,8,1004,4126440,5627.0
candidate,2,plain,4110,2,0,1004,4126440,7859.4
candidate,2,plain,4110,2,1,1004,4126440,7845.9
candidate,2,plain,4110,2,2,1004,4126440,7841.0
candidate,2,plain,4110,2,3,1004,4126440,7805.7
candidate,2,plain,4110,2,4,1004,4126440,7775.2
candidate,2,plain,4110,2,5,1004,4126440,7783.7
candidate,2,plain,4110,2,6,1004,4126440,7782.7
candidate,2,plain,4110,2,7,1004,4126440,7768.9
candidate,2,plain,4110,2,8,1004,4126440,7797.8
candidate,2,plain,4110,3,0,1004,4401536,7082.6
candidate,2,plain,4110,3,1,1004,4401536,7100.9
candidate,2,plain,4110,3,2,1004,4401536,7080.7
candidate,2,plain,4110,3,3,1004,4401536,7073.1
candidate,2,plain,4110,3,4,1004,4401536,7072.5
candidate,2,plain,4110,3,5,1004,4401536,7083.9
candidate,2,plain,4110,3,6,1004,4401536,7072.8
candidate,2,plain,4110,3,7,1004,4401536,7071.8
candidate,2,plain,4110,3,8,1004,4401536,7138.8
candidate,2,plain,65550,0,0,64,4474880,89092.4
candidate,2,plain,65550,0,1,64,4474880,89386.1
candidate,2,plain,65550,0,2,64,4474880,89012.4
candidate,2,plain,65550,0,3,64,4474880,89049.5
candidate,2,plain,65550,0,4,64,4474880,89024.7
candidate,2,plain,65550,0,5,64,4474880,89132.2
candidate,2,plain,65550,0,6,64,4474880,88833.3
candidate,2,plain,65550,0,7,64,4474880,89185.5
candidate,2,plain,65550,0,8,64,4474880,89368.5
candidate,2,plain,65550,1,0,64,4195200,89137.4
candidate,2,plain,65550,1,1,64,4195200,89077.5
candidate,2,plain,65550,1,2,64,4195200,89026.0
candidate,2,plain,65550,1,3,64,4195200,89089.2
candidate,2,plain,65550,1,4,64,4195200,89061.2
candidate,2,plain,65550,1,5,64,4195200,89016.9
candidate,2,plain,65550,1,6,64,4195200,89077.5
candidate,2,plain,65550,1,7,64,4195200,89913.4
candidate,2,plain,65550,1,8,64,4195200,89041.0
candidate,2,plain,65550,2,0,64,4195200,124128.2
candidate,2,plain,65550,2,1,64,4195200,124065.8
candidate,2,plain,65550,2,2,64,4195200,124023.4
candidate,2,plain,65550,2,3,64,4195200,123981.8
candidate,2,plain,65550,2,4,64,4195200,124130.9
candidate,2,plain,65550,2,5,64,4195200,129035.8
candidate,2,plain,65550,2,6,64,4195200,130738.9
candidate,2,plain,65550,2,7,64,4195200,130026.7
candidate,2,plain,65550,2,8,64,4195200,130424.5
candidate,2,plain,65550,3,0,64,4474880,116241.5
candidate,2,plain,65550,3,1,64,4474880,114365.2
candidate,2,plain,65550,3,2,64,4474880,113323.6
candidate,2,plain,65550,3,3,64,4474880,112763.7
candidate,2,plain,65550,3,4,64,4474880,112608.7
candidate,2,plain,65550,3,5,64,4474880,112753.9
candidate,2,plain,65550,3,6,64,4474880,112632.8
candidate,2,plain,65550,3,7,64,4474880,112747.4
candidate,2,plain,65550,3,8,64,4474880,112802.7
candidate,2,mixed,46,0,0,38130,3660480,94.6
candidate,2,mixed,46,0,1,38130,3660480,94.9
candidate,2,mixed,46,0,2,38130,3660480,94.5
candidate,2,mixed,46,0,3,38130,3660480,94.7
candidate,2,mixed,46,0,4,38130,3660480,94.9
candidate,2,mixed,46,0,5,38130,3660480,94.5
candidate,2,mixed,46,0,6,38130,3660480,94.5
candidate,2,mixed,46,0,7,38130,3660480,94.7
candidate,2,mixed,46,0,8,38130,3660480,94.9
candidate,2,mixed,46,1,0,38130,3507960,99.6
candidate,2,mixed,46,1,1,38130,3507960,100.0
candidate,2,mixed,46,1,2,38130,3507960,99.6
candidate,2,mixed,46,1,3,38130,3507960,99.5
candidate,2,mixed,46,1,4,38130,3507960,100.0
candidate,2,mixed,46,1,5,38130,3507960,99.5
candidate,2,mixed,46,1,6,38130,3507960,99.5
candidate,2,mixed,46,1,7,38130,3507960,100.0
candidate,2,mixed,46,1,8,38130,3507960,99.5
candidate,2,mixed,46,2,0,38130,2897880,115.8
candidate,2,mixed,46,2,1,38130,2897880,115.8
candidate,2,mixed,46,2,2,38130,2897880,115.8
candidate,2,mixed,46,2,3,38130,2897880,116.1
candidate,2,mixed,46,2,4,38130,2897880,115.2
candidate,2,mixed,46,2,5,38130,2897880,116.6
candidate,2,mixed,46,2,6,38130,2897880,115.5
candidate,2,mixed,46,2,7,38130,2897880,115.7
candidate,2,mixed,46,2,8,38130,2897880,115.7
candidate,2,mixed,46,3,0,38130,3355440,107.6
candidate,2,mixed,46,3,1,38130,3355440,108.2
candidate,2,mixed,46,3,2,38130,3355440,107.7
candidate,2,mixed,46,3,3,38130,3355440,107.5
candidate,2,mixed,46,3,4,38130,3355440,108.0
candidate,2,mixed,46,3,5,38130,3355440,107.7
candidate,2,mixed,46,3,6,38130,3355440,107.7
candidate,2,mixed,46,3,7,38130,3355440,107.8
candidate,2,mixed,46,3,8,38130,3355440,107.5
candidate,2,mixed,92,0,0,26886,5162112,177.9
candidate,2,mixed,92,0,1,26886,5162112,177.1
candidate,2,mixed,92,0,2,26886,5162112,177.8
candidate,2,mixed,92,0,3,26886,5162112,177.2
candidate,2,mixed,92,0,4,26886,5162112,177.6
candidate,2,mixed,92,0,5,26886,5162112,177.4
candidate,2,mixed,92,0,6,26886,5162112,177.2
candidate,2,mixed,92,0,7,26886,5162112,177.7
candidate,2,mixed,92,0,8,26886,5162112,177.3
candidate,2,mixed,92,1,0,26886,4947024,187.6
candidate,2,mixed,92,1,1,26886,4947024,187.1
candidate,2,mixed,92,1,2,26886,4947024,187.7
candidate,2,mixed,92,1,3,26886,4947024,187.0
candidate,2,mixed,92,1,4,26886,4947024,187.4
candidate,2,mixed,92,1,5,26886,4947024,187.2
candidate,2,mixed,92,1,6,26886,4947024,187.4
candidate,2,mixed,92,1,7,26886,4947024,187.4
candidate,2,mixed,92,1,8,26886,4947024,187.3
candidate,2,mixed,92,2,0,26886,4086672,226.1
candidate,2,mixed,92,2,1,26886,4086672,222.9
candidate,2,mixed,92,2,2,26886,4086672,222.8
candidate,2,mixed,92,2,3,26886,4086672,224.0
candidate,2,mixed,92,2,4,26886,4086672,222.2
candidate,2,mixed,92,2,5,26886,4086672,220.5
candidate,2,mixed,92,2,6,26886,4086672,222.3
candidate,2,mixed,92,2,7,26886,4086672,222.1
candidate,2,mixed,92,2,8,26886,4086672,222.3
candidate,2,mixed,92,3,0,26886,4731936,209.7
candidate,2,mixed,92,3,1,26886,4731936,210.1
candidate,2,mixed,92,3,2,26886,4731936,212.3
candidate,2,mixed,92,3,3,26886,4731936,212.8
candidate,2,mixed,92,3,4,26886,4731936,212.9
candidate,2,mixed,92,3,5,26886,4731936,211.2
candidate,2,mixed,92,3,6,26886,4731936,209.7
candidate,2,mixed,92,3,7,26886,4731936,210.6
candidate,2,mixed,92,3,8,26886,4731936,214.3
candidate,2,mixed,4140,0,0,997,8614080,7535.3
candidate,2,mixed,4140,0,1,997,8614080,7531.1
candidate,2,mixed,4140,0,2,997,8614080,7504.8
candidate,2,mixed,4140,0,3,997,8614080,7527.6
candidate,2,mixed,4140,0,4,997,8614080,7511.1
candidate,2,mixed,4140,0,5,997,8614080,7515.8
candidate,2,mixed,4140,0,6,997,8614080,7523.5
candidate,2,mixed,4140,0,7,997,8614080,7518.4
candidate,2,mixed,4140,0,8,997,8614080,7509.2
candidate,2,mixed,4140,1,0,997,8255160,7947.6
candidate,2,mixed,4140,1,1,997,8255160,7954.9
candidate,2,mixed,4140,1,2,997,8255160,7947.3
candidate,2,mixed,4140,1,3,997,8255160,7942.3
candidate,2,mixed,4140,1,4,997,8255160,7950.4
candidate,2,mixed,4140,1,5,997,8255160,7957.8
candidate,2,mixed,4140,1,6,997,8255160,7966.8
candidate,2,mixed,4140,1,7,997,8255160,7964.7
candidate,2,mixed,4140,1,8,997,8255160,7961.7
candidate,2,mixed,4140,2,0,997,6819480,8994.7
candidate,2,mixed,4140,2,1,997,6819480,8991.1
candidate,2,mixed,4140,2,2,997,6819480,9013.5
candidate,2,mixed,4140,2,3,997,6819480,9276.7
candidate,2,mixed,4140,2,4,997,6819480,9044.9
candidate,2,mixed,4140,2,5,997,6819480,8993.0
candidate,2,mixed,4140,2,6,997,6819480,9033.4
candidate,2,mixed,4140,2,7,997,6819480,9016.7
candidate,2,mixed,4140,2,8,997,6819480,8988.8
candidate,2,mixed,4140,3,0,997,7896240,8861.1
candidate,2,mixed,4140,3,1,997,7896240,8870.0
candidate,2,mixed,4140,3,2,997,7896240,8869.4
candidate,2,mixed,4140,3,3,997,7896240,8877.9
candidate,2,mixed,4140,3,4,997,7896240,8871.5
candidate,2,mixed,4140,3,5,997,7896240,8866.5
candidate,2,mixed,4140,3,6,997,7896240,8870.3
candidate,2,mixed,4140,3,7,997,7896240,8876.2
candidate,2,mixed,4140,3,8,997,7896240,8869.2
candidate,2,mixed,65550,0,0,64,8755200,119142.6
candidate,2,mixed,65550,0,1,64,8755200,119037.8
candidate,2,mixed,65550,0,2,64,8755200,118930.3
candidate,2,mixed,65550,0,3,64,8755200,119377.0
candidate,2,mixed,65550,0,4,64,8755200,118860.7
candidate,2,mixed,65550,0,5,64,8755200,118806.0
candidate,2,mixed,65550,0,6,64,8755200,118865.2
candidate,2,mixed,65550,0,7,64,8755200,118811.8
candidate,2,mixed,65550,0,8,64,8755200,118733.7
candidate,2,mixed,65550,1,0,64,8390400,126623.0
candidate,2,mixed,65550,1,1,64,8390400,125849.6
candidate,2,mixed,65550,1,2,64,8390400,125715.5
candidate,2,mixed,65550,1,3,64,8390400,125685.5
candidate,2,mixed,65550,1,4,64,8390400,125996.1
candidate,2,mixed,65550,1,5,64,8390400,126910.2
candidate,2,mixed,65550,1,6,64,8390400,125614.6
candidate,2,mixed,65550,1,7,64,8390400,125918.6
candidate,2,mixed,65550,1,8,64,8390400,126093.1
candidate,2,mixed,65550,2,0,64,6931200,142138.7
candidate,2,mixed,65550,2,1,64,6931200,141858.1
candidate,2,mixed,65550,2,2,64,6931200,141845.1
candidate,2,mixed,65550,2,3,64,6931200,141917.3
candidate,2,mixed,65550,2,4,64,6931200,141974.6
candidate,2,mixed,65550,2,5,64,6931200,141884.8
candidate,2,mixed,65550,2,6,64,6931200,143716.2
candidate,2,mixed,65550,2,7,64,6931200,142453.1
candidate,2,mixed,65550,2,8,64,6931200,142420.6
candidate,2,mixed,65550,3,0,64,8025600,140781.9
candidate,2,mixed,65550,3,1,64,8025600,141639.3
candidate,2,mixed,65550,3,2,64,8025600,140947.9
candidate,2,mixed,65550,3,3,64,8025600,140281.2
candidate,2,mixed,65550,3,4,64,8025600,141069.0
candidate,2,mixed,65550,3,5,64,8025600,140722.7
candidate,2,mixed,65550,3,6,64,8025600,140406.9
candidate,2,mixed,65550,3,7,64,8025600,140337.9
candidate,2,mixed,65550,3,8,64,8025600,140923.8
candidate,2,unreserved,1,0,0,64527,64527,11.9
candidate,2,unreserved,1,0,1,64527,64527,12.0
candidate,2,unreserved,1,0,2,64527,64527,11.9
candidate,2,unreserved,1,0,3,64527,64527,11.8
candidate,2,unreserved,1,0,4,64527,64527,11.8
candidate,2,unreserved,1,0,5,64527,64527,11.8
candidate,2,unreserved,1,0,6,64527,64527,11.9
candidate,2,unreserved,1,0,7,64527,64527,12.0
candidate,2,unreserved,1,0,8,64527,64527,11.8
candidate,2,unreserved,1,1,0,64527,64527,11.8
candidate,2,unreserved,1,1,1,64527,64527,12.0
candidate,2,unreserved,1,1,2,64527,64527,11.8
candidate,2,unreserved,1,1,3,64527,64527,11.9
candidate,2,unreserved,1,1,4,64527,64527,11.8
candidate,2,unreserved,1,1,5,64527,64527,12.0
candidate,2,unreserved,1,1,6,64527,64527,11.9
candidate,2,unreserved,1,1,7,64527,64527,12.0
candidate,2,unreserved,1,1,8,64527,64527,11.8
candidate,2,unreserved,1,2,0,64527,64527,16.8
candidate,2,unreserved,1,2,1,64527,64527,16.1
candidate,2,unreserved,1,2,2,64527,64527,16.2
candidate,2,unreserved,1,2,3,64527,64527,16.5
candidate,2,unreserved,1,2,4,64527,64527,16.1
candidate,2,unreserved,1,2,5,64527,64527,16.4
candidate,2,unreserved,1,2,6,64527,64527,16.5
candidate,2,unreserved,1,2,7,64527,64527,16.0
candidate,2,unreserved,1,2,8,64527,64527,16.4
candidate,2,unreserved,1,3,0,64527,64527,12.5
candidate,2,unreserved,1,3,1,64527,64527,12.3
candidate,2,unreserved,1,3,2,64527,64527,12.3
candidate,2,unreserved,1,3,3,64527,64527,12.4
candidate,2,unreserved,1,3,4,64527,64527,12.3
candidate,2,unreserved,1,3,5,64527,64527,12.4
candidate,2,unreserved,1,3,6,64527,64527,12.4
candidate,2,unreserved,1,3,7,64527,64527,12.4
candidate,2,unreserved,1,3,8,64527,64527,12.8
candidate,2,unreserved,8,0,0,58254,466032,19.5
candidate,2,unreserved,8,0,1,58254,466032,19.4
candidate,2,unreserved,8,0,2,58254,466032,19.6
candidate,2,unreserved,8,0,3,58254,466032,19.9
candidate,2,unreserved,8,0,4,58254,466032,19.6
candidate,2,unreserved,8,0,5,58254,466032,19.4
candidate,2,unreserved,8,0,6,58254,466032,19.7
candidate,2,unreserved,8,0,7,58254,466032,19.5
candidate,2,unreserved,8,0,8,58254,466032,19.4
candidate,2,unreserved,8,1,0,58254,466032,19.9
candidate,2,unreserved,8,1,1,58254,466032,19.8
candidate,2,unreserved,8,1,2,58254,466032,19.9
candidate,2,unreserved,8,1,3,58254,466032,19.9
candidate,2,unreserved,8,1,4,58254,466032,19.9
candidate,2,unreserved,8,1,5,58254,466032,19.9
candidate,2,unreserved,8,1,6,58254,466032,20.0
candidate,2,unreserved,8,1,7,58254,466032,19.9
candidate,2,unreserved,8,1,8,58254,466032,19.8
candidate,2,unreserved,8,2,0,58254,466032,30.2
candidate,2,unreserved,8,2,1,58254,466032,30.3
candidate,2,unreserved,8,2,2,58254,466032,30.4
candidate,2,unreserved,8,2,3,58254,466032,30.2
candidate,2,unreserved,8,2,4,58254,466032,30.0
candidate,2,unreserved,8,2,5,58254,466032,30.1
candidate,2,unreserved,8,2,6,58254,466032,30.2
candidate,2,unreserved,8,2,7,58254,466032,30.6
candidate,2,unreserved,8,2,8,58254,466032,30.1
candidate,2,unreserved,8,3,0,58254,466032,21.2
candidate,2,unreserved,8,3,1,58254,466032,21.3
candidate,2,unreserved,8,3,2,58254,466032,21.3
candidate,2,unreserved,8,3,3,58254,466032,21.6
candidate,2,unreserved,8,3,4,58254,466032,21.3
candidate,2,unreserved,8,3,5,58254,466032,21.3
candidate,2,unreserved,8,3,6,58254,466032,21.4
candidate,2,unreserved,8,3,7,58254,466032,21.2
candidate,2,unreserved,8,3,8,58254,466032,21.2
candidate,2,unreserved,64,0,0,32768,2097152,92.7
candidate,2,unreserved,64,0,1,32768,2097152,92.8
candidate,2,unreserved,64,0,2,32768,2097152,93.4
candidate,2,unreserved,64,0,3,32768,2097152,93.2
candidate,2,unreserved,64,0,4,32768,2097152,92.9
candidate,2,unreserved,64,0,5,32768,2097152,93.0
candidate,2,unreserved,64,0,6,32768,2097152,93.4
candidate,2,unreserved,64,0,7,32768,2097152,93.0
candidate,2,unreserved,64,0,8,32768,2097152,93.1
candidate,2,unreserved,64,1,0,32768,2097152,103.3
candidate,2,unreserved,64,1,1,32768,2097152,103.0
candidate,2,unreserved,64,1,2,32768,2097152,102.0
candidate,2,unreserved,64,1,3,32768,2097152,102.2
candidate,2,unreserved,64,1,4,32768,2097152,102.6
candidate,2,unreserved,64,1,5,32768,2097152,102.6
candidate,2,unreserved,64,1,6,32768,2097152,102.1
candidate,2,unreserved,64,1,7,32768,2097152,102.5
candidate,2,unreserved,64,1,8,32768,2097152,102.0
candidate,2,unreserved,64,2,0,32768,2097152,146.7
candidate,2,unreserved,64,2,1,32768,2097152,147.0
candidate,2,unreserved,64,2,2,32768,2097152,146.4
candidate,2,unreserved,64,2,3,32768,2097152,146.9
candidate,2,unreserved,64,2,4,32768,2097152,146.6
candidate,2,unreserved,64,2,5,32768,2097152,146.8
candidate,2,unreserved,64,2,6,32768,2097152,146.0
candidate,2,unreserved,64,2,7,32768,2097152,146.9
candidate,2,unreserved,64,2,8,32768,2097152,146.5
candidate,2,unreserved,64,3,0,32768,2097152,113.1
candidate,2,unreserved,64,3,1,32768,2097152,112.5
candidate,2,unreserved,64,3,2,32768,2097152,118.4
candidate,2,unreserved,64,3,3,32768,2097152,114.9
candidate,2,unreserved,64,3,4,32768,2097152,113.5
candidate,2,unreserved,64,3,5,32768,2097152,113.8
candidate,2,unreserved,64,3,6,32768,2097152,113.1
candidate,2,unreserved,64,3,7,32768,2097152,112.7
candidate,2,unreserved,64,3,8,32768,2097152,112.9
candidate,2,unreserved,4096,0,0,1008,4128768,5175.6
candidate,2,unreserved,4096,0,1,1008,4128768,5190.4
candidate,2,unreserved,4096,0,2,1008,4128768,5229.2
candidate,2,unreserved,4096,0,3,1008,4128768,5190.0
candidate,2,unreserved,4096,0,4,1008,4128768,5181.3
candidate,2,unreserved,4096,0,5,1008,4128768,5196.6
candidate,2,unreserved,4096,0,6,1008,4128768,5185.9
candidate,2,unreserved,4096,0,7,1008,4128768,5185.9
candidate,2,unreserved,4096,0,8,1008,4128768,5192.0
candidate,2,unreserved,4096,1,0,1008,4128768,5202.0
candidate,2,unreserved,4096,1,1,1008,4128768,5173.6
candidate,2,unreserved,4096,1,2,1008,4128768,5169.6
candidate,2,unreserved,4096,1,3,1008,4128768,5186.9
candidate,2,unreserved,4096,1,4,1008,4128768,5174.6
candidate,2,unreserved,4096,1,5,1008,4128768,5161.7
candidate,2,unreserved,4096,1,6,1008,4128768,5187.1
candidate,2,unreserved,4096,1,7,1008,4128768,5173.2
candidate,2,unreserved,4096,1,8,1008,4128768,5175.0
candidate,2,unreserved,4096,2,0,1008,4128768,7852.1
candidate,2,unreserved,4096,2,1,1008,4128768,7837.2
candidate,2,unreserved,4096,2,2,1008,4128768,7866.8
candidate,2,unreserved,4096,2,3,1008,4128768,7848.0
candidate,2,unreserved,4096,2,4,1008,4128768,7848.8
candidate,2,unreserved,4096,2,5,1008,4128768,7846.9
candidate,2,unreserved,4096,2,6,1008,4128768,7829.6
candidate,2,unreserved,4096,2,7,1008,4128768,7856.6
candidate,2,unreserved,4096,2,8,1008,4128768,7878.8
candidate,2,unreserved,4096,3,0,1008,4128768,6436.7
candidate,2,unreserved,4096,3,1,1008,4128768,6440.6
candidate,2,unreserved,4096,3,2,1008,4128768,6449.1
candidate,2,unreserved,4096,3,3,1008,4128768,6499.6
candidate,2,unreserved,4096,3,4,1008,4128768,6461.6
candidate,2,unreserved,4096,3,5,1008,4128768,6435.9
candidate,2,unreserved,4096,3,6,1008,4128768,6463.1
candidate,2,unreserved,4096,3,7,1008,4128768,6563.8
candidate,2,unreserved,4096,3,8,1008,4128768,6643.0
candidate,2,unreserved,65536,0,0,64,4194304,84112.6
candidate,2,unreserved,65536,0,1,64,4194304,84003.9
candidate,2,unreserved,65536,0,2,64,4194304,83812.5
candidate,2,unreserved,65536,0,3,64,4194304,84494.8
candidate,2,unreserved,65536,0,4,64,4194304,83931.0
candidate,2,unreserved,65536,0,5,64,4194304,83946.6
candidate,2,unreserved,65536,0,6,64,4194304,84461.6
candidate,2,unreserved,65536,0,7,64,4194304,83757.8
candidate,2,unreserved,65536,0,8,64,4194304,84452.5
candidate,2,unreserved,65536,1,0,64,4194304,84692.7
candidate,2,unreserved,65536,1,1,64,4194304,84406.2
candidate,2,unreserved,65536,1,2,64,4194304,84222.7
candidate,2,unreserved,65536,1,3,64,4194304,84087.9
candidate,2,unreserved,65536,1,4,64,4194304,83892.6
candidate,2,unreserved,65536,1,5,64,4194304,84212.9
candidate,2,unreserved,65536,1,6,64,4194304,83944.0
candidate,2,unreserved,65536,1,7,64,4194304,83834.6
candidate,2,unreserved,65536,1,8,64,4194304,83988.3
candidate,2,unreserved,65536,2,0,64,4194304,125783.9
candidate,2,unreserved,65536,2,1,64,4194304,125944.7
candidate,2,unreserved,65536,2,2,64,4194304,125519.5
candidate,2,unreserved,65536,2,3,64,4194304,125970.7
candidate,2,unreserved,65536,2,4,64,4194304,125942.7
candidate,2,unreserved,65536,2,5,64,4194304,125494.8
candidate,2,unreserved,65536,2,6,64,4194304,127679.0
candidate,2,unreserved,65536,2,7,64,4194304,126059.2
candidate,2,unreserved,65536,2,8,64,4194304,125351.6
candidate,2,unreserved,65536,3,0,64,4194304,102841.1
candidate,2,unreserved,65536,3,1,64,4194304,102822.9
candidate,2,unreserved,65536,3,2,64,4194304,102966.8
candidate,2,unreserved,65536,3,3,64,4194304,102554.7
candidate,2,unreserved,65536,3,4,64,4194304,103203.8
candidate,2,unreserved,65536,3,5,64,4194304,102535.8
candidate,2,unreserved,65536,3,6,64,4194304,103388.7
candidate,2,unreserved,65536,3,7,64,4194304,102714.2
candidate,2,unreserved,65536,3,8,64,4194304,102835.9
candidate,2,dense,4,0,0,61680,740160,20.6
candidate,2,dense,4,0,1,61680,740160,20.5
candidate,2,dense,4,0,2,61680,740160,20.5
candidate,2,dense,4,0,3,61680,740160,20.6
candidate,2,dense,4,0,4,61680,740160,20.5
candidate,2,dense,4,0,5,61680,740160,20.5
candidate,2,dense,4,0,6,61680,740160,20.5
candidate,2,dense,4,0,7,61680,740160,20.6
candidate,2,dense,4,0,8,61680,740160,20.7
candidate,2,dense,4,1,0,61680,616800,21.3
candidate,2,dense,4,1,1,61680,616800,21.3
candidate,2,dense,4,1,2,61680,616800,21.2
candidate,2,dense,4,1,3,61680,616800,21.2
candidate,2,dense,4,1,4,61680,616800,21.6
candidate,2,dense,4,1,5,61680,616800,21.2
candidate,2,dense,4,1,6,61680,616800,21.4
candidate,2,dense,4,1,7,61680,616800,21.5
candidate,2,dense,4,1,8,61680,616800,21.2
candidate,2,dense,4,2,0,61680,246720,22.1
candidate,2,dense,4,2,1,61680,246720,21.9
candidate,2,dense,4,2,2,61680,246720,21.6
candidate,2,dense,4,2,3,61680,246720,21.5
candidate,2,dense,4,2,4,61680,246720,21.6
candidate,2,dense,4,2,5,61680,246720,21.8
candidate,2,dense,4,2,6,61680,246720,21.8
candidate,2,dense,4,2,7,61680,246720,21.8
candidate,2,dense,4,2,8,61680,246720,22.1
candidate,2,dense,4,3,0,61680,616800,20.0
candidate,2,dense,4,3,1,61680,616800,20.1
candidate,2,dense,4,3,2,61680,616800,20.1
candidate,2,dense,4,3,3,61680,616800,20.0
candidate,2,dense,4,3,4,61680,616800,20.2
candidate,2,dense,4,3,5,61680,616800,20.4
candidate,2,dense,4,3,6,61680,616800,20.2
candidate,2,dense,4,3,7,61680,616800,20.2
candidate,2,dense,4,3,8,61680,616800,20.1
candidate,2,dense,8,0,0,58254,1398096,30.7
candidate,2,dense,8,0,1,58254,1398096,30.5
candidate,2,dense,8,0,2,58254,1398096,30.7
candidate,2,dense,8,0,3,58254,1398096,30.5
candidate,2,dense,8,0,4,58254,1398096,30.5
candidate,2,dense,8,0,5,58254,1398096,30.6
candidate,2,dense,8,0,6,58254,1398096,30.8
candidate,2,dense,8,0,7,58254,1398096,30.5
candidate,2,dense,8,0,8,58254,1398096,30.7
candidate,2,dense,8,1,0,58254,1165080,31.6
candidate,2,dense,8,1,1,58254,1165080,31.7
candidate,2,dense,8,1,2,58254,1165080,31.7
candidate,2,dense,8,1,3,58254,1165080,31.6
candidate,2,dense,8,1,4,58254,1165080,31.6
candidate,2,dense,8,1,5,58254,1165080,31.6
candidate,2,dense,8,1,6,58254,1165080,31.6
candidate,2,dense,8,1,7,58254,1165080,31.6
candidate,2,dense,8,1,8,58254,1165080,31.7
candidate,2,dense,8,2,0,58254,466032,32.1
candidate,2,dense,8,2,1,58254,466032,32.4
candidate,2,dense,8,2,2,58254,466032,32.2
candidate,2,dense,8,2,3,58254,466032,31.7
candidate,2,dense,8,2,4,58254,466032,32.4
candidate,2,dense,8,2,5,58254,466032,32.1
candidate,2,dense,8,2,6,58254,466032,31.4
candidate,2,dense,8,2,7,58254,466032,32.7
candidate,2,dense,8,2,8,58254,466032,31.6
candidate,2,dense,8,3,0,58254,1165080,28.9
candidate,2,dense,8,3,1,58254,1165080,28.9
candidate,2,dense,8,3,2,58254,1165080,29.0
candidate,2,dense,8,3,3,58254,1165080,28.9
candidate,2,dense,8,3,4,58254,1165080,29.2
candidate,2,dense,8,3,5,58254,1165080,28.9
candidate,2,dense,8,3,6,58254,1165080,28.9
candidate,2,dense,8,3,7,58254,1165080,29.0
candidate,2,dense,8,3,8,58254,1165080,29.0
candidate,2,dense,64,0,0,32768,6291456,165.1
candidate,2,dense,64,0,1,32768,6291456,165.2
candidate,2,dense,64,0,2,32768,6291456,165.1
candidate,2,dense,64,0,3,32768,6291456,165.1
candidate,2,dense,64,0,4,32768,6291456,165.0
candidate,2,dense,64,0,5,32768,6291456,165.0
candidate,2,dense,64,0,6,32768,6291456,165.4
candidate,2,dense,64,0,7,32768,6291456,164.9
candidate,2,dense,64,0,8,32768,6291456,165.3
candidate,2,dense,64,1,0,32768,5242880,172.7
candidate,2,dense,64,1,1,32768,5242880,172.8
candidate,2,dense,64,1,2,32768,5242880,172.8
candidate,2,dense,64,1,3,32768,5242880,172.8
candidate,2,dense,64,1,4,32768,5242880,172.8
candidate,2,dense,64,1,5,32768,5242880,172.7
candidate,2,dense,64,1,6,32768,5242880,172.7
candidate,2,dense,64,1,7,32768,5242880,172.8
candidate,2,dense,64,1,8,32768,5242880,172.7
candidate,2,dense,64,2,0,32768,2097152,148.6
candidate,2,dense,64,2,1,32768,2097152,148.9
candidate,2,dense,64,2,2,32768,2097152,149.2
candidate,2,dense,64,2,3,32768,2097152,149.1
candidate,2,dense,64,2,4,32768,2097152,148.9
candidate,2,dense,64,2,5,32768,2097152,148.9
candidate,2,dense,64,2,6,32768,2097152,151.1
candidate,2,dense,64,2,7,32768,2097152,148.8
candidate,2,dense,64,2,8,32768,2097152,148.8
candidate,2,dense,64,3,0,32768,5242880,157.4
candidate,2,dense,64,3,1,32768,5242880,157.3
candidate,2,dense,64,3,2,32768,5242880,157.1
candidate,2,dense,64,3,3,32768,5242880,158.4
candidate,2,dense,64,3,4,32768,5242880,157.8
candidate,2,dense,64,3,5,32768,5242880,157.3
candidate,2,dense,64,3,6,32768,5242880,157.4
candidate,2,dense,64,3,7,32768,5242880,157.4
candidate,2,dense,64,3,8,32768,5242880,157.4
candidate,2,dense,4096,0,0,1008,12386304,9860.6
candidate,2,dense,4096,0,1,1008,12386304,9863.3
candidate,2,dense,4096,0,2,1008,12386304,9926.8
candidate,2,dense,4096,0,3,1008,12386304,9858.7
candidate,2,dense,4096,0,4,1008,12386304,9850.7
candidate,2,dense,4096,0,5,1008,12386304,9853.3
candidate,2,dense,4096,0,6,1008,12386304,9851.9
candidate,2,dense,4096,0,7,1008,12386304,9858.8
candidate,2,dense,4096,0,8,1008,12386304,9856.2
candidate,2,dense,4096,1,0,1008,10321920,9806.6
candidate,2,dense,4096,1,1,1008,10321920,9810.2
candidate,2,dense,4096,1,2,1008,10321920,9809.7
candidate,2,dense,4096,1,3,1008,10321920,9801.8
candidate,2,dense,4096,1,4,1008,10321920,9805.4
candidate,2,dense,4096,1,5,1008,10321920,9811.0
candidate,2,dense,4096,1,6,1008,10321920,9829.5
candidate,2,dense,4096,1,7,1008,10321920,9804.9
candidate,2,dense,4096,1,8,1008,10321920,9871.4
candidate,2,dense,4096,2,0,1008,4128768,8030.0
candidate,2,dense,4096,2,1,1008,4128768,7979.8
candidate,2,dense,4096,2,2,1008,4128768,7989.3
candidate,2,dense,4096,2,3,1008,4128768,7978.8
candidate,2,dense,4096,2,4,1008,4128768,7985.8
candidate,2,dense,4096,2,5,1008,4128768,7991.1
candidate,2,dense,4096,2,6,1008,4128768,8033.1
candidate,2,dense,4096,2,7,1008,4128768,7992.6
candidate,2,dense,4096,2,8,1008,4128768,7989.9
candidate,2,dense,4096,3,0,1008,10321920,8921.1
candidate,2,dense,4096,3,1,1008,10321920,8916.8
candidate,2,dense,4096,3,2,1008,10321920,8908.2
candidate,2,dense,4096,3,3,1008,10321920,8912.0
candidate,2,dense,4096,3,4,1008,10321920,8911.5
candidate,2,dense,4096,3,5,1008,10321920,8919.2
candidate,2,dense,4096,3,6,1008,10321920,8916.6
candidate,2,dense,4096,3,7,1008,10321920,8912.2
candidate,2,dense,4096,3,8,1008,10321920,8908.6
candidate,2,dense,65536,0,0,64,12582912,157900.4
candidate,2,dense,65536,0,1,64,12582912,157658.9
candidate,2,dense,65536,0,2,64,12582912,157383.5
candidate,2,dense,65536,0,3,64,12582912,157440.1
candidate,2,dense,65536,0,4,64,12582912,157305.3
candidate,2,dense,65536,0,5,64,12582912,157427.7
candidate,2,dense,65536,0,6,64,12582912,157449.9
candidate,2,dense,65536,0,7,64,12582912,157320.3
candidate,2,dense,65536,0,8,64,12582912,157342.4
candidate,2,dense,65536,1,0,64,10485760,156795.6
candidate,2,dense,65536,1,1,64,10485760,156660.8
candidate,2,dense,65536,1,2,64,10485760,158082.0
candidate,2,dense,65536,1,3,64,10485760,156778.0
candidate,2,dense,65536,1,4,64,10485760,156575.5
candidate,2,dense,65536,1,5,64,10485760,156718.8
candidate,2,dense,65536,1,6,64,10485760,156628.2
candidate,2,dense,65536,1,7,64,10485760,156619.1
candidate,2,dense,65536,1,8,64,10485760,156697.9
candidate,2,dense,65536,2,0,64,4194304,127974.6
candidate,2,dense,65536,2,1,64,4194304,129549.5
candidate,2,dense,65536,2,2,64,4194304,129075.5
candidate,2,dense,65536,2,3,64,4194304,129660.2
candidate,2,dense,65536,2,4,64,4194304,129655.6
candidate,2,dense,65536,2,5,64,4194304,128593.8
candidate,2,dense,65536,2,6,64,4194304,128196.0
candidate,2,dense,65536,2,7,64,4194304,128197.9
candidate,2,dense,65536,2,8,64,4194304,128016.9
candidate,2,dense,65536,3,0,64,10485760,142871.7
candidate,2,dense,65536,3,1,64,10485760,142758.5
candidate,2,dense,65536,3,2,64,10485760,142580.7
candidate,2,dense,65536,3,3,64,10485760,142694.7
candidate,2,dense,65536,3,4,64,10485760,142852.9
candidate,2,dense,65536,3,5,64,10485760,143532.5
candidate,2,dense,65536,3,6,64,10485760,142865.9
candidate,2,dense,65536,3,7,64,10485760,142962.2
candidate,2,dense,65536,3,8,64,10485760,142504.6
baseline,3,plain,0,0,0,65536,0,3.4
baseline,3,plain,0,0,1,65536,0,3.5
baseline,3,plain,0,0,2,65536,0,3.4
baseline,3,plain,0,0,3,65536,0,3.4
baseline,3,plain,0,0,4,65536,0,3.4
baseline,3,plain,0,0,5,65536,0,3.4
baseline,3,plain,0,0,6,65536,0,3.4
baseline,3,plain,0,0,7,65536,0,3.4
baseline,3,plain,0,0,8,65536,0,3.4
baseline,3,plain,0,1,0,65536,0,3.8
baseline,3,plain,0,1,1,65536,0,3.7
baseline,3,plain,0,1,2,65536,0,3.7
baseline,3,plain,0,1,3,65536,0,3.8
baseline,3,plain,0,1,4,65536,0,3.8
baseline,3,plain,0,1,5,65536,0,3.7
baseline,3,plain,0,1,6,65536,0,3.7
baseline,3,plain,0,1,7,65536,0,3.7
baseline,3,plain,0,1,8,65536,0,3.8
baseline,3,plain,0,2,0,65536,0,4.7
baseline,3,plain,0,2,1,65536,0,4.7
baseline,3,plain,0,2,2,65536,0,4.7
baseline,3,plain,0,2,3,65536,0,4.7
baseline,3,plain,0,2,4,65536,0,4.7
baseline,3,plain,0,2,5,65536,0,4.7
baseline,3,plain,0,2,6,65536,0,4.9
baseline,3,plain,0,2,7,65536,0,4.7
baseline,3,plain,0,2,8,65536,0,4.9
baseline,3,plain,0,3,0,65536,0,3.8
baseline,3,plain,0,3,1,65536,0,3.7
baseline,3,plain,0,3,2,65536,0,3.7
baseline,3,plain,0,3,3,65536,0,3.7
baseline,3,plain,0,3,4,65536,0,3.9
baseline,3,plain,0,3,5,65536,0,3.7
baseline,3,plain,0,3,6,65536,0,3.7
baseline,3,plain,0,3,7,65536,0,3.7
baseline,3,plain,0,3,8,65536,0,3.8
baseline,3,plain,30,0,0,44620,1427840,53.8
baseline,3,plain,30,0,1,44620,1427840,53.7
baseline,3,plain,30,0,2,44620,1427840,53.6
baseline,3,plain,30,0,3,44620,1427840,53.7
baseline,3,plain,30,0,4,44620,1427840,53.8
baseline,3,plain,30,0,5,44620,1427840,53.9
baseline,3,plain,30,0,6,44620,1427840,53.7
baseline,3,plain,30,0,7,44620,1427840,53.6
baseline,3,plain,30,0,8,44620,1427840,53.9
baseline,3,plain,30,1,0,44620,1338600,63.9
baseline,3,plain,30,1,1,44620,1338600,63.9
baseline,3,plain,30,1,2,44620,1338600,64.1
baseline,3,plain,30,1,3,44620,1338600,64.1
baseline,3,plain,30,1,4,44620,1338600,64.0
baseline,3,plain,30,1,5,44620,1338600,63.9
baseline,3,plain,30,1,6,44620,1338600,64.2
baseline,3,plain,30,1,7,44620,1338600,65.2
baseline,3,plain,30,1,8,44620,1338600,64.0
baseline,3,plain,30,2,0,44620,1338600,73.7
baseline,3,plain,30,2,1,44620,1338600,73.3
baseline,3,plain,30,2,2,44620,1338600,73.4
baseline,3,plain,30,2,3,44620,1338600,74.0
baseline,3,plain,30,2,4,44620,1338600,73.7
baseline,3,plain,30,2,5,44620,1338600,74.3
baseline,3,plain,30,2,6,44620,1338600,76.1
baseline,3,plain,30,2,7,44620,1338600,76.2
baseline,3,plain,30,2,8,44620,1338600,78.0
baseline,3,plain,30,3,0,44620,1427840,73.1
baseline,3,plain,30,3,1,44620,1427840,73.1
baseline,3,plain,30,3,2,44620,1427840,72.8
baseline,3,plain,30,3,3,44620,1427840,72.6
baseline,3,plain,30,3,4,44620,1427840,72.7
baseline,3,plain,30,3,5,44620,1427840,72.8
baseline,3,plain,30,3,6,44620,1427840,72.6
baseline,3,plain,30,3,7,44620,1427840,72.6
baseline,3,plain,30,3,8,44620,1427840,73.0
baseline,3,plain,90,0,0,27235,2614560,136.9
baseline,3,plain,90,0,1,27235,2614560,135.8
baseline,3,plain,90,0,2,27235,2614560,136.2
baseline,3,plain,90,0,3,27235,2614560,135.7
baseline,3,plain,90,0,4,27235,2614560,137.5
baseline,3,plain,90,0,5,27235,2614560,136.2
baseline,3,plain,90,0,6,27235,2614560,135.8
baseline,3,plain,90,0,7,27235,2614560,137.1
baseline,3,plain,90,0,8,27235,2614560,135.9
baseline,3,plain,90,1,0,27235,2451150,171.0
baseline,3,plain,90,1,1,27235,2451150,171.2
baseline,3,plain,90,1,2,27235,2451150,172.1
baseline,3,plain,90,1,3,27235,2451150,171.3
baseline,3,plain,90,1,4,27235,2451150,173.3
baseline,3,plain,90,1,5,27235,2451150,173.8
baseline,3,plain,90,1,6,27235,2451150,173.2
baseline,3,plain,90,1,7,27235,2451150,171.0
baseline,3,plain,90,1,8,27235,2451150,171.1
baseline,3,plain,90,2,0,27235,2451150,195.4
baseline,3,plain,90,2,1,27235,2451150,193.6
baseline,3,plain,90,2,2,27235,2451150,194.3
baseline,3,plain,90,2,3,27235,2451150,193.0
baseline,3,plain,90,2,4,27235,2451150,192.4
baseline,3,plain,90,2,5,27235,2451150,193.6
baseline,3,plain,90,2,6,27235,2451150,193.4
baseline,3,plain,90,2,7,27235,2451150,193.3
baseline,3,plain,90,2,8,27235,2451150,193.5
baseline,3,plain,90,3,0,27235,2614560,201.7
baseline,3,plain,90,3,1,27235,2614560,204.5
baseline,3,plain,90,3,2,27235,2614560,202.0
baseline,3,plain,90,3,3,27235,2614560,203.2
baseline,3,plain,90,3,4,27235,2614560,201.3
baseline,3,plain,90,3,5,27235,2614560,202.0
baseline,3,plain,90,3,6,27235,2614560,201.3
baseline,3,plain,90,3,7,27235,2614560,202.1
baseline,3,plain,90,3,8,27235,2614560,201.5
baseline,3,plain,4110,0,0,1004,4401536,5954.3
baseline,3,plain,4110,0,1,1004,4401536,5938.2
baseline,3,plain,4110,0,2,1004,4401536,5946.7
baseline,3,plain,4110,0,3,1004,4401536,5936.0
baseline,3,plain,4110,0,4,1004,4401536,5949.1
baseline,3,plain,4110,0,5,1004,4401536,5931.9
baseline,3,plain,4110,0,6,1004,4401536,5941.3
baseline,3,plain,4110,0,7,1004,4401536,5940.2
baseline,3,plain,4110,0,8,1004,4401536,5957.5
baseline,3,plain,4110,1,0,1004,4126440,7117.9
baseline,3,plain,4110,1,1,1004,4126440,7256.4
baseline,3,plain,4110,1,2,1004,4126440,7122.7
baseline,3,plain,4110,1,3,1004,4126440,7122.8
baseline,3,plain,4110,1,4,1004,4126440,7102.2
baseline,3,plain,4110,1,5,1004,4126440,7085.7
baseline,3,plain,4110,1,6,1004,4126440,7081.9
baseline,3,plain,4110,1,7,1004,4126440,7079.0
baseline,3,plain,4110,1,8,1004,4126440,7091.2
baseline,3,plain,4110,2,0,1004,4126440,7825.0
baseline,3,plain,4110,2,1,1004,4126440,7792.7
baseline,3,plain,4110,2,2,1004,4126440,7798.4
baseline,3,plain,4110,2,3,1004,4126440,7789.5
baseline,3,plain,4110,2,4,1004,4126440,7794.6
baseline,3,plain,4110,2,5,1004,4126440,7819.7
baseline,3,plain,4110,2,6,1004,4126440,7797.6
baseline,3,plain,4110,2,7,1004,4126440,7847.8
baseline,3,plain,4110,2,8,1004,4126440,7808.0
baseline,3,plain,4110,3,0,1004,4401536,8609.9
baseline,3,plain,4110,3,1,1004,4401536,8595.6
baseline,3,plain,4110,3,2,1004,4401536,8582.4
baseline,3,plain,4110,3,3,1004,4401536,8581.5
baseline,3,plain,4110,3,4,1004,4401536,8595.5
baseline,3,plain,4110,3,5,1004,4401536,8581.3
baseline,3,plain,4110,3,6,1004,4401536,8588.9
baseline,3,plain,4110,3,7,1004,4401536,8567.9
baseline,3,plain,4110,3,8,1004,4401536,8586.1
baseline,3,plain,65550,0,0,64,4474880,95017.6
baseline,3,plain,65550,0,1,64,4474880,95051.4
baseline,3,plain,65550,0,2,64,4474880,94802.1
baseline,3,plain,65550,0,3,64,4474880,95069.7
baseline,3,plain,65550,0,4,64,4474880,94748.0
baseline,3,plain,65550,0,5,64,4474880,95238.9
baseline,3,plain,65550,0,6,64,4474880,94966.8
baseline,3,plain,65550,0,7,64,4474880,94857.4
baseline,3,plain,65550,0,8,64,4474880,94832.0
baseline,3,plain,65550,1,0,64,4195200,112556.0
baseline,3,plain,65550,1,1,64,4195200,112858.7
baseline,3,plain,65550,1,2,64,4195200,112679.7
baseline,3,plain,65550,1,3,64,4195200,112785.2
baseline,3,plain,65550,1,4,64,4195200,112751.3
baseline,3,plain,65550,1,5,64,4195200,112406.9
baseline,3,plain,65550,1,6,64,4195200,112814.5
baseline,3,plain,65550,1,7,64,4195200,113341.8
baseline,3,plain,65550,1,8,64,4195200,112610.0
baseline,3,plain,65550,2,0,64,4195200,125069.0
baseline,3,plain,65550,2,1,64,4195200,124771.5
baseline,3,plain,65550,2,2,64,4195200,124408.9
baseline,3,plain,65550,2,3,64,4195200,124085.3
baseline,3,plain,65550,2,4,64,4195200,124656.2
baseline,3,plain,65550,2,5,64,4195200,124671.9
baseline,3,plain,65550,2,6,64,4195200,124337.9
baseline,3,plain,65550,2,7,64,4195200,124222.0
baseline,3,plain,65550,2,8,64,4195200,124426.4
baseline,3,plain,65550,3,0,64,4474880,136649.1
baseline,3,plain,65550,3,1,64,4474880,137425.8
baseline,3,plain,65550,3,2,64,4474880,136757.2
baseline,3,plain,65550,3,3,64,4474880,136864.6
baseline,3,plain,65550,3,4,64,4474880,136887.4
baseline,3,plain,65550,3,5,64,4474880,136397.8
baseline,3,plain,65550,3,6,64,4474880,136809.9
baseline,3,plain,65550,3,7,64,4474880,136928.4
baseline,3,plain,65550,3,8,64,4474880,136949.2
baseline,3,mixed,46,0,0,38130,3660480,105.2
baseline,3,mixed,46,0,1,38130,3660480,104.0
baseline,3,mixed,46,0,2,38130,3660480,104.3
baseline,3,mixed,46,0,3,38130,3660480,104.6
baseline,3,mixed,46,0,4,38130,3660480,104.0
baseline,3,mixed,46,0,5,38130,3660480,104.3
baseline,3,mixed,46,0,6,38130,3660480,105.2
baseline,3,mixed,46,0,7,38130,3660480,104.0
baseline,3,mixed,46,0,8,38130,3660480,104.3
baseline,3,mixed,46,1,0,38130,3507960,118.2
baseline,3,mixed,46,1,1,38130,3507960,119.3
baseline,3,mixed,46,1,2,38130,3507960,118.9
baseline,3,mixed,46,1,3,38130,3507960,118.3
baseline,3,mixed,46,1,4,38130,3507960,119.4
baseline,3,mixed,46,1,5,38130,3507960,118.3
baseline,3,mixed,46,1,6,38130,3507960,118.7
baseline,3,mixed,46,1,7,38130,3507960,118.7
baseline,3,mixed,46,1,8,38130,3507960,118.5
baseline,3,mixed,46,2,0,38130,2897880,116.4
baseline,3,mixed,46,2,1,38130,2897880,115.5
baseline,3,mixed,46,2,2,38130,2897880,115.9
baseline,3,mixed,46,2,3,38130,2897880,116.0
baseline,3,mixed,46,2,4,38130,2897880,115.9
baseline,3,mixed,46,2,5,38130,2897880,115.8
baseline,3,mixed,46,2,6,38130,2897880,116.8
baseline,3,mixed,46,2,7,38130,2897880,116.9
baseline,3,mixed,46,2,8,38130,2897880,116.3
baseline,3,mixed,46,3,0,38130,3355440,126.3
baseline,3,mixed,46,3,1,38130,3355440,125.3
baseline,3,mixed,46,3,2,38130,3355440,125.6
baseline,3,mixed,46,3,3,38130,3355440,125.8
baseline,3,mixed,46,3,4,38130,3355440,125.2
baseline,3,mixed,46,3,5,38130,3355440,126.2
baseline,3,mixed,46,3,6,38130,3355440,125.4
baseline,3,mixed,46,3,7,38130,3355440,127.3
baseline,3,mixed,46,3,8,38130,3355440,125.0
baseline,3,mixed,92,0,0,26886,5162112,197.4
baseline,3,mixed,92,0,1,26886,5162112,195.2
baseline,3,mixed,92,0,2,26886,5162112,196.5
baseline,3,mixed,92,0,3,26886,5162112,195.4
baseline,3,mixed,92,0,4,26886,5162112,197.1
baseline,3,mixed,92,0,5,26886,5162112,195.4
baseline,3,mixed,92,0,6,26886,5162112,196.1
baseline,3,mixed,92,0,7,26886,5162112,196.1
baseline,3,mixed,92,0,8,26886,5162112,195.6
baseline,3,mixed,92,1,0,26886,4947024,223.5
baseline,3,mixed,92,1,1,26886,4947024,225.5
baseline,3,mixed,92,1,2,26886,4947024,223.5
baseline,3,mixed,92,1,3,26886,4947024,224.7
baseline,3,mixed,92,1,4,26886,4947024,223.5
baseline,3,mixed,92,1,5,26886,4947024,224.6
baseline,3,mixed,92,1,6,26886,4947024,223.8
baseline,3,mixed,92,1,7,26886,4947024,224.0
baseline,3,mixed,92,1,8,26886,4947024,224.1
baseline,3,mixed,92,2,0,26886,4086672,231.0
baseline,3,mixed,92,2,1,26886,4086672,236.5
baseline,3,mixed,92,2,2,26886,4086672,232.8
baseline,3,mixed,92,2,3,26886,4086672,233.2
baseline,3,mixed,92,2,4,26886,4086672,233.3
baseline,3,mixed,92,2,5,26886,4086672,235.5
baseline,3,mixed,92,2,6,26886,4086672,234.9
baseline,3,mixed,92,2,7,26886,4086672,232.4
baseline,3,mixed,92,2,8,26886,4086672,232.0
baseline,3,mixed,92,3,0,26886,4731936,245.7
baseline,3,mixed,92,3,1,26886,4731936,247.1
baseline,3,mixed,92,3,2,26886,4731936,246.5
baseline,3,mixed,92,3,3,26886,4731936,244.7
baseline,3,mixed,92,3,4,26886,4731936,246.9
baseline,3,mixed,92,3,5,26886,4731936,246.2
baseline,3,mixed,92,3,6,26886,4731936,245.8
baseline,3,mixed,92,3,7,26886,4731936,245.3
baseline,3,mixed,92,3,8,26886,4731936,246.3
baseline,3,mixed,4140,0,0,997,8614080,8370.9
baseline,3,mixed,4140,0,1,997,8614080,8404.1
baseline,3,mixed,4140,0,2,997,8614080,8351.6
baseline,3,mixed,4140,0,3,997,8614080,8396.3
baseline,3,mixed,4140,0,4,997,8614080,8379.8
baseline,3,mixed,4140,0,5,997,8614080,8361.5
baseline,3,mixed,4140,0,6,997,8614080,8381.9
baseline,3,mixed,4140,0,7,997,8614080,8377.5
baseline,3,mixed,4140,0,8,997,8614080,8371.2
baseline,3,mixed,4140,1,0,997,8255160,9557.8
baseline,3,mixed,4140,1,1,997,8255160,9554.8
baseline,3,mixed,4140,1,2,997,8255160,9540.4
baseline,3,mixed,4140,1,3,997,8255160,9551.6
baseline,3,mixed,4140,1,4,997,8255160,9551.9
baseline,3,mixed,4140,1,5,997,8255160,9545.7
baseline,3,mixed,4140,1,6,997,8255160,9553.0
baseline,3,mixed,4140,1,7,997,8255160,9538.8
baseline,3,mixed,4140,1,8,997,8255160,9608.1
baseline,3,mixed,4140,2,0,997,6819480,8996.3
baseline,3,mixed,4140,2,1,997,6819480,9005.5
baseline,3,mixed,4140,2,2,997,6819480,8993.7
baseline,3,mixed,4140,2,3,997,6819480,8989.5
baseline,3,mixed,4140,2,4,997,6819480,8986.0
baseline,3,mixed,4140,2,5,997,6819480,8992.1
baseline,3,mixed,4140,2,6,997,6819480,9019.6
baseline,3,mixed,4140,2,7,997,6819480,9024.5
baseline,3,mixed,4140,2,8,997,6819480,8993.4
baseline,3,mixed,4140,3,0,997,7896240,10395.1
baseline,3,mixed,4140,3,1,997,7896240,10382.1
baseline,3,mixed,4140,3,2,997,7896240,10399.4
baseline,3,mixed,4140,3,3,997,7896240,10380.4
baseline,3,mixed,4140,3,4,997,7896240,10395.3
baseline,3,mixed,4140,3,5,997,7896240,10393.1
baseline,3,mixed,4140,3,6,997,7896240,10395.1
baseline,3,mixed,4140,3,7,997,7896240,10417.4
baseline,3,mixed,4140,3,8,997,7896240,10404.5
baseline,3,mixed,65550,0,0,64,8755200,131793.0
baseline,3,mixed,65550,0,1,64,8755200,131897.8
baseline,3,mixed,65550,0,2,64,8755200,131905.6
baseline,3,mixed,65550,0,3,64,8755200,132630.9
baseline,3,mixed,65550,0,4,64,8755200,131990.2
baseline,3,mixed,65550,0,5,64,8755200,131818.4
baseline,3,mixed,65550,0,6,64,8755200,131876.3
baseline,3,mixed,65550,0,7,64,8755200,132281.2
baseline,3,mixed,65550,0,8,64,8755200,132082.7
baseline,3,mixed,65550,1,0,64,8390400,150855.5
baseline,3,mixed,65550,1,1,64,8390400,151097.0
baseline,3,mixed,65550,1,2,64,8390400,150927.7
baseline,3,mixed,65550,1,3,64,8390400,150849.0
baseline,3,mixed,65550,1,4,64,8390400,150911.5
baseline,3,mixed,65550,1,5,64,8390400,150771.5
baseline,3,mixed,65550,1,6,64,8390400,151090.5
baseline,3,mixed,65550,1,7,64,8390400,150918.6
baseline,3,mixed,65550,1,8,64,8390400,150844.4
baseline,3,mixed,65550,2,0,64,6931200,141841.8
baseline,3,mixed,65550,2,1,64,6931200,141746.7
baseline,3,mixed,65550,2,2,64,6931200,141804.0
baseline,3,mixed,65550,2,3,64,6931200,142000.0
baseline,3,mixed,65550,2,4,64,6931200,142409.5
baseline,3,mixed,65550,2,5,64,6931200,141732.4
baseline,3,mixed,65550,2,6,64,6931200,142711.6
baseline,3,mixed,65550,2,7,64,6931200,142012.4
baseline,3,mixed,65550,2,8,64,6931200,141864.6
baseline,3,mixed,65550,3,0,64,8025600,164319.7
baseline,3,mixed,65550,3,1,64,8025600,164295.6
baseline,3,mixed,65550,3,2,64,8025600,164274.8
baseline,3,mixed,65550,3,3,64,8025600,164588.5
baseline,3,mixed,65550,3,4,64,8025600,164475.2
baseline,3,mixed,65550,3,5,64,8025600,164419.9
baseline,3,mixed,65550,3,6,64,8025600,164119.8
baseline,3,mixed,65550,3,7,64,8025600,164334.6
baseline,3,mixed,65550,3,8,64,8025600,164431.0
baseline,3,unreserved,1,0,0,64527,64527,13.0
baseline,3,unreserved,1,0,1,64527,64527,12.8
baseline,3,unreserved,1,0,2,64527,64527,12.8
baseline,3,unreserved,1,0,3,64527,64527,12.8
baseline,3,unreserved,1,0,4,64527,64527,12.8
baseline,3,unreserved,1,0,5,64527,64527,12.8
baseline,3,unreserved,1,0,6,64527,64527,12.8
baseline,3,unreserved,1,0,7,64527,64527,12.8
baseline,3,unreserved,1,0,8,64527,64527,12.8
baseline,3,unreserved,1,1,0,64527,64527,12.8
baseline,3,unreserved,1,1,1,64527,64527,12.8
baseline,3,unreserved,1,1,2,64527,64527,12.8
baseline,3,unreserved,1,1,3,64527,64527,12.9
baseline,3,unreserved,1,1,4,64527,64527,12.8
baseline,3,unreserved,1,1,5,64527,64527,12.8
baseline,3,unreserved,1,1,6,64527,64527,12.8
baseline,3,unreserved,1,1,7,64527,64527,12.8
baseline,3,unreserved,1,1,8,64527,64527,12.8
baseline,3,unreserved,1,2,0,64527,64527,15.4
baseline,3,unreserved,1,2,1,64527,64527,15.4
baseline,3,unreserved,1,2,2,64527,64527,15.5
baseline,3,unreserved,1,2,3,64527,64527,15.4
baseline,3,unreserved,1,2,4,64527,64527,15.5
baseline,3,unreserved,1,2,5,64527,64527,15.4
baseline,3,unreserved,1,2,6,64527,64527,15.4
baseline,3,unreserved,1,2,7,64527,64527,15.4
baseline,3,unreserved,1,2,8,64527,64527,15.4
baseline,3,unreserved,1,3,0,64527,64527,13.5
baseline,3,unreserved,1,3,1,64527,64527,13.4
baseline,3,unreserved,1,3,2,64527,64527,13.4
baseline,3,unreserved,1,3,3,64527,64527,13.4
baseline,3,unreserved,1,3,4,64527,64527,13.4
baseline,3,unreserved,1,3,5,64527,64527,13.4
baseline,3,unreserved,1,3,6,64527,64527,13.4
baseline,3,unreserved,1,3,7,64527,64527,13.5
baseline,3,unreserved,1,3,8,64527,64527,13.5
baseline,3,unreserved,8,0,0,58254,466032,22.1
baseline,3,unreserved,8,0,1,58254,466032,22.1
baseline,3,unreserved,8,0,2,58254,466032,22.1
baseline,3,unreserved,8,0,3,58254,466032,22.1
baseline,3,unreserved,8,0,4,58254,466032,22.1
baseline,3,unreserved,8,0,5,58254,466032,22.2
baseline,3,unreserved,8,0,6,58254,466032,22.4
baseline,3,unreserved,8,0,7,58254,466032,22.1
baseline,3,unreserved,8,0,8,58254,466032,22.2
baseline,3,unreserved,8,1,0,58254,466032,26.1
baseline,3,unreserved,8,1,1,58254,466032,26.2
baseline,3,unreserved,8,1,2,58254,466032,26.1
baseline,3,unreserved,8,1,3,58254,466032,26.1
baseline,3,unreserved,8,1,4,58254,466032,26.0
baseline,3,unreserved,8,1,5,58254,466032,26.0
baseline,3,unreserved,8,1,6,58254,466032,26.0
baseline,3,unreserved,8,1,7,58254,466032,26.0
baseline,3,unreserved,8,1,8,58254,466032,26.1
baseline,3,unreserved,8,2,0,58254,466032,30.1
baseline,3,unreserved,8,2,1,58254,466032,30.1
baseline,3,unreserved,8,2,2,58254,466032,30.0
baseline,3,unreserved,8,2,3,58254,466032,30.1
baseline,3,unreserved,8,2,4,58254,466032,30.4
baseline,3,unreserved,8,2,5,58254,466032,30.0
baseline,3,unreserved,8,2,6,58254,466032,30.0
baseline,3,unreserved,8,2,7,58254,466032,30.1
baseline,3,unreserved,8,2,8,58254,466032,30.0
baseline,3,unreserved,8,3,0,58254,466032,27.3
baseline,3,unreserved,8,3,1,58254,466032,27.2
baseline,3,unreserved,8,3,2,58254,466032,27.2
baseline,3,unreserved,8,3,3,58254,466032,28.1
baseline,3,unreserved,8,3,4,58254,466032,27.4
baseline,3,unreserved,8,3,5,58254,466032,27.2
baseline,3,unreserved,8,3,6,58254,466032,27.3
baseline,3,unreserved,8,3,7,58254,466032,27.3
baseline,3,unreserved,8,3,8,58254,466032,27.2
baseline,3,unreserved,64,0,0,32768,2097152,101.4
baseline,3,unreserved,64,0,1,32768,2097152,97.6
baseline,3,unreserved,64,0,2,32768,2097152,97.2
baseline,3,unreserved,64,0,3,32768,2097152,99.5
baseline,3,unreserved,64,0,4,32768,2097152,97.8
baseline,3,unreserved,64,0,5,32768,2097152,97.5
baseline,3,unreserved,64,0,6,32768,2097152,97.6
baseline,3,unreserved,64,0,7,32768,2097152,97.8
baseline,3,unreserved,64,0,8,32768,2097152,97.7
baseline,3,unreserved,64,1,0,32768,2097152,124.8
baseline,3,unreserved,64,1,1,32768,2097152,125.3
baseline,3,unreserved,64,1,2,32768,2097152,124.5
baseline,3,unreserved,64,1,3,32768,2097152,124.6
baseline,3,unreserved,64,1,4,32768,2097152,124.7
baseline,3,unreserved,64,1,5,32768,2097152,124.5
baseline,3,unreserved,64,1,6,32768,2097152,124.8
baseline,3,unreserved,64,1,7,32768,2097152,124.5
baseline,3,unreserved,64,1,8,32768,2097152,124.4
baseline,3,unreserved,64,2,0,32768,2097152,145.9
baseline,3,unreserved,64,2,1,32768,2097152,146.1
baseline,3,unreserved,64,2,2,32768,2097152,145.9
baseline,3,unreserved,64,2,3,32768,2097152,151.5
baseline,3,unreserved,64,2,4,32768,2097152,147.8
baseline,3,unreserved,64,2,5,32768,2097152,146.3
baseline,3,unreserved,64,2,6,32768,2097152,145.8
baseline,3,unreserved,64,2,7,32768,2097152,145.8
baseline,3,unreserved,64,2,8,32768,2097152,145.9
baseline,3,unreserved,64,3,0,32768,2097152,139.2
baseline,3,unreserved,64,3,1,32768,2097152,139.3
baseline,3,unreserved,64,3,2,32768,2097152,139.5
baseline,3,unreserved,64,3,3,32768,2097152,139.3
baseline,3,unreserved,64,3,4,32768,2097152,139.5
baseline,3,unreserved,64,3,5,32768,2097152,139.2
baseline,3,unreserved,64,3,6,32768,2097152,139.3
baseline,3,unreserved,64,3,7,32768,2097152,139.3
baseline,3,unreserved,64,3,8,32768,2097152,139.8
baseline,3,unreserved,4096,0,0,1008,4128768,5379.4
baseline,3,unreserved,4096,0,1,1008,4128768,5387.9
baseline,3,unreserved,4096,0,2,1008,4128768,5385.0
baseline,3,unreserved,4096,0,3,1008,4128768,5383.4
baseline,3,unreserved,4096,0,4,1008,4128768,5377.3
baseline,3,unreserved,4096,0,5,1008,4128768,5416.8
baseline,3,unreserved,4096,0,6,1008,4128768,5387.8
baseline,3,unreserved,4096,0,7,1008,4128768,5383.1
baseline,3,unreserved,4096,0,8,1008,4128768,5438.0
baseline,3,unreserved,4096,1,0,1008,4128768,6667.8
baseline,3,unreserved,4096,1,1,1008,4128768,6658.8
baseline,3,unreserved,4096,1,2,1008,4128768,6678.7
baseline,3,unreserved,4096,1,3,1008,4128768,6665.4
baseline,3,unreserved,4096,1,4,1008,4128768,6668.3
baseline,3,unreserved,4096,1,5,1008,4128768,6676.5
baseline,3,unreserved,4096,1,6,1008,4128768,6659.0
baseline,3,unreserved,4096,1,7,1008,4128768,6666.8
baseline,3,unreserved,4096,1,8,1008,4128768,6660.4
baseline,3,unreserved,4096,2,0,1008,4128768,7834.7
baseline,3,unreserved,4096,2,1,1008,4128768,7825.5
baseline,3,unreserved,4096,2,2,1008,4128768,7851.0
baseline,3,unreserved,4096,2,3,1008,4128768,7826.0
baseline,3,unreserved,4096,2,4,1008,4128768,7823.0
baseline,3,unreserved,4096,2,5,1008,4128768,7830.4
baseline,3,unreserved,4096,2,6,1008,4128768,7818.5
baseline,3,unreserved,4096,2,7,1008,4128768,7840.3
baseline,3,unreserved,4096,2,8,1008,4128768,7836.5
baseline,3,unreserved,4096,3,0,1008,4128768,7978.7
baseline,3,unreserved,4096,3,1,1008,4128768,7952.0
baseline,3,unreserved,4096,3,2,1008,4128768,7973.4
baseline,3,unreserved,4096,3,3,1008,4128768,7981.8
baseline,3,unreserved,4096,3,4,1008,4128768,7968.7
baseline,3,unreserved,4096,3,5,1008,4128768,7971.9
baseline,3,unreserved,4096,3,6,1008,4128768,8018.0
baseline,3,unreserved,4096,3,7,1008,4128768,7975.2
baseline,3,unreserved,4096,3,8,1008,4128768,7976.2
baseline,3,unreserved,65536,0,0,64,4194304,86365.9
baseline,3,unreserved,65536,0,1,64,4194304,87522.1
baseline,3,unreserved,65536,0,2,64,4194304,86363.3
baseline,3,unreserved,65536,0,3,64,4194304,86502.6
baseline,3,unreserved,65536,0,4,64,4194304,86638.0
baseline,3,unreserved,65536,0,5,64,4194304,86727.9
baseline,3,unreserved,65536,0,6,64,4194304,87066.4
baseline,3,unreserved,65536,0,7,64,4194304,86345.0
baseline,3,unreserved,65536,0,8,64,4194304,86872.4
baseline,3,unreserved,65536,1,0,64,4194304,108477.2
baseline,3,unreserved,65536,1,1,64,4194304,108851.6
baseline,3,unreserved,65536,1,2,64,4194304,108409.5
baseline,3,unreserved,65536,1,3,64,4194304,109314.5
baseline,3,unreserved,65536,1,4,64,4194304,108438.2
baseline,3,unreserved,65536,1,5,64,4194304,108100.2
baseline,3,unreserved,65536,1,6,64,4194304,108382.8
baseline,3,unreserved,65536,1,7,64,4194304,108167.3
baseline,3,unreserved,65536,1,8,64,4194304,108690.1
baseline,3,unreserved,65536,2,0,64,4194304,126921.9
baseline,3,unreserved,65536,2,1,64,4194304,126947.3
baseline,3,unreserved,65536,2,2,64,4194304,125804.0
baseline,3,unreserved,65536,2,3,64,4194304,125829.4
baseline,3,unreserved,65536,2,4,64,4194304,126029.3
baseline,3,unreserved,65536,2,5,64,4194304,125654.9
baseline,3,unreserved,65536,2,6,64,4194304,125548.2
baseline,3,unreserved,65536,2,7,64,4194304,125713.5
baseline,3,unreserved,65536,2,8,64,4194304,125625.0
baseline,3,unreserved,65536,3,0,64,4194304,126742.2
baseline,3,unreserved,65536,3,1,64,4194304,126726.6
baseline,3,unreserved,65536,3,2,64,4194304,126737.0
baseline,3,unreserved,65536,3,3,64,4194304,127199.9
baseline,3,unreserved,65536,3,4,64,4194304,126796.2
baseline,3,unreserved,65536,3,5,64,4194304,126898.4
baseline,3,unreserved,65536,3,6,64,4194304,126697.9
baseline,3,unreserved,65536,3,7,64,4194304,127066.4
baseline,3,unreserved,65536,3,8,64,4194304,127266.3
baseline,3,dense,4,0,0,61680,740160,21.8
baseline,3,dense,4,0,1,61680,740160,21.6
baseline,3,dense,4,0,2,61680,740160,21.6
baseline,3,dense,4,0,3,61680,740160,21.6
baseline,3,dense,4,0,4,61680,740160,21.6
baseline,3,dense,4,0,5,61680,740160,21.8
baseline,3,dense,4,0,6,61680,740160,21.8
baseline,3,dense,4,0,7,61680,740160,21.9
baseline,3,dense,4,0,8,61680,740160,21.6
baseline,3,dense,4,1,0,61680,616800,22.5
baseline,3,dense,4,1,1,61680,616800,22.4
baseline,3,dense,4,1,2,61680,616800,22.5
baseline,3,dense,4,1,3,61680,616800,22.8
baseline,3,dense,4,1,4,61680,616800,22.7
baseline,3,dense,4,1,5,61680,616800,22.9
baseline,3,dense,4,1,6,61680,616800,22.6
baseline,3,dense,4,1,7,61680,616800,22.6
baseline,3,dense,4,1,8,61680,616800,22.4
baseline,3,dense,4,2,0,61680,246720,22.5
baseline,3,dense,4,2,1,61680,246720,22.3
baseline,3,dense,4,2,2,61680,246720,22.3
baseline,3,dense,4,2,3,61680,246720,22.9
baseline,3,dense,4,2,4,61680,246720,23.3
baseline,3,dense,4,2,5,61680,246720,21.6
baseline,3,dense,4,2,6,61680,246720,21.7
baseline,3,dense,4,2,7,61680,246720,21.7
baseline,3,dense,4,2,8,61680,246720,22.8
baseline,3,dense,4,3,0,61680,616800,23.1
baseline,3,dense,4,3,1,61680,616800,23.9
baseline,3,dense,4,3,2,61680,616800,23.1
baseline,3,dense,4,3,3,61680,616800,23.8
baseline,3,dense,4,3,4,61680,616800,23.2
baseline,3,dense,4,3,5,61680,616800,23.2
baseline,3,dense,4,3,6,61680,616800,23.2
baseline,3,dense,4,3,7,61680,616800,23.1
baseline,3,dense,4,3,8,61680,616800,23.3
baseline,3,dense,8,0,0,58254,1398096,32.2
baseline,3,dense,8,0,1,58254,1398096,31.9
baseline,3,dense,8,0,2,58254,1398096,32.1
baseline,3,dense,8,0,3,58254,1398096,32.1
baseline,3,dense,8,0,4,58254,1398096,32.0
baseline,3,dense,8,0,5,58254,1398096,32.1
baseline,3,dense,8,0,6,58254,1398096,32.2
baseline,3,dense,8,0,7,58254,1398096,31.9
baseline,3,dense,8,0,8,58254,1398096,31.9
baseline,3,dense,8,1,0,58254,1165080,34.6
baseline,3,dense,8,1,1,58254,1165080,34.3
baseline,3,dense,8,1,2,58254,1165080,34.2
baseline,3,dense,8,1,3,58254,1165080,34.2
baseline,3,dense,8,1,4,58254,1165080,34.1
baseline,3,dense,8,1,5,58254,1165080,34.3
baseline,3,dense,8,1,6,58254,1165080,34.3
baseline,3,dense,8,1,7,58254,1165080,34.1
baseline,3,dense,8,1,8,58254,1165080,34.1
baseline,3,dense,8,2,0,58254,466032,29.8
baseline,3,dense,8,2,1,58254,466032,30.0
baseline,3,dense,8,2,2,58254,466032,30.2
baseline,3,dense,8,2,3,58254,466032,29.9
baseline,3,dense,8,2,4,58254,466032,29.8
baseline,3,dense,8,2,5,58254,466032,29.8
baseline,3,dense,8,2,6,58254,466032,29.8
baseline,3,dense,8,2,7,58254,466032,29.8
baseline,3,dense,8,2,8,58254,466032,30.1
baseline,3,dense,8,3,0,58254,1165080,34.4
baseline,3,dense,8,3,1,58254,1165080,34.5
baseline,3,dense,8,3,2,58254,1165080,34.3
baseline,3,dense,8,3,3,58254,1165080,34.4
baseline,3,dense,8,3,4,58254,1165080,34.2
baseline,3,dense,8,3,5,58254,1165080,34.5
baseline,3,dense,8,3,6,58254,1165080,34.6
baseline,3,dense,8,3,7,58254,1165080,34.4
baseline,3,dense,8,3,8,58254,1165080,34.4
baseline,3,dense,64,0,0,32768,6291456,175.3
baseline,3,dense,64,0,1,32768,6291456,175.6
baseline,3,dense,64,0,2,32768,6291456,177.4
baseline,3,dense,64,0,3,32768,6291456,176.0
baseline,3,dense,64,0,4,32768,6291456,175.6
baseline,3,dense,64,0,5,32768,6291456,176.1
baseline,3,dense,64,0,6,32768,6291456,175.8
baseline,3,dense,64,0,7,32768,6291456,175.9
baseline,3,dense,64,0,8,32768,6291456,175.2
baseline,3,dense,64,1,0,32768,5242880,193.3
baseline,3,dense,64,1,1,32768,5242880,192.4
baseline,3,dense,64,1,2,32768,5242880,192.5
baseline,3,dense,64,1,3,32768,5242880,192.9
baseline,3,dense,64,1,4,32768,5242880,193.0
baseline,3,dense,64,1,5,32768,5242880,192.5
baseline,3,dense,64,1,6,32768,5242880,194.7
baseline,3,dense,64,1,7,32768,5242880,192.6
baseline,3,dense,64,1,8,32768,5242880,193.8
baseline,3,dense,64,2,0,32768,2097152,150.1
baseline,3,dense,64,2,1,32768,2097152,149.3
baseline,3,dense,64,2,2,32768,2097152,149.3
baseline,3,dense,64,2,3,32768,2097152,149.2
baseline,3,dense,64,2,4,32768,2097152,148.7
baseline,3,dense,64,2,5,32768,2097152,150.0
baseline,3,dense,64,2,6,32768,2097152,149.0
baseline,3,dense,64,2,7,32768,2097152,148.8
baseline,3,dense,64,2,8,32768,2097152,149.9
baseline,3,dense,64,3,0,32768,5242880,194.0
baseline,3,dense,64,3,1,32768,5242880,193.9
baseline,3,dense,64,3,2,32768,5242880,193.7
baseline,3,dense,64,3,3,32768,5242880,193.0
baseline,3,dense,64,3,4,32768,5242880,193.8
baseline,3,dense,64,3,5,32768,5242880,193.2
baseline,3,dense,64,3,6,32768,5242880,193.4
baseline,3,dense,64,3,7,32768,5242880,193.5
baseline,3,dense,64,3,8,32768,5242880,193.2
baseline,3,dense,4096,0,0,1008,12386304,11076.9
baseline,3,dense,4096,0,1,1008,12386304,10675.6
baseline,3,dense,4096,0,2,1008,12386304,10583.5
baseline,3,dense,4096,0,3,1008,12386304,10550.7
baseline,3,dense,4096,0,4,1008,12386304,10547.9
baseline,3,dense,4096,0,5,1008,12386304,10528.3
baseline,3,dense,4096,0,6,1008,12386304,10512.8
baseline,3,dense,4096,0,7,1008,12386304,10546.5
baseline,3,dense,4096,0,8,1008,12386304,10523.4
baseline,3,dense,4096,1,0,1008,10321920,11178.9
baseline,3,dense,4096,1,1,1008,10321920,11156.0
baseline,3,dense,4096,1,2,1008,10321920,11122.9
baseline,3,dense,4096,1,3,1008,10321920,11136.4
baseline,3,dense,4096,1,4,1008,10321920,11121.6
baseline,3,dense,4096,1,5,1008,10321920,11112.9
baseline,3,dense,4096,1,6,1008,10321920,11110.5
baseline,3,dense,4096,1,7,1008,10321920,11127.4
baseline,3,dense,4096,1,8,1008,10321920,11172.7
baseline,3,dense,4096,2,0,1008,4128768,8001.7
baseline,3,dense,4096,2,1,1008,4128768,8029.6
baseline,3,dense,4096,2,2,1008,4128768,8060.4
baseline,3,dense,4096,2,3,1008,4128768,8015.8
baseline,3,dense,4096,2,4,1008,4128768,8012.4
baseline,3,dense,4096,2,5,1008,4128768,8018.2
baseline,3,dense,4096,2,6,1008,4128768,8094.9
baseline,3,dense,4096,2,7,1008,4128768,8080.3
baseline,3,dense,4096,2,8,1008,4128768,8080.2
baseline,3,dense,4096,3,0,1008,10321920,11124.9
baseline,3,dense,4096,3,1,1008,10321920,11129.3
baseline,3,dense,4096,3,2,1008,10321920,11117.7
baseline,3,dense,4096,3,3,1008,10321920,11203.2
baseline,3,dense,4096,3,4,1008,10321920,11140.2
baseline,3,dense,4096,3,5,1008,10321920,11122.2
baseline,3,dense,4096,3,6,1008,10321920,11126.2
baseline,3,dense,4096,3,7,1008,10321920,11121.8
baseline,3,dense,4096,3,8,1008,10321920,11104.0
baseline,3,dense,65536,0,0,64,12582912,168823.6
baseline,3,dense,65536,0,1,64,12582912,169210.3
baseline,3,dense,65536,0,2,64,12582912,168102.2
baseline,3,dense,65536,0,3,64,12582912,168632.8
baseline,3,dense,65536,0,4,64,12582912,168199.2
baseline,3,dense,65536,0,5,64,12582912,168757.2
baseline,3,dense,65536,0,6,64,12582912,170000.7
baseline,3,dense,65536,0,7,64,12582912,168703.8
baseline,3,dense,65536,0,8,64,12582912,168158.8
baseline,3,dense,65536,1,0,64,10485760,178192.1
baseline,3,dense,65536,1,1,64,10485760,178181.0
baseline,3,dense,65536,1,2,64,10485760,180186.8
baseline,3,dense,65536,1,3,64,10485760,177750.0
baseline,3,dense,65536,1,4,64,10485760,177269.5
baseline,3,dense,65536,1,5,64,10485760,177140.0
baseline,3,dense,65536,1,6,64,10485760,177263.7
baseline,3,dense,65536,1,7,64,10485760,177019.5
baseline,3,dense,65536,1,8,64,10485760,177386.1
baseline,3,dense,65536,2,0,64,4194304,128664.1
baseline,3,dense,65536,2,1,64,4194304,129449.2
baseline,3,dense,65536,2,2,64,4194304,127697.9
baseline,3,dense,65536,2,3,64,4194304,128597.0
baseline,3,dense,65536,2,4,64,4194304,128172.5
baseline,3,dense,65536,2,5,64,4194304,127852.2
baseline,3,dense,65536,2,6,64,4194304,128199.2
baseline,3,dense,65536,2,7,64,4194304,128157.6
baseline,3,dense,65536,2,8,64,4194304,128534.5
baseline,3,dense,65536,3,0,64,10485760,177268.2
baseline,3,dense,65536,3,1,64,10485760,177197.3
baseline,3,dense,65536,3,2,64,10485760,177239.6
baseline,3,dense,65536,3,3,64,10485760,177235.7
baseline,3,dense,65536,3,4,64,10485760,177223.3
baseline,3,dense,65536,3,5,64,10485760,177180.3
baseline,3,dense,65536,3,6,64,10485760,178168.0
baseline,3,dense,65536,3,7,64,10485760,177291.7
baseline,3,dense,65536,3,8,64,10485760,177259.8
