run,arm,input,input_bytes,kind,trial,calls,output_bytes,ns_per_call
0,baseline,plain,0,0,0,65536,0,3.5
0,baseline,plain,0,0,1,65536,0,3.5
0,baseline,plain,0,0,2,65536,0,3.5
0,baseline,plain,0,0,3,65536,0,3.5
0,baseline,plain,0,0,4,65536,0,3.5
0,baseline,plain,0,0,5,65536,0,3.7
0,baseline,plain,0,0,6,65536,0,3.5
0,baseline,plain,0,0,7,65536,0,3.5
0,baseline,plain,0,0,8,65536,0,3.5
0,baseline,plain,0,1,0,65536,0,4.0
0,baseline,plain,0,1,1,65536,0,3.8
0,baseline,plain,0,1,2,65536,0,3.7
0,baseline,plain,0,1,3,65536,0,3.7
0,baseline,plain,0,1,4,65536,0,3.7
0,baseline,plain,0,1,5,65536,0,5.0
0,baseline,plain,0,1,6,65536,0,3.7
0,baseline,plain,0,1,7,65536,0,3.9
0,baseline,plain,0,1,8,65536,0,3.7
0,baseline,plain,0,2,0,65536,0,5.4
0,baseline,plain,0,2,1,65536,0,5.4
0,baseline,plain,0,2,2,65536,0,5.4
0,baseline,plain,0,2,3,65536,0,5.4
0,baseline,plain,0,2,4,65536,0,5.4
0,baseline,plain,0,2,5,65536,0,5.6
0,baseline,plain,0,2,6,65536,0,5.8
0,baseline,plain,0,2,7,65536,0,5.7
0,baseline,plain,0,2,8,65536,0,5.5
0,baseline,plain,0,3,0,65536,0,3.5
0,baseline,plain,0,3,1,65536,0,3.5
0,baseline,plain,0,3,2,65536,0,3.5
0,baseline,plain,0,3,3,65536,0,3.8
0,baseline,plain,0,3,4,65536,0,3.9
0,baseline,plain,0,3,5,65536,0,3.5
0,baseline,plain,0,3,6,65536,0,3.5
0,baseline,plain,0,3,7,65536,0,3.5
0,baseline,plain,0,3,8,65536,0,3.5
0,baseline,plain,30,0,0,44620,1427840,42.1
0,baseline,plain,30,0,1,44620,1427840,41.5
0,baseline,plain,30,0,2,44620,1427840,41.9
0,baseline,plain,30,0,3,44620,1427840,43.8
0,baseline,plain,30,0,4,44620,1427840,43.0
0,baseline,plain,30,0,5,44620,1427840,42.5
0,baseline,plain,30,0,6,44620,1427840,42.5
0,baseline,plain,30,0,7,44620,1427840,45.5
0,baseline,plain,30,0,8,44620,1427840,42.7
0,baseline,plain,30,1,0,44620,1338600,48.3
0,baseline,plain,30,1,1,44620,1338600,47.8
0,baseline,plain,30,1,2,44620,1338600,47.3
0,baseline,plain,30,1,3,44620,1338600,47.7
0,baseline,plain,30,1,4,44620,1338600,48.4
0,baseline,plain,30,1,5,44620,1338600,52.9
0,baseline,plain,30,1,6,44620,1338600,60.0
0,baseline,plain,30,1,7,44620,1338600,48.5
0,baseline,plain,30,1,8,44620,1338600,48.0
0,baseline,plain,30,2,0,44620,1338600,40.3
0,baseline,plain,30,2,1,44620,1338600,44.6
0,baseline,plain,30,2,2,44620,1338600,37.0
0,baseline,plain,30,2,3,44620,1338600,37.2
0,baseline,plain,30,2,4,44620,1338600,37.2
0,baseline,plain,30,2,5,44620,1338600,36.8
0,baseline,plain,30,2,6,44620,1338600,39.8
0,baseline,plain,30,2,7,44620,1338600,37.0
0,baseline,plain,30,2,8,44620,1338600,38.2
0,baseline,plain,30,3,0,44620,1427840,51.4
0,baseline,plain,30,3,1,44620,1427840,55.1
0,baseline,plain,30,3,2,44620,1427840,53.4
0,baseline,plain,30,3,3,44620,1427840,51.8
0,baseline,plain,30,3,4,44620,1427840,51.7
0,baseline,plain,30,3,5,44620,1427840,53.0
0,baseline,plain,30,3,6,44620,1427840,53.3
0,baseline,plain,30,3,7,44620,1427840,49.6
0,baseline,plain,30,3,8,44620,1427840,51.0
0,baseline,plain,90,0,0,27235,2614560,137.2
0,baseline,plain,90,0,1,27235,2614560,124.2
0,baseline,plain,90,0,2,27235,2614560,131.7
0,baseline,plain,90,0,3,27235,2614560,122.6
0,baseline,plain,90,0,4,27235,2614560,128.5
0,baseline,plain,90,0,5,27235,2614560,135.5
0,baseline,plain,90,0,6,27235,2614560,126.9
0,baseline,plain,90,0,7,27235,2614560,122.1
0,baseline,plain,90,0,8,27235,2614560,122.5
0,baseline,plain,90,1,0,27235,2451150,140.4
0,baseline,plain,90,1,1,27235,2451150,139.6
0,baseline,plain,90,1,2,27235,2451150,140.5
0,baseline,plain,90,1,3,27235,2451150,140.9
0,baseline,plain,90,1,4,27235,2451150,140.2
0,baseline,plain,90,1,5,27235,2451150,140.7
0,baseline,plain,90,1,6,27235,2451150,141.2
0,baseline,plain,90,1,7,27235,2451150,141.6
0,baseline,plain,90,1,8,27235,2451150,140.6
0,baseline,plain,90,2,0,27235,2451150,90.2
0,baseline,plain,90,2,1,27235,2451150,89.7
0,baseline,plain,90,2,2,27235,2451150,89.0
0,baseline,plain,90,2,3,27235,2451150,91.8
0,baseline,plain,90,2,4,27235,2451150,87.1
0,baseline,plain,90,2,5,27235,2451150,88.1
0,baseline,plain,90,2,6,27235,2451150,88.2
0,baseline,plain,90,2,7,27235,2451150,91.3
0,baseline,plain,90,2,8,27235,2451150,87.4
0,baseline,plain,90,3,0,27235,2614560,140.1
0,baseline,plain,90,3,1,27235,2614560,142.4
0,baseline,plain,90,3,2,27235,2614560,138.3
0,baseline,plain,90,3,3,27235,2614560,139.1
0,baseline,plain,90,3,4,27235,2614560,138.1
0,baseline,plain,90,3,5,27235,2614560,141.5
0,baseline,plain,90,3,6,27235,2614560,143.8
0,baseline,plain,90,3,7,27235,2614560,145.1
0,baseline,plain,90,3,8,27235,2614560,144.7
0,baseline,plain,4110,0,0,1004,4401536,4754.2
0,baseline,plain,4110,0,1,1004,4401536,4757.9
0,baseline,plain,4110,0,2,1004,4401536,4732.3
0,baseline,plain,4110,0,3,1004,4401536,5022.1
0,baseline,plain,4110,0,4,1004,4401536,4772.0
0,baseline,plain,4110,0,5,1004,4401536,4765.4
0,baseline,plain,4110,0,6,1004,4401536,4741.1
0,baseline,plain,4110,0,7,1004,4401536,4725.9
0,baseline,plain,4110,0,8,1004,4401536,4703.5
0,baseline,plain,4110,1,0,1004,4126440,5924.5
0,baseline,plain,4110,1,1,1004,4126440,5807.0
0,baseline,plain,4110,1,2,1004,4126440,5958.3
0,baseline,plain,4110,1,3,1004,4126440,5748.2
0,baseline,plain,4110,1,4,1004,4126440,5948.1
0,baseline,plain,4110,1,5,1004,4126440,6195.5
0,baseline,plain,4110,1,6,1004,4126440,5849.3
0,baseline,plain,4110,1,7,1004,4126440,6436.2
0,baseline,plain,4110,1,8,1004,4126440,5789.0
0,baseline,plain,4110,2,0,1004,4126440,3888.0
0,baseline,plain,4110,2,1,1004,4126440,3693.4
0,baseline,plain,4110,2,2,1004,4126440,3703.5
0,baseline,plain,4110,2,3,1004,4126440,3588.7
0,baseline,plain,4110,2,4,1004,4126440,3696.4
0,baseline,plain,4110,2,5,1004,4126440,3660.8
0,baseline,plain,4110,2,6,1004,4126440,3747.4
0,baseline,plain,4110,2,7,1004,4126440,3577.5
0,baseline,plain,4110,2,8,1004,4126440,3829.5
0,baseline,plain,4110,3,0,1004,4401536,5936.3
0,baseline,plain,4110,3,1,1004,4401536,5946.4
0,baseline,plain,4110,3,2,1004,4401536,5953.9
0,baseline,plain,4110,3,3,1004,4401536,5878.5
0,baseline,plain,4110,3,4,1004,4401536,6131.9
0,baseline,plain,4110,3,5,1004,4401536,5916.1
0,baseline,plain,4110,3,6,1004,4401536,6117.2
0,baseline,plain,4110,3,7,1004,4401536,5763.4
0,baseline,plain,4110,3,8,1004,4401536,5777.4
0,baseline,plain,65550,0,0,64,4474880,74247.6
0,baseline,plain,65550,0,1,64,4474880,75581.9
0,baseline,plain,65550,0,2,64,4474880,74785.6
0,baseline,plain,65550,0,3,64,4474880,74216.8
0,baseline,plain,65550,0,4,64,4474880,74731.2
0,baseline,plain,65550,0,5,64,4474880,78577.5
0,baseline,plain,65550,0,6,64,4474880,74498.0
0,baseline,plain,65550,0,7,64,4474880,74674.0
0,baseline,plain,65550,0,8,64,4474880,74810.1
0,baseline,plain,65550,1,0,64,4195200,92208.5
0,baseline,plain,65550,1,1,64,4195200,97082.4
0,baseline,plain,65550,1,2,64,4195200,93498.0
0,baseline,plain,65550,1,3,64,4195200,91950.8
0,baseline,plain,65550,1,4,64,4195200,94251.0
0,baseline,plain,65550,1,5,64,4195200,92709.5
0,baseline,plain,65550,1,6,64,4195200,101711.6
0,baseline,plain,65550,1,7,64,4195200,91278.9
0,baseline,plain,65550,1,8,64,4195200,91720.2
0,baseline,plain,65550,2,0,64,4195200,56634.1
0,baseline,plain,65550,2,1,64,4195200,57995.0
0,baseline,plain,65550,2,2,64,4195200,59445.1
0,baseline,plain,65550,2,3,64,4195200,58616.1
0,baseline,plain,65550,2,4,64,4195200,58174.2
0,baseline,plain,65550,2,5,64,4195200,58236.4
0,baseline,plain,65550,2,6,64,4195200,66030.5
0,baseline,plain,65550,2,7,64,4195200,58680.6
0,baseline,plain,65550,2,8,64,4195200,59609.1
0,baseline,plain,65550,3,0,64,4474880,92536.3
0,baseline,plain,65550,3,1,64,4474880,92643.7
0,baseline,plain,65550,3,2,64,4474880,92432.9
0,baseline,plain,65550,3,3,64,4474880,92086.8
0,baseline,plain,65550,3,4,64,4474880,92326.9
0,baseline,plain,65550,3,5,64,4474880,96851.3
0,baseline,plain,65550,3,6,64,4474880,92526.3
0,baseline,plain,65550,3,7,64,4474880,92531.3
0,baseline,plain,65550,3,8,64,4474880,91575.5
0,baseline,mixed,46,0,0,38130,3660480,85.9
0,baseline,mixed,46,0,1,38130,3660480,85.8
0,baseline,mixed,46,0,2,38130,3660480,83.6
0,baseline,mixed,46,0,3,38130,3660480,82.9
0,baseline,mixed,46,0,4,38130,3660480,82.5
0,baseline,mixed,46,0,5,38130,3660480,84.7
0,baseline,mixed,46,0,6,38130,3660480,83.5
0,baseline,mixed,46,0,7,38130,3660480,82.6
0,baseline,mixed,46,0,8,38130,3660480,81.9
0,baseline,mixed,46,1,0,38130,3507960,93.5
0,baseline,mixed,46,1,1,38130,3507960,91.5
0,baseline,mixed,46,1,2,38130,3507960,91.0
0,baseline,mixed,46,1,3,38130,3507960,93.0
0,baseline,mixed,46,1,4,38130,3507960,92.4
0,baseline,mixed,46,1,5,38130,3507960,91.9
0,baseline,mixed,46,1,6,38130,3507960,91.1
0,baseline,mixed,46,1,7,38130,3507960,92.2
0,baseline,mixed,46,1,8,38130,3507960,93.0
0,baseline,mixed,46,2,0,38130,2897880,75.1
0,baseline,mixed,46,2,1,38130,2897880,75.7
0,baseline,mixed,46,2,2,38130,2897880,75.4
0,baseline,mixed,46,2,3,38130,2897880,79.4
0,baseline,mixed,46,2,4,38130,2897880,73.3
0,baseline,mixed,46,2,5,38130,2897880,75.0
0,baseline,mixed,46,2,6,38130,2897880,73.9
0,baseline,mixed,46,2,7,38130,2897880,180.4
0,baseline,mixed,46,2,8,38130,2897880,74.4
0,baseline,mixed,46,3,0,38130,3355440,81.2
0,baseline,mixed,46,3,1,38130,3355440,89.5
0,baseline,mixed,46,3,2,38130,3355440,92.8
0,baseline,mixed,46,3,3,38130,3355440,81.5
0,baseline,mixed,46,3,4,38130,3355440,84.0
0,baseline,mixed,46,3,5,38130,3355440,82.8
0,baseline,mixed,46,3,6,38130,3355440,83.2
0,baseline,mixed,46,3,7,38130,3355440,88.8
0,baseline,mixed,46,3,8,38130,3355440,84.0
0,baseline,mixed,92,0,0,26886,5162112,168.5
0,baseline,mixed,92,0,1,26886,5162112,167.2
0,baseline,mixed,92,0,2,26886,5162112,165.0
0,baseline,mixed,92,0,3,26886,5162112,167.0
0,baseline,mixed,92,0,4,26886,5162112,164.6
0,baseline,mixed,92,0,5,26886,5162112,165.4
0,baseline,mixed,92,0,6,26886,5162112,169.0
0,baseline,mixed,92,0,7,26886,5162112,162.1
0,baseline,mixed,92,0,8,26886,5162112,165.3
0,baseline,mixed,92,1,0,26886,4947024,194.8
0,baseline,mixed,92,1,1,26886,4947024,184.6
0,baseline,mixed,92,1,2,26886,4947024,181.6
0,baseline,mixed,92,1,3,26886,4947024,182.4
0,baseline,mixed,92,1,4,26886,4947024,185.0
0,baseline,mixed,92,1,5,26886,4947024,183.6
0,baseline,mixed,92,1,6,26886,4947024,194.1
0,baseline,mixed,92,1,7,26886,4947024,183.7
0,baseline,mixed,92,1,8,26886,4947024,181.2
0,baseline,mixed,92,2,0,26886,4086672,131.4
0,baseline,mixed,92,2,1,26886,4086672,129.0
0,baseline,mixed,92,2,2,26886,4086672,132.8
0,baseline,mixed,92,2,3,26886,4086672,142.4
0,baseline,mixed,92,2,4,26886,4086672,128.8
0,baseline,mixed,92,2,5,26886,4086672,137.5
0,baseline,mixed,92,2,6,26886,4086672,131.6
0,baseline,mixed,92,2,7,26886,4086672,134.0
0,baseline,mixed,92,2,8,26886,4086672,134.8
0,baseline,mixed,92,3,0,26886,4731936,180.4
0,baseline,mixed,92,3,1,26886,4731936,182.2
0,baseline,mixed,92,3,2,26886,4731936,172.2
0,baseline,mixed,92,3,3,26886,4731936,171.3
0,baseline,mixed,92,3,4,26886,4731936,172.5
0,baseline,mixed,92,3,5,26886,4731936,171.7
0,baseline,mixed,92,3,6,26886,4731936,171.7
0,baseline,mixed,92,3,7,26886,4731936,171.0
0,baseline,mixed,92,3,8,26886,4731936,174.2
0,baseline,mixed,4140,0,0,997,8614080,6884.8
0,baseline,mixed,4140,0,1,997,8614080,7004.5
0,baseline,mixed,4140,0,2,997,8614080,6966.8
0,baseline,mixed,4140,0,3,997,8614080,6831.3
0,baseline,mixed,4140,0,4,997,8614080,6971.5
0,baseline,mixed,4140,0,5,997,8614080,6804.8
0,baseline,mixed,4140,0,6,997,8614080,6868.5
0,baseline,mixed,4140,0,7,997,8614080,6855.4
0,baseline,mixed,4140,0,8,997,8614080,6816.0
0,baseline,mixed,4140,1,0,997,8255160,7727.6
0,baseline,mixed,4140,1,1,997,8255160,7814.0
0,baseline,mixed,4140,1,2,997,8255160,7753.6
0,baseline,mixed,4140,1,3,997,8255160,7846.3
0,baseline,mixed,4140,1,4,997,8255160,7799.2
0,baseline,mixed,4140,1,5,997,8255160,7905.1
0,baseline,mixed,4140,1,6,997,8255160,7811.7
0,baseline,mixed,4140,1,7,997,8255160,7776.0
0,baseline,mixed,4140,1,8,997,8255160,7716.2
0,baseline,mixed,4140,2,0,997,6819480,5163.4
0,baseline,mixed,4140,2,1,997,6819480,5163.0
0,baseline,mixed,4140,2,2,997,6819480,5227.4
0,baseline,mixed,4140,2,3,997,6819480,5159.9
0,baseline,mixed,4140,2,4,997,6819480,5191.1
0,baseline,mixed,4140,2,5,997,6819480,5254.3
0,baseline,mixed,4140,2,6,997,6819480,5317.9
0,baseline,mixed,4140,2,7,997,6819480,5186.0
0,baseline,mixed,4140,2,8,997,6819480,5230.0
0,baseline,mixed,4140,3,0,997,7896240,6787.8
0,baseline,mixed,4140,3,1,997,7896240,6949.7
0,baseline,mixed,4140,3,2,997,7896240,6953.4
0,baseline,mixed,4140,3,3,997,7896240,6913.5
0,baseline,mixed,4140,3,4,997,7896240,6854.7
0,baseline,mixed,4140,3,5,997,7896240,6998.7
0,baseline,mixed,4140,3,6,997,7896240,6891.6
0,baseline,mixed,4140,3,7,997,7896240,6868.3
0,baseline,mixed,4140,3,8,997,7896240,6911.1
0,baseline,mixed,65550,0,0,64,8755200,110853.0
0,baseline,mixed,65550,0,1,64,8755200,110701.0
0,baseline,mixed,65550,0,2,64,8755200,110856.1
0,baseline,mixed,65550,0,3,64,8755200,111965.0
0,baseline,mixed,65550,0,4,64,8755200,112314.0
0,baseline,mixed,65550,0,5,64,8755200,110826.8
0,baseline,mixed,65550,0,6,64,8755200,112060.7
0,baseline,mixed,65550,0,7,64,8755200,110730.7
0,baseline,mixed,65550,0,8,64,8755200,111178.8
0,baseline,mixed,65550,1,0,64,8390400,125003.8
0,baseline,mixed,65550,1,1,64,8390400,123667.0
0,baseline,mixed,65550,1,2,64,8390400,121081.5
0,baseline,mixed,65550,1,3,64,8390400,132841.8
0,baseline,mixed,65550,1,4,64,8390400,125139.7
0,baseline,mixed,65550,1,5,64,8390400,124435.8
0,baseline,mixed,65550,1,6,64,8390400,120883.5
0,baseline,mixed,65550,1,7,64,8390400,131843.6
0,baseline,mixed,65550,1,8,64,8390400,126259.2
0,baseline,mixed,65550,2,0,64,6931200,82815.2
0,baseline,mixed,65550,2,1,64,6931200,89242.5
0,baseline,mixed,65550,2,2,64,6931200,87156.1
0,baseline,mixed,65550,2,3,64,6931200,86279.8
0,baseline,mixed,65550,2,4,64,6931200,82668.2
0,baseline,mixed,65550,2,5,64,6931200,82312.3
0,baseline,mixed,65550,2,6,64,6931200,83069.1
0,baseline,mixed,65550,2,7,64,6931200,95767.6
0,baseline,mixed,65550,2,8,64,6931200,83841.5
0,baseline,mixed,65550,3,0,64,8025600,112507.7
0,baseline,mixed,65550,3,1,64,8025600,108314.2
0,baseline,mixed,65550,3,2,64,8025600,115211.7
0,baseline,mixed,65550,3,3,64,8025600,111437.1
0,baseline,mixed,65550,3,4,64,8025600,109430.1
0,baseline,mixed,65550,3,5,64,8025600,110001.8
0,baseline,mixed,65550,3,6,64,8025600,112948.1
0,baseline,mixed,65550,3,7,64,8025600,110830.5
0,baseline,mixed,65550,3,8,64,8025600,108412.8
0,baseline,unreserved,1,0,0,64527,64527,8.6
0,baseline,unreserved,1,0,1,64527,64527,8.6
0,baseline,unreserved,1,0,2,64527,64527,8.6
0,baseline,unreserved,1,0,3,64527,64527,8.7
0,baseline,unreserved,1,0,4,64527,64527,8.7
0,baseline,unreserved,1,0,5,64527,64527,8.7
0,baseline,unreserved,1,0,6,64527,64527,8.6
0,baseline,unreserved,1,0,7,64527,64527,8.7
0,baseline,unreserved,1,0,8,64527,64527,8.6
0,baseline,unreserved,1,1,0,64527,64527,9.2
0,baseline,unreserved,1,1,1,64527,64527,9.4
0,baseline,unreserved,1,1,2,64527,64527,9.3
0,baseline,unreserved,1,1,3,64527,64527,9.2
0,baseline,unreserved,1,1,4,64527,64527,9.2
0,baseline,unreserved,1,1,5,64527,64527,11.2
0,baseline,unreserved,1,1,6,64527,64527,9.3
0,baseline,unreserved,1,1,7,64527,64527,9.2
0,baseline,unreserved,1,1,8,64527,64527,9.4
0,baseline,unreserved,1,2,0,64527,64527,12.1
0,baseline,unreserved,1,2,1,64527,64527,11.9
0,baseline,unreserved,1,2,2,64527,64527,12.3
0,baseline,unreserved,1,2,3,64527,64527,12.0
0,baseline,unreserved,1,2,4,64527,64527,12.2
0,baseline,unreserved,1,2,5,64527,64527,12.1
0,baseline,unreserved,1,2,6,64527,64527,14.2
0,baseline,unreserved,1,2,7,64527,64527,12.2
0,baseline,unreserved,1,2,8,64527,64527,12.1
0,baseline,unreserved,1,3,0,64527,64527,8.6
0,baseline,unreserved,1,3,1,64527,64527,9.1
0,baseline,unreserved,1,3,2,64527,64527,8.6
0,baseline,unreserved,1,3,3,64527,64527,8.8
0,baseline,unreserved,1,3,4,64527,64527,8.7
0,baseline,unreserved,1,3,5,64527,64527,10.3
0,baseline,unreserved,1,3,6,64527,64527,9.1
0,baseline,unreserved,1,3,7,64527,64527,8.6
0,baseline,unreserved,1,3,8,64527,64527,9.5
0,baseline,unreserved,8,0,0,58254,466032,16.1
0,baseline,unreserved,8,0,1,58254,466032,16.1
0,baseline,unreserved,8,0,2,58254,466032,16.7
0,baseline,unreserved,8,0,3,58254,466032,17.2
0,baseline,unreserved,8,0,4,58254,466032,16.4
0,baseline,unreserved,8,0,5,58254,466032,16.4
0,baseline,unreserved,8,0,6,58254,466032,16.5
0,baseline,unreserved,8,0,7,58254,466032,16.6
0,baseline,unreserved,8,0,8,58254,466032,16.5
0,baseline,unreserved,8,1,0,58254,466032,18.2
0,baseline,unreserved,8,1,1,58254,466032,18.5
0,baseline,unreserved,8,1,2,58254,466032,18.3
0,baseline,unreserved,8,1,3,58254,466032,18.0
0,baseline,unreserved,8,1,4,58254,466032,18.2
0,baseline,unreserved,8,1,5,58254,466032,19.3
0,baseline,unreserved,8,1,6,58254,466032,19.8
0,baseline,unreserved,8,1,7,58254,466032,18.2
0,baseline,unreserved,8,1,8,58254,466032,18.6
0,baseline,unreserved,8,2,0,58254,466032,18.4
0,baseline,unreserved,8,2,1,58254,466032,19.0
0,baseline,unreserved,8,2,2,58254,466032,18.5
0,baseline,unreserved,8,2,3,58254,466032,19.9
0,baseline,unreserved,8,2,4,58254,466032,22.8
0,baseline,unreserved,8,2,5,58254,466032,21.2
0,baseline,unreserved,8,2,6,58254,466032,23.7
0,baseline,unreserved,8,2,7,58254,466032,21.2
0,baseline,unreserved,8,2,8,58254,466032,20.8
0,baseline,unreserved,8,3,0,58254,466032,17.8
0,baseline,unreserved,8,3,1,58254,466032,18.4
0,baseline,unreserved,8,3,2,58254,466032,18.8
0,baseline,unreserved,8,3,3,58254,466032,19.1
0,baseline,unreserved,8,3,4,58254,466032,18.9
0,baseline,unreserved,8,3,5,58254,466032,18.7
0,baseline,unreserved,8,3,6,58254,466032,18.6
0,baseline,unreserved,8,3,7,58254,466032,19.2
0,baseline,unreserved,8,3,8,58254,466032,19.5
0,baseline,unreserved,64,0,0,32768,2097152,82.2
0,baseline,unreserved,64,0,1,32768,2097152,82.9
0,baseline,unreserved,64,0,2,32768,2097152,81.9
0,baseline,unreserved,64,0,3,32768,2097152,82.5
0,baseline,unreserved,64,0,4,32768,2097152,81.8
0,baseline,unreserved,64,0,5,32768,2097152,83.6
0,baseline,unreserved,64,0,6,32768,2097152,83.0
0,baseline,unreserved,64,0,7,32768,2097152,82.9
0,baseline,unreserved,64,0,8,32768,2097152,82.5
0,baseline,unreserved,64,1,0,32768,2097152,108.4
0,baseline,unreserved,64,1,1,32768,2097152,104.8
0,baseline,unreserved,64,1,2,32768,2097152,102.8
0,baseline,unreserved,64,1,3,32768,2097152,103.0
0,baseline,unreserved,64,1,4,32768,2097152,102.8
0,baseline,unreserved,64,1,5,32768,2097152,103.1
0,baseline,unreserved,64,1,6,32768,2097152,128.9
0,baseline,unreserved,64,1,7,32768,2097152,104.4
0,baseline,unreserved,64,1,8,32768,2097152,103.5
0,baseline,unreserved,64,2,0,32768,2097152,70.6
0,baseline,unreserved,64,2,1,32768,2097152,70.7
0,baseline,unreserved,64,2,2,32768,2097152,70.4
0,baseline,unreserved,64,2,3,32768,2097152,71.1
0,baseline,unreserved,64,2,4,32768,2097152,70.5
0,baseline,unreserved,64,2,5,32768,2097152,72.6
0,baseline,unreserved,64,2,6,32768,2097152,72.6
0,baseline,unreserved,64,2,7,32768,2097152,71.5
0,baseline,unreserved,64,2,8,32768,2097152,71.4
0,baseline,unreserved,64,3,0,32768,2097152,92.8
0,baseline,unreserved,64,3,1,32768,2097152,95.3
0,baseline,unreserved,64,3,2,32768,2097152,94.1
0,baseline,unreserved,64,3,3,32768,2097152,94.5
0,baseline,unreserved,64,3,4,32768,2097152,93.8
0,baseline,unreserved,64,3,5,32768,2097152,93.8
0,baseline,unreserved,64,3,6,32768,2097152,98.3
0,baseline,unreserved,64,3,7,32768,2097152,97.2
0,baseline,unreserved,64,3,8,32768,2097152,102.9
0,baseline,unreserved,4096,0,0,1008,4128768,4501.1
0,baseline,unreserved,4096,0,1,1008,4128768,4398.9
0,baseline,unreserved,4096,0,2,1008,4128768,4390.7
0,baseline,unreserved,4096,0,3,1008,4128768,4463.5
0,baseline,unreserved,4096,0,4,1008,4128768,4635.7
0,baseline,unreserved,4096,0,5,1008,4128768,4393.7
0,baseline,unreserved,4096,0,6,1008,4128768,4408.6
0,baseline,unreserved,4096,0,7,1008,4128768,4484.5
0,baseline,unreserved,4096,0,8,1008,4128768,4399.6
0,baseline,unreserved,4096,1,0,1008,4128768,5563.7
0,baseline,unreserved,4096,1,1,1008,4128768,5528.9
0,baseline,unreserved,4096,1,2,1008,4128768,5556.1
0,baseline,unreserved,4096,1,3,1008,4128768,5479.0
0,baseline,unreserved,4096,1,4,1008,4128768,5486.1
0,baseline,unreserved,4096,1,5,1008,4128768,5609.8
0,baseline,unreserved,4096,1,6,1008,4128768,5514.5
0,baseline,unreserved,4096,1,7,1008,4128768,5528.1
0,baseline,unreserved,4096,1,8,1008,4128768,5524.6
0,baseline,unreserved,4096,2,0,1008,4128768,3129.6
0,baseline,unreserved,4096,2,1,1008,4128768,3222.2
0,baseline,unreserved,4096,2,2,1008,4128768,3359.1
0,baseline,unreserved,4096,2,3,1008,4128768,3392.0
0,baseline,unreserved,4096,2,4,1008,4128768,3328.4
0,baseline,unreserved,4096,2,5,1008,4128768,3355.4
0,baseline,unreserved,4096,2,6,1008,4128768,3278.5
0,baseline,unreserved,4096,2,7,1008,4128768,3154.0
0,baseline,unreserved,4096,2,8,1008,4128768,3217.1
0,baseline,unreserved,4096,3,0,1008,4128768,5345.3
0,baseline,unreserved,4096,3,1,1008,4128768,5268.5
0,baseline,unreserved,4096,3,2,1008,4128768,5313.4
0,baseline,unreserved,4096,3,3,1008,4128768,5313.1
0,baseline,unreserved,4096,3,4,1008,4128768,5269.6
0,baseline,unreserved,4096,3,5,1008,4128768,5315.8
0,baseline,unreserved,4096,3,6,1008,4128768,5411.6
0,baseline,unreserved,4096,3,7,1008,4128768,5258.8
0,baseline,unreserved,4096,3,8,1008,4128768,5424.7
0,baseline,unreserved,65536,0,0,64,4194304,69959.8
0,baseline,unreserved,65536,0,1,64,4194304,70563.6
0,baseline,unreserved,65536,0,2,64,4194304,74162.4
0,baseline,unreserved,65536,0,3,64,4194304,69000.2
0,baseline,unreserved,65536,0,4,64,4194304,77275.8
0,baseline,unreserved,65536,0,5,64,4194304,74764.8
0,baseline,unreserved,65536,0,6,64,4194304,69527.9
0,baseline,unreserved,65536,0,7,64,4194304,70658.2
0,baseline,unreserved,65536,0,8,64,4194304,76845.0
0,baseline,unreserved,65536,1,0,64,4194304,88001.6
0,baseline,unreserved,65536,1,1,64,4194304,87478.0
0,baseline,unreserved,65536,1,2,64,4194304,88390.7
0,baseline,unreserved,65536,1,3,64,4194304,88176.0
0,baseline,unreserved,65536,1,4,64,4194304,88265.1
0,baseline,unreserved,65536,1,5,64,4194304,87845.5
0,baseline,unreserved,65536,1,6,64,4194304,88492.9
0,baseline,unreserved,65536,1,7,64,4194304,88127.3
0,baseline,unreserved,65536,1,8,64,4194304,87472.2
0,baseline,unreserved,65536,2,0,64,4194304,50254.4
0,baseline,unreserved,65536,2,1,64,4194304,49791.3
0,baseline,unreserved,65536,2,2,64,4194304,50031.1
0,baseline,unreserved,65536,2,3,64,4194304,50278.0
0,baseline,unreserved,65536,2,4,64,4194304,49855.5
0,baseline,unreserved,65536,2,5,64,4194304,50032.4
0,baseline,unreserved,65536,2,6,64,4194304,49768.2
0,baseline,unreserved,65536,2,7,64,4194304,50114.4
0,baseline,unreserved,65536,2,8,64,4194304,50055.4
0,baseline,unreserved,65536,3,0,64,4194304,89928.3
0,baseline,unreserved,65536,3,1,64,4194304,88148.0
0,baseline,unreserved,65536,3,2,64,4194304,86840.8
0,baseline,unreserved,65536,3,3,64,4194304,87649.3
0,baseline,unreserved,65536,3,4,64,4194304,96513.6
0,baseline,unreserved,65536,3,5,64,4194304,87800.2
0,baseline,unreserved,65536,3,6,64,4194304,87449.7
0,baseline,unreserved,65536,3,7,64,4194304,87918.7
0,baseline,unreserved,65536,3,8,64,4194304,87285.5
0,baseline,dense,4,0,0,61680,740160,16.9
0,baseline,dense,4,0,1,61680,740160,17.2
0,baseline,dense,4,0,2,61680,740160,16.9
0,baseline,dense,4,0,3,61680,740160,17.1
0,baseline,dense,4,0,4,61680,740160,17.1
0,baseline,dense,4,0,5,61680,740160,17.1
0,baseline,dense,4,0,6,61680,740160,16.8
0,baseline,dense,4,0,7,61680,740160,17.0
0,baseline,dense,4,0,8,61680,740160,17.0
0,baseline,dense,4,1,0,61680,616800,16.5
0,baseline,dense,4,1,1,61680,616800,16.3
0,baseline,dense,4,1,2,61680,616800,16.6
0,baseline,dense,4,1,3,61680,616800,16.5
0,baseline,dense,4,1,4,61680,616800,16.6
0,baseline,dense,4,1,5,61680,616800,16.4
0,baseline,dense,4,1,6,61680,616800,16.7
0,baseline,dense,4,1,7,61680,616800,16.8
0,baseline,dense,4,1,8,61680,616800,16.6
0,baseline,dense,4,2,0,61680,246720,16.7
0,baseline,dense,4,2,1,61680,246720,15.9
0,baseline,dense,4,2,2,61680,246720,16.2
0,baseline,dense,4,2,3,61680,246720,15.6
0,baseline,dense,4,2,4,61680,246720,16.5
0,baseline,dense,4,2,5,61680,246720,15.7
0,baseline,dense,4,2,6,61680,246720,16.1
0,baseline,dense,4,2,7,61680,246720,16.8
0,baseline,dense,4,2,8,61680,246720,16.5
0,baseline,dense,4,3,0,61680,616800,15.9
0,baseline,dense,4,3,1,61680,616800,15.9
0,baseline,dense,4,3,2,61680,616800,15.9
0,baseline,dense,4,3,3,61680,616800,16.7
0,baseline,dense,4,3,4,61680,616800,16.0
0,baseline,dense,4,3,5,61680,616800,16.0
0,baseline,dense,4,3,6,61680,616800,16.0
0,baseline,dense,4,3,7,61680,616800,16.2
0,baseline,dense,4,3,8,61680,616800,16.1
0,baseline,dense,8,0,0,58254,1398096,31.2
0,baseline,dense,8,0,1,58254,1398096,26.7
0,baseline,dense,8,0,2,58254,1398096,26.2
0,baseline,dense,8,0,3,58254,1398096,25.7
0,baseline,dense,8,0,4,58254,1398096,25.7
0,baseline,dense,8,0,5,58254,1398096,25.6
0,baseline,dense,8,0,6,58254,1398096,25.8
0,baseline,dense,8,0,7,58254,1398096,26.7
0,baseline,dense,8,0,8,58254,1398096,25.9
0,baseline,dense,8,1,0,58254,1165080,25.3
0,baseline,dense,8,1,1,58254,1165080,25.5
0,baseline,dense,8,1,2,58254,1165080,25.5
0,baseline,dense,8,1,3,58254,1165080,25.4
0,baseline,dense,8,1,4,58254,1165080,26.2
0,baseline,dense,8,1,5,58254,1165080,27.4
0,baseline,dense,8,1,6,58254,1165080,32.6
0,baseline,dense,8,1,7,58254,1165080,26.7
0,baseline,dense,8,1,8,58254,1165080,25.4
0,baseline,dense,8,2,0,58254,466032,23.1
0,baseline,dense,8,2,1,58254,466032,22.8
0,baseline,dense,8,2,2,58254,466032,23.4
0,baseline,dense,8,2,3,58254,466032,23.6
0,baseline,dense,8,2,4,58254,466032,23.0
0,baseline,dense,8,2,5,58254,466032,22.8
0,baseline,dense,8,2,6,58254,466032,23.3
0,baseline,dense,8,2,7,58254,466032,23.1
0,baseline,dense,8,2,8,58254,466032,22.8
0,baseline,dense,8,3,0,58254,1165080,23.5
0,baseline,dense,8,3,1,58254,1165080,23.9
0,baseline,dense,8,3,2,58254,1165080,24.2
0,baseline,dense,8,3,3,58254,1165080,25.0
0,baseline,dense,8,3,4,58254,1165080,23.4
0,baseline,dense,8,3,5,58254,1165080,23.7
0,baseline,dense,8,3,6,58254,1165080,23.8
0,baseline,dense,8,3,7,58254,1165080,23.4
0,baseline,dense,8,3,8,58254,1165080,23.7
0,baseline,dense,64,0,0,32768,6291456,156.0
0,baseline,dense,64,0,1,32768,6291456,157.3
0,baseline,dense,64,0,2,32768,6291456,158.7
0,baseline,dense,64,0,3,32768,6291456,156.9
0,baseline,dense,64,0,4,32768,6291456,151.5
0,baseline,dense,64,0,5,32768,6291456,151.8
0,baseline,dense,64,0,6,32768,6291456,151.2
0,baseline,dense,64,0,7,32768,6291456,150.9
0,baseline,dense,64,0,8,32768,6291456,152.5
0,baseline,dense,64,1,0,32768,5242880,155.2
0,baseline,dense,64,1,1,32768,5242880,153.3
0,baseline,dense,64,1,2,32768,5242880,153.8
0,baseline,dense,64,1,3,32768,5242880,153.7
0,baseline,dense,64,1,4,32768,5242880,153.6
0,baseline,dense,64,1,5,32768,5242880,154.0
0,baseline,dense,64,1,6,32768,5242880,153.2
0,baseline,dense,64,1,7,32768,5242880,153.2
0,baseline,dense,64,1,8,32768,5242880,151.9
0,baseline,dense,64,2,0,32768,2097152,95.6
0,baseline,dense,64,2,1,32768,2097152,109.3
0,baseline,dense,64,2,2,32768,2097152,111.2
0,baseline,dense,64,2,3,32768,2097152,101.7
0,baseline,dense,64,2,4,32768,2097152,95.0
0,baseline,dense,64,2,5,32768,2097152,96.3
0,baseline,dense,64,2,6,32768,2097152,100.9
0,baseline,dense,64,2,7,32768,2097152,102.6
0,baseline,dense,64,2,8,32768,2097152,100.5
0,baseline,dense,64,3,0,32768,5242880,140.5
0,baseline,dense,64,3,1,32768,5242880,138.6
0,baseline,dense,64,3,2,32768,5242880,139.6
0,baseline,dense,64,3,3,32768,5242880,139.9
0,baseline,dense,64,3,4,32768,5242880,137.8
0,baseline,dense,64,3,5,32768,5242880,143.3
0,baseline,dense,64,3,6,32768,5242880,138.0
0,baseline,dense,64,3,7,32768,5242880,139.0
0,baseline,dense,64,3,8,32768,5242880,138.5
0,baseline,dense,4096,0,0,1008,12386304,8913.1
0,baseline,dense,4096,0,1,1008,12386304,8835.3
0,baseline,dense,4096,0,2,1008,12386304,9130.9
0,baseline,dense,4096,0,3,1008,12386304,9008.2
0,baseline,dense,4096,0,4,1008,12386304,8889.3
0,baseline,dense,4096,0,5,1008,12386304,9033.4
0,baseline,dense,4096,0,6,1008,12386304,8799.9
0,baseline,dense,4096,0,7,1008,12386304,8897.0
0,baseline,dense,4096,0,8,1008,12386304,8996.1
0,baseline,dense,4096,1,0,1008,10321920,8833.9
0,baseline,dense,4096,1,1,1008,10321920,8761.5
0,baseline,dense,4096,1,2,1008,10321920,8959.7
0,baseline,dense,4096,1,3,1008,10321920,9046.7
0,baseline,dense,4096,1,4,1008,10321920,8808.5
0,baseline,dense,4096,1,5,1008,10321920,9028.1
0,baseline,dense,4096,1,6,1008,10321920,9131.3
0,baseline,dense,4096,1,7,1008,10321920,8979.9
0,baseline,dense,4096,1,8,1008,10321920,8964.8
0,baseline,dense,4096,2,0,1008,4128768,5421.4
0,baseline,dense,4096,2,1,1008,4128768,5330.4
0,baseline,dense,4096,2,2,1008,4128768,5350.0
0,baseline,dense,4096,2,3,1008,4128768,5324.1
0,baseline,dense,4096,2,4,1008,4128768,5389.5
0,baseline,dense,4096,2,5,1008,4128768,5910.2
0,baseline,dense,4096,2,6,1008,4128768,5599.6
0,baseline,dense,4096,2,7,1008,4128768,5468.3
0,baseline,dense,4096,2,8,1008,4128768,5691.5
0,baseline,dense,4096,3,0,1008,10321920,8382.3
0,baseline,dense,4096,3,1,1008,10321920,8134.6
0,baseline,dense,4096,3,2,1008,10321920,8213.3
0,baseline,dense,4096,3,3,1008,10321920,8051.2
0,baseline,dense,4096,3,4,1008,10321920,8326.5
0,baseline,dense,4096,3,5,1008,10321920,8184.5
0,baseline,dense,4096,3,6,1008,10321920,8144.0
0,baseline,dense,4096,3,7,1008,10321920,8140.0
0,baseline,dense,4096,3,8,1008,10321920,8218.5
0,baseline,dense,65536,0,0,64,12582912,143075.0
0,baseline,dense,65536,0,1,64,12582912,154110.3
0,baseline,dense,65536,0,2,64,12582912,144105.4
0,baseline,dense,65536,0,3,64,12582912,144589.5
0,baseline,dense,65536,0,4,64,12582912,144920.8
0,baseline,dense,65536,0,5,64,12582912,147749.2
0,baseline,dense,65536,0,6,64,12582912,143216.1
0,baseline,dense,65536,0,7,64,12582912,148378.7
0,baseline,dense,65536,0,8,64,12582912,156995.6
0,baseline,dense,65536,1,0,64,10485760,149804.8
0,baseline,dense,65536,1,1,64,10485760,149178.7
0,baseline,dense,65536,1,2,64,10485760,145264.9
0,baseline,dense,65536,1,3,64,10485760,145921.7
0,baseline,dense,65536,1,4,64,10485760,142180.2
0,baseline,dense,65536,1,5,64,10485760,152418.6
0,baseline,dense,65536,1,6,64,10485760,149398.7
0,baseline,dense,65536,1,7,64,10485760,141348.5
0,baseline,dense,65536,1,8,64,10485760,147133.0
0,baseline,dense,65536,2,0,64,4194304,84322.7
0,baseline,dense,65536,2,1,64,4194304,82976.3
0,baseline,dense,65536,2,2,64,4194304,83674.7
0,baseline,dense,65536,2,3,64,4194304,86210.7
0,baseline,dense,65536,2,4,64,4194304,83367.2
0,baseline,dense,65536,2,5,64,4194304,83658.1
0,baseline,dense,65536,2,6,64,4194304,84704.6
0,baseline,dense,65536,2,7,64,4194304,83217.6
0,baseline,dense,65536,2,8,64,4194304,83703.9
0,baseline,dense,65536,3,0,64,10485760,127964.0
0,baseline,dense,65536,3,1,64,10485760,128604.4
0,baseline,dense,65536,3,2,64,10485760,128102.0
0,baseline,dense,65536,3,3,64,10485760,137793.6
0,baseline,dense,65536,3,4,64,10485760,127378.7
0,baseline,dense,65536,3,5,64,10485760,137189.4
0,baseline,dense,65536,3,6,64,10485760,127003.3
0,baseline,dense,65536,3,7,64,10485760,130088.9
0,baseline,dense,65536,3,8,64,10485760,128898.4
0,baseline,html_dense,5,0,0,60787,911805,19.1
0,baseline,html_dense,5,0,1,60787,911805,18.8
0,baseline,html_dense,5,0,2,60787,911805,18.8
0,baseline,html_dense,5,0,3,60787,911805,20.1
0,baseline,html_dense,5,0,4,60787,911805,19.6
0,baseline,html_dense,5,0,5,60787,911805,19.9
0,baseline,html_dense,5,0,6,60787,911805,19.7
0,baseline,html_dense,5,0,7,60787,911805,19.7
0,baseline,html_dense,5,0,8,60787,911805,19.6
0,baseline,html_dense,5,1,0,60787,911805,19.7
0,baseline,html_dense,5,1,1,60787,911805,20.2
0,baseline,html_dense,5,1,2,60787,911805,19.8
0,baseline,html_dense,5,1,3,60787,911805,19.8
0,baseline,html_dense,5,1,4,60787,911805,19.7
0,baseline,html_dense,5,1,5,60787,911805,19.9
0,baseline,html_dense,5,1,6,60787,911805,20.6
0,baseline,html_dense,5,1,7,60787,911805,19.9
0,baseline,html_dense,5,1,8,60787,911805,19.9
0,baseline,html_dense,5,2,0,60787,1458888,26.5
0,baseline,html_dense,5,2,1,60787,1458888,26.7
0,baseline,html_dense,5,2,2,60787,1458888,26.9
0,baseline,html_dense,5,2,3,60787,1458888,27.7
0,baseline,html_dense,5,2,4,60787,1458888,29.5
0,baseline,html_dense,5,2,5,60787,1458888,27.3
0,baseline,html_dense,5,2,6,60787,1458888,26.6
0,baseline,html_dense,5,2,7,60787,1458888,27.0
0,baseline,html_dense,5,2,8,60787,1458888,26.8
0,baseline,html_dense,5,3,0,60787,911805,22.8
0,baseline,html_dense,5,3,1,60787,911805,23.2
0,baseline,html_dense,5,3,2,60787,911805,19.4
0,baseline,html_dense,5,3,3,60787,911805,19.8
0,baseline,html_dense,5,3,4,60787,911805,19.3
0,baseline,html_dense,5,3,5,60787,911805,19.5
0,baseline,html_dense,5,3,6,60787,911805,19.7
0,baseline,html_dense,5,3,7,60787,911805,19.3
0,baseline,html_dense,5,3,8,60787,911805,19.3
0,baseline,html_dense,10,0,0,56679,1700370,32.5
0,baseline,html_dense,10,0,1,56679,1700370,30.8
0,baseline,html_dense,10,0,2,56679,1700370,30.3
0,baseline,html_dense,10,0,3,56679,1700370,29.6
0,baseline,html_dense,10,0,4,56679,1700370,30.9
0,baseline,html_dense,10,0,5,56679,1700370,30.2
0,baseline,html_dense,10,0,6,56679,1700370,29.9
0,baseline,html_dense,10,0,7,56679,1700370,32.0
0,baseline,html_dense,10,0,8,56679,1700370,30.9
0,baseline,html_dense,10,1,0,56679,1700370,31.3
0,baseline,html_dense,10,1,1,56679,1700370,31.5
0,baseline,html_dense,10,1,2,56679,1700370,31.4
0,baseline,html_dense,10,1,3,56679,1700370,33.9
0,baseline,html_dense,10,1,4,56679,1700370,33.9
0,baseline,html_dense,10,1,5,56679,1700370,33.5
0,baseline,html_dense,10,1,6,56679,1700370,32.6
0,baseline,html_dense,10,1,7,56679,1700370,32.0
0,baseline,html_dense,10,1,8,56679,1700370,31.4
0,baseline,html_dense,10,2,0,56679,2720592,38.7
0,baseline,html_dense,10,2,1,56679,2720592,39.1
0,baseline,html_dense,10,2,2,56679,2720592,37.7
0,baseline,html_dense,10,2,3,56679,2720592,37.7
0,baseline,html_dense,10,2,4,56679,2720592,38.0
0,baseline,html_dense,10,2,5,56679,2720592,38.1
0,baseline,html_dense,10,2,6,56679,2720592,45.5
0,baseline,html_dense,10,2,7,56679,2720592,38.7
0,baseline,html_dense,10,2,8,56679,2720592,38.5
0,baseline,html_dense,10,3,0,56679,1700370,30.6
0,baseline,html_dense,10,3,1,56679,1700370,30.5
0,baseline,html_dense,10,3,2,56679,1700370,30.8
0,baseline,html_dense,10,3,3,56679,1700370,30.4
0,baseline,html_dense,10,3,4,56679,1700370,30.3
0,baseline,html_dense,10,3,5,56679,1700370,30.5
0,baseline,html_dense,10,3,6,56679,1700370,30.5
0,baseline,html_dense,10,3,7,56679,1700370,30.9
0,baseline,html_dense,10,3,8,56679,1700370,31.0
0,baseline,html_dense,65,0,0,32513,6340035,157.9
0,baseline,html_dense,65,0,1,32513,6340035,153.5
0,baseline,html_dense,65,0,2,32513,6340035,155.6
0,baseline,html_dense,65,0,3,32513,6340035,154.9
0,baseline,html_dense,65,0,4,32513,6340035,153.7
0,baseline,html_dense,65,0,5,32513,6340035,156.1
0,baseline,html_dense,65,0,6,32513,6340035,159.6
0,baseline,html_dense,65,0,7,32513,6340035,286.0
0,baseline,html_dense,65,0,8,32513,6340035,159.6
0,baseline,html_dense,65,1,0,32513,6340035,174.6
0,baseline,html_dense,65,1,1,32513,6340035,173.0
0,baseline,html_dense,65,1,2,32513,6340035,167.4
0,baseline,html_dense,65,1,3,32513,6340035,168.2
0,baseline,html_dense,65,1,4,32513,6340035,166.6
0,baseline,html_dense,65,1,5,32513,6340035,166.3
0,baseline,html_dense,65,1,6,32513,6340035,169.4
0,baseline,html_dense,65,1,7,32513,6340035,167.7
0,baseline,html_dense,65,1,8,32513,6340035,166.6
0,baseline,html_dense,65,2,0,32513,10144056,164.9
0,baseline,html_dense,65,2,1,32513,10144056,162.9
0,baseline,html_dense,65,2,2,32513,10144056,169.4
0,baseline,html_dense,65,2,3,32513,10144056,164.2
0,baseline,html_dense,65,2,4,32513,10144056,166.5
0,baseline,html_dense,65,2,5,32513,10144056,165.1
0,baseline,html_dense,65,2,6,32513,10144056,163.5
0,baseline,html_dense,65,2,7,32513,10144056,165.6
0,baseline,html_dense,65,2,8,32513,10144056,170.2
0,baseline,html_dense,65,3,0,32513,6340035,161.7
0,baseline,html_dense,65,3,1,32513,6340035,160.6
0,baseline,html_dense,65,3,2,32513,6340035,159.2
0,baseline,html_dense,65,3,3,32513,6340035,162.3
0,baseline,html_dense,65,3,4,32513,6340035,168.6
0,baseline,html_dense,65,3,5,32513,6340035,160.5
0,baseline,html_dense,65,3,6,32513,6340035,165.0
0,baseline,html_dense,65,3,7,32513,6340035,170.7
0,baseline,html_dense,65,3,8,32513,6340035,168.9
0,baseline,html_dense,4100,0,0,1007,12386100,8960.8
0,baseline,html_dense,4100,0,1,1007,12386100,8949.5
0,baseline,html_dense,4100,0,2,1007,12386100,9520.5
0,baseline,html_dense,4100,0,3,1007,12386100,9148.9
0,baseline,html_dense,4100,0,4,1007,12386100,9174.7
0,baseline,html_dense,4100,0,5,1007,12386100,8940.7
0,baseline,html_dense,4100,0,6,1007,12386100,9465.2
0,baseline,html_dense,4100,0,7,1007,12386100,9175.2
0,baseline,html_dense,4100,0,8,1007,12386100,8843.7
0,baseline,html_dense,4100,1,0,1007,12386100,9968.6
0,baseline,html_dense,4100,1,1,1007,12386100,9705.7
0,baseline,html_dense,4100,1,2,1007,12386100,9745.7
0,baseline,html_dense,4100,1,3,1007,12386100,9904.2
0,baseline,html_dense,4100,1,4,1007,12386100,9696.5
0,baseline,html_dense,4100,1,5,1007,12386100,9687.2
0,baseline,html_dense,4100,1,6,1007,12386100,9801.3
0,baseline,html_dense,4100,1,7,1007,12386100,9727.0
0,baseline,html_dense,4100,1,8,1007,12386100,9734.7
0,baseline,html_dense,4100,2,0,1007,19817760,9468.5
0,baseline,html_dense,4100,2,1,1007,19817760,9844.0
0,baseline,html_dense,4100,2,2,1007,19817760,9254.1
0,baseline,html_dense,4100,2,3,1007,19817760,9502.4
0,baseline,html_dense,4100,2,4,1007,19817760,9386.9
0,baseline,html_dense,4100,2,5,1007,19817760,9333.7
0,baseline,html_dense,4100,2,6,1007,19817760,9866.4
0,baseline,html_dense,4100,2,7,1007,19817760,9308.6
0,baseline,html_dense,4100,2,8,1007,19817760,9327.0
0,baseline,html_dense,4100,3,0,1007,12386100,9467.0
0,baseline,html_dense,4100,3,1,1007,12386100,9244.9
0,baseline,html_dense,4100,3,2,1007,12386100,9219.9
0,baseline,html_dense,4100,3,3,1007,12386100,9434.5
0,baseline,html_dense,4100,3,4,1007,12386100,9234.8
0,baseline,html_dense,4100,3,5,1007,12386100,9261.0
0,baseline,html_dense,4100,3,6,1007,12386100,9312.2
0,baseline,html_dense,4100,3,7,1007,12386100,9391.0
0,baseline,html_dense,4100,3,8,1007,12386100,9337.9
0,baseline,html_dense,65540,0,0,64,12583680,150641.1
0,baseline,html_dense,65540,0,1,64,12583680,150711.0
0,baseline,html_dense,65540,0,2,64,12583680,141227.0
0,baseline,html_dense,65540,0,3,64,12583680,143618.7
0,baseline,html_dense,65540,0,4,64,12583680,145383.6
0,baseline,html_dense,65540,0,5,64,12583680,145012.4
0,baseline,html_dense,65540,0,6,64,12583680,150466.2
0,baseline,html_dense,65540,0,7,64,12583680,150859.3
0,baseline,html_dense,65540,0,8,64,12583680,146300.9
0,baseline,html_dense,65540,1,0,64,12583680,156964.8
0,baseline,html_dense,65540,1,1,64,12583680,157420.9
0,baseline,html_dense,65540,1,2,64,12583680,155830.3
0,baseline,html_dense,65540,1,3,64,12583680,155193.2
0,baseline,html_dense,65540,1,4,64,12583680,156474.1
0,baseline,html_dense,65540,1,5,64,12583680,155658.0
0,baseline,html_dense,65540,1,6,64,12583680,156341.0
0,baseline,html_dense,65540,1,7,64,12583680,156551.0
0,baseline,html_dense,65540,1,8,64,12583680,157038.2
0,baseline,html_dense,65540,2,0,64,20133888,149746.8
0,baseline,html_dense,65540,2,1,64,20133888,149703.4
0,baseline,html_dense,65540,2,2,64,20133888,147973.7
0,baseline,html_dense,65540,2,3,64,20133888,151614.9
0,baseline,html_dense,65540,2,4,64,20133888,154208.1
0,baseline,html_dense,65540,2,5,64,20133888,148951.5
0,baseline,html_dense,65540,2,6,64,20133888,152857.4
0,baseline,html_dense,65540,2,7,64,20133888,158878.8
0,baseline,html_dense,65540,2,8,64,20133888,149135.5
0,baseline,html_dense,65540,3,0,64,12583680,151160.5
0,baseline,html_dense,65540,3,1,64,12583680,152856.9
0,baseline,html_dense,65540,3,2,64,12583680,149074.9
0,baseline,html_dense,65540,3,3,64,12583680,151195.2
0,baseline,html_dense,65540,3,4,64,12583680,150998.7
0,baseline,html_dense,65540,3,5,64,12583680,147718.4
0,baseline,html_dense,65540,3,6,64,12583680,156683.8
0,baseline,html_dense,65540,3,7,64,12583680,151159.5
0,baseline,html_dense,65540,3,8,64,12583680,147160.0
1,candidate,plain,0,0,0,65536,0,3.4
1,candidate,plain,0,0,1,65536,0,3.4
1,candidate,plain,0,0,2,65536,0,3.6
1,candidate,plain,0,0,3,65536,0,3.6
1,candidate,plain,0,0,4,65536,0,3.4
1,candidate,plain,0,0,5,65536,0,3.4
1,candidate,plain,0,0,6,65536,0,3.4
1,candidate,plain,0,0,7,65536,0,3.4
1,candidate,plain,0,0,8,65536,0,3.4
1,candidate,plain,0,1,0,65536,0,3.3
1,candidate,plain,0,1,1,65536,0,3.3
1,candidate,plain,0,1,2,65536,0,3.3
1,candidate,plain,0,1,3,65536,0,3.3
1,candidate,plain,0,1,4,65536,0,3.3
1,candidate,plain,0,1,5,65536,0,3.3
1,candidate,plain,0,1,6,65536,0,3.3
1,candidate,plain,0,1,7,65536,0,3.4
1,candidate,plain,0,1,8,65536,0,3.3
1,candidate,plain,0,2,0,65536,0,5.8
1,candidate,plain,0,2,1,65536,0,6.0
1,candidate,plain,0,2,2,65536,0,5.8
1,candidate,plain,0,2,3,65536,0,5.9
1,candidate,plain,0,2,4,65536,0,6.2
1,candidate,plain,0,2,5,65536,0,5.8
1,candidate,plain,0,2,6,65536,0,6.5
1,candidate,plain,0,2,7,65536,0,5.8
1,candidate,plain,0,2,8,65536,0,5.8
1,candidate,plain,0,3,0,65536,0,3.7
1,candidate,plain,0,3,1,65536,0,3.6
1,candidate,plain,0,3,2,65536,0,3.5
1,candidate,plain,0,3,3,65536,0,3.7
1,candidate,plain,0,3,4,65536,0,3.5
1,candidate,plain,0,3,5,65536,0,3.7
1,candidate,plain,0,3,6,65536,0,3.5
1,candidate,plain,0,3,7,65536,0,3.5
1,candidate,plain,0,3,8,65536,0,3.5
1,candidate,plain,30,0,0,44620,1427840,42.4
1,candidate,plain,30,0,1,44620,1427840,42.8
1,candidate,plain,30,0,2,44620,1427840,42.6
1,candidate,plain,30,0,3,44620,1427840,45.2
1,candidate,plain,30,0,4,44620,1427840,42.8
1,candidate,plain,30,0,5,44620,1427840,42.4
1,candidate,plain,30,0,6,44620,1427840,42.5
1,candidate,plain,30,0,7,44620,1427840,42.4
1,candidate,plain,30,0,8,44620,1427840,42.4
1,candidate,plain,30,1,0,44620,1338600,48.0
1,candidate,plain,30,1,1,44620,1338600,47.7
1,candidate,plain,30,1,2,44620,1338600,48.5
1,candidate,plain,30,1,3,44620,1338600,48.7
1,candidate,plain,30,1,4,44620,1338600,53.7
1,candidate,plain,30,1,5,44620,1338600,49.1
1,candidate,plain,30,1,6,44620,1338600,48.7
1,candidate,plain,30,1,7,44620,1338600,48.0
1,candidate,plain,30,1,8,44620,1338600,48.5
1,candidate,plain,30,2,0,44620,1338600,48.1
1,candidate,plain,30,2,1,44620,1338600,48.3
1,candidate,plain,30,2,2,44620,1338600,50.4
1,candidate,plain,30,2,3,44620,1338600,50.8
1,candidate,plain,30,2,4,44620,1338600,54.0
1,candidate,plain,30,2,5,44620,1338600,53.8
1,candidate,plain,30,2,6,44620,1338600,49.1
1,candidate,plain,30,2,7,44620,1338600,48.0
1,candidate,plain,30,2,8,44620,1338600,52.3
1,candidate,plain,30,3,0,44620,1427840,50.6
1,candidate,plain,30,3,1,44620,1427840,51.7
1,candidate,plain,30,3,2,44620,1427840,54.4
1,candidate,plain,30,3,3,44620,1427840,51.0
1,candidate,plain,30,3,4,44620,1427840,55.1
1,candidate,plain,30,3,5,44620,1427840,49.5
1,candidate,plain,30,3,6,44620,1427840,53.0
1,candidate,plain,30,3,7,44620,1427840,51.1
1,candidate,plain,30,3,8,44620,1427840,51.2
1,candidate,plain,90,0,0,27235,2614560,122.5
1,candidate,plain,90,0,1,27235,2614560,123.6
1,candidate,plain,90,0,2,27235,2614560,125.5
1,candidate,plain,90,0,3,27235,2614560,122.1
1,candidate,plain,90,0,4,27235,2614560,138.6
1,candidate,plain,90,0,5,27235,2614560,125.9
1,candidate,plain,90,0,6,27235,2614560,125.3
1,candidate,plain,90,0,7,27235,2614560,126.4
1,candidate,plain,90,0,8,27235,2614560,121.3
1,candidate,plain,90,1,0,27235,2451150,145.4
1,candidate,plain,90,1,1,27235,2451150,144.8
1,candidate,plain,90,1,2,27235,2451150,147.8
1,candidate,plain,90,1,3,27235,2451150,145.4
1,candidate,plain,90,1,4,27235,2451150,143.5
1,candidate,plain,90,1,5,27235,2451150,143.8
1,candidate,plain,90,1,6,27235,2451150,146.7
1,candidate,plain,90,1,7,27235,2451150,144.8
1,candidate,plain,90,1,8,27235,2451150,144.8
1,candidate,plain,90,2,0,27235,2451150,121.7
1,candidate,plain,90,2,1,27235,2451150,123.6
1,candidate,plain,90,2,2,27235,2451150,123.5
1,candidate,plain,90,2,3,27235,2451150,123.9
1,candidate,plain,90,2,4,27235,2451150,123.9
1,candidate,plain,90,2,5,27235,2451150,121.1
1,candidate,plain,90,2,6,27235,2451150,121.0
1,candidate,plain,90,2,7,27235,2451150,120.7
1,candidate,plain,90,2,8,27235,2451150,123.3
1,candidate,plain,90,3,0,27235,2614560,149.1
1,candidate,plain,90,3,1,27235,2614560,139.9
1,candidate,plain,90,3,2,27235,2614560,141.0
1,candidate,plain,90,3,3,27235,2614560,139.9
1,candidate,plain,90,3,4,27235,2614560,140.9
1,candidate,plain,90,3,5,27235,2614560,139.4
1,candidate,plain,90,3,6,27235,2614560,149.5
1,candidate,plain,90,3,7,27235,2614560,138.7
1,candidate,plain,90,3,8,27235,2614560,149.6
1,candidate,plain,4110,0,0,1004,4401536,4765.0
1,candidate,plain,4110,0,1,1004,4401536,4665.1
1,candidate,plain,4110,0,2,1004,4401536,4654.1
1,candidate,plain,4110,0,3,1004,4401536,4754.5
1,candidate,plain,4110,0,4,1004,4401536,4704.9
1,candidate,plain,4110,0,5,1004,4401536,4662.3
1,candidate,plain,4110,0,6,1004,4401536,4696.1
1,candidate,plain,4110,0,7,1004,4401536,4954.4
1,candidate,plain,4110,0,8,1004,4401536,4930.1
1,candidate,plain,4110,1,0,1004,4126440,5732.2
1,candidate,plain,4110,1,1,1004,4126440,5797.1
1,candidate,plain,4110,1,2,1004,4126440,5755.3
1,candidate,plain,4110,1,3,1004,4126440,5758.9
1,candidate,plain,4110,1,4,1004,4126440,5809.5
1,candidate,plain,4110,1,5,1004,4126440,5757.4
1,candidate,plain,4110,1,6,1004,4126440,5804.6
1,candidate,plain,4110,1,7,1004,4126440,5775.3
1,candidate,plain,4110,1,8,1004,4126440,5727.9
1,candidate,plain,4110,2,0,1004,4126440,5088.6
1,candidate,plain,4110,2,1,1004,4126440,5141.8
1,candidate,plain,4110,2,2,1004,4126440,4971.6
1,candidate,plain,4110,2,3,1004,4126440,4899.7
1,candidate,plain,4110,2,4,1004,4126440,4916.7
1,candidate,plain,4110,2,5,1004,4126440,4885.8
1,candidate,plain,4110,2,6,1004,4126440,4920.0
1,candidate,plain,4110,2,7,1004,4126440,4899.6
1,candidate,plain,4110,2,8,1004,4126440,4908.4
1,candidate,plain,4110,3,0,1004,4401536,5914.6
1,candidate,plain,4110,3,1,1004,4401536,5801.9
1,candidate,plain,4110,3,2,1004,4401536,5824.7
1,candidate,plain,4110,3,3,1004,4401536,5779.5
1,candidate,plain,4110,3,4,1004,4401536,5859.4
1,candidate,plain,4110,3,5,1004,4401536,5922.6
1,candidate,plain,4110,3,6,1004,4401536,5776.8
1,candidate,plain,4110,3,7,1004,4401536,5902.3
1,candidate,plain,4110,3,8,1004,4401536,5875.2
1,candidate,plain,65550,0,0,64,4474880,76596.0
1,candidate,plain,65550,0,1,64,4474880,75582.8
1,candidate,plain,65550,0,2,64,4474880,75548.7
1,candidate,plain,65550,0,3,64,4474880,76702.1
1,candidate,plain,65550,0,4,64,4474880,75240.7
1,candidate,plain,65550,0,5,64,4474880,76179.2
1,candidate,plain,65550,0,6,64,4474880,76776.6
1,candidate,plain,65550,0,7,64,4474880,75098.5
1,candidate,plain,65550,0,8,64,4474880,75559.0
1,candidate,plain,65550,1,0,64,4195200,92019.9
1,candidate,plain,65550,1,1,64,4195200,91627.2
1,candidate,plain,65550,1,2,64,4195200,92102.9
1,candidate,plain,65550,1,3,64,4195200,91284.5
1,candidate,plain,65550,1,4,64,4195200,92004.5
1,candidate,plain,65550,1,5,64,4195200,91917.3
1,candidate,plain,65550,1,6,64,4195200,91596.0
1,candidate,plain,65550,1,7,64,4195200,92188.4
1,candidate,plain,65550,1,8,64,4195200,91573.6
1,candidate,plain,65550,2,0,64,4195200,79753.9
1,candidate,plain,65550,2,1,64,4195200,77714.4
1,candidate,plain,65550,2,2,64,4195200,78750.4
1,candidate,plain,65550,2,3,64,4195200,82654.0
1,candidate,plain,65550,2,4,64,4195200,78097.2
1,candidate,plain,65550,2,5,64,4195200,77818.6
1,candidate,plain,65550,2,6,64,4195200,79318.9
1,candidate,plain,65550,2,7,64,4195200,78942.4
1,candidate,plain,65550,2,8,64,4195200,77898.6
1,candidate,plain,65550,3,0,64,4474880,93066.3
1,candidate,plain,65550,3,1,64,4474880,92355.0
1,candidate,plain,65550,3,2,64,4474880,97053.5
1,candidate,plain,65550,3,3,64,4474880,96800.3
1,candidate,plain,65550,3,4,64,4474880,94021.3
1,candidate,plain,65550,3,5,64,4474880,93558.2
1,candidate,plain,65550,3,6,64,4474880,93377.9
1,candidate,plain,65550,3,7,64,4474880,94647.8
1,candidate,plain,65550,3,8,64,4474880,92655.3
1,candidate,mixed,46,0,0,38130,3660480,84.4
1,candidate,mixed,46,0,1,38130,3660480,84.1
1,candidate,mixed,46,0,2,38130,3660480,84.0
1,candidate,mixed,46,0,3,38130,3660480,85.1
1,candidate,mixed,46,0,4,38130,3660480,85.6
1,candidate,mixed,46,0,5,38130,3660480,83.9
1,candidate,mixed,46,0,6,38130,3660480,83.9
1,candidate,mixed,46,0,7,38130,3660480,84.4
1,candidate,mixed,46,0,8,38130,3660480,85.1
1,candidate,mixed,46,1,0,38130,3507960,90.8
1,candidate,mixed,46,1,1,38130,3507960,91.0
1,candidate,mixed,46,1,2,38130,3507960,91.7
1,candidate,mixed,46,1,3,38130,3507960,90.2
1,candidate,mixed,46,1,4,38130,3507960,94.6
1,candidate,mixed,46,1,5,38130,3507960,91.4
1,candidate,mixed,46,1,6,38130,3507960,91.3
1,candidate,mixed,46,1,7,38130,3507960,90.9
1,candidate,mixed,46,1,8,38130,3507960,92.7
1,candidate,mixed,46,2,0,38130,2897880,90.5
1,candidate,mixed,46,2,1,38130,2897880,85.2
1,candidate,mixed,46,2,2,38130,2897880,85.9
1,candidate,mixed,46,2,3,38130,2897880,84.9
1,candidate,mixed,46,2,4,38130,2897880,85.2
1,candidate,mixed,46,2,5,38130,2897880,89.1
1,candidate,mixed,46,2,6,38130,2897880,89.5
1,candidate,mixed,46,2,7,38130,2897880,84.1
1,candidate,mixed,46,2,8,38130,2897880,85.1
1,candidate,mixed,46,3,0,38130,3355440,85.6
1,candidate,mixed,46,3,1,38130,3355440,87.8
1,candidate,mixed,46,3,2,38130,3355440,86.4
1,candidate,mixed,46,3,3,38130,3355440,85.1
1,candidate,mixed,46,3,4,38130,3355440,85.7
1,candidate,mixed,46,3,5,38130,3355440,84.8
1,candidate,mixed,46,3,6,38130,3355440,84.5
1,candidate,mixed,46,3,7,38130,3355440,85.8
1,candidate,mixed,46,3,8,38130,3355440,85.1
1,candidate,mixed,92,0,0,26886,5162112,174.3
1,candidate,mixed,92,0,1,26886,5162112,172.6
1,candidate,mixed,92,0,2,26886,5162112,171.5
1,candidate,mixed,92,0,3,26886,5162112,173.4
1,candidate,mixed,92,0,4,26886,5162112,173.4
1,candidate,mixed,92,0,5,26886,5162112,173.6
1,candidate,mixed,92,0,6,26886,5162112,171.2
1,candidate,mixed,92,0,7,26886,5162112,175.6
1,candidate,mixed,92,0,8,26886,5162112,181.7
1,candidate,mixed,92,1,0,26886,4947024,180.0
1,candidate,mixed,92,1,1,26886,4947024,180.1
1,candidate,mixed,92,1,2,26886,4947024,180.7
1,candidate,mixed,92,1,3,26886,4947024,179.7
1,candidate,mixed,92,1,4,26886,4947024,181.2
1,candidate,mixed,92,1,5,26886,4947024,182.2
1,candidate,mixed,92,1,6,26886,4947024,179.9
1,candidate,mixed,92,1,7,26886,4947024,181.7
1,candidate,mixed,92,1,8,26886,4947024,182.0
1,candidate,mixed,92,2,0,26886,4086672,161.1
1,candidate,mixed,92,2,1,26886,4086672,161.1
1,candidate,mixed,92,2,2,26886,4086672,159.4
1,candidate,mixed,92,2,3,26886,4086672,160.6
1,candidate,mixed,92,2,4,26886,4086672,165.3
1,candidate,mixed,92,2,5,26886,4086672,164.5
1,candidate,mixed,92,2,6,26886,4086672,159.0
1,candidate,mixed,92,2,7,26886,4086672,163.1
1,candidate,mixed,92,2,8,26886,4086672,163.0
1,candidate,mixed,92,3,0,26886,4731936,170.3
1,candidate,mixed,92,3,1,26886,4731936,181.7
1,candidate,mixed,92,3,2,26886,4731936,173.6
1,candidate,mixed,92,3,3,26886,4731936,169.1
1,candidate,mixed,92,3,4,26886,4731936,170.4
1,candidate,mixed,92,3,5,26886,4731936,165.4
1,candidate,mixed,92,3,6,26886,4731936,167.7
1,candidate,mixed,92,3,7,26886,4731936,168.2
1,candidate,mixed,92,3,8,26886,4731936,169.3
1,candidate,mixed,4140,0,0,997,8614080,6988.1
1,candidate,mixed,4140,0,1,997,8614080,6910.4
1,candidate,mixed,4140,0,2,997,8614080,6947.4
1,candidate,mixed,4140,0,3,997,8614080,6966.3
1,candidate,mixed,4140,0,4,997,8614080,6985.4
1,candidate,mixed,4140,0,5,997,8614080,6972.2
1,candidate,mixed,4140,0,6,997,8614080,6911.2
1,candidate,mixed,4140,0,7,997,8614080,6918.6
1,candidate,mixed,4140,0,8,997,8614080,6996.4
1,candidate,mixed,4140,1,0,997,8255160,7617.5
1,candidate,mixed,4140,1,1,997,8255160,7642.3
1,candidate,mixed,4140,1,2,997,8255160,7616.5
1,candidate,mixed,4140,1,3,997,8255160,7706.8
1,candidate,mixed,4140,1,4,997,8255160,7613.3
1,candidate,mixed,4140,1,5,997,8255160,8168.7
1,candidate,mixed,4140,1,6,997,8255160,7672.4
1,candidate,mixed,4140,1,7,997,8255160,7693.6
1,candidate,mixed,4140,1,8,997,8255160,7533.5
1,candidate,mixed,4140,2,0,997,6819480,6711.3
1,candidate,mixed,4140,2,1,997,6819480,6763.2
1,candidate,mixed,4140,2,2,997,6819480,6767.8
1,candidate,mixed,4140,2,3,997,6819480,6729.7
1,candidate,mixed,4140,2,4,997,6819480,6733.9
1,candidate,mixed,4140,2,5,997,6819480,6808.3
1,candidate,mixed,4140,2,6,997,6819480,6617.1
1,candidate,mixed,4140,2,7,997,6819480,6566.8
1,candidate,mixed,4140,2,8,997,6819480,6482.6
1,candidate,mixed,4140,3,0,997,7896240,6835.2
1,candidate,mixed,4140,3,1,997,7896240,6886.7
1,candidate,mixed,4140,3,2,997,7896240,6778.9
1,candidate,mixed,4140,3,3,997,7896240,6908.1
1,candidate,mixed,4140,3,4,997,7896240,6832.6
1,candidate,mixed,4140,3,5,997,7896240,6950.4
1,candidate,mixed,4140,3,6,997,7896240,6853.8
1,candidate,mixed,4140,3,7,997,7896240,6943.4
1,candidate,mixed,4140,3,8,997,7896240,6964.0
1,candidate,mixed,65550,0,0,64,8755200,109447.3
1,candidate,mixed,65550,0,1,64,8755200,110261.3
1,candidate,mixed,65550,0,2,64,8755200,115316.9
1,candidate,mixed,65550,0,3,64,8755200,111233.9
1,candidate,mixed,65550,0,4,64,8755200,117916.5
1,candidate,mixed,65550,0,5,64,8755200,109389.8
1,candidate,mixed,65550,0,6,64,8755200,110384.9
1,candidate,mixed,65550,0,7,64,8755200,109155.3
1,candidate,mixed,65550,0,8,64,8755200,110052.1
1,candidate,mixed,65550,1,0,64,8390400,122339.0
1,candidate,mixed,65550,1,1,64,8390400,121538.8
1,candidate,mixed,65550,1,2,64,8390400,120674.2
1,candidate,mixed,65550,1,3,64,8390400,121544.6
1,candidate,mixed,65550,1,4,64,8390400,120690.3
1,candidate,mixed,65550,1,5,64,8390400,123136.9
1,candidate,mixed,65550,1,6,64,8390400,120926.0
1,candidate,mixed,65550,1,7,64,8390400,123119.0
1,candidate,mixed,65550,1,8,64,8390400,120683.6
1,candidate,mixed,65550,2,0,64,6931200,101960.6
1,candidate,mixed,65550,2,1,64,6931200,103065.4
1,candidate,mixed,65550,2,2,64,6931200,102006.5
1,candidate,mixed,65550,2,3,64,6931200,102889.0
1,candidate,mixed,65550,2,4,64,6931200,101769.5
1,candidate,mixed,65550,2,5,64,6931200,102266.7
1,candidate,mixed,65550,2,6,64,6931200,102329.5
1,candidate,mixed,65550,2,7,64,6931200,102177.3
1,candidate,mixed,65550,2,8,64,6931200,103147.4
1,candidate,mixed,65550,3,0,64,8025600,108601.8
1,candidate,mixed,65550,3,1,64,8025600,116241.5
1,candidate,mixed,65550,3,2,64,8025600,108792.9
1,candidate,mixed,65550,3,3,64,8025600,112332.6
1,candidate,mixed,65550,3,4,64,8025600,111438.8
1,candidate,mixed,65550,3,5,64,8025600,108978.9
1,candidate,mixed,65550,3,6,64,8025600,109552.0
1,candidate,mixed,65550,3,7,64,8025600,108073.3
1,candidate,mixed,65550,3,8,64,8025600,110905.8
1,candidate,unreserved,1,0,0,64527,64527,9.7
1,candidate,unreserved,1,0,1,64527,64527,9.0
1,candidate,unreserved,1,0,2,64527,64527,9.5
1,candidate,unreserved,1,0,3,64527,64527,9.0
1,candidate,unreserved,1,0,4,64527,64527,9.0
1,candidate,unreserved,1,0,5,64527,64527,9.0
1,candidate,unreserved,1,0,6,64527,64527,9.5
1,candidate,unreserved,1,0,7,64527,64527,8.9
1,candidate,unreserved,1,0,8,64527,64527,8.9
1,candidate,unreserved,1,1,0,64527,64527,9.5
1,candidate,unreserved,1,1,1,64527,64527,9.0
1,candidate,unreserved,1,1,2,64527,64527,9.0
1,candidate,unreserved,1,1,3,64527,64527,9.0
1,candidate,unreserved,1,1,4,64527,64527,9.2
1,candidate,unreserved,1,1,5,64527,64527,9.4
1,candidate,unreserved,1,1,6,64527,64527,9.5
1,candidate,unreserved,1,1,7,64527,64527,9.5
1,candidate,unreserved,1,1,8,64527,64527,9.3
1,candidate,unreserved,1,2,0,64527,64527,13.4
1,candidate,unreserved,1,2,1,64527,64527,13.6
1,candidate,unreserved,1,2,2,64527,64527,13.5
1,candidate,unreserved,1,2,3,64527,64527,13.7
1,candidate,unreserved,1,2,4,64527,64527,16.4
1,candidate,unreserved,1,2,5,64527,64527,14.1
1,candidate,unreserved,1,2,6,64527,64527,14.7
1,candidate,unreserved,1,2,7,64527,64527,14.0
1,candidate,unreserved,1,2,8,64527,64527,13.5
1,candidate,unreserved,1,3,0,64527,64527,8.6
1,candidate,unreserved,1,3,1,64527,64527,8.6
1,candidate,unreserved,1,3,2,64527,64527,8.6
1,candidate,unreserved,1,3,3,64527,64527,8.7
1,candidate,unreserved,1,3,4,64527,64527,8.7
1,candidate,unreserved,1,3,5,64527,64527,8.6
1,candidate,unreserved,1,3,6,64527,64527,8.8
1,candidate,unreserved,1,3,7,64527,64527,8.7
1,candidate,unreserved,1,3,8,64527,64527,8.7
1,candidate,unreserved,8,0,0,58254,466032,15.7
1,candidate,unreserved,8,0,1,58254,466032,16.5
1,candidate,unreserved,8,0,2,58254,466032,16.2
1,candidate,unreserved,8,0,3,58254,466032,16.0
1,candidate,unreserved,8,0,4,58254,466032,15.6
1,candidate,unreserved,8,0,5,58254,466032,16.3
1,candidate,unreserved,8,0,6,58254,466032,15.7
1,candidate,unreserved,8,0,7,58254,466032,15.8
1,candidate,unreserved,8,0,8,58254,466032,15.7
1,candidate,unreserved,8,1,0,58254,466032,19.1
1,candidate,unreserved,8,1,1,58254,466032,19.2
1,candidate,unreserved,8,1,2,58254,466032,18.7
1,candidate,unreserved,8,1,3,58254,466032,17.8
1,candidate,unreserved,8,1,4,58254,466032,19.4
1,candidate,unreserved,8,1,5,58254,466032,19.2
1,candidate,unreserved,8,1,6,58254,466032,18.2
1,candidate,unreserved,8,1,7,58254,466032,20.9
1,candidate,unreserved,8,1,8,58254,466032,19.3
1,candidate,unreserved,8,2,0,58254,466032,22.0
1,candidate,unreserved,8,2,1,58254,466032,21.9
1,candidate,unreserved,8,2,2,58254,466032,24.2
1,candidate,unreserved,8,2,3,58254,466032,22.0
1,candidate,unreserved,8,2,4,58254,466032,21.9
1,candidate,unreserved,8,2,5,58254,466032,22.6
1,candidate,unreserved,8,2,6,58254,466032,22.0
1,candidate,unreserved,8,2,7,58254,466032,21.9
1,candidate,unreserved,8,2,8,58254,466032,26.7
1,candidate,unreserved,8,3,0,58254,466032,17.9
1,candidate,unreserved,8,3,1,58254,466032,22.0
1,candidate,unreserved,8,3,2,58254,466032,18.8
1,candidate,unreserved,8,3,3,58254,466032,17.8
1,candidate,unreserved,8,3,4,58254,466032,18.7
1,candidate,unreserved,8,3,5,58254,466032,18.7
1,candidate,unreserved,8,3,6,58254,466032,19.0
1,candidate,unreserved,8,3,7,58254,466032,19.1
1,candidate,unreserved,8,3,8,58254,466032,18.4
1,candidate,unreserved,64,0,0,32768,2097152,80.8
1,candidate,unreserved,64,0,1,32768,2097152,81.1
1,candidate,unreserved,64,0,2,32768,2097152,81.1
1,candidate,unreserved,64,0,3,32768,2097152,82.9
1,candidate,unreserved,64,0,4,32768,2097152,81.8
1,candidate,unreserved,64,0,5,32768,2097152,82.8
1,candidate,unreserved,64,0,6,32768,2097152,81.2
1,candidate,unreserved,64,0,7,32768,2097152,81.6
1,candidate,unreserved,64,0,8,32768,2097152,84.0
1,candidate,unreserved,64,1,0,32768,2097152,104.9
1,candidate,unreserved,64,1,1,32768,2097152,105.8
1,candidate,unreserved,64,1,2,32768,2097152,105.9
1,candidate,unreserved,64,1,3,32768,2097152,105.5
1,candidate,unreserved,64,1,4,32768,2097152,106.3
1,candidate,unreserved,64,1,5,32768,2097152,106.0
1,candidate,unreserved,64,1,6,32768,2097152,106.0
1,candidate,unreserved,64,1,7,32768,2097152,106.8
1,candidate,unreserved,64,1,8,32768,2097152,105.8
1,candidate,unreserved,64,2,0,32768,2097152,93.7
1,candidate,unreserved,64,2,1,32768,2097152,88.8
1,candidate,unreserved,64,2,2,32768,2097152,88.6
1,candidate,unreserved,64,2,3,32768,2097152,88.5
1,candidate,unreserved,64,2,4,32768,2097152,88.2
1,candidate,unreserved,64,2,5,32768,2097152,88.3
1,candidate,unreserved,64,2,6,32768,2097152,90.1
1,candidate,unreserved,64,2,7,32768,2097152,88.8
1,candidate,unreserved,64,2,8,32768,2097152,88.5
1,candidate,unreserved,64,3,0,32768,2097152,96.0
1,candidate,unreserved,64,3,1,32768,2097152,95.4
1,candidate,unreserved,64,3,2,32768,2097152,96.5
1,candidate,unreserved,64,3,3,32768,2097152,93.0
1,candidate,unreserved,64,3,4,32768,2097152,94.4
1,candidate,unreserved,64,3,5,32768,2097152,92.9
1,candidate,unreserved,64,3,6,32768,2097152,98.2
1,candidate,unreserved,64,3,7,32768,2097152,95.7
1,candidate,unreserved,64,3,8,32768,2097152,93.7
1,candidate,unreserved,4096,0,0,1008,4128768,4561.8
1,candidate,unreserved,4096,0,1,1008,4128768,4500.9
1,candidate,unreserved,4096,0,2,1008,4128768,4377.1
1,candidate,unreserved,4096,0,3,1008,4128768,4395.8
1,candidate,unreserved,4096,0,4,1008,4128768,4443.0
1,candidate,unreserved,4096,0,5,1008,4128768,4377.4
1,candidate,unreserved,4096,0,6,1008,4128768,4400.3
1,candidate,unreserved,4096,0,7,1008,4128768,4391.1
1,candidate,unreserved,4096,0,8,1008,4128768,4437.7
1,candidate,unreserved,4096,1,0,1008,4128768,5575.3
1,candidate,unreserved,4096,1,1,1008,4128768,5439.3
1,candidate,unreserved,4096,1,2,1008,4128768,5405.2
1,candidate,unreserved,4096,1,3,1008,4128768,5609.4
1,candidate,unreserved,4096,1,4,1008,4128768,5383.5
1,candidate,unreserved,4096,1,5,1008,4128768,5442.4
1,candidate,unreserved,4096,1,6,1008,4128768,5269.3
1,candidate,unreserved,4096,1,7,1008,4128768,5282.4
1,candidate,unreserved,4096,1,8,1008,4128768,5343.0
1,candidate,unreserved,4096,2,0,1008,4128768,4561.5
1,candidate,unreserved,4096,2,1,1008,4128768,4618.7
1,candidate,unreserved,4096,2,2,1008,4128768,4575.8
1,candidate,unreserved,4096,2,3,1008,4128768,4596.1
1,candidate,unreserved,4096,2,4,1008,4128768,4736.1
1,candidate,unreserved,4096,2,5,1008,4128768,4561.0
1,candidate,unreserved,4096,2,6,1008,4128768,4610.4
1,candidate,unreserved,4096,2,7,1008,4128768,4593.3
1,candidate,unreserved,4096,2,8,1008,4128768,4627.3
1,candidate,unreserved,4096,3,0,1008,4128768,5369.9
1,candidate,unreserved,4096,3,1,1008,4128768,5340.6
1,candidate,unreserved,4096,3,2,1008,4128768,5224.3
1,candidate,unreserved,4096,3,3,1008,4128768,5227.4
1,candidate,unreserved,4096,3,4,1008,4128768,5226.8
1,candidate,unreserved,4096,3,5,1008,4128768,5221.4
1,candidate,unreserved,4096,3,6,1008,4128768,5708.6
1,candidate,unreserved,4096,3,7,1008,4128768,5203.0
1,candidate,unreserved,4096,3,8,1008,4128768,5226.3
1,candidate,unreserved,65536,0,0,64,4194304,69606.8
1,candidate,unreserved,65536,0,1,64,4194304,69847.6
1,candidate,unreserved,65536,0,2,64,4194304,71813.5
1,candidate,unreserved,65536,0,3,64,4194304,70448.6
1,candidate,unreserved,65536,0,4,64,4194304,69716.0
1,candidate,unreserved,65536,0,5,64,4194304,70534.5
1,candidate,unreserved,65536,0,6,64,4194304,70221.4
1,candidate,unreserved,65536,0,7,64,4194304,70012.0
1,candidate,unreserved,65536,0,8,64,4194304,72092.2
1,candidate,unreserved,65536,1,0,64,4194304,87924.0
1,candidate,unreserved,65536,1,1,64,4194304,88213.2
1,candidate,unreserved,65536,1,2,64,4194304,87113.4
1,candidate,unreserved,65536,1,3,64,4194304,87454.7
1,candidate,unreserved,65536,1,4,64,4194304,87249.4
1,candidate,unreserved,65536,1,5,64,4194304,86864.0
1,candidate,unreserved,65536,1,6,64,4194304,88287.0
1,candidate,unreserved,65536,1,7,64,4194304,87586.8
1,candidate,unreserved,65536,1,8,64,4194304,87528.5
1,candidate,unreserved,65536,2,0,64,4194304,74072.2
1,candidate,unreserved,65536,2,1,64,4194304,73300.6
1,candidate,unreserved,65536,2,2,64,4194304,72673.3
1,candidate,unreserved,65536,2,3,64,4194304,73045.2
1,candidate,unreserved,65536,2,4,64,4194304,73134.6
1,candidate,unreserved,65536,2,5,64,4194304,72821.0
1,candidate,unreserved,65536,2,6,64,4194304,73796.8
1,candidate,unreserved,65536,2,7,64,4194304,73442.8
1,candidate,unreserved,65536,2,8,64,4194304,72765.8
1,candidate,unreserved,65536,3,0,64,4194304,84081.9
1,candidate,unreserved,65536,3,1,64,4194304,83879.2
1,candidate,unreserved,65536,3,2,64,4194304,91310.0
1,candidate,unreserved,65536,3,3,64,4194304,86315.8
1,candidate,unreserved,65536,3,4,64,4194304,83647.2
1,candidate,unreserved,65536,3,5,64,4194304,84160.1
1,candidate,unreserved,65536,3,6,64,4194304,83724.2
1,candidate,unreserved,65536,3,7,64,4194304,83933.8
1,candidate,unreserved,65536,3,8,64,4194304,85348.6
1,candidate,dense,4,0,0,61680,740160,17.5
1,candidate,dense,4,0,1,61680,740160,17.1
1,candidate,dense,4,0,2,61680,740160,17.3
1,candidate,dense,4,0,3,61680,740160,17.6
1,candidate,dense,4,0,4,61680,740160,18.3
1,candidate,dense,4,0,5,61680,740160,18.3
1,candidate,dense,4,0,6,61680,740160,18.1
1,candidate,dense,4,0,7,61680,740160,18.5
1,candidate,dense,4,0,8,61680,740160,18.3
1,candidate,dense,4,1,0,61680,616800,16.6
1,candidate,dense,4,1,1,61680,616800,16.8
1,candidate,dense,4,1,2,61680,616800,17.0
1,candidate,dense,4,1,3,61680,616800,16.6
1,candidate,dense,4,1,4,61680,616800,16.9
1,candidate,dense,4,1,5,61680,616800,16.7
1,candidate,dense,4,1,6,61680,616800,16.9
1,candidate,dense,4,1,7,61680,616800,17.1
1,candidate,dense,4,1,8,61680,616800,16.8
1,candidate,dense,4,2,0,61680,246720,17.8
1,candidate,dense,4,2,1,61680,246720,18.3
1,candidate,dense,4,2,2,61680,246720,17.7
1,candidate,dense,4,2,3,61680,246720,18.4
1,candidate,dense,4,2,4,61680,246720,18.0
1,candidate,dense,4,2,5,61680,246720,18.0
1,candidate,dense,4,2,6,61680,246720,17.9
1,candidate,dense,4,2,7,61680,246720,17.8
1,candidate,dense,4,2,8,61680,246720,18.1
1,candidate,dense,4,3,0,61680,616800,15.6
1,candidate,dense,4,3,1,61680,616800,16.0
1,candidate,dense,4,3,2,61680,616800,15.7
1,candidate,dense,4,3,3,61680,616800,20.6
1,candidate,dense,4,3,4,61680,616800,16.3
1,candidate,dense,4,3,5,61680,616800,15.8
1,candidate,dense,4,3,6,61680,616800,15.9
1,candidate,dense,4,3,7,61680,616800,15.9
1,candidate,dense,4,3,8,61680,616800,15.9
1,candidate,dense,8,0,0,58254,1398096,25.8
1,candidate,dense,8,0,1,58254,1398096,26.4
1,candidate,dense,8,0,2,58254,1398096,26.9
1,candidate,dense,8,0,3,58254,1398096,26.3
1,candidate,dense,8,0,4,58254,1398096,27.6
1,candidate,dense,8,0,5,58254,1398096,26.2
1,candidate,dense,8,0,6,58254,1398096,26.9
1,candidate,dense,8,0,7,58254,1398096,26.2
1,candidate,dense,8,0,8,58254,1398096,26.3
1,candidate,dense,8,1,0,58254,1165080,26.5
1,candidate,dense,8,1,1,58254,1165080,25.1
1,candidate,dense,8,1,2,58254,1165080,25.6
1,candidate,dense,8,1,3,58254,1165080,25.9
1,candidate,dense,8,1,4,58254,1165080,25.4
1,candidate,dense,8,1,5,58254,1165080,25.8
1,candidate,dense,8,1,6,58254,1165080,25.6
1,candidate,dense,8,1,7,58254,1165080,25.2
1,candidate,dense,8,1,8,58254,1165080,25.9
1,candidate,dense,8,2,0,58254,466032,22.6
1,candidate,dense,8,2,1,58254,466032,22.6
1,candidate,dense,8,2,2,58254,466032,22.7
1,candidate,dense,8,2,3,58254,466032,23.0
1,candidate,dense,8,2,4,58254,466032,22.9
1,candidate,dense,8,2,5,58254,466032,23.5
1,candidate,dense,8,2,6,58254,466032,22.7
1,candidate,dense,8,2,7,58254,466032,23.2
1,candidate,dense,8,2,8,58254,466032,24.1
1,candidate,dense,8,3,0,58254,1165080,24.3
1,candidate,dense,8,3,1,58254,1165080,23.7
1,candidate,dense,8,3,2,58254,1165080,23.7
1,candidate,dense,8,3,3,58254,1165080,23.5
1,candidate,dense,8,3,4,58254,1165080,23.7
1,candidate,dense,8,3,5,58254,1165080,23.9
1,candidate,dense,8,3,6,58254,1165080,23.8
1,candidate,dense,8,3,7,58254,1165080,24.1
1,candidate,dense,8,3,8,58254,1165080,23.6
1,candidate,dense,64,0,0,32768,6291456,159.6
1,candidate,dense,64,0,1,32768,6291456,158.4
1,candidate,dense,64,0,2,32768,6291456,159.1
1,candidate,dense,64,0,3,32768,6291456,174.6
1,candidate,dense,64,0,4,32768,6291456,160.7
1,candidate,dense,64,0,5,32768,6291456,159.0
1,candidate,dense,64,0,6,32768,6291456,168.1
1,candidate,dense,64,0,7,32768,6291456,162.7
1,candidate,dense,64,0,8,32768,6291456,158.6
1,candidate,dense,64,1,0,32768,5242880,150.5
1,candidate,dense,64,1,1,32768,5242880,153.2
1,candidate,dense,64,1,2,32768,5242880,153.0
1,candidate,dense,64,1,3,32768,5242880,153.3
1,candidate,dense,64,1,4,32768,5242880,153.0
1,candidate,dense,64,1,5,32768,5242880,152.2
1,candidate,dense,64,1,6,32768,5242880,151.6
1,candidate,dense,64,1,7,32768,5242880,153.4
1,candidate,dense,64,1,8,32768,5242880,151.4
1,candidate,dense,64,2,0,32768,2097152,101.2
1,candidate,dense,64,2,1,32768,2097152,102.8
1,candidate,dense,64,2,2,32768,2097152,101.0
1,candidate,dense,64,2,3,32768,2097152,100.8
1,candidate,dense,64,2,4,32768,2097152,101.9
1,candidate,dense,64,2,5,32768,2097152,101.0
1,candidate,dense,64,2,6,32768,2097152,100.9
1,candidate,dense,64,2,7,32768,2097152,107.4
1,candidate,dense,64,2,8,32768,2097152,106.5
1,candidate,dense,64,3,0,32768,5242880,137.3
1,candidate,dense,64,3,1,32768,5242880,137.8
1,candidate,dense,64,3,2,32768,5242880,136.6
1,candidate,dense,64,3,3,32768,5242880,138.4
1,candidate,dense,64,3,4,32768,5242880,144.4
1,candidate,dense,64,3,5,32768,5242880,136.6
1,candidate,dense,64,3,6,32768,5242880,136.3
1,candidate,dense,64,3,7,32768,5242880,138.1
1,candidate,dense,64,3,8,32768,5242880,135.9
1,candidate,dense,4096,0,0,1008,12386304,9877.2
1,candidate,dense,4096,0,1,1008,12386304,9606.7
1,candidate,dense,4096,0,2,1008,12386304,9531.8
1,candidate,dense,4096,0,3,1008,12386304,9568.7
1,candidate,dense,4096,0,4,1008,12386304,9571.5
1,candidate,dense,4096,0,5,1008,12386304,9581.7
1,candidate,dense,4096,0,6,1008,12386304,9624.9
1,candidate,dense,4096,0,7,1008,12386304,9620.1
1,candidate,dense,4096,0,8,1008,12386304,9274.5
1,candidate,dense,4096,1,0,1008,10321920,8764.3
1,candidate,dense,4096,1,1,1008,10321920,8739.4
1,candidate,dense,4096,1,2,1008,10321920,8797.5
1,candidate,dense,4096,1,3,1008,10321920,8752.9
1,candidate,dense,4096,1,4,1008,10321920,8793.9
1,candidate,dense,4096,1,5,1008,10321920,8796.7
1,candidate,dense,4096,1,6,1008,10321920,8834.3
1,candidate,dense,4096,1,7,1008,10321920,8828.3
1,candidate,dense,4096,1,8,1008,10321920,8813.8
1,candidate,dense,4096,2,0,1008,4128768,5886.3
1,candidate,dense,4096,2,1,1008,4128768,5944.6
1,candidate,dense,4096,2,2,1008,4128768,5885.0
1,candidate,dense,4096,2,3,1008,4128768,5885.0
1,candidate,dense,4096,2,4,1008,4128768,5903.2
1,candidate,dense,4096,2,5,1008,4128768,5931.6
1,candidate,dense,4096,2,6,1008,4128768,5919.0
1,candidate,dense,4096,2,7,1008,4128768,6019.4
1,candidate,dense,4096,2,8,1008,4128768,5943.1
1,candidate,dense,4096,3,0,1008,10321920,8081.8
1,candidate,dense,4096,3,1,1008,10321920,8037.2
1,candidate,dense,4096,3,2,1008,10321920,8072.6
1,candidate,dense,4096,3,3,1008,10321920,8096.0
1,candidate,dense,4096,3,4,1008,10321920,8095.6
1,candidate,dense,4096,3,5,1008,10321920,8802.1
1,candidate,dense,4096,3,6,1008,10321920,8437.3
1,candidate,dense,4096,3,7,1008,10321920,8338.1
1,candidate,dense,4096,3,8,1008,10321920,8276.9
1,candidate,dense,65536,0,0,64,12582912,148353.0
1,candidate,dense,65536,0,1,64,12582912,149317.4
1,candidate,dense,65536,0,2,64,12582912,149546.8
1,candidate,dense,65536,0,3,64,12582912,147722.0
1,candidate,dense,65536,0,4,64,12582912,152244.7
1,candidate,dense,65536,0,5,64,12582912,148798.3
1,candidate,dense,65536,0,6,64,12582912,148052.5
1,candidate,dense,65536,0,7,64,12582912,149757.6
1,candidate,dense,65536,0,8,64,12582912,148567.2
1,candidate,dense,65536,1,0,64,10485760,141192.0
1,candidate,dense,65536,1,1,64,10485760,141249.1
1,candidate,dense,65536,1,2,64,10485760,141256.6
1,candidate,dense,65536,1,3,64,10485760,143581.9
1,candidate,dense,65536,1,4,64,10485760,141413.3
1,candidate,dense,65536,1,5,64,10485760,141509.1
1,candidate,dense,65536,1,6,64,10485760,150495.6
1,candidate,dense,65536,1,7,64,10485760,140824.8
1,candidate,dense,65536,1,8,64,10485760,141866.5
1,candidate,dense,65536,2,0,64,4194304,101626.7
1,candidate,dense,65536,2,1,64,4194304,91850.1
1,candidate,dense,65536,2,2,64,4194304,92851.4
1,candidate,dense,65536,2,3,64,4194304,92399.5
1,candidate,dense,65536,2,4,64,4194304,93436.9
1,candidate,dense,65536,2,5,64,4194304,95841.8
1,candidate,dense,65536,2,6,64,4194304,94048.5
1,candidate,dense,65536,2,7,64,4194304,93255.2
1,candidate,dense,65536,2,8,64,4194304,92823.1
1,candidate,dense,65536,3,0,64,10485760,133206.4
1,candidate,dense,65536,3,1,64,10485760,130415.0
1,candidate,dense,65536,3,2,64,10485760,129491.5
1,candidate,dense,65536,3,3,64,10485760,128949.1
1,candidate,dense,65536,3,4,64,10485760,131600.5
1,candidate,dense,65536,3,5,64,10485760,128036.6
1,candidate,dense,65536,3,6,64,10485760,130784.6
1,candidate,dense,65536,3,7,64,10485760,129651.1
1,candidate,dense,65536,3,8,64,10485760,133226.4
1,candidate,html_dense,5,0,0,60787,911805,19.5
1,candidate,html_dense,5,0,1,60787,911805,19.3
1,candidate,html_dense,5,0,2,60787,911805,19.2
1,candidate,html_dense,5,0,3,60787,911805,19.5
1,candidate,html_dense,5,0,4,60787,911805,19.3
1,candidate,html_dense,5,0,5,60787,911805,19.4
1,candidate,html_dense,5,0,6,60787,911805,19.6
1,candidate,html_dense,5,0,7,60787,911805,19.2
1,candidate,html_dense,5,0,8,60787,911805,19.3
1,candidate,html_dense,5,1,0,60787,911805,20.2
1,candidate,html_dense,5,1,1,60787,911805,20.3
1,candidate,html_dense,5,1,2,60787,911805,20.0
1,candidate,html_dense,5,1,3,60787,911805,19.9
1,candidate,html_dense,5,1,4,60787,911805,20.2
1,candidate,html_dense,5,1,5,60787,911805,19.8
1,candidate,html_dense,5,1,6,60787,911805,20.0
1,candidate,html_dense,5,1,7,60787,911805,20.4
1,candidate,html_dense,5,1,8,60787,911805,19.6
1,candidate,html_dense,5,2,0,60787,1458888,24.3
1,candidate,html_dense,5,2,1,60787,1458888,24.9
1,candidate,html_dense,5,2,2,60787,1458888,25.0
1,candidate,html_dense,5,2,3,60787,1458888,24.4
1,candidate,html_dense,5,2,4,60787,1458888,24.8
1,candidate,html_dense,5,2,5,60787,1458888,24.4
1,candidate,html_dense,5,2,6,60787,1458888,25.6
1,candidate,html_dense,5,2,7,60787,1458888,24.8
1,candidate,html_dense,5,2,8,60787,1458888,24.4
1,candidate,html_dense,5,3,0,60787,911805,19.6
1,candidate,html_dense,5,3,1,60787,911805,19.2
1,candidate,html_dense,5,3,2,60787,911805,19.4
1,candidate,html_dense,5,3,3,60787,911805,22.0
1,candidate,html_dense,5,3,4,60787,911805,19.9
1,candidate,html_dense,5,3,5,60787,911805,19.8
1,candidate,html_dense,5,3,6,60787,911805,19.5
1,candidate,html_dense,5,3,7,60787,911805,19.5
1,candidate,html_dense,5,3,8,60787,911805,20.5
1,candidate,html_dense,10,0,0,56679,1700370,30.9
1,candidate,html_dense,10,0,1,56679,1700370,30.5
1,candidate,html_dense,10,0,2,56679,1700370,31.2
1,candidate,html_dense,10,0,3,56679,1700370,30.6
1,candidate,html_dense,10,0,4,56679,1700370,30.5
1,candidate,html_dense,10,0,5,56679,1700370,31.0
1,candidate,html_dense,10,0,6,56679,1700370,30.5
1,candidate,html_dense,10,0,7,56679,1700370,31.0
1,candidate,html_dense,10,0,8,56679,1700370,30.7
1,candidate,html_dense,10,1,0,56679,1700370,31.2
1,candidate,html_dense,10,1,1,56679,1700370,31.5
1,candidate,html_dense,10,1,2,56679,1700370,31.3
1,candidate,html_dense,10,1,3,56679,1700370,31.5
1,candidate,html_dense,10,1,4,56679,1700370,32.2
1,candidate,html_dense,10,1,5,56679,1700370,31.6
1,candidate,html_dense,10,1,6,56679,1700370,32.0
1,candidate,html_dense,10,1,7,56679,1700370,32.6
1,candidate,html_dense,10,1,8,56679,1700370,31.5
1,candidate,html_dense,10,2,0,56679,2720592,35.5
1,candidate,html_dense,10,2,1,56679,2720592,38.4
1,candidate,html_dense,10,2,2,56679,2720592,38.3
1,candidate,html_dense,10,2,3,56679,2720592,35.4
1,candidate,html_dense,10,2,4,56679,2720592,35.5
1,candidate,html_dense,10,2,5,56679,2720592,36.2
1,candidate,html_dense,10,2,6,56679,2720592,35.5
1,candidate,html_dense,10,2,7,56679,2720592,35.5
1,candidate,html_dense,10,2,8,56679,2720592,35.8
1,candidate,html_dense,10,3,0,56679,1700370,30.3
1,candidate,html_dense,10,3,1,56679,1700370,30.7
1,candidate,html_dense,10,3,2,56679,1700370,30.6
1,candidate,html_dense,10,3,3,56679,1700370,30.7
1,candidate,html_dense,10,3,4,56679,1700370,31.1
1,candidate,html_dense,10,3,5,56679,1700370,30.6
1,candidate,html_dense,10,3,6,56679,1700370,30.5
1,candidate,html_dense,10,3,7,56679,1700370,30.5
1,candidate,html_dense,10,3,8,56679,1700370,31.4
1,candidate,html_dense,65,0,0,32513,6340035,160.6
1,candidate,html_dense,65,0,1,32513,6340035,159.6
1,candidate,html_dense,65,0,2,32513,6340035,160.7
1,candidate,html_dense,65,0,3,32513,6340035,162.0
1,candidate,html_dense,65,0,4,32513,6340035,160.6
1,candidate,html_dense,65,0,5,32513,6340035,159.4
1,candidate,html_dense,65,0,6,32513,6340035,162.9
1,candidate,html_dense,65,0,7,32513,6340035,159.6
1,candidate,html_dense,65,0,8,32513,6340035,160.4
1,candidate,html_dense,65,1,0,32513,6340035,165.3
1,candidate,html_dense,65,1,1,32513,6340035,168.5
1,candidate,html_dense,65,1,2,32513,6340035,168.3
1,candidate,html_dense,65,1,3,32513,6340035,168.2
1,candidate,html_dense,65,1,4,32513,6340035,171.5
1,candidate,html_dense,65,1,5,32513,6340035,169.1
1,candidate,html_dense,65,1,6,32513,6340035,167.4
1,candidate,html_dense,65,1,7,32513,6340035,166.5
1,candidate,html_dense,65,1,8,32513,6340035,167.6
1,candidate,html_dense,65,2,0,32513,10144056,164.1
1,candidate,html_dense,65,2,1,32513,10144056,171.9
1,candidate,html_dense,65,2,2,32513,10144056,159.8
1,candidate,html_dense,65,2,3,32513,10144056,159.8
1,candidate,html_dense,65,2,4,32513,10144056,160.5
1,candidate,html_dense,65,2,5,32513,10144056,159.9
1,candidate,html_dense,65,2,6,32513,10144056,159.7
1,candidate,html_dense,65,2,7,32513,10144056,158.8
1,candidate,html_dense,65,2,8,32513,10144056,158.9
1,candidate,html_dense,65,3,0,32513,6340035,158.1
1,candidate,html_dense,65,3,1,32513,6340035,160.9
1,candidate,html_dense,65,3,2,32513,6340035,159.7
1,candidate,html_dense,65,3,3,32513,6340035,158.4
1,candidate,html_dense,65,3,4,32513,6340035,159.5
1,candidate,html_dense,65,3,5,32513,6340035,159.3
1,candidate,html_dense,65,3,6,32513,6340035,158.6
1,candidate,html_dense,65,3,7,32513,6340035,159.2
1,candidate,html_dense,65,3,8,32513,6340035,158.9
1,candidate,html_dense,4100,0,0,1007,12386100,9265.7
1,candidate,html_dense,4100,0,1,1007,12386100,9310.2
1,candidate,html_dense,4100,0,2,1007,12386100,9264.7
1,candidate,html_dense,4100,0,3,1007,12386100,9266.8
1,candidate,html_dense,4100,0,4,1007,12386100,9274.8
1,candidate,html_dense,4100,0,5,1007,12386100,9256.0
1,candidate,html_dense,4100,0,6,1007,12386100,9260.8
1,candidate,html_dense,4100,0,7,1007,12386100,9290.8
1,candidate,html_dense,4100,0,8,1007,12386100,9252.6
1,candidate,html_dense,4100,1,0,1007,12386100,9651.5
1,candidate,html_dense,4100,1,1,1007,12386100,9608.1
1,candidate,html_dense,4100,1,2,1007,12386100,9685.5
1,candidate,html_dense,4100,1,3,1007,12386100,9608.9
1,candidate,html_dense,4100,1,4,1007,12386100,9609.8
1,candidate,html_dense,4100,1,5,1007,12386100,9822.0
1,candidate,html_dense,4100,1,6,1007,12386100,9632.2
1,candidate,html_dense,4100,1,7,1007,12386100,9704.1
1,candidate,html_dense,4100,1,8,1007,12386100,9712.1
1,candidate,html_dense,4100,2,0,1007,19817760,8895.2
1,candidate,html_dense,4100,2,1,1007,19817760,9582.6
1,candidate,html_dense,4100,2,2,1007,19817760,9702.6
1,candidate,html_dense,4100,2,3,1007,19817760,8923.2
1,candidate,html_dense,4100,2,4,1007,19817760,8994.1
1,candidate,html_dense,4100,2,5,1007,19817760,8998.3
1,candidate,html_dense,4100,2,6,1007,19817760,9112.0
1,candidate,html_dense,4100,2,7,1007,19817760,8989.6
1,candidate,html_dense,4100,2,8,1007,19817760,8976.5
1,candidate,html_dense,4100,3,0,1007,12386100,9389.3
1,candidate,html_dense,4100,3,1,1007,12386100,9344.9
1,candidate,html_dense,4100,3,2,1007,12386100,9572.2
1,candidate,html_dense,4100,3,3,1007,12386100,9699.7
1,candidate,html_dense,4100,3,4,1007,12386100,9243.4
1,candidate,html_dense,4100,3,5,1007,12386100,9194.6
1,candidate,html_dense,4100,3,6,1007,12386100,9275.6
1,candidate,html_dense,4100,3,7,1007,12386100,9189.4
1,candidate,html_dense,4100,3,8,1007,12386100,9292.7
1,candidate,html_dense,65540,0,0,64,12583680,149971.8
1,candidate,html_dense,65540,0,1,64,12583680,147888.5
1,candidate,html_dense,65540,0,2,64,12583680,148587.8
1,candidate,html_dense,65540,0,3,64,12583680,148863.7
1,candidate,html_dense,65540,0,4,64,12583680,149533.3
1,candidate,html_dense,65540,0,5,64,12583680,147711.9
1,candidate,html_dense,65540,0,6,64,12583680,148535.0
1,candidate,html_dense,65540,0,7,64,12583680,148482.8
1,candidate,html_dense,65540,0,8,64,12583680,148552.3
1,candidate,html_dense,65540,1,0,64,12583680,154738.6
1,candidate,html_dense,65540,1,1,64,12583680,155854.9
1,candidate,html_dense,65540,1,2,64,12583680,154287.4
1,candidate,html_dense,65540,1,3,64,12583680,154868.1
1,candidate,html_dense,65540,1,4,64,12583680,155100.3
1,candidate,html_dense,65540,1,5,64,12583680,154475.1
1,candidate,html_dense,65540,1,6,64,12583680,154971.2
1,candidate,html_dense,65540,1,7,64,12583680,155196.0
1,candidate,html_dense,65540,1,8,64,12583680,154206.3
1,candidate,html_dense,65540,2,0,64,20133888,149990.9
1,candidate,html_dense,65540,2,1,64,20133888,157367.5
1,candidate,html_dense,65540,2,2,64,20133888,155791.2
1,candidate,html_dense,65540,2,3,64,20133888,151111.3
1,candidate,html_dense,65540,2,4,64,20133888,147930.1
1,candidate,html_dense,65540,2,5,64,20133888,148867.0
1,candidate,html_dense,65540,2,6,64,20133888,143512.2
1,candidate,html_dense,65540,2,7,64,20133888,144576.4
1,candidate,html_dense,65540,2,8,64,20133888,142935.5
1,candidate,html_dense,65540,3,0,64,12583680,146799.7
1,candidate,html_dense,65540,3,1,64,12583680,146892.6
1,candidate,html_dense,65540,3,2,64,12583680,147344.6
1,candidate,html_dense,65540,3,3,64,12583680,146595.4
1,candidate,html_dense,65540,3,4,64,12583680,146999.4
1,candidate,html_dense,65540,3,5,64,12583680,146503.7
1,candidate,html_dense,65540,3,6,64,12583680,147549.3
1,candidate,html_dense,65540,3,7,64,12583680,147310.0
1,candidate,html_dense,65540,3,8,64,12583680,147145.8
2,candidate,plain,0,0,0,65536,0,3.3
2,candidate,plain,0,0,1,65536,0,3.3
2,candidate,plain,0,0,2,65536,0,3.5
2,candidate,plain,0,0,3,65536,0,3.3
2,candidate,plain,0,0,4,65536,0,3.3
2,candidate,plain,0,0,5,65536,0,3.5
2,candidate,plain,0,0,6,65536,0,3.3
2,candidate,plain,0,0,7,65536,0,3.3
2,candidate,plain,0,0,8,65536,0,3.3
2,candidate,plain,0,1,0,65536,0,3.3
2,candidate,plain,0,1,1,65536,0,3.5
2,candidate,plain,0,1,2,65536,0,3.3
2,candidate,plain,0,1,3,65536,0,3.3
2,candidate,plain,0,1,4,65536,0,3.3
2,candidate,plain,0,1,5,65536,0,3.3
2,candidate,plain,0,1,6,65536,0,3.3
2,candidate,plain,0,1,7,65536,0,3.3
2,candidate,plain,0,1,8,65536,0,3.5
2,candidate,plain,0,2,0,65536,0,5.8
2,candidate,plain,0,2,1,65536,0,6.3
2,candidate,plain,0,2,2,65536,0,5.9
2,candidate,plain,0,2,3,65536,0,6.0
2,candidate,plain,0,2,4,65536,0,5.8
2,candidate,plain,0,2,5,65536,0,5.8
2,candidate,plain,0,2,6,65536,0,5.9
2,candidate,plain,0,2,7,65536,0,5.9
2,candidate,plain,0,2,8,65536,0,5.9
2,candidate,plain,0,3,0,65536,0,3.5
2,candidate,plain,0,3,1,65536,0,3.5
2,candidate,plain,0,3,2,65536,0,3.5
2,candidate,plain,0,3,3,65536,0,3.5
2,candidate,plain,0,3,4,65536,0,3.9
2,candidate,plain,0,3,5,65536,0,3.5
2,candidate,plain,0,3,6,65536,0,3.5
2,candidate,plain,0,3,7,65536,0,3.5
2,candidate,plain,0,3,8,65536,0,3.7
2,candidate,plain,30,0,0,44620,1427840,43.4
2,candidate,plain,30,0,1,44620,1427840,43.0
2,candidate,plain,30,0,2,44620,1427840,42.5
2,candidate,plain,30,0,3,44620,1427840,42.6
2,candidate,plain,30,0,4,44620,1427840,42.6
2,candidate,plain,30,0,5,44620,1427840,42.6
2,candidate,plain,30,0,6,44620,1427840,42.7
2,candidate,plain,30,0,7,44620,1427840,42.5
2,candidate,plain,30,0,8,44620,1427840,43.0
2,candidate,plain,30,1,0,44620,1338600,47.8
2,candidate,plain,30,1,1,44620,1338600,49.1
2,candidate,plain,30,1,2,44620,1338600,47.7
2,candidate,plain,30,1,3,44620,1338600,47.9
2,candidate,plain,30,1,4,44620,1338600,47.8
2,candidate,plain,30,1,5,44620,1338600,47.7
2,candidate,plain,30,1,6,44620,1338600,48.0
2,candidate,plain,30,1,7,44620,1338600,47.6
2,candidate,plain,30,1,8,44620,1338600,48.5
2,candidate,plain,30,2,0,44620,1338600,49.3
2,candidate,plain,30,2,1,44620,1338600,52.6
2,candidate,plain,30,2,2,44620,1338600,53.1
2,candidate,plain,30,2,3,44620,1338600,49.6
2,candidate,plain,30,2,4,44620,1338600,49.3
2,candidate,plain,30,2,5,44620,1338600,50.4
2,candidate,plain,30,2,6,44620,1338600,50.5
2,candidate,plain,30,2,7,44620,1338600,49.6
2,candidate,plain,30,2,8,44620,1338600,50.9
2,candidate,plain,30,3,0,44620,1427840,52.1
2,candidate,plain,30,3,1,44620,1427840,52.6
2,candidate,plain,30,3,2,44620,1427840,54.9
2,candidate,plain,30,3,3,44620,1427840,54.6
2,candidate,plain,30,3,4,44620,1427840,49.6
2,candidate,plain,30,3,5,44620,1427840,49.5
2,candidate,plain,30,3,6,44620,1427840,51.8
2,candidate,plain,30,3,7,44620,1427840,50.2
2,candidate,plain,30,3,8,44620,1427840,50.1
2,candidate,plain,90,0,0,27235,2614560,125.1
2,candidate,plain,90,0,1,27235,2614560,124.8
2,candidate,plain,90,0,2,27235,2614560,121.9
2,candidate,plain,90,0,3,27235,2614560,125.0
2,candidate,plain,90,0,4,27235,2614560,122.4
2,candidate,plain,90,0,5,27235,2614560,125.9
2,candidate,plain,90,0,6,27235,2614560,123.5
2,candidate,plain,90,0,7,27235,2614560,121.9
2,candidate,plain,90,0,8,27235,2614560,121.5
2,candidate,plain,90,1,0,27235,2451150,141.5
2,candidate,plain,90,1,1,27235,2451150,137.5
2,candidate,plain,90,1,2,27235,2451150,140.4
2,candidate,plain,90,1,3,27235,2451150,138.5
2,candidate,plain,90,1,4,27235,2451150,138.3
2,candidate,plain,90,1,5,27235,2451150,144.7
2,candidate,plain,90,1,6,27235,2451150,138.9
2,candidate,plain,90,1,7,27235,2451150,138.9
2,candidate,plain,90,1,8,27235,2451150,140.4
2,candidate,plain,90,2,0,27235,2451150,124.9
2,candidate,plain,90,2,1,27235,2451150,134.3
2,candidate,plain,90,2,2,27235,2451150,196.0
2,candidate,plain,90,2,3,27235,2451150,199.9
2,candidate,plain,90,2,4,27235,2451150,189.7
2,candidate,plain,90,2,5,27235,2451150,127.2
2,candidate,plain,90,2,6,27235,2451150,127.2
2,candidate,plain,90,2,7,27235,2451150,124.8
2,candidate,plain,90,2,8,27235,2451150,127.0
2,candidate,plain,90,3,0,27235,2614560,141.1
2,candidate,plain,90,3,1,27235,2614560,138.7
2,candidate,plain,90,3,2,27235,2614560,140.6
2,candidate,plain,90,3,3,27235,2614560,141.9
2,candidate,plain,90,3,4,27235,2614560,142.7
2,candidate,plain,90,3,5,27235,2614560,143.3
2,candidate,plain,90,3,6,27235,2614560,146.3
2,candidate,plain,90,3,7,27235,2614560,143.4
2,candidate,plain,90,3,8,27235,2614560,140.2
2,candidate,plain,4110,0,0,1004,4401536,4701.2
2,candidate,plain,4110,0,1,1004,4401536,4801.9
2,candidate,plain,4110,0,2,1004,4401536,4625.3
2,candidate,plain,4110,0,3,1004,4401536,4647.4
2,candidate,plain,4110,0,4,1004,4401536,4683.5
2,candidate,plain,4110,0,5,1004,4401536,4647.1
2,candidate,plain,4110,0,6,1004,4401536,4682.5
2,candidate,plain,4110,0,7,1004,4401536,4737.7
2,candidate,plain,4110,0,8,1004,4401536,4646.1
2,candidate,plain,4110,1,0,1004,4126440,5745.2
2,candidate,plain,4110,1,1,1004,4126440,5736.4
2,candidate,plain,4110,1,2,1004,4126440,5822.7
2,candidate,plain,4110,1,3,1004,4126440,5730.1
2,candidate,plain,4110,1,4,1004,4126440,5716.7
2,candidate,plain,4110,1,5,1004,4126440,5787.7
2,candidate,plain,4110,1,6,1004,4126440,5729.6
2,candidate,plain,4110,1,7,1004,4126440,5816.7
2,candidate,plain,4110,1,8,1004,4126440,5907.6
2,candidate,plain,4110,2,0,1004,4126440,4887.9
2,candidate,plain,4110,2,1,1004,4126440,4883.0
2,candidate,plain,4110,2,2,1004,4126440,5163.9
2,candidate,plain,4110,2,3,1004,4126440,4894.1
2,candidate,plain,4110,2,4,1004,4126440,4893.3
2,candidate,plain,4110,2,5,1004,4126440,4937.8
2,candidate,plain,4110,2,6,1004,4126440,5131.9
2,candidate,plain,4110,2,7,1004,4126440,4906.2
2,candidate,plain,4110,2,8,1004,4126440,4937.3
2,candidate,plain,4110,3,0,1004,4401536,5815.2
2,candidate,plain,4110,3,1,1004,4401536,5863.9
2,candidate,plain,4110,3,2,1004,4401536,5924.8
2,candidate,plain,4110,3,3,1004,4401536,5849.3
2,candidate,plain,4110,3,4,1004,4401536,5836.9
2,candidate,plain,4110,3,5,1004,4401536,5853.3
2,candidate,plain,4110,3,6,1004,4401536,5812.6
2,candidate,plain,4110,3,7,1004,4401536,5918.1
2,candidate,plain,4110,3,8,1004,4401536,5796.8
2,candidate,plain,65550,0,0,64,4474880,74827.1
2,candidate,plain,65550,0,1,64,4474880,75516.6
2,candidate,plain,65550,0,2,64,4474880,74587.1
2,candidate,plain,65550,0,3,64,4474880,74207.4
2,candidate,plain,65550,0,4,64,4474880,73864.2
2,candidate,plain,65550,0,5,64,4474880,74214.1
2,candidate,plain,65550,0,6,64,4474880,80386.0
2,candidate,plain,65550,0,7,64,4474880,76424.3
2,candidate,plain,65550,0,8,64,4474880,73509.8
2,candidate,plain,65550,1,0,64,4195200,92525.9
2,candidate,plain,65550,1,1,64,4195200,91754.7
2,candidate,plain,65550,1,2,64,4195200,92824.2
2,candidate,plain,65550,1,3,64,4195200,92588.8
2,candidate,plain,65550,1,4,64,4195200,92833.6
2,candidate,plain,65550,1,5,64,4195200,92357.0
2,candidate,plain,65550,1,6,64,4195200,91738.3
2,candidate,plain,65550,1,7,64,4195200,92407.9
2,candidate,plain,65550,1,8,64,4195200,92086.0
2,candidate,plain,65550,2,0,64,4195200,80033.7
2,candidate,plain,65550,2,1,64,4195200,77865.5
2,candidate,plain,65550,2,2,64,4195200,78355.1
2,candidate,plain,65550,2,3,64,4195200,78743.1
2,candidate,plain,65550,2,4,64,4195200,78521.3
2,candidate,plain,65550,2,5,64,4195200,78496.0
2,candidate,plain,65550,2,6,64,4195200,78579.0
2,candidate,plain,65550,2,7,64,4195200,78376.0
2,candidate,plain,65550,2,8,64,4195200,78131.0
2,candidate,plain,65550,3,0,64,4474880,95803.5
2,candidate,plain,65550,3,1,64,4474880,93706.8
2,candidate,plain,65550,3,2,64,4474880,91992.1
2,candidate,plain,65550,3,3,64,4474880,98986.4
2,candidate,plain,65550,3,4,64,4474880,93028.7
2,candidate,plain,65550,3,5,64,4474880,96741.7
2,candidate,plain,65550,3,6,64,4474880,95143.7
2,candidate,plain,65550,3,7,64,4474880,92824.2
2,candidate,plain,65550,3,8,64,4474880,93200.1
2,candidate,mixed,46,0,0,38130,3660480,86.4
2,candidate,mixed,46,0,1,38130,3660480,87.8
2,candidate,mixed,46,0,2,38130,3660480,88.7
2,candidate,mixed,46,0,3,38130,3660480,87.5
2,candidate,mixed,46,0,4,38130,3660480,88.0
2,candidate,mixed,46,0,5,38130,3660480,86.8
2,candidate,mixed,46,0,6,38130,3660480,88.1
2,candidate,mixed,46,0,7,38130,3660480,87.5
2,candidate,mixed,46,0,8,38130,3660480,86.8
2,candidate,mixed,46,1,0,38130,3507960,91.6
2,candidate,mixed,46,1,1,38130,3507960,90.2
2,candidate,mixed,46,1,2,38130,3507960,91.2
2,candidate,mixed,46,1,3,38130,3507960,90.2
2,candidate,mixed,46,1,4,38130,3507960,93.2
2,candidate,mixed,46,1,5,38130,3507960,130.5
2,candidate,mixed,46,1,6,38130,3507960,90.7
2,candidate,mixed,46,1,7,38130,3507960,90.0
2,candidate,mixed,46,1,8,38130,3507960,91.8
2,candidate,mixed,46,2,0,38130,2897880,83.0
2,candidate,mixed,46,2,1,38130,2897880,86.0
2,candidate,mixed,46,2,2,38130,2897880,86.9
2,candidate,mixed,46,2,3,38130,2897880,86.2
2,candidate,mixed,46,2,4,38130,2897880,84.4
2,candidate,mixed,46,2,5,38130,2897880,85.7
2,candidate,mixed,46,2,6,38130,2897880,88.2
2,candidate,mixed,46,2,7,38130,2897880,86.7
2,candidate,mixed,46,2,8,38130,2897880,85.1
2,candidate,mixed,46,3,0,38130,3355440,81.5
2,candidate,mixed,46,3,1,38130,3355440,81.0
2,candidate,mixed,46,3,2,38130,3355440,81.8
2,candidate,mixed,46,3,3,38130,3355440,82.5
2,candidate,mixed,46,3,4,38130,3355440,81.8
2,candidate,mixed,46,3,5,38130,3355440,85.6
2,candidate,mixed,46,3,6,38130,3355440,82.0
2,candidate,mixed,46,3,7,38130,3355440,82.2
2,candidate,mixed,46,3,8,38130,3355440,82.4
2,candidate,mixed,92,0,0,26886,5162112,171.7
2,candidate,mixed,92,0,1,26886,5162112,173.2
2,candidate,mixed,92,0,2,26886,5162112,165.4
2,candidate,mixed,92,0,3,26886,5162112,168.1
2,candidate,mixed,92,0,4,26886,5162112,173.0
2,candidate,mixed,92,0,5,26886,5162112,169.8
2,candidate,mixed,92,0,6,26886,5162112,169.7
2,candidate,mixed,92,0,7,26886,5162112,175.0
2,candidate,mixed,92,0,8,26886,5162112,168.5
2,candidate,mixed,92,1,0,26886,4947024,191.9
2,candidate,mixed,92,1,1,26886,4947024,191.7
2,candidate,mixed,92,1,2,26886,4947024,182.5
2,candidate,mixed,92,1,3,26886,4947024,189.8
2,candidate,mixed,92,1,4,26886,4947024,191.7
2,candidate,mixed,92,1,5,26886,4947024,183.3
2,candidate,mixed,92,1,6,26886,4947024,182.9
2,candidate,mixed,92,1,7,26886,4947024,180.3
2,candidate,mixed,92,1,8,26886,4947024,200.4
2,candidate,mixed,92,2,0,26886,4086672,162.6
2,candidate,mixed,92,2,1,26886,4086672,158.3
2,candidate,mixed,92,2,2,26886,4086672,164.5
2,candidate,mixed,92,2,3,26886,4086672,160.1
2,candidate,mixed,92,2,4,26886,4086672,163.9
2,candidate,mixed,92,2,5,26886,4086672,161.3
2,candidate,mixed,92,2,6,26886,4086672,169.7
2,candidate,mixed,92,2,7,26886,4086672,160.9
2,candidate,mixed,92,2,8,26886,4086672,157.2
2,candidate,mixed,92,3,0,26886,4731936,162.9
2,candidate,mixed,92,3,1,26886,4731936,163.8
2,candidate,mixed,92,3,2,26886,4731936,167.7
2,candidate,mixed,92,3,3,26886,4731936,175.6
2,candidate,mixed,92,3,4,26886,4731936,170.3
2,candidate,mixed,92,3,5,26886,4731936,174.8
2,candidate,mixed,92,3,6,26886,4731936,168.7
2,candidate,mixed,92,3,7,26886,4731936,168.0
2,candidate,mixed,92,3,8,26886,4731936,164.5
2,candidate,mixed,4140,0,0,997,8614080,6878.2
2,candidate,mixed,4140,0,1,997,8614080,7012.1
2,candidate,mixed,4140,0,2,997,8614080,6876.3
2,candidate,mixed,4140,0,3,997,8614080,6916.4
2,candidate,mixed,4140,0,4,997,8614080,6934.6
2,candidate,mixed,4140,0,5,997,8614080,7116.3
2,candidate,mixed,4140,0,6,997,8614080,7114.9
2,candidate,mixed,4140,0,7,997,8614080,6930.0
2,candidate,mixed,4140,0,8,997,8614080,6911.2
2,candidate,mixed,4140,1,0,997,8255160,8786.7
2,candidate,mixed,4140,1,1,997,8255160,8122.0
2,candidate,mixed,4140,1,2,997,8255160,7616.7
2,candidate,mixed,4140,1,3,997,8255160,7617.0
2,candidate,mixed,4140,1,4,997,8255160,7738.5
2,candidate,mixed,4140,1,5,997,8255160,7631.8
2,candidate,mixed,4140,1,6,997,8255160,7631.7
2,candidate,mixed,4140,1,7,997,8255160,7650.0
2,candidate,mixed,4140,1,8,997,8255160,7728.2
2,candidate,mixed,4140,2,0,997,6819480,6456.3
2,candidate,mixed,4140,2,1,997,6819480,6473.9
2,candidate,mixed,4140,2,2,997,6819480,6446.9
2,candidate,mixed,4140,2,3,997,6819480,6656.2
2,candidate,mixed,4140,2,4,997,6819480,6512.4
2,candidate,mixed,4140,2,5,997,6819480,6516.4
2,candidate,mixed,4140,2,6,997,6819480,6490.0
2,candidate,mixed,4140,2,7,997,6819480,6573.8
2,candidate,mixed,4140,2,8,997,6819480,6447.1
2,candidate,mixed,4140,3,0,997,7896240,6804.0
2,candidate,mixed,4140,3,1,997,7896240,6921.2
2,candidate,mixed,4140,3,2,997,7896240,7053.6
2,candidate,mixed,4140,3,3,997,7896240,6859.5
2,candidate,mixed,4140,3,4,997,7896240,6866.7
2,candidate,mixed,4140,3,5,997,7896240,6945.2
2,candidate,mixed,4140,3,6,997,7896240,7114.2
2,candidate,mixed,4140,3,7,997,7896240,6940.7
2,candidate,mixed,4140,3,8,997,7896240,7022.5
2,candidate,mixed,65550,0,0,64,8755200,111222.3
2,candidate,mixed,65550,0,1,64,8755200,113090.5
2,candidate,mixed,65550,0,2,64,8755200,118763.2
2,candidate,mixed,65550,0,3,64,8755200,108440.6
2,candidate,mixed,65550,0,4,64,8755200,110325.6
2,candidate,mixed,65550,0,5,64,8755200,110576.7
2,candidate,mixed,65550,0,6,64,8755200,112307.1
2,candidate,mixed,65550,0,7,64,8755200,108975.3
2,candidate,mixed,65550,0,8,64,8755200,110105.9
2,candidate,mixed,65550,1,0,64,8390400,122995.0
2,candidate,mixed,65550,1,1,64,8390400,122479.3
2,candidate,mixed,65550,1,2,64,8390400,120431.8
2,candidate,mixed,65550,1,3,64,8390400,121378.3
2,candidate,mixed,65550,1,4,64,8390400,122368.2
2,candidate,mixed,65550,1,5,64,8390400,121607.8
2,candidate,mixed,65550,1,6,64,8390400,119734.7
2,candidate,mixed,65550,1,7,64,8390400,120840.9
2,candidate,mixed,65550,1,8,64,8390400,124041.6
2,candidate,mixed,65550,2,0,64,6931200,102031.1
2,candidate,mixed,65550,2,1,64,6931200,103096.4
2,candidate,mixed,65550,2,2,64,6931200,102018.5
2,candidate,mixed,65550,2,3,64,6931200,102611.8
2,candidate,mixed,65550,2,4,64,6931200,102017.2
2,candidate,mixed,65550,2,5,64,6931200,101905.4
2,candidate,mixed,65550,2,6,64,6931200,102490.6
2,candidate,mixed,65550,2,7,64,6931200,102173.5
2,candidate,mixed,65550,2,8,64,6931200,102889.2
2,candidate,mixed,65550,3,0,64,8025600,108125.4
2,candidate,mixed,65550,3,1,64,8025600,108117.2
2,candidate,mixed,65550,3,2,64,8025600,108254.6
2,candidate,mixed,65550,3,3,64,8025600,106899.0
2,candidate,mixed,65550,3,4,64,8025600,108131.2
2,candidate,mixed,65550,3,5,64,8025600,109047.2
2,candidate,mixed,65550,3,6,64,8025600,109977.9
2,candidate,mixed,65550,3,7,64,8025600,111706.1
2,candidate,mixed,65550,3,8,64,8025600,107478.8
2,candidate,unreserved,1,0,0,64527,64527,8.7
2,candidate,unreserved,1,0,1,64527,64527,8.8
2,candidate,unreserved,1,0,2,64527,64527,8.7
2,candidate,unreserved,1,0,3,64527,64527,12.1
2,candidate,unreserved,1,0,4,64527,64527,12.3
2,candidate,unreserved,1,0,5,64527,64527,11.2
2,candidate,unreserved,1,0,6,64527,64527,8.8
2,candidate,unreserved,1,0,7,64527,64527,8.9
2,candidate,unreserved,1,0,8,64527,64527,8.8
2,candidate,unreserved,1,1,0,64527,64527,9.1
2,candidate,unreserved,1,1,1,64527,64527,9.4
2,candidate,unreserved,1,1,2,64527,64527,9.2
2,candidate,unreserved,1,1,3,64527,64527,9.1
2,candidate,unreserved,1,1,4,64527,64527,9.6
2,candidate,unreserved,1,1,5,64527,64527,10.5
2,candidate,unreserved,1,1,6,64527,64527,9.2
2,candidate,unreserved,1,1,7,64527,64527,11.2
2,candidate,unreserved,1,1,8,64527,64527,8.9
2,candidate,unreserved,1,2,0,64527,64527,13.8
2,candidate,unreserved,1,2,1,64527,64527,13.5
2,candidate,unreserved,1,2,2,64527,64527,14.4
2,candidate,unreserved,1,2,3,64527,64527,13.6
2,candidate,unreserved,1,2,4,64527,64527,14.4
2,candidate,unreserved,1,2,5,64527,64527,13.4
2,candidate,unreserved,1,2,6,64527,64527,14.3
2,candidate,unreserved,1,2,7,64527,64527,13.4
2,candidate,unreserved,1,2,8,64527,64527,13.6
2,candidate,unreserved,1,3,0,64527,64527,10.0
2,candidate,unreserved,1,3,1,64527,64527,9.2
2,candidate,unreserved,1,3,2,64527,64527,9.3
2,candidate,unreserved,1,3,3,64527,64527,9.4
2,candidate,unreserved,1,3,4,64527,64527,8.9
2,candidate,unreserved,1,3,5,64527,64527,9.6
2,candidate,unreserved,1,3,6,64527,64527,9.3
2,candidate,unreserved,1,3,7,64527,64527,9.3
2,candidate,unreserved,1,3,8,64527,64527,8.6
2,candidate,unreserved,8,0,0,58254,466032,15.6
2,candidate,unreserved,8,0,1,58254,466032,15.7
2,candidate,unreserved,8,0,2,58254,466032,15.5
2,candidate,unreserved,8,0,3,58254,466032,16.3
2,candidate,unreserved,8,0,4,58254,466032,16.3
2,candidate,unreserved,8,0,5,58254,466032,16.1
2,candidate,unreserved,8,0,6,58254,466032,15.6
2,candidate,unreserved,8,0,7,58254,466032,15.9
2,candidate,unreserved,8,0,8,58254,466032,15.8
2,candidate,unreserved,8,1,0,58254,466032,18.8
2,candidate,unreserved,8,1,1,58254,466032,19.1
2,candidate,unreserved,8,1,2,58254,466032,18.5
2,candidate,unreserved,8,1,3,58254,466032,18.5
2,candidate,unreserved,8,1,4,58254,466032,18.4
2,candidate,unreserved,8,1,5,58254,466032,17.7
2,candidate,unreserved,8,1,6,58254,466032,17.8
2,candidate,unreserved,8,1,7,58254,466032,17.8
2,candidate,unreserved,8,1,8,58254,466032,18.0
2,candidate,unreserved,8,2,0,58254,466032,22.6
2,candidate,unreserved,8,2,1,58254,466032,22.8
2,candidate,unreserved,8,2,2,58254,466032,22.6
2,candidate,unreserved,8,2,3,58254,466032,22.8
2,candidate,unreserved,8,2,4,58254,466032,23.4
2,candidate,unreserved,8,2,5,58254,466032,22.6
2,candidate,unreserved,8,2,6,58254,466032,22.8
2,candidate,unreserved,8,2,7,58254,466032,22.5
2,candidate,unreserved,8,2,8,58254,466032,22.7
2,candidate,unreserved,8,3,0,58254,466032,17.8
2,candidate,unreserved,8,3,1,58254,466032,22.2
2,candidate,unreserved,8,3,2,58254,466032,18.3
2,candidate,unreserved,8,3,3,58254,466032,17.8
2,candidate,unreserved,8,3,4,58254,466032,18.1
2,candidate,unreserved,8,3,5,58254,466032,18.2
2,candidate,unreserved,8,3,6,58254,466032,21.0
2,candidate,unreserved,8,3,7,58254,466032,18.5
2,candidate,unreserved,8,3,8,58254,466032,21.7
2,candidate,unreserved,64,0,0,32768,2097152,80.5
2,candidate,unreserved,64,0,1,32768,2097152,81.4
2,candidate,unreserved,64,0,2,32768,2097152,80.7
2,candidate,unreserved,64,0,3,32768,2097152,84.2
2,candidate,unreserved,64,0,4,32768,2097152,89.0
2,candidate,unreserved,64,0,5,32768,2097152,80.0
2,candidate,unreserved,64,0,6,32768,2097152,79.7
2,candidate,unreserved,64,0,7,32768,2097152,82.8
2,candidate,unreserved,64,0,8,32768,2097152,81.4
2,candidate,unreserved,64,1,0,32768,2097152,101.4
2,candidate,unreserved,64,1,1,32768,2097152,102.9
2,candidate,unreserved,64,1,2,32768,2097152,101.5
2,candidate,unreserved,64,1,3,32768,2097152,103.8
2,candidate,unreserved,64,1,4,32768,2097152,101.8
2,candidate,unreserved,64,1,5,32768,2097152,102.6
2,candidate,unreserved,64,1,6,32768,2097152,104.8
2,candidate,unreserved,64,1,7,32768,2097152,103.0
2,candidate,unreserved,64,1,8,32768,2097152,112.3
2,candidate,unreserved,64,2,0,32768,2097152,89.2
2,candidate,unreserved,64,2,1,32768,2097152,90.2
2,candidate,unreserved,64,2,2,32768,2097152,89.2
2,candidate,unreserved,64,2,3,32768,2097152,89.7
2,candidate,unreserved,64,2,4,32768,2097152,88.9
2,candidate,unreserved,64,2,5,32768,2097152,92.6
2,candidate,unreserved,64,2,6,32768,2097152,93.7
2,candidate,unreserved,64,2,7,32768,2097152,90.1
2,candidate,unreserved,64,2,8,32768,2097152,91.2
2,candidate,unreserved,64,3,0,32768,2097152,95.1
2,candidate,unreserved,64,3,1,32768,2097152,95.8
2,candidate,unreserved,64,3,2,32768,2097152,93.2
2,candidate,unreserved,64,3,3,32768,2097152,93.4
2,candidate,unreserved,64,3,4,32768,2097152,99.9
2,candidate,unreserved,64,3,5,32768,2097152,95.9
2,candidate,unreserved,64,3,6,32768,2097152,93.1
2,candidate,unreserved,64,3,7,32768,2097152,96.2
2,candidate,unreserved,64,3,8,32768,2097152,94.3
2,candidate,unreserved,4096,0,0,1008,4128768,4367.9
2,candidate,unreserved,4096,0,1,1008,4128768,4376.1
2,candidate,unreserved,4096,0,2,1008,4128768,4445.8
2,candidate,unreserved,4096,0,3,1008,4128768,4440.7
2,candidate,unreserved,4096,0,4,1008,4128768,4389.7
2,candidate,unreserved,4096,0,5,1008,4128768,4478.7
2,candidate,unreserved,4096,0,6,1008,4128768,4427.9
2,candidate,unreserved,4096,0,7,1008,4128768,4375.7
2,candidate,unreserved,4096,0,8,1008,4128768,4384.2
2,candidate,unreserved,4096,1,0,1008,4128768,5296.0
2,candidate,unreserved,4096,1,1,1008,4128768,5275.4
2,candidate,unreserved,4096,1,2,1008,4128768,5296.4
2,candidate,unreserved,4096,1,3,1008,4128768,5351.3
2,candidate,unreserved,4096,1,4,1008,4128768,5269.0
2,candidate,unreserved,4096,1,5,1008,4128768,5371.6
2,candidate,unreserved,4096,1,6,1008,4128768,5281.3
2,candidate,unreserved,4096,1,7,1008,4128768,5267.9
2,candidate,unreserved,4096,1,8,1008,4128768,5272.4
2,candidate,unreserved,4096,2,0,1008,4128768,4710.7
2,candidate,unreserved,4096,2,1,1008,4128768,4691.2
2,candidate,unreserved,4096,2,2,1008,4128768,4580.9
2,candidate,unreserved,4096,2,3,1008,4128768,4625.1
2,candidate,unreserved,4096,2,4,1008,4128768,4635.2
2,candidate,unreserved,4096,2,5,1008,4128768,4585.9
2,candidate,unreserved,4096,2,6,1008,4128768,4574.0
2,candidate,unreserved,4096,2,7,1008,4128768,4645.2
2,candidate,unreserved,4096,2,8,1008,4128768,4615.0
2,candidate,unreserved,4096,3,0,1008,4128768,5297.4
2,candidate,unreserved,4096,3,1,1008,4128768,5250.1
2,candidate,unreserved,4096,3,2,1008,4128768,5243.1
2,candidate,unreserved,4096,3,3,1008,4128768,5549.9
2,candidate,unreserved,4096,3,4,1008,4128768,5384.1
2,candidate,unreserved,4096,3,5,1008,4128768,5399.7
2,candidate,unreserved,4096,3,6,1008,4128768,5310.2
2,candidate,unreserved,4096,3,7,1008,4128768,5236.5
2,candidate,unreserved,4096,3,8,1008,4128768,5311.0
2,candidate,unreserved,65536,0,0,64,4194304,70442.8
2,candidate,unreserved,65536,0,1,64,4194304,69447.9
2,candidate,unreserved,65536,0,2,64,4194304,75254.4
2,candidate,unreserved,65536,0,3,64,4194304,72023.2
2,candidate,unreserved,65536,0,4,64,4194304,69638.5
2,candidate,unreserved,65536,0,5,64,4194304,69573.3
2,candidate,unreserved,65536,0,6,64,4194304,71019.8
2,candidate,unreserved,65536,0,7,64,4194304,69776.6
2,candidate,unreserved,65536,0,8,64,4194304,69651.8
2,candidate,unreserved,65536,1,0,64,4194304,86944.2
2,candidate,unreserved,65536,1,1,64,4194304,87594.3
2,candidate,unreserved,65536,1,2,64,4194304,89997.6
2,candidate,unreserved,65536,1,3,64,4194304,87003.9
2,candidate,unreserved,65536,1,4,64,4194304,88827.4
2,candidate,unreserved,65536,1,5,64,4194304,89512.2
2,candidate,unreserved,65536,1,6,64,4194304,87486.8
2,candidate,unreserved,65536,1,7,64,4194304,90197.8
2,candidate,unreserved,65536,1,8,64,4194304,87644.8
2,candidate,unreserved,65536,2,0,64,4194304,76212.0
2,candidate,unreserved,65536,2,1,64,4194304,74226.2
2,candidate,unreserved,65536,2,2,64,4194304,73226.6
2,candidate,unreserved,65536,2,3,64,4194304,73140.8
2,candidate,unreserved,65536,2,4,64,4194304,73893.0
2,candidate,unreserved,65536,2,5,64,4194304,72878.6
2,candidate,unreserved,65536,2,6,64,4194304,72727.3
2,candidate,unreserved,65536,2,7,64,4194304,73489.0
2,candidate,unreserved,65536,2,8,64,4194304,74519.3
2,candidate,unreserved,65536,3,0,64,4194304,85581.0
2,candidate,unreserved,65536,3,1,64,4194304,83605.5
2,candidate,unreserved,65536,3,2,64,4194304,83904.6
2,candidate,unreserved,65536,3,3,64,4194304,84195.9
2,candidate,unreserved,65536,3,4,64,4194304,83701.6
2,candidate,unreserved,65536,3,5,64,4194304,84776.1
2,candidate,unreserved,65536,3,6,64,4194304,84780.6
2,candidate,unreserved,65536,3,7,64,4194304,83679.6
2,candidate,unreserved,65536,3,8,64,4194304,84785.9
2,candidate,dense,4,0,0,61680,740160,17.1
2,candidate,dense,4,0,1,61680,740160,17.6
2,candidate,dense,4,0,2,61680,740160,17.1
2,candidate,dense,4,0,3,61680,740160,17.6
2,candidate,dense,4,0,4,61680,740160,17.1
2,candidate,dense,4,0,5,61680,740160,17.2
2,candidate,dense,4,0,6,61680,740160,17.1
2,candidate,dense,4,0,7,61680,740160,17.9
2,candidate,dense,4,0,8,61680,740160,17.6
2,candidate,dense,4,1,0,61680,616800,17.2
2,candidate,dense,4,1,1,61680,616800,17.2
2,candidate,dense,4,1,2,61680,616800,17.6
2,candidate,dense,4,1,3,61680,616800,17.0
2,candidate,dense,4,1,4,61680,616800,17.1
2,candidate,dense,4,1,5,61680,616800,17.0
2,candidate,dense,4,1,6,61680,616800,17.7
2,candidate,dense,4,1,7,61680,616800,17.1
2,candidate,dense,4,1,8,61680,616800,17.2
2,candidate,dense,4,2,0,61680,246720,17.7
2,candidate,dense,4,2,1,61680,246720,23.2
2,candidate,dense,4,2,2,61680,246720,17.8
2,candidate,dense,4,2,3,61680,246720,17.6
2,candidate,dense,4,2,4,61680,246720,20.0
2,candidate,dense,4,2,5,61680,246720,18.4
2,candidate,dense,4,2,6,61680,246720,18.1
2,candidate,dense,4,2,7,61680,246720,18.1
2,candidate,dense,4,2,8,61680,246720,17.7
2,candidate,dense,4,3,0,61680,616800,15.7
2,candidate,dense,4,3,1,61680,616800,15.9
2,candidate,dense,4,3,2,61680,616800,16.1
2,candidate,dense,4,3,3,61680,616800,15.9
2,candidate,dense,4,3,4,61680,616800,15.8
2,candidate,dense,4,3,5,61680,616800,16.0
2,candidate,dense,4,3,6,61680,616800,16.1
2,candidate,dense,4,3,7,61680,616800,16.2
2,candidate,dense,4,3,8,61680,616800,15.9
2,candidate,dense,8,0,0,58254,1398096,26.0
2,candidate,dense,8,0,1,58254,1398096,26.1
2,candidate,dense,8,0,2,58254,1398096,26.1
2,candidate,dense,8,0,3,58254,1398096,26.5
2,candidate,dense,8,0,4,58254,1398096,26.7
2,candidate,dense,8,0,5,58254,1398096,27.1
2,candidate,dense,8,0,6,58254,1398096,26.4
2,candidate,dense,8,0,7,58254,1398096,26.1
2,candidate,dense,8,0,8,58254,1398096,26.8
2,candidate,dense,8,1,0,58254,1165080,25.0
2,candidate,dense,8,1,1,58254,1165080,25.6
2,candidate,dense,8,1,2,58254,1165080,27.2
2,candidate,dense,8,1,3,58254,1165080,25.5
2,candidate,dense,8,1,4,58254,1165080,25.6
2,candidate,dense,8,1,5,58254,1165080,25.7
2,candidate,dense,8,1,6,58254,1165080,25.7
2,candidate,dense,8,1,7,58254,1165080,25.4
2,candidate,dense,8,1,8,58254,1165080,25.6
2,candidate,dense,8,2,0,58254,466032,22.6
2,candidate,dense,8,2,1,58254,466032,22.8
2,candidate,dense,8,2,2,58254,466032,22.6
2,candidate,dense,8,2,3,58254,466032,22.8
2,candidate,dense,8,2,4,58254,466032,23.0
2,candidate,dense,8,2,5,58254,466032,22.8
2,candidate,dense,8,2,6,58254,466032,22.6
2,candidate,dense,8,2,7,58254,466032,22.9
2,candidate,dense,8,2,8,58254,466032,24.1
2,candidate,dense,8,3,0,58254,1165080,23.5
2,candidate,dense,8,3,1,58254,1165080,23.6
2,candidate,dense,8,3,2,58254,1165080,23.6
2,candidate,dense,8,3,3,58254,1165080,24.3
2,candidate,dense,8,3,4,58254,1165080,24.1
2,candidate,dense,8,3,5,58254,1165080,23.7
2,candidate,dense,8,3,6,58254,1165080,23.8
2,candidate,dense,8,3,7,58254,1165080,24.3
2,candidate,dense,8,3,8,58254,1165080,24.0
2,candidate,dense,64,0,0,32768,6291456,158.7
2,candidate,dense,64,0,1,32768,6291456,158.6
2,candidate,dense,64,0,2,32768,6291456,160.0
2,candidate,dense,64,0,3,32768,6291456,160.6
2,candidate,dense,64,0,4,32768,6291456,160.3
2,candidate,dense,64,0,5,32768,6291456,159.8
2,candidate,dense,64,0,6,32768,6291456,159.5
2,candidate,dense,64,0,7,32768,6291456,159.1
2,candidate,dense,64,0,8,32768,6291456,157.9
2,candidate,dense,64,1,0,32768,5242880,151.8
2,candidate,dense,64,1,1,32768,5242880,151.8
2,candidate,dense,64,1,2,32768,5242880,153.0
2,candidate,dense,64,1,3,32768,5242880,151.2
2,candidate,dense,64,1,4,32768,5242880,152.1
2,candidate,dense,64,1,5,32768,5242880,156.0
2,candidate,dense,64,1,6,32768,5242880,156.6
2,candidate,dense,64,1,7,32768,5242880,156.3
2,candidate,dense,64,1,8,32768,5242880,157.5
2,candidate,dense,64,2,0,32768,2097152,100.5
2,candidate,dense,64,2,1,32768,2097152,102.7
2,candidate,dense,64,2,2,32768,2097152,101.3
2,candidate,dense,64,2,3,32768,2097152,101.0
2,candidate,dense,64,2,4,32768,2097152,100.2
2,candidate,dense,64,2,5,32768,2097152,102.3
2,candidate,dense,64,2,6,32768,2097152,100.8
2,candidate,dense,64,2,7,32768,2097152,101.3
2,candidate,dense,64,2,8,32768,2097152,100.8
2,candidate,dense,64,3,0,32768,5242880,137.7
2,candidate,dense,64,3,1,32768,5242880,142.1
2,candidate,dense,64,3,2,32768,5242880,136.9
2,candidate,dense,64,3,3,32768,5242880,137.4
2,candidate,dense,64,3,4,32768,5242880,137.7
2,candidate,dense,64,3,5,32768,5242880,139.5
2,candidate,dense,64,3,6,32768,5242880,137.1
2,candidate,dense,64,3,7,32768,5242880,137.5
2,candidate,dense,64,3,8,32768,5242880,137.9
2,candidate,dense,4096,0,0,1008,12386304,9274.8
2,candidate,dense,4096,0,1,1008,12386304,9258.7
2,candidate,dense,4096,0,2,1008,12386304,9294.5
2,candidate,dense,4096,0,3,1008,12386304,9296.8
2,candidate,dense,4096,0,4,1008,12386304,9268.2
2,candidate,dense,4096,0,5,1008,12386304,9428.6
2,candidate,dense,4096,0,6,1008,12386304,9164.9
2,candidate,dense,4096,0,7,1008,12386304,9222.3
2,candidate,dense,4096,0,8,1008,12386304,9251.5
2,candidate,dense,4096,1,0,1008,10321920,8850.8
2,candidate,dense,4096,1,1,1008,10321920,9095.5
2,candidate,dense,4096,1,2,1008,10321920,8800.6
2,candidate,dense,4096,1,3,1008,10321920,8783.1
2,candidate,dense,4096,1,4,1008,10321920,8899.3
2,candidate,dense,4096,1,5,1008,10321920,8764.2
2,candidate,dense,4096,1,6,1008,10321920,8828.5
2,candidate,dense,4096,1,7,1008,10321920,8774.6
2,candidate,dense,4096,1,8,1008,10321920,8813.7
2,candidate,dense,4096,2,0,1008,4128768,6158.0
2,candidate,dense,4096,2,1,1008,4128768,5947.5
2,candidate,dense,4096,2,2,1008,4128768,6037.8
2,candidate,dense,4096,2,3,1008,4128768,6274.1
2,candidate,dense,4096,2,4,1008,4128768,6123.4
2,candidate,dense,4096,2,5,1008,4128768,5925.8
2,candidate,dense,4096,2,6,1008,4128768,5889.0
2,candidate,dense,4096,2,7,1008,4128768,6164.2
2,candidate,dense,4096,2,8,1008,4128768,5949.4
2,candidate,dense,4096,3,0,1008,10321920,8034.8
2,candidate,dense,4096,3,1,1008,10321920,8050.9
2,candidate,dense,4096,3,2,1008,10321920,8574.4
2,candidate,dense,4096,3,3,1008,10321920,8033.7
2,candidate,dense,4096,3,4,1008,10321920,8105.0
2,candidate,dense,4096,3,5,1008,10321920,8055.8
2,candidate,dense,4096,3,6,1008,10321920,8049.1
2,candidate,dense,4096,3,7,1008,10321920,8192.2
2,candidate,dense,4096,3,8,1008,10321920,8042.3
2,candidate,dense,65536,0,0,64,12582912,147879.8
2,candidate,dense,65536,0,1,64,12582912,150031.4
2,candidate,dense,65536,0,2,64,12582912,147301.2
2,candidate,dense,65536,0,3,64,12582912,149890.5
2,candidate,dense,65536,0,4,64,12582912,152962.9
2,candidate,dense,65536,0,5,64,12582912,150151.9
2,candidate,dense,65536,0,6,64,12582912,147485.0
2,candidate,dense,65536,0,7,64,12582912,147564.5
2,candidate,dense,65536,0,8,64,12582912,149186.2
2,candidate,dense,65536,1,0,64,10485760,148218.4
2,candidate,dense,65536,1,1,64,10485760,142016.9
2,candidate,dense,65536,1,2,64,10485760,142831.8
2,candidate,dense,65536,1,3,64,10485760,141217.1
2,candidate,dense,65536,1,4,64,10485760,143392.6
2,candidate,dense,65536,1,5,64,10485760,142566.6
2,candidate,dense,65536,1,6,64,10485760,141539.8
2,candidate,dense,65536,1,7,64,10485760,141176.5
2,candidate,dense,65536,1,8,64,10485760,141538.1
2,candidate,dense,65536,2,0,64,4194304,94015.0
2,candidate,dense,65536,2,1,64,4194304,93553.5
2,candidate,dense,65536,2,2,64,4194304,93159.1
2,candidate,dense,65536,2,3,64,4194304,94665.3
2,candidate,dense,65536,2,4,64,4194304,94495.1
2,candidate,dense,65536,2,5,64,4194304,98463.4
2,candidate,dense,65536,2,6,64,4194304,96152.8
2,candidate,dense,65536,2,7,64,4194304,93114.7
2,candidate,dense,65536,2,8,64,4194304,94290.8
2,candidate,dense,65536,3,0,64,10485760,130431.3
2,candidate,dense,65536,3,1,64,10485760,131386.2
2,candidate,dense,65536,3,2,64,10485760,130792.7
2,candidate,dense,65536,3,3,64,10485760,128680.5
2,candidate,dense,65536,3,4,64,10485760,130141.3
2,candidate,dense,65536,3,5,64,10485760,129460.8
2,candidate,dense,65536,3,6,64,10485760,130907.4
2,candidate,dense,65536,3,7,64,10485760,133264.0
2,candidate,dense,65536,3,8,64,10485760,129706.4
2,candidate,html_dense,5,0,0,60787,911805,19.7
2,candidate,html_dense,5,0,1,60787,911805,20.2
2,candidate,html_dense,5,0,2,60787,911805,20.4
2,candidate,html_dense,5,0,3,60787,911805,20.4
2,candidate,html_dense,5,0,4,60787,911805,20.4
2,candidate,html_dense,5,0,5,60787,911805,21.6
2,candidate,html_dense,5,0,6,60787,911805,20.4
2,candidate,html_dense,5,0,7,60787,911805,20.4
2,candidate,html_dense,5,0,8,60787,911805,21.2
2,candidate,html_dense,5,1,0,60787,911805,19.9
2,candidate,html_dense,5,1,1,60787,911805,20.0
2,candidate,html_dense,5,1,2,60787,911805,19.8
2,candidate,html_dense,5,1,3,60787,911805,19.9
2,candidate,html_dense,5,1,4,60787,911805,19.8
2,candidate,html_dense,5,1,5,60787,911805,19.8
2,candidate,html_dense,5,1,6,60787,911805,20.2
2,candidate,html_dense,5,1,7,60787,911805,19.9
2,candidate,html_dense,5,1,8,60787,911805,19.8
2,candidate,html_dense,5,2,0,60787,1458888,25.3
2,candidate,html_dense,5,2,1,60787,1458888,25.2
2,candidate,html_dense,5,2,2,60787,1458888,25.3
2,candidate,html_dense,5,2,3,60787,1458888,28.3
2,candidate,html_dense,5,2,4,60787,1458888,25.2
2,candidate,html_dense,5,2,5,60787,1458888,25.1
2,candidate,html_dense,5,2,6,60787,1458888,26.4
2,candidate,html_dense,5,2,7,60787,1458888,25.3
2,candidate,html_dense,5,2,8,60787,1458888,27.4
2,candidate,html_dense,5,3,0,60787,911805,19.3
2,candidate,html_dense,5,3,1,60787,911805,19.4
2,candidate,html_dense,5,3,2,60787,911805,19.5
2,candidate,html_dense,5,3,3,60787,911805,19.3
2,candidate,html_dense,5,3,4,60787,911805,19.5
2,candidate,html_dense,5,3,5,60787,911805,19.5
2,candidate,html_dense,5,3,6,60787,911805,19.2
2,candidate,html_dense,5,3,7,60787,911805,19.6
2,candidate,html_dense,5,3,8,60787,911805,19.6
2,candidate,html_dense,10,0,0,56679,1700370,30.5
2,candidate,html_dense,10,0,1,56679,1700370,30.6
2,candidate,html_dense,10,0,2,56679,1700370,30.6
2,candidate,html_dense,10,0,3,56679,1700370,30.5
2,candidate,html_dense,10,0,4,56679,1700370,31.3
2,candidate,html_dense,10,0,5,56679,1700370,31.0
2,candidate,html_dense,10,0,6,56679,1700370,30.6
2,candidate,html_dense,10,0,7,56679,1700370,30.6
2,candidate,html_dense,10,0,8,56679,1700370,30.8
2,candidate,html_dense,10,1,0,56679,1700370,31.4
2,candidate,html_dense,10,1,1,56679,1700370,32.0
2,candidate,html_dense,10,1,2,56679,1700370,31.6
2,candidate,html_dense,10,1,3,56679,1700370,31.3
2,candidate,html_dense,10,1,4,56679,1700370,31.5
2,candidate,html_dense,10,1,5,56679,1700370,31.5
2,candidate,html_dense,10,1,6,56679,1700370,31.5
2,candidate,html_dense,10,1,7,56679,1700370,32.0
2,candidate,html_dense,10,1,8,56679,1700370,31.6
2,candidate,html_dense,10,2,0,56679,2720592,35.8
2,candidate,html_dense,10,2,1,56679,2720592,36.4
2,candidate,html_dense,10,2,2,56679,2720592,35.6
2,candidate,html_dense,10,2,3,56679,2720592,35.9
2,candidate,html_dense,10,2,4,56679,2720592,35.6
2,candidate,html_dense,10,2,5,56679,2720592,36.1
2,candidate,html_dense,10,2,6,56679,2720592,38.0
2,candidate,html_dense,10,2,7,56679,2720592,36.7
2,candidate,html_dense,10,2,8,56679,2720592,37.0
2,candidate,html_dense,10,3,0,56679,1700370,30.5
2,candidate,html_dense,10,3,1,56679,1700370,30.6
2,candidate,html_dense,10,3,2,56679,1700370,31.8
2,candidate,html_dense,10,3,3,56679,1700370,30.5
2,candidate,html_dense,10,3,4,56679,1700370,30.6
2,candidate,html_dense,10,3,5,56679,1700370,30.7
2,candidate,html_dense,10,3,6,56679,1700370,30.6
2,candidate,html_dense,10,3,7,56679,1700370,30.6
2,candidate,html_dense,10,3,8,56679,1700370,30.5
2,candidate,html_dense,65,0,0,32513,6340035,159.4
2,candidate,html_dense,65,0,1,32513,6340035,161.8
2,candidate,html_dense,65,0,2,32513,6340035,161.9
2,candidate,html_dense,65,0,3,32513,6340035,160.2
2,candidate,html_dense,65,0,4,32513,6340035,162.3
2,candidate,html_dense,65,0,5,32513,6340035,160.9
2,candidate,html_dense,65,0,6,32513,6340035,159.6
2,candidate,html_dense,65,0,7,32513,6340035,162.0
2,candidate,html_dense,65,0,8,32513,6340035,161.3
2,candidate,html_dense,65,1,0,32513,6340035,166.5
2,candidate,html_dense,65,1,1,32513,6340035,178.4
2,candidate,html_dense,65,1,2,32513,6340035,167.0
2,candidate,html_dense,65,1,3,32513,6340035,167.6
2,candidate,html_dense,65,1,4,32513,6340035,168.3
2,candidate,html_dense,65,1,5,32513,6340035,166.7
2,candidate,html_dense,65,1,6,32513,6340035,168.1
2,candidate,html_dense,65,1,7,32513,6340035,168.0
2,candidate,html_dense,65,1,8,32513,6340035,166.2
2,candidate,html_dense,65,2,0,32513,10144056,158.7
2,candidate,html_dense,65,2,1,32513,10144056,163.1
2,candidate,html_dense,65,2,2,32513,10144056,164.8
2,candidate,html_dense,65,2,3,32513,10144056,163.3
2,candidate,html_dense,65,2,4,32513,10144056,163.8
2,candidate,html_dense,65,2,5,32513,10144056,165.6
2,candidate,html_dense,65,2,6,32513,10144056,164.9
2,candidate,html_dense,65,2,7,32513,10144056,167.1
2,candidate,html_dense,65,2,8,32513,10144056,167.9
2,candidate,html_dense,65,3,0,32513,6340035,158.1
2,candidate,html_dense,65,3,1,32513,6340035,159.4
2,candidate,html_dense,65,3,2,32513,6340035,158.1
2,candidate,html_dense,65,3,3,32513,6340035,165.2
2,candidate,html_dense,65,3,4,32513,6340035,165.4
2,candidate,html_dense,65,3,5,32513,6340035,157.7
2,candidate,html_dense,65,3,6,32513,6340035,157.7
2,candidate,html_dense,65,3,7,32513,6340035,157.9
2,candidate,html_dense,65,3,8,32513,6340035,158.5
2,candidate,html_dense,4100,0,0,1007,12386100,9318.2
2,candidate,html_dense,4100,0,1,1007,12386100,9366.5
2,candidate,html_dense,4100,0,2,1007,12386100,9268.3
2,candidate,html_dense,4100,0,3,1007,12386100,9326.3
2,candidate,html_dense,4100,0,4,1007,12386100,9256.8
2,candidate,html_dense,4100,0,5,1007,12386100,9273.6
2,candidate,html_dense,4100,0,6,1007,12386100,9274.9
2,candidate,html_dense,4100,0,7,1007,12386100,9243.3
2,candidate,html_dense,4100,0,8,1007,12386100,9284.8
2,candidate,html_dense,4100,1,0,1007,12386100,9714.3
2,candidate,html_dense,4100,1,1,1007,12386100,9779.1
2,candidate,html_dense,4100,1,2,1007,12386100,9639.3
2,candidate,html_dense,4100,1,3,1007,12386100,9661.3
2,candidate,html_dense,4100,1,4,1007,12386100,9649.5
2,candidate,html_dense,4100,1,5,1007,12386100,10161.3
2,candidate,html_dense,4100,1,6,1007,12386100,9642.1
2,candidate,html_dense,4100,1,7,1007,12386100,9692.1
2,candidate,html_dense,4100,1,8,1007,12386100,9694.4
2,candidate,html_dense,4100,2,0,1007,19817760,9042.2
2,candidate,html_dense,4100,2,1,1007,19817760,9017.0
2,candidate,html_dense,4100,2,2,1007,19817760,9126.7
2,candidate,html_dense,4100,2,3,1007,19817760,9291.1
2,candidate,html_dense,4100,2,4,1007,19817760,8988.0
2,candidate,html_dense,4100,2,5,1007,19817760,9175.1
2,candidate,html_dense,4100,2,6,1007,19817760,8994.3
2,candidate,html_dense,4100,2,7,1007,19817760,14890.8
2,candidate,html_dense,4100,2,8,1007,19817760,10832.5
2,candidate,html_dense,4100,3,0,1007,12386100,9337.2
2,candidate,html_dense,4100,3,1,1007,12386100,9238.1
2,candidate,html_dense,4100,3,2,1007,12386100,9263.9
2,candidate,html_dense,4100,3,3,1007,12386100,9432.6
2,candidate,html_dense,4100,3,4,1007,12386100,9447.2
2,candidate,html_dense,4100,3,5,1007,12386100,9361.4
2,candidate,html_dense,4100,3,6,1007,12386100,9367.7
2,candidate,html_dense,4100,3,7,1007,12386100,9199.5
2,candidate,html_dense,4100,3,8,1007,12386100,9226.0
2,candidate,html_dense,65540,0,0,64,12583680,150407.7
2,candidate,html_dense,65540,0,1,64,12583680,152655.6
2,candidate,html_dense,65540,0,2,64,12583680,147744.5
2,candidate,html_dense,65540,0,3,64,12583680,149491.1
2,candidate,html_dense,65540,0,4,64,12583680,148498.5
2,candidate,html_dense,65540,0,5,64,12583680,147600.5
2,candidate,html_dense,65540,0,6,64,12583680,148674.8
2,candidate,html_dense,65540,0,7,64,12583680,148356.0
2,candidate,html_dense,65540,0,8,64,12583680,147962.8
2,candidate,html_dense,65540,1,0,64,12583680,154345.5
2,candidate,html_dense,65540,1,1,64,12583680,154657.0
2,candidate,html_dense,65540,1,2,64,12583680,154759.8
2,candidate,html_dense,65540,1,3,64,12583680,154726.8
2,candidate,html_dense,65540,1,4,64,12583680,155485.5
2,candidate,html_dense,65540,1,5,64,12583680,154880.4
2,candidate,html_dense,65540,1,6,64,12583680,161692.2
2,candidate,html_dense,65540,1,7,64,12583680,153822.8
2,candidate,html_dense,65540,1,8,64,12583680,153652.7
2,candidate,html_dense,65540,2,0,64,20133888,143162.9
2,candidate,html_dense,65540,2,1,64,20133888,143534.0
2,candidate,html_dense,65540,2,2,64,20133888,152999.5
2,candidate,html_dense,65540,2,3,64,20133888,143875.8
2,candidate,html_dense,65540,2,4,64,20133888,143813.1
2,candidate,html_dense,65540,2,5,64,20133888,142526.6
2,candidate,html_dense,65540,2,6,64,20133888,144770.7
2,candidate,html_dense,65540,2,7,64,20133888,144189.6
2,candidate,html_dense,65540,2,8,64,20133888,144054.4
2,candidate,html_dense,65540,3,0,64,12583680,146577.4
2,candidate,html_dense,65540,3,1,64,12583680,148395.8
2,candidate,html_dense,65540,3,2,64,12583680,148021.3
2,candidate,html_dense,65540,3,3,64,12583680,147256.7
2,candidate,html_dense,65540,3,4,64,12583680,148345.7
2,candidate,html_dense,65540,3,5,64,12583680,147683.8
2,candidate,html_dense,65540,3,6,64,12583680,152723.2
2,candidate,html_dense,65540,3,7,64,12583680,146484.1
2,candidate,html_dense,65540,3,8,64,12583680,147719.6
3,baseline,plain,0,0,0,65536,0,3.6
3,baseline,plain,0,0,1,65536,0,3.7
3,baseline,plain,0,0,2,65536,0,3.8
3,baseline,plain,0,0,3,65536,0,4.3
3,baseline,plain,0,0,4,65536,0,3.6
3,baseline,plain,0,0,5,65536,0,3.7
3,baseline,plain,0,0,6,65536,0,3.5
3,baseline,plain,0,0,7,65536,0,3.5
3,baseline,plain,0,0,8,65536,0,3.5
3,baseline,plain,0,1,0,65536,0,3.8
3,baseline,plain,0,1,1,65536,0,3.8
3,baseline,plain,0,1,2,65536,0,4.0
3,baseline,plain,0,1,3,65536,0,3.8
3,baseline,plain,0,1,4,65536,0,3.8
3,baseline,plain,0,1,5,65536,0,5.7
3,baseline,plain,0,1,6,65536,0,5.9
3,baseline,plain,0,1,7,65536,0,6.1
3,baseline,plain,0,1,8,65536,0,4.1
3,baseline,plain,0,2,0,65536,0,5.4
3,baseline,plain,0,2,1,65536,0,5.4
3,baseline,plain,0,2,2,65536,0,5.6
3,baseline,plain,0,2,3,65536,0,5.4
3,baseline,plain,0,2,4,65536,0,5.4
3,baseline,plain,0,2,5,65536,0,5.4
3,baseline,plain,0,2,6,65536,0,5.4
3,baseline,plain,0,2,7,65536,0,5.4
3,baseline,plain,0,2,8,65536,0,5.7
3,baseline,plain,0,3,0,65536,0,3.5
3,baseline,plain,0,3,1,65536,0,3.6
3,baseline,plain,0,3,2,65536,0,3.6
3,baseline,plain,0,3,3,65536,0,3.5
3,baseline,plain,0,3,4,65536,0,3.5
3,baseline,plain,0,3,5,65536,0,3.5
3,baseline,plain,0,3,6,65536,0,4.3
3,baseline,plain,0,3,7,65536,0,3.5
3,baseline,plain,0,3,8,65536,0,3.5
3,baseline,plain,30,0,0,44620,1427840,41.8
3,baseline,plain,30,0,1,44620,1427840,41.9
3,baseline,plain,30,0,2,44620,1427840,42.0
3,baseline,plain,30,0,3,44620,1427840,42.2
3,baseline,plain,30,0,4,44620,1427840,41.8
3,baseline,plain,30,0,5,44620,1427840,43.3
3,baseline,plain,30,0,6,44620,1427840,41.5
3,baseline,plain,30,0,7,44620,1427840,41.7
3,baseline,plain,30,0,8,44620,1427840,41.5
3,baseline,plain,30,1,0,44620,1338600,48.1
3,baseline,plain,30,1,1,44620,1338600,47.7
3,baseline,plain,30,1,2,44620,1338600,48.4
3,baseline,plain,30,1,3,44620,1338600,47.4
3,baseline,plain,30,1,4,44620,1338600,47.9
3,baseline,plain,30,1,5,44620,1338600,47.4
3,baseline,plain,30,1,6,44620,1338600,48.4
3,baseline,plain,30,1,7,44620,1338600,48.3
3,baseline,plain,30,1,8,44620,1338600,50.7
3,baseline,plain,30,2,0,44620,1338600,38.1
3,baseline,plain,30,2,1,44620,1338600,43.2
3,baseline,plain,30,2,2,44620,1338600,36.8
3,baseline,plain,30,2,3,44620,1338600,38.9
3,baseline,plain,30,2,4,44620,1338600,40.3
3,baseline,plain,30,2,5,44620,1338600,37.3
3,baseline,plain,30,2,6,44620,1338600,37.2
3,baseline,plain,30,2,7,44620,1338600,37.1
3,baseline,plain,30,2,8,44620,1338600,38.1
3,baseline,plain,30,3,0,44620,1427840,50.4
3,baseline,plain,30,3,1,44620,1427840,51.0
3,baseline,plain,30,3,2,44620,1427840,49.6
3,baseline,plain,30,3,3,44620,1427840,49.1
3,baseline,plain,30,3,4,44620,1427840,53.4
3,baseline,plain,30,3,5,44620,1427840,52.2
3,baseline,plain,30,3,6,44620,1427840,50.7
3,baseline,plain,30,3,7,44620,1427840,57.2
3,baseline,plain,30,3,8,44620,1427840,55.3
3,baseline,plain,90,0,0,27235,2614560,122.6
3,baseline,plain,90,0,1,27235,2614560,145.2
3,baseline,plain,90,0,2,27235,2614560,136.8
3,baseline,plain,90,0,3,27235,2614560,122.9
3,baseline,plain,90,0,4,27235,2614560,123.1
3,baseline,plain,90,0,5,27235,2614560,127.0
3,baseline,plain,90,0,6,27235,2614560,125.2
3,baseline,plain,90,0,7,27235,2614560,122.9
3,baseline,plain,90,0,8,27235,2614560,123.7
3,baseline,plain,90,1,0,27235,2451150,141.8
3,baseline,plain,90,1,1,27235,2451150,140.7
3,baseline,plain,90,1,2,27235,2451150,140.5
3,baseline,plain,90,1,3,27235,2451150,153.4
3,baseline,plain,90,1,4,27235,2451150,145.0
3,baseline,plain,90,1,5,27235,2451150,146.4
3,baseline,plain,90,1,6,27235,2451150,140.0
3,baseline,plain,90,1,7,27235,2451150,142.9
3,baseline,plain,90,1,8,27235,2451150,140.2
3,baseline,plain,90,2,0,27235,2451150,95.8
3,baseline,plain,90,2,1,27235,2451150,95.2
3,baseline,plain,90,2,2,27235,2451150,94.0
3,baseline,plain,90,2,3,27235,2451150,87.5
3,baseline,plain,90,2,4,27235,2451150,90.1
3,baseline,plain,90,2,5,27235,2451150,87.1
3,baseline,plain,90,2,6,27235,2451150,91.8
3,baseline,plain,90,2,7,27235,2451150,89.0
3,baseline,plain,90,2,8,27235,2451150,88.0
3,baseline,plain,90,3,0,27235,2614560,143.7
3,baseline,plain,90,3,1,27235,2614560,144.6
3,baseline,plain,90,3,2,27235,2614560,158.9
3,baseline,plain,90,3,3,27235,2614560,137.6
3,baseline,plain,90,3,4,27235,2614560,139.2
3,baseline,plain,90,3,5,27235,2614560,139.0
3,baseline,plain,90,3,6,27235,2614560,137.8
3,baseline,plain,90,3,7,27235,2614560,141.2
3,baseline,plain,90,3,8,27235,2614560,139.3
3,baseline,plain,4110,0,0,1004,4401536,4766.1
3,baseline,plain,4110,0,1,1004,4401536,4689.1
3,baseline,plain,4110,0,2,1004,4401536,6357.5
3,baseline,plain,4110,0,3,1004,4401536,4746.1
3,baseline,plain,4110,0,4,1004,4401536,4750.7
3,baseline,plain,4110,0,5,1004,4401536,4788.0
3,baseline,plain,4110,0,6,1004,4401536,4901.5
3,baseline,plain,4110,0,7,1004,4401536,4735.1
3,baseline,plain,4110,0,8,1004,4401536,4797.6
3,baseline,plain,4110,1,0,1004,4126440,5798.6
3,baseline,plain,4110,1,1,1004,4126440,5942.4
3,baseline,plain,4110,1,2,1004,4126440,5824.6
3,baseline,plain,4110,1,3,1004,4126440,6266.4
3,baseline,plain,4110,1,4,1004,4126440,5778.3
3,baseline,plain,4110,1,5,1004,4126440,5775.3
3,baseline,plain,4110,1,6,1004,4126440,5848.6
3,baseline,plain,4110,1,7,1004,4126440,5785.6
3,baseline,plain,4110,1,8,1004,4126440,5784.3
3,baseline,plain,4110,2,0,1004,4126440,3697.1
3,baseline,plain,4110,2,1,1004,4126440,3836.5
3,baseline,plain,4110,2,2,1004,4126440,3772.6
3,baseline,plain,4110,2,3,1004,4126440,3639.8
3,baseline,plain,4110,2,4,1004,4126440,3590.6
3,baseline,plain,4110,2,5,1004,4126440,3622.0
3,baseline,plain,4110,2,6,1004,4126440,3586.5
3,baseline,plain,4110,2,7,1004,4126440,3639.9
3,baseline,plain,4110,2,8,1004,4126440,3576.9
3,baseline,plain,4110,3,0,1004,4401536,5874.5
3,baseline,plain,4110,3,1,1004,4401536,5978.5
3,baseline,plain,4110,3,2,1004,4401536,6206.2
3,baseline,plain,4110,3,3,1004,4401536,6695.8
3,baseline,plain,4110,3,4,1004,4401536,6215.5
3,baseline,plain,4110,3,5,1004,4401536,6052.4
3,baseline,plain,4110,3,6,1004,4401536,5845.7
3,baseline,plain,4110,3,7,1004,4401536,5877.2
3,baseline,plain,4110,3,8,1004,4401536,5937.2
3,baseline,plain,65550,0,0,64,4474880,75525.8
3,baseline,plain,65550,0,1,64,4474880,75426.3
3,baseline,plain,65550,0,2,64,4474880,74742.5
3,baseline,plain,65550,0,3,64,4474880,75336.4
3,baseline,plain,65550,0,4,64,4474880,75749.0
3,baseline,plain,65550,0,5,64,4474880,75199.2
3,baseline,plain,65550,0,6,64,4474880,76442.9
3,baseline,plain,65550,0,7,64,4474880,75660.5
3,baseline,plain,65550,0,8,64,4474880,77133.7
3,baseline,plain,65550,1,0,64,4195200,97007.5
3,baseline,plain,65550,1,1,64,4195200,93183.5
3,baseline,plain,65550,1,2,64,4195200,92930.2
3,baseline,plain,65550,1,3,64,4195200,93687.0
3,baseline,plain,65550,1,4,64,4195200,92692.2
3,baseline,plain,65550,1,5,64,4195200,92888.5
3,baseline,plain,65550,1,6,64,4195200,96257.5
3,baseline,plain,65550,1,7,64,4195200,92640.3
3,baseline,plain,65550,1,8,64,4195200,96035.9
3,baseline,plain,65550,2,0,64,4195200,59057.0
3,baseline,plain,65550,2,1,64,4195200,57555.0
3,baseline,plain,65550,2,2,64,4195200,58767.1
3,baseline,plain,65550,2,3,64,4195200,56436.0
3,baseline,plain,65550,2,4,64,4195200,58958.5
3,baseline,plain,65550,2,5,64,4195200,58434.4
3,baseline,plain,65550,2,6,64,4195200,57458.6
3,baseline,plain,65550,2,7,64,4195200,56858.0
3,baseline,plain,65550,2,8,64,4195200,56731.3
3,baseline,plain,65550,3,0,64,4474880,92387.5
3,baseline,plain,65550,3,1,64,4474880,92437.7
3,baseline,plain,65550,3,2,64,4474880,91581.6
3,baseline,plain,65550,3,3,64,4474880,91970.1
3,baseline,plain,65550,3,4,64,4474880,92846.3
3,baseline,plain,65550,3,5,64,4474880,92367.5
3,baseline,plain,65550,3,6,64,4474880,92876.3
3,baseline,plain,65550,3,7,64,4474880,91947.5
3,baseline,plain,65550,3,8,64,4474880,93064.9
3,baseline,mixed,46,0,0,38130,3660480,82.9
3,baseline,mixed,46,0,1,38130,3660480,82.1
3,baseline,mixed,46,0,2,38130,3660480,82.1
3,baseline,mixed,46,0,3,38130,3660480,81.3
3,baseline,mixed,46,0,4,38130,3660480,86.1
3,baseline,mixed,46,0,5,38130,3660480,83.4
3,baseline,mixed,46,0,6,38130,3660480,81.6
3,baseline,mixed,46,0,7,38130,3660480,82.0
3,baseline,mixed,46,0,8,38130,3660480,83.5
3,baseline,mixed,46,1,0,38130,3507960,91.8
3,baseline,mixed,46,1,1,38130,3507960,91.4
3,baseline,mixed,46,1,2,38130,3507960,95.4
3,baseline,mixed,46,1,3,38130,3507960,93.4
3,baseline,mixed,46,1,4,38130,3507960,91.0
3,baseline,mixed,46,1,5,38130,3507960,92.3
3,baseline,mixed,46,1,6,38130,3507960,104.4
3,baseline,mixed,46,1,7,38130,3507960,93.4
3,baseline,mixed,46,1,8,38130,3507960,91.3
3,baseline,mixed,46,2,0,38130,2897880,77.9
3,baseline,mixed,46,2,1,38130,2897880,76.8
3,baseline,mixed,46,2,2,38130,2897880,72.1
3,baseline,mixed,46,2,3,38130,2897880,74.5
3,baseline,mixed,46,2,4,38130,2897880,75.0
3,baseline,mixed,46,2,5,38130,2897880,74.5
3,baseline,mixed,46,2,6,38130,2897880,74.4
3,baseline,mixed,46,2,7,38130,2897880,74.7
3,baseline,mixed,46,2,8,38130,2897880,71.8
3,baseline,mixed,46,3,0,38130,3355440,87.1
3,baseline,mixed,46,3,1,38130,3355440,84.3
3,baseline,mixed,46,3,2,38130,3355440,82.8
3,baseline,mixed,46,3,3,38130,3355440,82.2
3,baseline,mixed,46,3,4,38130,3355440,85.9
3,baseline,mixed,46,3,5,38130,3355440,83.3
3,baseline,mixed,46,3,6,38130,3355440,82.9
3,baseline,mixed,46,3,7,38130,3355440,81.7
3,baseline,mixed,46,3,8,38130,3355440,82.5
3,baseline,mixed,92,0,0,26886,5162112,187.1
3,baseline,mixed,92,0,1,26886,5162112,172.8
3,baseline,mixed,92,0,2,26886,5162112,170.8
3,baseline,mixed,92,0,3,26886,5162112,177.0
3,baseline,mixed,92,0,4,26886,5162112,163.5
3,baseline,mixed,92,0,5,26886,5162112,164.4
3,baseline,mixed,92,0,6,26886,5162112,171.5
3,baseline,mixed,92,0,7,26886,5162112,164.5
3,baseline,mixed,92,0,8,26886,5162112,168.3
3,baseline,mixed,92,1,0,26886,4947024,188.5
3,baseline,mixed,92,1,1,26886,4947024,190.3
3,baseline,mixed,92,1,2,26886,4947024,189.7
3,baseline,mixed,92,1,3,26886,4947024,199.0
3,baseline,mixed,92,1,4,26886,4947024,195.1
3,baseline,mixed,92,1,5,26886,4947024,189.6
3,baseline,mixed,92,1,6,26886,4947024,188.7
3,baseline,mixed,92,1,7,26886,4947024,191.8
3,baseline,mixed,92,1,8,26886,4947024,191.1
3,baseline,mixed,92,2,0,26886,4086672,127.3
3,baseline,mixed,92,2,1,26886,4086672,133.9
3,baseline,mixed,92,2,2,26886,4086672,132.7
3,baseline,mixed,92,2,3,26886,4086672,131.7
3,baseline,mixed,92,2,4,26886,4086672,130.6
3,baseline,mixed,92,2,5,26886,4086672,132.4
3,baseline,mixed,92,2,6,26886,4086672,137.1
3,baseline,mixed,92,2,7,26886,4086672,132.5
3,baseline,mixed,92,2,8,26886,4086672,131.7
3,baseline,mixed,92,3,0,26886,4731936,168.3
3,baseline,mixed,92,3,1,26886,4731936,163.5
3,baseline,mixed,92,3,2,26886,4731936,165.6
3,baseline,mixed,92,3,3,26886,4731936,167.3
3,baseline,mixed,92,3,4,26886,4731936,173.4
3,baseline,mixed,92,3,5,26886,4731936,169.6
3,baseline,mixed,92,3,6,26886,4731936,190.7
3,baseline,mixed,92,3,7,26886,4731936,170.9
3,baseline,mixed,92,3,8,26886,4731936,172.3
3,baseline,mixed,4140,0,0,997,8614080,6881.8
3,baseline,mixed,4140,0,1,997,8614080,6874.1
3,baseline,mixed,4140,0,2,997,8614080,6772.6
3,baseline,mixed,4140,0,3,997,8614080,6764.1
3,baseline,mixed,4140,0,4,997,8614080,6831.4
3,baseline,mixed,4140,0,5,997,8614080,6867.8
3,baseline,mixed,4140,0,6,997,8614080,11015.7
3,baseline,mixed,4140,0,7,997,8614080,6709.9
3,baseline,mixed,4140,0,8,997,8614080,6828.2
3,baseline,mixed,4140,1,0,997,8255160,7771.9
3,baseline,mixed,4140,1,1,997,8255160,7694.9
3,baseline,mixed,4140,1,2,997,8255160,8234.9
3,baseline,mixed,4140,1,3,997,8255160,7797.2
3,baseline,mixed,4140,1,4,997,8255160,7718.1
3,baseline,mixed,4140,1,5,997,8255160,7716.4
3,baseline,mixed,4140,1,6,997,8255160,7857.7
3,baseline,mixed,4140,1,7,997,8255160,7691.8
3,baseline,mixed,4140,1,8,997,8255160,7709.3
3,baseline,mixed,4140,2,0,997,6819480,5359.0
3,baseline,mixed,4140,2,1,997,6819480,5373.5
3,baseline,mixed,4140,2,2,997,6819480,5165.4
3,baseline,mixed,4140,2,3,997,6819480,5188.1
3,baseline,mixed,4140,2,4,997,6819480,5290.7
3,baseline,mixed,4140,2,5,997,6819480,5203.9
3,baseline,mixed,4140,2,6,997,6819480,5208.2
3,baseline,mixed,4140,2,7,997,6819480,5394.7
3,baseline,mixed,4140,2,8,997,6819480,5382.5
3,baseline,mixed,4140,3,0,997,7896240,6890.9
3,baseline,mixed,4140,3,1,997,7896240,6870.3
3,baseline,mixed,4140,3,2,997,7896240,7042.9
3,baseline,mixed,4140,3,3,997,7896240,6823.7
3,baseline,mixed,4140,3,4,997,7896240,6835.0
3,baseline,mixed,4140,3,5,997,7896240,6831.2
3,baseline,mixed,4140,3,6,997,7896240,7022.3
3,baseline,mixed,4140,3,7,997,7896240,6952.6
3,baseline,mixed,4140,3,8,997,7896240,6880.0
3,baseline,mixed,65550,0,0,64,8755200,108277.0
3,baseline,mixed,65550,0,1,64,8755200,106323.6
3,baseline,mixed,65550,0,2,64,8755200,106581.9
3,baseline,mixed,65550,0,3,64,8755200,106886.3
3,baseline,mixed,65550,0,4,64,8755200,107192.4
3,baseline,mixed,65550,0,5,64,8755200,108439.1
3,baseline,mixed,65550,0,6,64,8755200,106559.5
3,baseline,mixed,65550,0,7,64,8755200,111029.0
3,baseline,mixed,65550,0,8,64,8755200,107075.4
3,baseline,mixed,65550,1,0,64,8390400,122453.7
3,baseline,mixed,65550,1,1,64,8390400,123143.6
3,baseline,mixed,65550,1,2,64,8390400,122889.8
3,baseline,mixed,65550,1,3,64,8390400,122452.0
3,baseline,mixed,65550,1,4,64,8390400,122126.8
3,baseline,mixed,65550,1,5,64,8390400,122226.8
3,baseline,mixed,65550,1,6,64,8390400,121905.3
3,baseline,mixed,65550,1,7,64,8390400,122756.7
3,baseline,mixed,65550,1,8,64,8390400,123011.2
3,baseline,mixed,65550,2,0,64,6931200,82065.6
3,baseline,mixed,65550,2,1,64,6931200,81888.8
3,baseline,mixed,65550,2,2,64,6931200,82025.5
3,baseline,mixed,65550,2,3,64,6931200,82959.5
3,baseline,mixed,65550,2,4,64,6931200,82539.3
3,baseline,mixed,65550,2,5,64,6931200,81402.1
3,baseline,mixed,65550,2,6,64,6931200,83581.6
3,baseline,mixed,65550,2,7,64,6931200,81975.5
3,baseline,mixed,65550,2,8,64,6931200,81036.1
3,baseline,mixed,65550,3,0,64,8025600,108785.8
3,baseline,mixed,65550,3,1,64,8025600,111392.1
3,baseline,mixed,65550,3,2,64,8025600,106680.4
3,baseline,mixed,65550,3,3,64,8025600,109243.6
3,baseline,mixed,65550,3,4,64,8025600,108862.0
3,baseline,mixed,65550,3,5,64,8025600,108896.5
3,baseline,mixed,65550,3,6,64,8025600,107033.8
3,baseline,mixed,65550,3,7,64,8025600,109405.9
3,baseline,mixed,65550,3,8,64,8025600,107978.6
3,baseline,unreserved,1,0,0,64527,64527,8.9
3,baseline,unreserved,1,0,1,64527,64527,8.8
3,baseline,unreserved,1,0,2,64527,64527,9.0
3,baseline,unreserved,1,0,3,64527,64527,9.0
3,baseline,unreserved,1,0,4,64527,64527,9.1
3,baseline,unreserved,1,0,5,64527,64527,8.6
3,baseline,unreserved,1,0,6,64527,64527,8.6
3,baseline,unreserved,1,0,7,64527,64527,8.6
3,baseline,unreserved,1,0,8,64527,64527,8.8
3,baseline,unreserved,1,1,0,64527,64527,9.4
3,baseline,unreserved,1,1,1,64527,64527,9.4
3,baseline,unreserved,1,1,2,64527,64527,9.4
3,baseline,unreserved,1,1,3,64527,64527,9.3
3,baseline,unreserved,1,1,4,64527,64527,9.3
3,baseline,unreserved,1,1,5,64527,64527,9.8
3,baseline,unreserved,1,1,6,64527,64527,9.3
3,baseline,unreserved,1,1,7,64527,64527,9.5
3,baseline,unreserved,1,1,8,64527,64527,9.4
3,baseline,unreserved,1,2,0,64527,64527,12.2
3,baseline,unreserved,1,2,1,64527,64527,12.0
3,baseline,unreserved,1,2,2,64527,64527,12.0
3,baseline,unreserved,1,2,3,64527,64527,12.3
3,baseline,unreserved,1,2,4,64527,64527,20.3
3,baseline,unreserved,1,2,5,64527,64527,14.7
3,baseline,unreserved,1,2,6,64527,64527,12.4
3,baseline,unreserved,1,2,7,64527,64527,14.7
3,baseline,unreserved,1,2,8,64527,64527,13.4
3,baseline,unreserved,1,3,0,64527,64527,8.6
3,baseline,unreserved,1,3,1,64527,64527,8.9
3,baseline,unreserved,1,3,2,64527,64527,8.6
3,baseline,unreserved,1,3,3,64527,64527,8.6
3,baseline,unreserved,1,3,4,64527,64527,8.6
3,baseline,unreserved,1,3,5,64527,64527,9.1
3,baseline,unreserved,1,3,6,64527,64527,8.6
3,baseline,unreserved,1,3,7,64527,64527,10.0
3,baseline,unreserved,1,3,8,64527,64527,9.8
3,baseline,unreserved,8,0,0,58254,466032,16.2
3,baseline,unreserved,8,0,1,58254,466032,16.5
3,baseline,unreserved,8,0,2,58254,466032,16.3
3,baseline,unreserved,8,0,3,58254,466032,16.4
3,baseline,unreserved,8,0,4,58254,466032,16.7
3,baseline,unreserved,8,0,5,58254,466032,16.4
3,baseline,unreserved,8,0,6,58254,466032,17.0
3,baseline,unreserved,8,0,7,58254,466032,16.5
3,baseline,unreserved,8,0,8,58254,466032,16.3
3,baseline,unreserved,8,1,0,58254,466032,18.2
3,baseline,unreserved,8,1,1,58254,466032,19.5
3,baseline,unreserved,8,1,2,58254,466032,18.4
3,baseline,unreserved,8,1,3,58254,466032,18.1
3,baseline,unreserved,8,1,4,58254,466032,18.8
3,baseline,unreserved,8,1,5,58254,466032,19.4
3,baseline,unreserved,8,1,6,58254,466032,18.8
3,baseline,unreserved,8,1,7,58254,466032,18.1
3,baseline,unreserved,8,1,8,58254,466032,19.3
3,baseline,unreserved,8,2,0,58254,466032,18.5
3,baseline,unreserved,8,2,1,58254,466032,21.7
3,baseline,unreserved,8,2,2,58254,466032,18.8
3,baseline,unreserved,8,2,3,58254,466032,18.5
3,baseline,unreserved,8,2,4,58254,466032,20.1
3,baseline,unreserved,8,2,5,58254,466032,18.5
3,baseline,unreserved,8,2,6,58254,466032,19.0
3,baseline,unreserved,8,2,7,58254,466032,18.9
3,baseline,unreserved,8,2,8,58254,466032,19.3
3,baseline,unreserved,8,3,0,58254,466032,18.1
3,baseline,unreserved,8,3,1,58254,466032,19.3
3,baseline,unreserved,8,3,2,58254,466032,17.9
3,baseline,unreserved,8,3,3,58254,466032,18.7
3,baseline,unreserved,8,3,4,58254,466032,18.2
3,baseline,unreserved,8,3,5,58254,466032,19.1
3,baseline,unreserved,8,3,6,58254,466032,18.7
3,baseline,unreserved,8,3,7,58254,466032,18.5
3,baseline,unreserved,8,3,8,58254,466032,18.5
3,baseline,unreserved,64,0,0,32768,2097152,82.8
3,baseline,unreserved,64,0,1,32768,2097152,81.6
3,baseline,unreserved,64,0,2,32768,2097152,217.3
3,baseline,unreserved,64,0,3,32768,2097152,85.4
3,baseline,unreserved,64,0,4,32768,2097152,82.8
3,baseline,unreserved,64,0,5,32768,2097152,82.9
3,baseline,unreserved,64,0,6,32768,2097152,82.1
3,baseline,unreserved,64,0,7,32768,2097152,81.6
3,baseline,unreserved,64,0,8,32768,2097152,85.7
3,baseline,unreserved,64,1,0,32768,2097152,103.3
3,baseline,unreserved,64,1,1,32768,2097152,104.4
3,baseline,unreserved,64,1,2,32768,2097152,105.5
3,baseline,unreserved,64,1,3,32768,2097152,103.7
3,baseline,unreserved,64,1,4,32768,2097152,103.4
3,baseline,unreserved,64,1,5,32768,2097152,103.4
3,baseline,unreserved,64,1,6,32768,2097152,107.6
3,baseline,unreserved,64,1,7,32768,2097152,103.7
3,baseline,unreserved,64,1,8,32768,2097152,103.4
3,baseline,unreserved,64,2,0,32768,2097152,71.0
3,baseline,unreserved,64,2,1,32768,2097152,71.1
3,baseline,unreserved,64,2,2,32768,2097152,71.1
3,baseline,unreserved,64,2,3,32768,2097152,71.7
3,baseline,unreserved,64,2,4,32768,2097152,71.5
3,baseline,unreserved,64,2,5,32768,2097152,72.3
3,baseline,unreserved,64,2,6,32768,2097152,74.2
3,baseline,unreserved,64,2,7,32768,2097152,71.3
3,baseline,unreserved,64,2,8,32768,2097152,70.8
3,baseline,unreserved,64,3,0,32768,2097152,95.0
3,baseline,unreserved,64,3,1,32768,2097152,93.8
3,baseline,unreserved,64,3,2,32768,2097152,94.4
3,baseline,unreserved,64,3,3,32768,2097152,101.4
3,baseline,unreserved,64,3,4,32768,2097152,92.4
3,baseline,unreserved,64,3,5,32768,2097152,94.0
3,baseline,unreserved,64,3,6,32768,2097152,94.1
3,baseline,unreserved,64,3,7,32768,2097152,94.5
3,baseline,unreserved,64,3,8,32768,2097152,96.3
3,baseline,unreserved,4096,0,0,1008,4128768,4421.7
3,baseline,unreserved,4096,0,1,1008,4128768,4355.0
3,baseline,unreserved,4096,0,2,1008,4128768,4384.8
3,baseline,unreserved,4096,0,3,1008,4128768,4388.5
3,baseline,unreserved,4096,0,4,1008,4128768,4453.1
3,baseline,unreserved,4096,0,5,1008,4128768,4383.4
3,baseline,unreserved,4096,0,6,1008,4128768,4564.6
3,baseline,unreserved,4096,0,7,1008,4128768,4430.2
3,baseline,unreserved,4096,0,8,1008,4128768,4374.9
3,baseline,unreserved,4096,1,0,1008,4128768,5479.3
3,baseline,unreserved,4096,1,1,1008,4128768,5465.0
3,baseline,unreserved,4096,1,2,1008,4128768,5515.5
3,baseline,unreserved,4096,1,3,1008,4128768,5491.6
3,baseline,unreserved,4096,1,4,1008,4128768,5505.3
3,baseline,unreserved,4096,1,5,1008,4128768,5473.0
3,baseline,unreserved,4096,1,6,1008,4128768,5511.7
3,baseline,unreserved,4096,1,7,1008,4128768,5502.7
3,baseline,unreserved,4096,1,8,1008,4128768,5479.8
3,baseline,unreserved,4096,2,0,1008,4128768,3154.0
3,baseline,unreserved,4096,2,1,1008,4128768,3128.6
3,baseline,unreserved,4096,2,2,1008,4128768,3165.1
3,baseline,unreserved,4096,2,3,1008,4128768,3177.3
3,baseline,unreserved,4096,2,4,1008,4128768,3122.2
3,baseline,unreserved,4096,2,5,1008,4128768,3144.6
3,baseline,unreserved,4096,2,6,1008,4128768,3147.2
3,baseline,unreserved,4096,2,7,1008,4128768,3151.2
3,baseline,unreserved,4096,2,8,1008,4128768,3174.4
3,baseline,unreserved,4096,3,0,1008,4128768,5298.8
3,baseline,unreserved,4096,3,1,1008,4128768,5272.4
3,baseline,unreserved,4096,3,2,1008,4128768,5241.4
3,baseline,unreserved,4096,3,3,1008,4128768,5391.1
3,baseline,unreserved,4096,3,4,1008,4128768,5550.7
3,baseline,unreserved,4096,3,5,1008,4128768,5175.0
3,baseline,unreserved,4096,3,6,1008,4128768,5263.1
3,baseline,unreserved,4096,3,7,1008,4128768,5358.3
3,baseline,unreserved,4096,3,8,1008,4128768,5517.7
3,baseline,unreserved,65536,0,0,64,4194304,70351.5
3,baseline,unreserved,65536,0,1,64,4194304,70514.5
3,baseline,unreserved,65536,0,2,64,4194304,69769.6
3,baseline,unreserved,65536,0,3,64,4194304,79219.7
3,baseline,unreserved,65536,0,4,64,4194304,71771.5
3,baseline,unreserved,65536,0,5,64,4194304,72384.1
3,baseline,unreserved,65536,0,6,64,4194304,70073.0
3,baseline,unreserved,65536,0,7,64,4194304,70485.7
3,baseline,unreserved,65536,0,8,64,4194304,70036.9
3,baseline,unreserved,65536,1,0,64,4194304,88064.6
3,baseline,unreserved,65536,1,1,64,4194304,88607.2
3,baseline,unreserved,65536,1,2,64,4194304,89632.2
3,baseline,unreserved,65536,1,3,64,4194304,87711.0
3,baseline,unreserved,65536,1,4,64,4194304,89301.0
3,baseline,unreserved,65536,1,5,64,4194304,90824.5
3,baseline,unreserved,65536,1,6,64,4194304,88398.7
3,baseline,unreserved,65536,1,7,64,4194304,89591.3
3,baseline,unreserved,65536,1,8,64,4194304,87763.7
3,baseline,unreserved,65536,2,0,64,4194304,62830.7
3,baseline,unreserved,65536,2,1,64,4194304,50026.9
3,baseline,unreserved,65536,2,2,64,4194304,49756.7
3,baseline,unreserved,65536,2,3,64,4194304,52212.2
3,baseline,unreserved,65536,2,4,64,4194304,50949.4
3,baseline,unreserved,65536,2,5,64,4194304,51360.9
3,baseline,unreserved,65536,2,6,64,4194304,54731.9
3,baseline,unreserved,65536,2,7,64,4194304,50307.5
3,baseline,unreserved,65536,2,8,64,4194304,49593.1
3,baseline,unreserved,65536,3,0,64,4194304,83992.4
3,baseline,unreserved,65536,3,1,64,4194304,83282.7
3,baseline,unreserved,65536,3,2,64,4194304,84618.1
3,baseline,unreserved,65536,3,3,64,4194304,83974.5
3,baseline,unreserved,65536,3,4,64,4194304,83399.3
3,baseline,unreserved,65536,3,5,64,4194304,83822.1
3,baseline,unreserved,65536,3,6,64,4194304,83811.9
3,baseline,unreserved,65536,3,7,64,4194304,83459.4
3,baseline,unreserved,65536,3,8,64,4194304,83922.0
3,baseline,dense,4,0,0,61680,740160,16.8
3,baseline,dense,4,0,1,61680,740160,16.8
3,baseline,dense,4,0,2,61680,740160,16.7
3,baseline,dense,4,0,3,61680,740160,19.9
3,baseline,dense,4,0,4,61680,740160,16.9
3,baseline,dense,4,0,5,61680,740160,16.7
3,baseline,dense,4,0,6,61680,740160,17.8
3,baseline,dense,4,0,7,61680,740160,16.9
3,baseline,dense,4,0,8,61680,740160,16.9
3,baseline,dense,4,1,0,61680,616800,16.4
3,baseline,dense,4,1,1,61680,616800,16.6
3,baseline,dense,4,1,2,61680,616800,16.6
3,baseline,dense,4,1,3,61680,616800,17.2
3,baseline,dense,4,1,4,61680,616800,16.4
3,baseline,dense,4,1,5,61680,616800,16.8
3,baseline,dense,4,1,6,61680,616800,16.4
3,baseline,dense,4,1,7,61680,616800,16.6
3,baseline,dense,4,1,8,61680,616800,16.4
3,baseline,dense,4,2,0,61680,246720,15.8
3,baseline,dense,4,2,1,61680,246720,15.5
3,baseline,dense,4,2,2,61680,246720,17.6
3,baseline,dense,4,2,3,61680,246720,15.6
3,baseline,dense,4,2,4,61680,246720,16.9
3,baseline,dense,4,2,5,61680,246720,15.6
3,baseline,dense,4,2,6,61680,246720,15.7
3,baseline,dense,4,2,7,61680,246720,15.7
3,baseline,dense,4,2,8,61680,246720,16.8
3,baseline,dense,4,3,0,61680,616800,16.1
3,baseline,dense,4,3,1,61680,616800,15.9
3,baseline,dense,4,3,2,61680,616800,15.8
3,baseline,dense,4,3,3,61680,616800,16.5
3,baseline,dense,4,3,4,61680,616800,15.8
3,baseline,dense,4,3,5,61680,616800,16.7
3,baseline,dense,4,3,6,61680,616800,15.9
3,baseline,dense,4,3,7,61680,616800,16.2
3,baseline,dense,4,3,8,61680,616800,15.9
3,baseline,dense,8,0,0,58254,1398096,25.6
3,baseline,dense,8,0,1,58254,1398096,26.7
3,baseline,dense,8,0,2,58254,1398096,31.9
3,baseline,dense,8,0,3,58254,1398096,27.9
3,baseline,dense,8,0,4,58254,1398096,26.2
3,baseline,dense,8,0,5,58254,1398096,25.6
3,baseline,dense,8,0,6,58254,1398096,26.4
3,baseline,dense,8,0,7,58254,1398096,26.3
3,baseline,dense,8,0,8,58254,1398096,26.2
3,baseline,dense,8,1,0,58254,1165080,25.8
3,baseline,dense,8,1,1,58254,1165080,25.3
3,baseline,dense,8,1,2,58254,1165080,25.0
3,baseline,dense,8,1,3,58254,1165080,25.8
3,baseline,dense,8,1,4,58254,1165080,25.1
3,baseline,dense,8,1,5,58254,1165080,27.2
3,baseline,dense,8,1,6,58254,1165080,25.3
3,baseline,dense,8,1,7,58254,1165080,25.7
3,baseline,dense,8,1,8,58254,1165080,25.9
3,baseline,dense,8,2,0,58254,466032,23.0
3,baseline,dense,8,2,1,58254,466032,22.9
3,baseline,dense,8,2,2,58254,466032,22.9
3,baseline,dense,8,2,3,58254,466032,23.0
3,baseline,dense,8,2,4,58254,466032,23.3
3,baseline,dense,8,2,5,58254,466032,23.4
3,baseline,dense,8,2,6,58254,466032,23.4
3,baseline,dense,8,2,7,58254,466032,23.1
3,baseline,dense,8,2,8,58254,466032,23.6
3,baseline,dense,8,3,0,58254,1165080,23.8
3,baseline,dense,8,3,1,58254,1165080,23.8
3,baseline,dense,8,3,2,58254,1165080,23.8
3,baseline,dense,8,3,3,58254,1165080,25.4
3,baseline,dense,8,3,4,58254,1165080,25.8
3,baseline,dense,8,3,5,58254,1165080,23.7
3,baseline,dense,8,3,6,58254,1165080,23.6
3,baseline,dense,8,3,7,58254,1165080,24.0
3,baseline,dense,8,3,8,58254,1165080,23.7
3,baseline,dense,64,0,0,32768,6291456,152.7
3,baseline,dense,64,0,1,32768,6291456,151.2
3,baseline,dense,64,0,2,32768,6291456,152.6
3,baseline,dense,64,0,3,32768,6291456,151.8
3,baseline,dense,64,0,4,32768,6291456,151.1
3,baseline,dense,64,0,5,32768,6291456,153.4
3,baseline,dense,64,0,6,32768,6291456,154.2
3,baseline,dense,64,0,7,32768,6291456,151.5
3,baseline,dense,64,0,8,32768,6291456,152.4
3,baseline,dense,64,1,0,32768,5242880,154.0
3,baseline,dense,64,1,1,32768,5242880,153.1
3,baseline,dense,64,1,2,32768,5242880,153.5
3,baseline,dense,64,1,3,32768,5242880,153.4
3,baseline,dense,64,1,4,32768,5242880,153.1
3,baseline,dense,64,1,5,32768,5242880,152.2
3,baseline,dense,64,1,6,32768,5242880,152.9
3,baseline,dense,64,1,7,32768,5242880,152.4
3,baseline,dense,64,1,8,32768,5242880,153.6
3,baseline,dense,64,2,0,32768,2097152,95.0
3,baseline,dense,64,2,1,32768,2097152,95.8
3,baseline,dense,64,2,2,32768,2097152,96.7
3,baseline,dense,64,2,3,32768,2097152,95.3
3,baseline,dense,64,2,4,32768,2097152,94.5
3,baseline,dense,64,2,5,32768,2097152,95.7
3,baseline,dense,64,2,6,32768,2097152,98.2
3,baseline,dense,64,2,7,32768,2097152,99.5
3,baseline,dense,64,2,8,32768,2097152,95.4
3,baseline,dense,64,3,0,32768,5242880,138.1
3,baseline,dense,64,3,1,32768,5242880,137.3
3,baseline,dense,64,3,2,32768,5242880,136.9
3,baseline,dense,64,3,3,32768,5242880,138.2
3,baseline,dense,64,3,4,32768,5242880,137.4
3,baseline,dense,64,3,5,32768,5242880,136.8
3,baseline,dense,64,3,6,32768,5242880,137.9
3,baseline,dense,64,3,7,32768,5242880,138.7
3,baseline,dense,64,3,8,32768,5242880,138.6
3,baseline,dense,4096,0,0,1008,12386304,9012.1
3,baseline,dense,4096,0,1,1008,12386304,8846.1
3,baseline,dense,4096,0,2,1008,12386304,8869.4
3,baseline,dense,4096,0,3,1008,12386304,8894.7
3,baseline,dense,4096,0,4,1008,12386304,8883.7
3,baseline,dense,4096,0,5,1008,12386304,8826.5
3,baseline,dense,4096,0,6,1008,12386304,8888.8
3,baseline,dense,4096,0,7,1008,12386304,8958.8
3,baseline,dense,4096,0,8,1008,12386304,9048.4
3,baseline,dense,4096,1,0,1008,10321920,8848.2
3,baseline,dense,4096,1,1,1008,10321920,9054.1
3,baseline,dense,4096,1,2,1008,10321920,9287.1
3,baseline,dense,4096,1,3,1008,10321920,8898.0
3,baseline,dense,4096,1,4,1008,10321920,8899.5
3,baseline,dense,4096,1,5,1008,10321920,8946.9
3,baseline,dense,4096,1,6,1008,10321920,9346.3
3,baseline,dense,4096,1,7,1008,10321920,9303.0
3,baseline,dense,4096,1,8,1008,10321920,8895.8
3,baseline,dense,4096,2,0,1008,4128768,10363.5
3,baseline,dense,4096,2,1,1008,4128768,5725.3
3,baseline,dense,4096,2,2,1008,4128768,5413.4
3,baseline,dense,4096,2,3,1008,4128768,5294.3
3,baseline,dense,4096,2,4,1008,4128768,5330.0
3,baseline,dense,4096,2,5,1008,4128768,5351.7
3,baseline,dense,4096,2,6,1008,4128768,5296.0
3,baseline,dense,4096,2,7,1008,4128768,5362.5
3,baseline,dense,4096,2,8,1008,4128768,5350.1
3,baseline,dense,4096,3,0,1008,10321920,8130.8
3,baseline,dense,4096,3,1,1008,10321920,8068.8
3,baseline,dense,4096,3,2,1008,10321920,8499.8
3,baseline,dense,4096,3,3,1008,10321920,8068.9
3,baseline,dense,4096,3,4,1008,10321920,8067.9
3,baseline,dense,4096,3,5,1008,10321920,8106.5
3,baseline,dense,4096,3,6,1008,10321920,8042.1
3,baseline,dense,4096,3,7,1008,10321920,8244.4
3,baseline,dense,4096,3,8,1008,10321920,7956.3
3,baseline,dense,65536,0,0,64,12582912,143159.2
3,baseline,dense,65536,0,1,64,12582912,141747.7
3,baseline,dense,65536,0,2,64,12582912,140661.9
3,baseline,dense,65536,0,3,64,12582912,146243.9
3,baseline,dense,65536,0,4,64,12582912,141681.5
3,baseline,dense,65536,0,5,64,12582912,140630.8
3,baseline,dense,65536,0,6,64,12582912,143455.7
3,baseline,dense,65536,0,7,64,12582912,141544.0
3,baseline,dense,65536,0,8,64,12582912,140761.1
3,baseline,dense,65536,1,0,64,10485760,148922.1
3,baseline,dense,65536,1,1,64,10485760,144426.2
3,baseline,dense,65536,1,2,64,10485760,140421.8
3,baseline,dense,65536,1,3,64,10485760,143299.1
3,baseline,dense,65536,1,4,64,10485760,142383.9
3,baseline,dense,65536,1,5,64,10485760,144556.4
3,baseline,dense,65536,1,6,64,10485760,141466.5
3,baseline,dense,65536,1,7,64,10485760,145305.8
3,baseline,dense,65536,1,8,64,10485760,141844.9
3,baseline,dense,65536,2,0,64,4194304,83867.4
3,baseline,dense,65536,2,1,64,4194304,85393.0
3,baseline,dense,65536,2,2,64,4194304,83557.7
3,baseline,dense,65536,2,3,64,4194304,90860.3
3,baseline,dense,65536,2,4,64,4194304,84369.3
3,baseline,dense,65536,2,5,64,4194304,83232.8
3,baseline,dense,65536,2,6,64,4194304,83457.2
3,baseline,dense,65536,2,7,64,4194304,87014.4
3,baseline,dense,65536,2,8,64,4194304,83507.9
3,baseline,dense,65536,3,0,64,10485760,128688.2
3,baseline,dense,65536,3,1,64,10485760,131161.5
3,baseline,dense,65536,3,2,64,10485760,132475.4
3,baseline,dense,65536,3,3,64,10485760,129714.6
3,baseline,dense,65536,3,4,64,10485760,128821.2
3,baseline,dense,65536,3,5,64,10485760,131384.2
3,baseline,dense,65536,3,6,64,10485760,129051.2
3,baseline,dense,65536,3,7,64,10485760,129491.1
3,baseline,dense,65536,3,8,64,10485760,127822.2
3,baseline,html_dense,5,0,0,60787,911805,18.8
3,baseline,html_dense,5,0,1,60787,911805,18.8
3,baseline,html_dense,5,0,2,60787,911805,18.8
3,baseline,html_dense,5,0,3,60787,911805,18.9
3,baseline,html_dense,5,0,4,60787,911805,18.9
3,baseline,html_dense,5,0,5,60787,911805,19.0
3,baseline,html_dense,5,0,6,60787,911805,18.8
3,baseline,html_dense,5,0,7,60787,911805,18.9
3,baseline,html_dense,5,0,8,60787,911805,19.3
3,baseline,html_dense,5,1,0,60787,911805,19.8
3,baseline,html_dense,5,1,1,60787,911805,19.9
3,baseline,html_dense,5,1,2,60787,911805,19.6
3,baseline,html_dense,5,1,3,60787,911805,20.3
3,baseline,html_dense,5,1,4,60787,911805,19.9
3,baseline,html_dense,5,1,5,60787,911805,19.8
3,baseline,html_dense,5,1,6,60787,911805,19.9
3,baseline,html_dense,5,1,7,60787,911805,19.7
3,baseline,html_dense,5,1,8,60787,911805,19.7
3,baseline,html_dense,5,2,0,60787,1458888,27.0
3,baseline,html_dense,5,2,1,60787,1458888,26.3
3,baseline,html_dense,5,2,2,60787,1458888,26.3
3,baseline,html_dense,5,2,3,60787,1458888,26.7
3,baseline,html_dense,5,2,4,60787,1458888,26.2
3,baseline,html_dense,5,2,5,60787,1458888,27.1
3,baseline,html_dense,5,2,6,60787,1458888,26.5
3,baseline,html_dense,5,2,7,60787,1458888,26.4
3,baseline,html_dense,5,2,8,60787,1458888,27.0
3,baseline,html_dense,5,3,0,60787,911805,19.1
3,baseline,html_dense,5,3,1,60787,911805,19.4
3,baseline,html_dense,5,3,2,60787,911805,20.1
3,baseline,html_dense,5,3,3,60787,911805,20.1
3,baseline,html_dense,5,3,4,60787,911805,19.4
3,baseline,html_dense,5,3,5,60787,911805,19.4
3,baseline,html_dense,5,3,6,60787,911805,19.4
3,baseline,html_dense,5,3,7,60787,911805,19.2
3,baseline,html_dense,5,3,8,60787,911805,19.7
3,baseline,html_dense,10,0,0,56679,1700370,30.1
3,baseline,html_dense,10,0,1,56679,1700370,29.8
3,baseline,html_dense,10,0,2,56679,1700370,29.6
3,baseline,html_dense,10,0,3,56679,1700370,30.1
3,baseline,html_dense,10,0,4,56679,1700370,29.7
3,baseline,html_dense,10,0,5,56679,1700370,29.5
3,baseline,html_dense,10,0,6,56679,1700370,29.5
3,baseline,html_dense,10,0,7,56679,1700370,30.6
3,baseline,html_dense,10,0,8,56679,1700370,29.5
3,baseline,html_dense,10,1,0,56679,1700370,31.6
3,baseline,html_dense,10,1,1,56679,1700370,31.7
3,baseline,html_dense,10,1,2,56679,1700370,31.4
3,baseline,html_dense,10,1,3,56679,1700370,31.2
3,baseline,html_dense,10,1,4,56679,1700370,31.4
3,baseline,html_dense,10,1,5,56679,1700370,31.3
3,baseline,html_dense,10,1,6,56679,1700370,31.4
3,baseline,html_dense,10,1,7,56679,1700370,32.2
3,baseline,html_dense,10,1,8,56679,1700370,31.4
3,baseline,html_dense,10,2,0,56679,2720592,37.7
3,baseline,html_dense,10,2,1,56679,2720592,37.9
3,baseline,html_dense,10,2,2,56679,2720592,39.1
3,baseline,html_dense,10,2,3,56679,2720592,44.2
3,baseline,html_dense,10,2,4,56679,2720592,41.2
3,baseline,html_dense,10,2,5,56679,2720592,39.0
3,baseline,html_dense,10,2,6,56679,2720592,38.4
3,baseline,html_dense,10,2,7,56679,2720592,39.0
3,baseline,html_dense,10,2,8,56679,2720592,38.9
3,baseline,html_dense,10,3,0,56679,1700370,30.6
3,baseline,html_dense,10,3,1,56679,1700370,30.4
3,baseline,html_dense,10,3,2,56679,1700370,30.7
3,baseline,html_dense,10,3,3,56679,1700370,31.4
3,baseline,html_dense,10,3,4,56679,1700370,30.6
3,baseline,html_dense,10,3,5,56679,1700370,37.4
3,baseline,html_dense,10,3,6,56679,1700370,32.3
3,baseline,html_dense,10,3,7,56679,1700370,32.0
3,baseline,html_dense,10,3,8,56679,1700370,30.4
3,baseline,html_dense,65,0,0,32513,6340035,154.8
3,baseline,html_dense,65,0,1,32513,6340035,154.2
3,baseline,html_dense,65,0,2,32513,6340035,154.7
3,baseline,html_dense,65,0,3,32513,6340035,163.1
3,baseline,html_dense,65,0,4,32513,6340035,171.1
3,baseline,html_dense,65,0,5,32513,6340035,165.0
3,baseline,html_dense,65,0,6,32513,6340035,163.5
3,baseline,html_dense,65,0,7,32513,6340035,161.7
3,baseline,html_dense,65,0,8,32513,6340035,157.6
3,baseline,html_dense,65,1,0,32513,6340035,170.7
3,baseline,html_dense,65,1,1,32513,6340035,167.7
3,baseline,html_dense,65,1,2,32513,6340035,168.1
3,baseline,html_dense,65,1,3,32513,6340035,167.4
3,baseline,html_dense,65,1,4,32513,6340035,168.4
3,baseline,html_dense,65,1,5,32513,6340035,170.3
3,baseline,html_dense,65,1,6,32513,6340035,167.5
3,baseline,html_dense,65,1,7,32513,6340035,167.9
3,baseline,html_dense,65,1,8,32513,6340035,168.2
3,baseline,html_dense,65,2,0,32513,10144056,164.6
3,baseline,html_dense,65,2,1,32513,10144056,165.8
3,baseline,html_dense,65,2,2,32513,10144056,167.2
3,baseline,html_dense,65,2,3,32513,10144056,165.1
3,baseline,html_dense,65,2,4,32513,10144056,164.4
3,baseline,html_dense,65,2,5,32513,10144056,165.5
3,baseline,html_dense,65,2,6,32513,10144056,166.3
3,baseline,html_dense,65,2,7,32513,10144056,163.8
3,baseline,html_dense,65,2,8,32513,10144056,165.7
3,baseline,html_dense,65,3,0,32513,6340035,157.7
3,baseline,html_dense,65,3,1,32513,6340035,158.1
3,baseline,html_dense,65,3,2,32513,6340035,159.4
3,baseline,html_dense,65,3,3,32513,6340035,158.9
3,baseline,html_dense,65,3,4,32513,6340035,158.6
3,baseline,html_dense,65,3,5,32513,6340035,158.9
3,baseline,html_dense,65,3,6,32513,6340035,159.3
3,baseline,html_dense,65,3,7,32513,6340035,158.0
3,baseline,html_dense,65,3,8,32513,6340035,159.1
3,baseline,html_dense,4100,0,0,1007,12386100,9018.9
3,baseline,html_dense,4100,0,1,1007,12386100,8704.6
3,baseline,html_dense,4100,0,2,1007,12386100,9097.9
3,baseline,html_dense,4100,0,3,1007,12386100,8824.0
3,baseline,html_dense,4100,0,4,1007,12386100,8840.4
3,baseline,html_dense,4100,0,5,1007,12386100,9022.7
3,baseline,html_dense,4100,0,6,1007,12386100,8939.8
3,baseline,html_dense,4100,0,7,1007,12386100,9020.7
3,baseline,html_dense,4100,0,8,1007,12386100,8852.8
3,baseline,html_dense,4100,1,0,1007,12386100,9874.8
3,baseline,html_dense,4100,1,1,1007,12386100,9740.9
3,baseline,html_dense,4100,1,2,1007,12386100,9674.5
3,baseline,html_dense,4100,1,3,1007,12386100,10065.7
3,baseline,html_dense,4100,1,4,1007,12386100,9706.4
3,baseline,html_dense,4100,1,5,1007,12386100,9667.4
3,baseline,html_dense,4100,1,6,1007,12386100,9995.8
3,baseline,html_dense,4100,1,7,1007,12386100,9732.1
3,baseline,html_dense,4100,1,8,1007,12386100,9710.1
3,baseline,html_dense,4100,2,0,1007,19817760,9303.5
3,baseline,html_dense,4100,2,1,1007,19817760,9255.3
3,baseline,html_dense,4100,2,2,1007,19817760,9243.6
3,baseline,html_dense,4100,2,3,1007,19817760,9856.1
3,baseline,html_dense,4100,2,4,1007,19817760,9389.8
3,baseline,html_dense,4100,2,5,1007,19817760,9492.7
3,baseline,html_dense,4100,2,6,1007,19817760,9999.3
3,baseline,html_dense,4100,2,7,1007,19817760,9640.8
3,baseline,html_dense,4100,2,8,1007,19817760,9919.6
3,baseline,html_dense,4100,3,0,1007,12386100,9308.2
3,baseline,html_dense,4100,3,1,1007,12386100,9226.2
3,baseline,html_dense,4100,3,2,1007,12386100,9146.7
3,baseline,html_dense,4100,3,3,1007,12386100,9394.3
3,baseline,html_dense,4100,3,4,1007,12386100,9147.5
3,baseline,html_dense,4100,3,5,1007,12386100,9183.2
3,baseline,html_dense,4100,3,6,1007,12386100,9215.4
3,baseline,html_dense,4100,3,7,1007,12386100,9207.1
3,baseline,html_dense,4100,3,8,1007,12386100,9200.7
3,baseline,html_dense,65540,0,0,64,12583680,142597.2
3,baseline,html_dense,65540,0,1,64,12583680,140821.9
3,baseline,html_dense,65540,0,2,64,12583680,140947.4
3,baseline,html_dense,65540,0,3,64,12583680,145101.3
3,baseline,html_dense,65540,0,4,64,12583680,140572.5
3,baseline,html_dense,65540,0,5,64,12583680,145303.2
3,baseline,html_dense,65540,0,6,64,12583680,141448.3
3,baseline,html_dense,65540,0,7,64,12583680,141645.5
3,baseline,html_dense,65540,0,8,64,12583680,141411.8
3,baseline,html_dense,65540,1,0,64,12583680,155328.4
3,baseline,html_dense,65540,1,1,64,12583680,155304.9
3,baseline,html_dense,65540,1,2,64,12583680,155908.7
3,baseline,html_dense,65540,1,3,64,12583680,155029.8
3,baseline,html_dense,65540,1,4,64,12583680,155835.3
3,baseline,html_dense,65540,1,5,64,12583680,156136.2
3,baseline,html_dense,65540,1,6,64,12583680,155357.0
3,baseline,html_dense,65540,1,7,64,12583680,157164.9
3,baseline,html_dense,65540,1,8,64,12583680,154513.2
3,baseline,html_dense,65540,2,0,64,20133888,154034.5
3,baseline,html_dense,65540,2,1,64,20133888,148742.5
3,baseline,html_dense,65540,2,2,64,20133888,147623.4
3,baseline,html_dense,65540,2,3,64,20133888,154402.0
3,baseline,html_dense,65540,2,4,64,20133888,148922.4
3,baseline,html_dense,65540,2,5,64,20133888,152679.1
3,baseline,html_dense,65540,2,6,64,20133888,150389.4
3,baseline,html_dense,65540,2,7,64,20133888,155417.6
3,baseline,html_dense,65540,2,8,64,20133888,154658.0
3,baseline,html_dense,65540,3,0,64,12583680,152084.7
3,baseline,html_dense,65540,3,1,64,12583680,153040.5
3,baseline,html_dense,65540,3,2,64,12583680,146972.7
3,baseline,html_dense,65540,3,3,64,12583680,154142.0
3,baseline,html_dense,65540,3,4,64,12583680,148448.1
3,baseline,html_dense,65540,3,5,64,12583680,147122.1
3,baseline,html_dense,65540,3,6,64,12583680,148829.1
3,baseline,html_dense,65540,3,7,64,12583680,154780.5
3,baseline,html_dense,65540,3,8,64,12583680,147048.5
