round,arm,input,input_bytes,kind,trial,calls,output_bytes,ns_per_call
0,baseline,plain,0,0,0,65536,0,3.3
0,baseline,plain,0,0,1,65536,0,3.3
0,baseline,plain,0,0,2,65536,0,3.3
0,baseline,plain,0,0,3,65536,0,3.4
0,baseline,plain,0,0,4,65536,0,3.3
0,baseline,plain,0,0,5,65536,0,3.3
0,baseline,plain,0,0,6,65536,0,3.3
0,baseline,plain,0,0,7,65536,0,3.3
0,baseline,plain,0,0,8,65536,0,3.4
0,baseline,plain,0,1,0,65536,0,3.9
0,baseline,plain,0,1,1,65536,0,3.5
0,baseline,plain,0,1,2,65536,0,3.7
0,baseline,plain,0,1,3,65536,0,3.5
0,baseline,plain,0,1,4,65536,0,3.5
0,baseline,plain,0,1,5,65536,0,3.5
0,baseline,plain,0,1,6,65536,0,3.5
0,baseline,plain,0,1,7,65536,0,3.5
0,baseline,plain,0,1,8,65536,0,4.5
0,baseline,plain,0,2,0,65536,0,6.2
0,baseline,plain,0,2,1,65536,0,6.3
0,baseline,plain,0,2,2,65536,0,6.2
0,baseline,plain,0,2,3,65536,0,6.5
0,baseline,plain,0,2,4,65536,0,6.8
0,baseline,plain,0,2,5,65536,0,6.2
0,baseline,plain,0,2,6,65536,0,7.6
0,baseline,plain,0,2,7,65536,0,7.3
0,baseline,plain,0,2,8,65536,0,6.9
0,baseline,plain,0,3,0,65536,0,3.1
0,baseline,plain,0,3,1,65536,0,3.1
0,baseline,plain,0,3,2,65536,0,3.4
0,baseline,plain,0,3,3,65536,0,3.1
0,baseline,plain,0,3,4,65536,0,3.1
0,baseline,plain,0,3,5,65536,0,3.1
0,baseline,plain,0,3,6,65536,0,3.3
0,baseline,plain,0,3,7,65536,0,3.1
0,baseline,plain,0,3,8,65536,0,3.1
0,baseline,plain,30,0,0,44620,1427840,48.5
0,baseline,plain,30,0,1,44620,1427840,49.9
0,baseline,plain,30,0,2,44620,1427840,50.2
0,baseline,plain,30,0,3,44620,1427840,53.7
0,baseline,plain,30,0,4,44620,1427840,48.8
0,baseline,plain,30,0,5,44620,1427840,48.1
0,baseline,plain,30,0,6,44620,1427840,47.8
0,baseline,plain,30,0,7,44620,1427840,48.7
0,baseline,plain,30,0,8,44620,1427840,48.9
0,baseline,plain,30,1,0,44620,1338600,41.9
0,baseline,plain,30,1,1,44620,1338600,42.7
0,baseline,plain,30,1,2,44620,1338600,41.8
0,baseline,plain,30,1,3,44620,1338600,41.6
0,baseline,plain,30,1,4,44620,1338600,41.8
0,baseline,plain,30,1,5,44620,1338600,41.4
0,baseline,plain,30,1,6,44620,1338600,45.4
0,baseline,plain,30,1,7,44620,1338600,46.7
0,baseline,plain,30,1,8,44620,1338600,44.5
0,baseline,plain,30,2,0,44620,1338600,52.9
0,baseline,plain,30,2,1,44620,1338600,40.7
0,baseline,plain,30,2,2,44620,1338600,41.3
0,baseline,plain,30,2,3,44620,1338600,39.9
0,baseline,plain,30,2,4,44620,1338600,39.6
0,baseline,plain,30,2,5,44620,1338600,40.1
0,baseline,plain,30,2,6,44620,1338600,39.9
0,baseline,plain,30,2,7,44620,1338600,40.0
0,baseline,plain,30,2,8,44620,1338600,39.6
0,baseline,plain,30,3,0,44620,1427840,43.2
0,baseline,plain,30,3,1,44620,1427840,45.2
0,baseline,plain,30,3,2,44620,1427840,44.0
0,baseline,plain,30,3,3,44620,1427840,43.6
0,baseline,plain,30,3,4,44620,1427840,47.0
0,baseline,plain,30,3,5,44620,1427840,44.7
0,baseline,plain,30,3,6,44620,1427840,43.4
0,baseline,plain,30,3,7,44620,1427840,43.4
0,baseline,plain,30,3,8,44620,1427840,42.8
0,baseline,plain,90,0,0,27235,2614560,142.7
0,baseline,plain,90,0,1,27235,2614560,149.8
0,baseline,plain,90,0,2,27235,2614560,142.2
0,baseline,plain,90,0,3,27235,2614560,137.6
0,baseline,plain,90,0,4,27235,2614560,146.5
0,baseline,plain,90,0,5,27235,2614560,146.6
0,baseline,plain,90,0,6,27235,2614560,147.7
0,baseline,plain,90,0,7,27235,2614560,138.8
0,baseline,plain,90,0,8,27235,2614560,142.6
0,baseline,plain,90,1,0,27235,2451150,122.8
0,baseline,plain,90,1,1,27235,2451150,126.5
0,baseline,plain,90,1,2,27235,2451150,128.6
0,baseline,plain,90,1,3,27235,2451150,124.3
0,baseline,plain,90,1,4,27235,2451150,125.1
0,baseline,plain,90,1,5,27235,2451150,122.8
0,baseline,plain,90,1,6,27235,2451150,128.0
0,baseline,plain,90,1,7,27235,2451150,139.7
0,baseline,plain,90,1,8,27235,2451150,122.0
0,baseline,plain,90,2,0,27235,2451150,90.9
0,baseline,plain,90,2,1,27235,2451150,84.5
0,baseline,plain,90,2,2,27235,2451150,83.3
0,baseline,plain,90,2,3,27235,2451150,103.7
0,baseline,plain,90,2,4,27235,2451150,88.7
0,baseline,plain,90,2,5,27235,2451150,89.7
0,baseline,plain,90,2,6,27235,2451150,84.1
0,baseline,plain,90,2,7,27235,2451150,88.4
0,baseline,plain,90,2,8,27235,2451150,90.3
0,baseline,plain,90,3,0,27235,2614560,133.8
0,baseline,plain,90,3,1,27235,2614560,129.4
0,baseline,plain,90,3,2,27235,2614560,126.4
0,baseline,plain,90,3,3,27235,2614560,129.1
0,baseline,plain,90,3,4,27235,2614560,126.6
0,baseline,plain,90,3,5,27235,2614560,136.2
0,baseline,plain,90,3,6,27235,2614560,136.9
0,baseline,plain,90,3,7,27235,2614560,140.5
0,baseline,plain,90,3,8,27235,2614560,134.9
0,baseline,plain,4110,0,0,1004,4401536,5779.5
0,baseline,plain,4110,0,1,1004,4401536,5521.6
0,baseline,plain,4110,0,2,1004,4401536,5900.6
0,baseline,plain,4110,0,3,1004,4401536,5667.9
0,baseline,plain,4110,0,4,1004,4401536,5809.2
0,baseline,plain,4110,0,5,1004,4401536,5524.7
0,baseline,plain,4110,0,6,1004,4401536,5522.2
0,baseline,plain,4110,0,7,1004,4401536,5702.1
0,baseline,plain,4110,0,8,1004,4401536,5741.7
0,baseline,plain,4110,1,0,1004,4126440,5135.4
0,baseline,plain,4110,1,1,1004,4126440,5037.8
0,baseline,plain,4110,1,2,1004,4126440,5076.2
0,baseline,plain,4110,1,3,1004,4126440,5243.2
0,baseline,plain,4110,1,4,1004,4126440,5249.6
0,baseline,plain,4110,1,5,1004,4126440,5082.0
0,baseline,plain,4110,1,6,1004,4126440,5153.1
0,baseline,plain,4110,1,7,1004,4126440,5119.4
0,baseline,plain,4110,1,8,1004,4126440,5104.6
0,baseline,plain,4110,2,0,1004,4126440,6792.7
0,baseline,plain,4110,2,1,1004,4126440,3152.3
0,baseline,plain,4110,2,2,1004,4126440,3128.3
0,baseline,plain,4110,2,3,1004,4126440,3139.5
0,baseline,plain,4110,2,4,1004,4126440,3177.8
0,baseline,plain,4110,2,5,1004,4126440,3140.8
0,baseline,plain,4110,2,6,1004,4126440,3159.8
0,baseline,plain,4110,2,7,1004,4126440,3172.2
0,baseline,plain,4110,2,8,1004,4126440,3141.3
0,baseline,plain,4110,3,0,1004,4401536,5226.8
0,baseline,plain,4110,3,1,1004,4401536,5117.3
0,baseline,plain,4110,3,2,1004,4401536,5027.8
0,baseline,plain,4110,3,3,1004,4401536,5262.9
0,baseline,plain,4110,3,4,1004,4401536,5217.4
0,baseline,plain,4110,3,5,1004,4401536,5095.2
0,baseline,plain,4110,3,6,1004,4401536,5746.4
0,baseline,plain,4110,3,7,1004,4401536,5069.8
0,baseline,plain,4110,3,8,1004,4401536,5117.6
0,baseline,plain,65550,0,0,64,4474880,90486.4
0,baseline,plain,65550,0,1,64,4474880,89416.0
0,baseline,plain,65550,0,2,64,4474880,87522.8
0,baseline,plain,65550,0,3,64,4474880,88496.6
0,baseline,plain,65550,0,4,64,4474880,91898.0
0,baseline,plain,65550,0,5,64,4474880,95286.4
0,baseline,plain,65550,0,6,64,4474880,88995.2
0,baseline,plain,65550,0,7,64,4474880,87716.3
0,baseline,plain,65550,0,8,64,4474880,87275.9
0,baseline,plain,65550,1,0,64,4195200,77096.6
0,baseline,plain,65550,1,1,64,4195200,81387.9
0,baseline,plain,65550,1,2,64,4195200,77426.3
0,baseline,plain,65550,1,3,64,4195200,77447.1
0,baseline,plain,65550,1,4,64,4195200,77384.5
0,baseline,plain,65550,1,5,64,4195200,79300.7
0,baseline,plain,65550,1,6,64,4195200,77177.2
0,baseline,plain,65550,1,7,64,4195200,80348.8
0,baseline,plain,65550,1,8,64,4195200,78361.5
0,baseline,plain,65550,2,0,64,4195200,49461.4
0,baseline,plain,65550,2,1,64,4195200,49249.4
0,baseline,plain,65550,2,2,64,4195200,49308.2
0,baseline,plain,65550,2,3,64,4195200,53283.3
0,baseline,plain,65550,2,4,64,4195200,50404.9
0,baseline,plain,65550,2,5,64,4195200,50859.3
0,baseline,plain,65550,2,6,64,4195200,49570.7
0,baseline,plain,65550,2,7,64,4195200,51767.6
0,baseline,plain,65550,2,8,64,4195200,50257.2
0,baseline,plain,65550,3,0,64,4474880,82584.6
0,baseline,plain,65550,3,1,64,4474880,80717.0
0,baseline,plain,65550,3,2,64,4474880,85220.8
0,baseline,plain,65550,3,3,64,4474880,82963.6
0,baseline,plain,65550,3,4,64,4474880,79608.7
0,baseline,plain,65550,3,5,64,4474880,80205.0
0,baseline,plain,65550,3,6,64,4474880,86938.7
0,baseline,plain,65550,3,7,64,4474880,82642.9
0,baseline,plain,65550,3,8,64,4474880,87271.9
0,baseline,mixed,46,0,0,38130,3660480,87.4
0,baseline,mixed,46,0,1,38130,3660480,87.5
0,baseline,mixed,46,0,2,38130,3660480,87.9
0,baseline,mixed,46,0,3,38130,3660480,88.3
0,baseline,mixed,46,0,4,38130,3660480,88.1
0,baseline,mixed,46,0,5,38130,3660480,88.3
0,baseline,mixed,46,0,6,38130,3660480,87.5
0,baseline,mixed,46,0,7,38130,3660480,88.5
0,baseline,mixed,46,0,8,38130,3660480,87.6
0,baseline,mixed,46,1,0,38130,3507960,87.3
0,baseline,mixed,46,1,1,38130,3507960,87.4
0,baseline,mixed,46,1,2,38130,3507960,89.1
0,baseline,mixed,46,1,3,38130,3507960,87.6
0,baseline,mixed,46,1,4,38130,3507960,87.8
0,baseline,mixed,46,1,5,38130,3507960,93.0
0,baseline,mixed,46,1,6,38130,3507960,88.2
0,baseline,mixed,46,1,7,38130,3507960,88.0
0,baseline,mixed,46,1,8,38130,3507960,87.4
0,baseline,mixed,46,2,0,38130,2897880,74.9
0,baseline,mixed,46,2,1,38130,2897880,75.7
0,baseline,mixed,46,2,2,38130,2897880,73.6
0,baseline,mixed,46,2,3,38130,2897880,75.2
0,baseline,mixed,46,2,4,38130,2897880,75.5
0,baseline,mixed,46,2,5,38130,2897880,72.6
0,baseline,mixed,46,2,6,38130,2897880,76.2
0,baseline,mixed,46,2,7,38130,2897880,75.4
0,baseline,mixed,46,2,8,38130,2897880,73.3
0,baseline,mixed,46,3,0,38130,3355440,87.7
0,baseline,mixed,46,3,1,38130,3355440,82.3
0,baseline,mixed,46,3,2,38130,3355440,83.5
0,baseline,mixed,46,3,3,38130,3355440,82.7
0,baseline,mixed,46,3,4,38130,3355440,82.1
0,baseline,mixed,46,3,5,38130,3355440,82.2
0,baseline,mixed,46,3,6,38130,3355440,82.9
0,baseline,mixed,46,3,7,38130,3355440,81.9
0,baseline,mixed,46,3,8,38130,3355440,82.4
0,baseline,mixed,92,0,0,26886,5162112,165.2
0,baseline,mixed,92,0,1,26886,5162112,165.2
0,baseline,mixed,92,0,2,26886,5162112,411.9
0,baseline,mixed,92,0,3,26886,5162112,165.8
0,baseline,mixed,92,0,4,26886,5162112,163.0
0,baseline,mixed,92,0,5,26886,5162112,168.6
0,baseline,mixed,92,0,6,26886,5162112,164.9
0,baseline,mixed,92,0,7,26886,5162112,166.2
0,baseline,mixed,92,0,8,26886,5162112,168.7
0,baseline,mixed,92,1,0,26886,4947024,175.8
0,baseline,mixed,92,1,1,26886,4947024,177.0
0,baseline,mixed,92,1,2,26886,4947024,171.2
0,baseline,mixed,92,1,3,26886,4947024,175.8
0,baseline,mixed,92,1,4,26886,4947024,174.0
0,baseline,mixed,92,1,5,26886,4947024,195.6
0,baseline,mixed,92,1,6,26886,4947024,173.7
0,baseline,mixed,92,1,7,26886,4947024,173.7
0,baseline,mixed,92,1,8,26886,4947024,175.5
0,baseline,mixed,92,2,0,26886,4086672,128.8
0,baseline,mixed,92,2,1,26886,4086672,128.4
0,baseline,mixed,92,2,2,26886,4086672,146.7
0,baseline,mixed,92,2,3,26886,4086672,129.2
0,baseline,mixed,92,2,4,26886,4086672,128.7
0,baseline,mixed,92,2,5,26886,4086672,127.6
0,baseline,mixed,92,2,6,26886,4086672,128.5
0,baseline,mixed,92,2,7,26886,4086672,130.2
0,baseline,mixed,92,2,8,26886,4086672,134.6
0,baseline,mixed,92,3,0,26886,4731936,164.0
0,baseline,mixed,92,3,1,26886,4731936,164.9
0,baseline,mixed,92,3,2,26886,4731936,170.6
0,baseline,mixed,92,3,3,26886,4731936,167.5
0,baseline,mixed,92,3,4,26886,4731936,177.2
0,baseline,mixed,92,3,5,26886,4731936,182.1
0,baseline,mixed,92,3,6,26886,4731936,177.4
0,baseline,mixed,92,3,7,26886,4731936,167.4
0,baseline,mixed,92,3,8,26886,4731936,163.0
0,baseline,mixed,4140,0,0,997,8614080,7224.6
0,baseline,mixed,4140,0,1,997,8614080,7085.4
0,baseline,mixed,4140,0,2,997,8614080,6997.6
0,baseline,mixed,4140,0,3,997,8614080,7086.3
0,baseline,mixed,4140,0,4,997,8614080,7145.9
0,baseline,mixed,4140,0,5,997,8614080,7351.6
0,baseline,mixed,4140,0,6,997,8614080,7256.8
0,baseline,mixed,4140,0,7,997,8614080,7984.5
0,baseline,mixed,4140,0,8,997,8614080,7359.3
0,baseline,mixed,4140,1,0,997,8255160,7443.8
0,baseline,mixed,4140,1,1,997,8255160,7347.4
0,baseline,mixed,4140,1,2,997,8255160,7558.3
0,baseline,mixed,4140,1,3,997,8255160,7348.1
0,baseline,mixed,4140,1,4,997,8255160,7389.8
0,baseline,mixed,4140,1,5,997,8255160,7322.6
0,baseline,mixed,4140,1,6,997,8255160,7457.3
0,baseline,mixed,4140,1,7,997,8255160,7316.9
0,baseline,mixed,4140,1,8,997,8255160,7428.2
0,baseline,mixed,4140,2,0,997,6819480,5105.4
0,baseline,mixed,4140,2,1,997,6819480,5375.7
0,baseline,mixed,4140,2,2,997,6819480,4869.9
0,baseline,mixed,4140,2,3,997,6819480,5031.8
0,baseline,mixed,4140,2,4,997,6819480,4909.1
0,baseline,mixed,4140,2,5,997,6819480,4865.0
0,baseline,mixed,4140,2,6,997,6819480,4965.1
0,baseline,mixed,4140,2,7,997,6819480,4915.9
0,baseline,mixed,4140,2,8,997,6819480,4924.8
0,baseline,mixed,4140,3,0,997,7896240,6703.3
0,baseline,mixed,4140,3,1,997,7896240,6678.0
0,baseline,mixed,4140,3,2,997,7896240,6646.5
0,baseline,mixed,4140,3,3,997,7896240,6674.6
0,baseline,mixed,4140,3,4,997,7896240,6645.6
0,baseline,mixed,4140,3,5,997,7896240,6683.4
0,baseline,mixed,4140,3,6,997,7896240,6658.8
0,baseline,mixed,4140,3,7,997,7896240,6642.1
0,baseline,mixed,4140,3,8,997,7896240,6663.7
0,baseline,mixed,65550,0,0,64,8755200,109615.7
0,baseline,mixed,65550,0,1,64,8755200,110402.6
0,baseline,mixed,65550,0,2,64,8755200,110409.9
0,baseline,mixed,65550,0,3,64,8755200,112373.5
0,baseline,mixed,65550,0,4,64,8755200,112221.4
0,baseline,mixed,65550,0,5,64,8755200,109130.4
0,baseline,mixed,65550,0,6,64,8755200,109988.0
0,baseline,mixed,65550,0,7,64,8755200,109840.7
0,baseline,mixed,65550,0,8,64,8755200,117368.7
0,baseline,mixed,65550,1,0,64,8390400,116526.6
0,baseline,mixed,65550,1,1,64,8390400,119767.2
0,baseline,mixed,65550,1,2,64,8390400,116200.2
0,baseline,mixed,65550,1,3,64,8390400,116007.4
0,baseline,mixed,65550,1,4,64,8390400,116760.4
0,baseline,mixed,65550,1,5,64,8390400,117157.2
0,baseline,mixed,65550,1,6,64,8390400,116126.1
0,baseline,mixed,65550,1,7,64,8390400,119863.3
0,baseline,mixed,65550,1,8,64,8390400,119321.6
0,baseline,mixed,65550,2,0,64,6931200,75446.0
0,baseline,mixed,65550,2,1,64,6931200,78148.0
0,baseline,mixed,65550,2,2,64,6931200,81983.7
0,baseline,mixed,65550,2,3,64,6931200,79196.7
0,baseline,mixed,65550,2,4,64,6931200,76781.1
0,baseline,mixed,65550,2,5,64,6931200,76945.5
0,baseline,mixed,65550,2,6,64,6931200,76891.1
0,baseline,mixed,65550,2,7,64,6931200,77191.6
0,baseline,mixed,65550,2,8,64,6931200,79361.8
0,baseline,mixed,65550,3,0,64,8025600,105860.0
0,baseline,mixed,65550,3,1,64,8025600,106105.8
0,baseline,mixed,65550,3,2,64,8025600,107158.4
0,baseline,mixed,65550,3,3,64,8025600,105830.5
0,baseline,mixed,65550,3,4,64,8025600,105221.4
0,baseline,mixed,65550,3,5,64,8025600,105569.7
0,baseline,mixed,65550,3,6,64,8025600,106143.8
0,baseline,mixed,65550,3,7,64,8025600,106181.3
0,baseline,mixed,65550,3,8,64,8025600,107034.9
0,baseline,unreserved,1,0,0,64527,64527,9.7
0,baseline,unreserved,1,0,1,64527,64527,8.8
0,baseline,unreserved,1,0,2,64527,64527,10.8
0,baseline,unreserved,1,0,3,64527,64527,8.9
0,baseline,unreserved,1,0,4,64527,64527,9.2
0,baseline,unreserved,1,0,5,64527,64527,12.0
0,baseline,unreserved,1,0,6,64527,64527,9.2
0,baseline,unreserved,1,0,7,64527,64527,9.2
0,baseline,unreserved,1,0,8,64527,64527,9.0
0,baseline,unreserved,1,1,0,64527,64527,9.8
0,baseline,unreserved,1,1,1,64527,64527,10.1
0,baseline,unreserved,1,1,2,64527,64527,8.8
0,baseline,unreserved,1,1,3,64527,64527,9.0
0,baseline,unreserved,1,1,4,64527,64527,8.8
0,baseline,unreserved,1,1,5,64527,64527,8.8
0,baseline,unreserved,1,1,6,64527,64527,8.8
0,baseline,unreserved,1,1,7,64527,64527,10.7
0,baseline,unreserved,1,1,8,64527,64527,9.5
0,baseline,unreserved,1,2,0,64527,64527,13.8
0,baseline,unreserved,1,2,1,64527,64527,13.6
0,baseline,unreserved,1,2,2,64527,64527,16.0
0,baseline,unreserved,1,2,3,64527,64527,13.7
0,baseline,unreserved,1,2,4,64527,64527,13.8
0,baseline,unreserved,1,2,5,64527,64527,19.2
0,baseline,unreserved,1,2,6,64527,64527,13.8
0,baseline,unreserved,1,2,7,64527,64527,14.0
0,baseline,unreserved,1,2,8,64527,64527,16.3
0,baseline,unreserved,1,3,0,64527,64527,9.1
0,baseline,unreserved,1,3,1,64527,64527,10.6
0,baseline,unreserved,1,3,2,64527,64527,9.0
0,baseline,unreserved,1,3,3,64527,64527,9.2
0,baseline,unreserved,1,3,4,64527,64527,9.2
0,baseline,unreserved,1,3,5,64527,64527,9.0
0,baseline,unreserved,1,3,6,64527,64527,9.0
0,baseline,unreserved,1,3,7,64527,64527,10.8
0,baseline,unreserved,1,3,8,64527,64527,9.2
0,baseline,unreserved,8,0,0,58254,466032,19.0
0,baseline,unreserved,8,0,1,58254,466032,19.3
0,baseline,unreserved,8,0,2,58254,466032,18.8
0,baseline,unreserved,8,0,3,58254,466032,18.7
0,baseline,unreserved,8,0,4,58254,466032,19.0
0,baseline,unreserved,8,0,5,58254,466032,18.9
0,baseline,unreserved,8,0,6,58254,466032,18.8
0,baseline,unreserved,8,0,7,58254,466032,19.0
0,baseline,unreserved,8,0,8,58254,466032,19.1
0,baseline,unreserved,8,1,0,58254,466032,16.2
0,baseline,unreserved,8,1,1,58254,466032,15.6
0,baseline,unreserved,8,1,2,58254,466032,16.0
0,baseline,unreserved,8,1,3,58254,466032,16.0
0,baseline,unreserved,8,1,4,58254,466032,16.3
0,baseline,unreserved,8,1,5,58254,466032,15.9
0,baseline,unreserved,8,1,6,58254,466032,16.3
0,baseline,unreserved,8,1,7,58254,466032,16.1
0,baseline,unreserved,8,1,8,58254,466032,18.5
0,baseline,unreserved,8,2,0,58254,466032,20.4
0,baseline,unreserved,8,2,1,58254,466032,20.5
0,baseline,unreserved,8,2,2,58254,466032,20.4
0,baseline,unreserved,8,2,3,58254,466032,20.5
0,baseline,unreserved,8,2,4,58254,466032,20.3
0,baseline,unreserved,8,2,5,58254,466032,20.6
0,baseline,unreserved,8,2,6,58254,466032,21.2
0,baseline,unreserved,8,2,7,58254,466032,20.2
0,baseline,unreserved,8,2,8,58254,466032,20.6
0,baseline,unreserved,8,3,0,58254,466032,17.2
0,baseline,unreserved,8,3,1,58254,466032,18.1
0,baseline,unreserved,8,3,2,58254,466032,17.0
0,baseline,unreserved,8,3,3,58254,466032,17.5
0,baseline,unreserved,8,3,4,58254,466032,17.2
0,baseline,unreserved,8,3,5,58254,466032,16.9
0,baseline,unreserved,8,3,6,58254,466032,20.4
0,baseline,unreserved,8,3,7,58254,466032,18.2
0,baseline,unreserved,8,3,8,58254,466032,17.1
0,baseline,unreserved,64,0,0,32768,2097152,100.1
0,baseline,unreserved,64,0,1,32768,2097152,94.6
0,baseline,unreserved,64,0,2,32768,2097152,95.3
0,baseline,unreserved,64,0,3,32768,2097152,98.6
0,baseline,unreserved,64,0,4,32768,2097152,96.9
0,baseline,unreserved,64,0,5,32768,2097152,94.7
0,baseline,unreserved,64,0,6,32768,2097152,98.7
0,baseline,unreserved,64,0,7,32768,2097152,101.3
0,baseline,unreserved,64,0,8,32768,2097152,99.1
0,baseline,unreserved,64,1,0,32768,2097152,92.5
0,baseline,unreserved,64,1,1,32768,2097152,89.6
0,baseline,unreserved,64,1,2,32768,2097152,91.4
0,baseline,unreserved,64,1,3,32768,2097152,89.8
0,baseline,unreserved,64,1,4,32768,2097152,89.7
0,baseline,unreserved,64,1,5,32768,2097152,92.3
0,baseline,unreserved,64,1,6,32768,2097152,97.9
0,baseline,unreserved,64,1,7,32768,2097152,92.1
0,baseline,unreserved,64,1,8,32768,2097152,90.3
0,baseline,unreserved,64,2,0,32768,2097152,61.8
0,baseline,unreserved,64,2,1,32768,2097152,62.1
0,baseline,unreserved,64,2,2,32768,2097152,62.5
0,baseline,unreserved,64,2,3,32768,2097152,61.8
0,baseline,unreserved,64,2,4,32768,2097152,61.8
0,baseline,unreserved,64,2,5,32768,2097152,62.2
0,baseline,unreserved,64,2,6,32768,2097152,61.8
0,baseline,unreserved,64,2,7,32768,2097152,61.8
0,baseline,unreserved,64,2,8,32768,2097152,61.9
0,baseline,unreserved,64,3,0,32768,2097152,84.5
0,baseline,unreserved,64,3,1,32768,2097152,84.5
0,baseline,unreserved,64,3,2,32768,2097152,83.0
0,baseline,unreserved,64,3,3,32768,2097152,85.2
0,baseline,unreserved,64,3,4,32768,2097152,84.9
0,baseline,unreserved,64,3,5,32768,2097152,84.7
0,baseline,unreserved,64,3,6,32768,2097152,83.9
0,baseline,unreserved,64,3,7,32768,2097152,85.6
0,baseline,unreserved,64,3,8,32768,2097152,87.3
0,baseline,unreserved,4096,0,0,1008,4128768,5270.5
0,baseline,unreserved,4096,0,1,1008,4128768,5311.2
0,baseline,unreserved,4096,0,2,1008,4128768,5255.9
0,baseline,unreserved,4096,0,3,1008,4128768,5243.9
0,baseline,unreserved,4096,0,4,1008,4128768,5375.4
0,baseline,unreserved,4096,0,5,1008,4128768,5481.1
0,baseline,unreserved,4096,0,6,1008,4128768,5237.3
0,baseline,unreserved,4096,0,7,1008,4128768,5296.0
0,baseline,unreserved,4096,0,8,1008,4128768,5264.5
0,baseline,unreserved,4096,1,0,1008,4128768,4698.5
0,baseline,unreserved,4096,1,1,1008,4128768,4738.7
0,baseline,unreserved,4096,1,2,1008,4128768,4665.9
0,baseline,unreserved,4096,1,3,1008,4128768,4684.6
0,baseline,unreserved,4096,1,4,1008,4128768,4665.2
0,baseline,unreserved,4096,1,5,1008,4128768,4750.1
0,baseline,unreserved,4096,1,6,1008,4128768,4759.8
0,baseline,unreserved,4096,1,7,1008,4128768,4692.5
0,baseline,unreserved,4096,1,8,1008,4128768,4656.0
0,baseline,unreserved,4096,2,0,1008,4128768,3415.4
0,baseline,unreserved,4096,2,1,1008,4128768,3173.7
0,baseline,unreserved,4096,2,2,1008,4128768,3081.8
0,baseline,unreserved,4096,2,3,1008,4128768,3071.8
0,baseline,unreserved,4096,2,4,1008,4128768,3101.1
0,baseline,unreserved,4096,2,5,1008,4128768,3100.5
0,baseline,unreserved,4096,2,6,1008,4128768,3086.2
0,baseline,unreserved,4096,2,7,1008,4128768,3075.8
0,baseline,unreserved,4096,2,8,1008,4128768,3019.6
0,baseline,unreserved,4096,3,0,1008,4128768,4513.5
0,baseline,unreserved,4096,3,1,1008,4128768,4510.8
0,baseline,unreserved,4096,3,2,1008,4128768,4580.7
0,baseline,unreserved,4096,3,3,1008,4128768,4584.0
0,baseline,unreserved,4096,3,4,1008,4128768,4472.4
0,baseline,unreserved,4096,3,5,1008,4128768,4561.2
0,baseline,unreserved,4096,3,6,1008,4128768,4553.4
0,baseline,unreserved,4096,3,7,1008,4128768,4542.0
0,baseline,unreserved,4096,3,8,1008,4128768,4639.7
0,baseline,unreserved,65536,0,0,64,4194304,85352.7
0,baseline,unreserved,65536,0,1,64,4194304,83632.2
0,baseline,unreserved,65536,0,2,64,4194304,84553.3
0,baseline,unreserved,65536,0,3,64,4194304,83579.1
0,baseline,unreserved,65536,0,4,64,4194304,84265.2
0,baseline,unreserved,65536,0,5,64,4194304,84826.4
0,baseline,unreserved,65536,0,6,64,4194304,83849.7
0,baseline,unreserved,65536,0,7,64,4194304,86280.7
0,baseline,unreserved,65536,0,8,64,4194304,91442.1
0,baseline,unreserved,65536,1,0,64,4194304,77197.7
0,baseline,unreserved,65536,1,1,64,4194304,78288.8
0,baseline,unreserved,65536,1,2,64,4194304,77039.1
0,baseline,unreserved,65536,1,3,64,4194304,74635.5
0,baseline,unreserved,65536,1,4,64,4194304,78663.0
0,baseline,unreserved,65536,1,5,64,4194304,77439.1
0,baseline,unreserved,65536,1,6,64,4194304,76070.4
0,baseline,unreserved,65536,1,7,64,4194304,74522.7
0,baseline,unreserved,65536,1,8,64,4194304,73801.9
0,baseline,unreserved,65536,2,0,64,4194304,47935.3
0,baseline,unreserved,65536,2,1,64,4194304,47906.5
0,baseline,unreserved,65536,2,2,64,4194304,48403.9
0,baseline,unreserved,65536,2,3,64,4194304,47849.5
0,baseline,unreserved,65536,2,4,64,4194304,55498.1
0,baseline,unreserved,65536,2,5,64,4194304,49476.1
0,baseline,unreserved,65536,2,6,64,4194304,47753.7
0,baseline,unreserved,65536,2,7,64,4194304,48305.6
0,baseline,unreserved,65536,2,8,64,4194304,47636.7
0,baseline,unreserved,65536,3,0,64,4194304,70785.5
0,baseline,unreserved,65536,3,1,64,4194304,70779.7
0,baseline,unreserved,65536,3,2,64,4194304,73574.7
0,baseline,unreserved,65536,3,3,64,4194304,70933.8
0,baseline,unreserved,65536,3,4,64,4194304,70953.0
0,baseline,unreserved,65536,3,5,64,4194304,71037.2
0,baseline,unreserved,65536,3,6,64,4194304,71226.2
0,baseline,unreserved,65536,3,7,64,4194304,70793.2
0,baseline,unreserved,65536,3,8,64,4194304,71107.9
0,baseline,dense,4,0,0,61680,740160,16.9
0,baseline,dense,4,0,1,61680,740160,17.1
0,baseline,dense,4,0,2,61680,740160,17.0
0,baseline,dense,4,0,3,61680,740160,17.7
0,baseline,dense,4,0,4,61680,740160,17.1
0,baseline,dense,4,0,5,61680,740160,18.7
0,baseline,dense,4,0,6,61680,740160,17.7
0,baseline,dense,4,0,7,61680,740160,17.0
0,baseline,dense,4,0,8,61680,740160,18.0
0,baseline,dense,4,1,0,61680,616800,16.7
0,baseline,dense,4,1,1,61680,616800,17.1
0,baseline,dense,4,1,2,61680,616800,17.0
0,baseline,dense,4,1,3,61680,616800,17.3
0,baseline,dense,4,1,4,61680,616800,17.0
0,baseline,dense,4,1,5,61680,616800,17.2
0,baseline,dense,4,1,6,61680,616800,16.8
0,baseline,dense,4,1,7,61680,616800,17.7
0,baseline,dense,4,1,8,61680,616800,16.8
0,baseline,dense,4,2,0,61680,246720,18.0
0,baseline,dense,4,2,1,61680,246720,17.5
0,baseline,dense,4,2,2,61680,246720,17.6
0,baseline,dense,4,2,3,61680,246720,18.1
0,baseline,dense,4,2,4,61680,246720,17.7
0,baseline,dense,4,2,5,61680,246720,17.7
0,baseline,dense,4,2,6,61680,246720,23.8
0,baseline,dense,4,2,7,61680,246720,20.4
0,baseline,dense,4,2,8,61680,246720,17.6
0,baseline,dense,4,3,0,61680,616800,16.1
0,baseline,dense,4,3,1,61680,616800,16.4
0,baseline,dense,4,3,2,61680,616800,16.0
0,baseline,dense,4,3,3,61680,616800,16.2
0,baseline,dense,4,3,4,61680,616800,16.2
0,baseline,dense,4,3,5,61680,616800,16.4
0,baseline,dense,4,3,6,61680,616800,16.8
0,baseline,dense,4,3,7,61680,616800,16.4
0,baseline,dense,4,3,8,61680,616800,20.2
0,baseline,dense,8,0,0,58254,1398096,26.0
0,baseline,dense,8,0,1,58254,1398096,25.7
0,baseline,dense,8,0,2,58254,1398096,26.3
0,baseline,dense,8,0,3,58254,1398096,26.8
0,baseline,dense,8,0,4,58254,1398096,28.9
0,baseline,dense,8,0,5,58254,1398096,29.4
0,baseline,dense,8,0,6,58254,1398096,26.2
0,baseline,dense,8,0,7,58254,1398096,26.0
0,baseline,dense,8,0,8,58254,1398096,25.9
0,baseline,dense,8,1,0,58254,1165080,26.2
0,baseline,dense,8,1,1,58254,1165080,25.5
0,baseline,dense,8,1,2,58254,1165080,24.8
0,baseline,dense,8,1,3,58254,1165080,25.1
0,baseline,dense,8,1,4,58254,1165080,25.6
0,baseline,dense,8,1,5,58254,1165080,25.0
0,baseline,dense,8,1,6,58254,1165080,25.2
0,baseline,dense,8,1,7,58254,1165080,26.2
0,baseline,dense,8,1,8,58254,1165080,25.0
0,baseline,dense,8,2,0,58254,466032,20.5
0,baseline,dense,8,2,1,58254,466032,20.8
0,baseline,dense,8,2,2,58254,466032,20.2
0,baseline,dense,8,2,3,58254,466032,20.3
0,baseline,dense,8,2,4,58254,466032,20.4
0,baseline,dense,8,2,5,58254,466032,20.1
0,baseline,dense,8,2,6,58254,466032,20.3
0,baseline,dense,8,2,7,58254,466032,20.4
0,baseline,dense,8,2,8,58254,466032,20.4
0,baseline,dense,8,3,0,58254,1165080,23.8
0,baseline,dense,8,3,1,58254,1165080,23.9
0,baseline,dense,8,3,2,58254,1165080,23.5
0,baseline,dense,8,3,3,58254,1165080,23.8
0,baseline,dense,8,3,4,58254,1165080,24.0
0,baseline,dense,8,3,5,58254,1165080,23.7
0,baseline,dense,8,3,6,58254,1165080,23.8
0,baseline,dense,8,3,7,58254,1165080,24.2
0,baseline,dense,8,3,8,58254,1165080,24.8
0,baseline,dense,64,0,0,32768,6291456,152.1
0,baseline,dense,64,0,1,32768,6291456,152.1
0,baseline,dense,64,0,2,32768,6291456,150.5
0,baseline,dense,64,0,3,32768,6291456,151.1
0,baseline,dense,64,0,4,32768,6291456,162.1
0,baseline,dense,64,0,5,32768,6291456,151.9
0,baseline,dense,64,0,6,32768,6291456,151.8
0,baseline,dense,64,0,7,32768,6291456,151.2
0,baseline,dense,64,0,8,32768,6291456,152.1
0,baseline,dense,64,1,0,32768,5242880,149.2
0,baseline,dense,64,1,1,32768,5242880,149.4
0,baseline,dense,64,1,2,32768,5242880,148.8
0,baseline,dense,64,1,3,32768,5242880,148.8
0,baseline,dense,64,1,4,32768,5242880,151.3
0,baseline,dense,64,1,5,32768,5242880,148.9
0,baseline,dense,64,1,6,32768,5242880,148.4
0,baseline,dense,64,1,7,32768,5242880,149.7
0,baseline,dense,64,1,8,32768,5242880,150.0
0,baseline,dense,64,2,0,32768,2097152,61.1
0,baseline,dense,64,2,1,32768,2097152,60.6
0,baseline,dense,64,2,2,32768,2097152,61.0
0,baseline,dense,64,2,3,32768,2097152,62.2
0,baseline,dense,64,2,4,32768,2097152,61.5
0,baseline,dense,64,2,5,32768,2097152,61.0
0,baseline,dense,64,2,6,32768,2097152,62.2
0,baseline,dense,64,2,7,32768,2097152,62.2
0,baseline,dense,64,2,8,32768,2097152,62.1
0,baseline,dense,64,3,0,32768,5242880,140.2
0,baseline,dense,64,3,1,32768,5242880,141.8
0,baseline,dense,64,3,2,32768,5242880,140.3
0,baseline,dense,64,3,3,32768,5242880,141.5
0,baseline,dense,64,3,4,32768,5242880,156.3
0,baseline,dense,64,3,5,32768,5242880,140.8
0,baseline,dense,64,3,6,32768,5242880,141.1
0,baseline,dense,64,3,7,32768,5242880,139.9
0,baseline,dense,64,3,8,32768,5242880,140.9
0,baseline,dense,4096,0,0,1008,12386304,8906.9
0,baseline,dense,4096,0,1,1008,12386304,8875.5
0,baseline,dense,4096,0,2,1008,12386304,8991.5
0,baseline,dense,4096,0,3,1008,12386304,8873.9
0,baseline,dense,4096,0,4,1008,12386304,8938.3
0,baseline,dense,4096,0,5,1008,12386304,8821.8
0,baseline,dense,4096,0,6,1008,12386304,8872.8
0,baseline,dense,4096,0,7,1008,12386304,8858.1
0,baseline,dense,4096,0,8,1008,12386304,8911.7
0,baseline,dense,4096,1,0,1008,10321920,9362.7
0,baseline,dense,4096,1,1,1008,10321920,9206.1
0,baseline,dense,4096,1,2,1008,10321920,9108.2
0,baseline,dense,4096,1,3,1008,10321920,9064.0
0,baseline,dense,4096,1,4,1008,10321920,8987.7
0,baseline,dense,4096,1,5,1008,10321920,8893.9
0,baseline,dense,4096,1,6,1008,10321920,9033.9
0,baseline,dense,4096,1,7,1008,10321920,8879.9
0,baseline,dense,4096,1,8,1008,10321920,8950.7
0,baseline,dense,4096,2,0,1008,4128768,3068.6
0,baseline,dense,4096,2,1,1008,4128768,3098.3
0,baseline,dense,4096,2,2,1008,4128768,3076.0
0,baseline,dense,4096,2,3,1008,4128768,3054.9
0,baseline,dense,4096,2,4,1008,4128768,3078.4
0,baseline,dense,4096,2,5,1008,4128768,3078.9
0,baseline,dense,4096,2,6,1008,4128768,3100.6
0,baseline,dense,4096,2,7,1008,4128768,3045.4
0,baseline,dense,4096,2,8,1008,4128768,3043.7
0,baseline,dense,4096,3,0,1008,10321920,8051.1
0,baseline,dense,4096,3,1,1008,10321920,8451.4
0,baseline,dense,4096,3,2,1008,10321920,8054.4
0,baseline,dense,4096,3,3,1008,10321920,8140.7
0,baseline,dense,4096,3,4,1008,10321920,8102.4
0,baseline,dense,4096,3,5,1008,10321920,8143.8
0,baseline,dense,4096,3,6,1008,10321920,8097.7
0,baseline,dense,4096,3,7,1008,10321920,8137.8
0,baseline,dense,4096,3,8,1008,10321920,8151.8
0,baseline,dense,65536,0,0,64,12582912,144271.1
0,baseline,dense,65536,0,1,64,12582912,145937.8
0,baseline,dense,65536,0,2,64,12582912,144613.0
0,baseline,dense,65536,0,3,64,12582912,144293.0
0,baseline,dense,65536,0,4,64,12582912,143365.5
0,baseline,dense,65536,0,5,64,12582912,143255.8
0,baseline,dense,65536,0,6,64,12582912,143926.6
0,baseline,dense,65536,0,7,64,12582912,142766.4
0,baseline,dense,65536,0,8,64,12582912,144748.5
0,baseline,dense,65536,1,0,64,10485760,142966.5
0,baseline,dense,65536,1,1,64,10485760,141977.1
0,baseline,dense,65536,1,2,64,10485760,142100.7
0,baseline,dense,65536,1,3,64,10485760,142305.4
0,baseline,dense,65536,1,4,64,10485760,141576.1
0,baseline,dense,65536,1,5,64,10485760,148659.1
0,baseline,dense,65536,1,6,64,10485760,143313.2
0,baseline,dense,65536,1,7,64,10485760,142383.5
0,baseline,dense,65536,1,8,64,10485760,143765.7
0,baseline,dense,65536,2,0,64,4194304,145379.5
0,baseline,dense,65536,2,1,64,4194304,114535.0
0,baseline,dense,65536,2,2,64,4194304,164594.7
0,baseline,dense,65536,2,3,64,4194304,156746.8
0,baseline,dense,65536,2,4,64,4194304,59926.9
0,baseline,dense,65536,2,5,64,4194304,222117.9
0,baseline,dense,65536,2,6,64,4194304,75450.8
0,baseline,dense,65536,2,7,64,4194304,132134.0
0,baseline,dense,65536,2,8,64,4194304,139109.9
0,baseline,dense,65536,3,0,64,10485760,139787.4
0,baseline,dense,65536,3,1,64,10485760,133660.6
0,baseline,dense,65536,3,2,64,10485760,131961.5
0,baseline,dense,65536,3,3,64,10485760,132214.3
0,baseline,dense,65536,3,4,64,10485760,130169.3
0,baseline,dense,65536,3,5,64,10485760,131183.3
0,baseline,dense,65536,3,6,64,10485760,129670.1
0,baseline,dense,65536,3,7,64,10485760,134533.3
0,baseline,dense,65536,3,8,64,10485760,130234.3
0,baseline,html_dense,5,0,0,60787,911805,21.8
0,baseline,html_dense,5,0,1,60787,911805,19.1
0,baseline,html_dense,5,0,2,60787,911805,18.7
0,baseline,html_dense,5,0,3,60787,911805,19.0
0,baseline,html_dense,5,0,4,60787,911805,18.5
0,baseline,html_dense,5,0,5,60787,911805,18.7
0,baseline,html_dense,5,0,6,60787,911805,18.4
0,baseline,html_dense,5,0,7,60787,911805,18.8
0,baseline,html_dense,5,0,8,60787,911805,18.3
0,baseline,html_dense,5,1,0,60787,911805,19.8
0,baseline,html_dense,5,1,1,60787,911805,19.3
0,baseline,html_dense,5,1,2,60787,911805,19.8
0,baseline,html_dense,5,1,3,60787,911805,19.8
0,baseline,html_dense,5,1,4,60787,911805,19.5
0,baseline,html_dense,5,1,5,60787,911805,19.5
0,baseline,html_dense,5,1,6,60787,911805,19.7
0,baseline,html_dense,5,1,7,60787,911805,19.3
0,baseline,html_dense,5,1,8,60787,911805,19.7
0,baseline,html_dense,5,2,0,60787,1458888,28.7
0,baseline,html_dense,5,2,1,60787,1458888,28.6
0,baseline,html_dense,5,2,2,60787,1458888,29.2
0,baseline,html_dense,5,2,3,60787,1458888,28.8
0,baseline,html_dense,5,2,4,60787,1458888,28.8
0,baseline,html_dense,5,2,5,60787,1458888,29.8
0,baseline,html_dense,5,2,6,60787,1458888,29.1
0,baseline,html_dense,5,2,7,60787,1458888,29.2
0,baseline,html_dense,5,2,8,60787,1458888,28.7
0,baseline,html_dense,5,3,0,60787,911805,20.2
0,baseline,html_dense,5,3,1,60787,911805,20.2
0,baseline,html_dense,5,3,2,60787,911805,20.0
0,baseline,html_dense,5,3,3,60787,911805,20.4
0,baseline,html_dense,5,3,4,60787,911805,19.9
0,baseline,html_dense,5,3,5,60787,911805,20.0
0,baseline,html_dense,5,3,6,60787,911805,19.8
0,baseline,html_dense,5,3,7,60787,911805,20.3
0,baseline,html_dense,5,3,8,60787,911805,20.0
0,baseline,html_dense,10,0,0,56679,1700370,30.0
0,baseline,html_dense,10,0,1,56679,1700370,31.8
0,baseline,html_dense,10,0,2,56679,1700370,30.5
0,baseline,html_dense,10,0,3,56679,1700370,33.2
0,baseline,html_dense,10,0,4,56679,1700370,30.0
0,baseline,html_dense,10,0,5,56679,1700370,29.8
0,baseline,html_dense,10,0,6,56679,1700370,31.2
0,baseline,html_dense,10,0,7,56679,1700370,29.6
0,baseline,html_dense,10,0,8,56679,1700370,29.9
0,baseline,html_dense,10,1,0,56679,1700370,32.0
0,baseline,html_dense,10,1,1,56679,1700370,30.6
0,baseline,html_dense,10,1,2,56679,1700370,30.6
0,baseline,html_dense,10,1,3,56679,1700370,30.8
0,baseline,html_dense,10,1,4,56679,1700370,30.7
0,baseline,html_dense,10,1,5,56679,1700370,33.5
0,baseline,html_dense,10,1,6,56679,1700370,32.4
0,baseline,html_dense,10,1,7,56679,1700370,33.9
0,baseline,html_dense,10,1,8,56679,1700370,32.6
0,baseline,html_dense,10,2,0,56679,2720592,36.6
0,baseline,html_dense,10,2,1,56679,2720592,37.1
0,baseline,html_dense,10,2,2,56679,2720592,37.6
0,baseline,html_dense,10,2,3,56679,2720592,37.7
0,baseline,html_dense,10,2,4,56679,2720592,36.7
0,baseline,html_dense,10,2,5,56679,2720592,37.4
0,baseline,html_dense,10,2,6,56679,2720592,38.1
0,baseline,html_dense,10,2,7,56679,2720592,36.6
0,baseline,html_dense,10,2,8,56679,2720592,37.3
0,baseline,html_dense,10,3,0,56679,1700370,32.5
0,baseline,html_dense,10,3,1,56679,1700370,30.5
0,baseline,html_dense,10,3,2,56679,1700370,31.3
0,baseline,html_dense,10,3,3,56679,1700370,30.7
0,baseline,html_dense,10,3,4,56679,1700370,31.0
0,baseline,html_dense,10,3,5,56679,1700370,31.6
0,baseline,html_dense,10,3,6,56679,1700370,30.8
0,baseline,html_dense,10,3,7,56679,1700370,30.9
0,baseline,html_dense,10,3,8,56679,1700370,31.5
0,baseline,html_dense,65,0,0,32513,6340035,152.2
0,baseline,html_dense,65,0,1,32513,6340035,153.0
0,baseline,html_dense,65,0,2,32513,6340035,153.3
0,baseline,html_dense,65,0,3,32513,6340035,165.3
0,baseline,html_dense,65,0,4,32513,6340035,153.2
0,baseline,html_dense,65,0,5,32513,6340035,152.3
0,baseline,html_dense,65,0,6,32513,6340035,153.4
0,baseline,html_dense,65,0,7,32513,6340035,152.1
0,baseline,html_dense,65,0,8,32513,6340035,152.8
0,baseline,html_dense,65,1,0,32513,6340035,165.2
0,baseline,html_dense,65,1,1,32513,6340035,165.3
0,baseline,html_dense,65,1,2,32513,6340035,169.7
0,baseline,html_dense,65,1,3,32513,6340035,165.8
0,baseline,html_dense,65,1,4,32513,6340035,167.1
0,baseline,html_dense,65,1,5,32513,6340035,167.5
0,baseline,html_dense,65,1,6,32513,6340035,164.1
0,baseline,html_dense,65,1,7,32513,6340035,166.1
0,baseline,html_dense,65,1,8,32513,6340035,175.6
0,baseline,html_dense,65,2,0,32513,10144056,145.0
0,baseline,html_dense,65,2,1,32513,10144056,147.3
0,baseline,html_dense,65,2,2,32513,10144056,145.8
0,baseline,html_dense,65,2,3,32513,10144056,143.3
0,baseline,html_dense,65,2,4,32513,10144056,147.9
0,baseline,html_dense,65,2,5,32513,10144056,154.4
0,baseline,html_dense,65,2,6,32513,10144056,145.4
0,baseline,html_dense,65,2,7,32513,10144056,145.3
0,baseline,html_dense,65,2,8,32513,10144056,154.7
0,baseline,html_dense,65,3,0,32513,6340035,173.5
0,baseline,html_dense,65,3,1,32513,6340035,172.6
0,baseline,html_dense,65,3,2,32513,6340035,167.4
0,baseline,html_dense,65,3,3,32513,6340035,167.8
0,baseline,html_dense,65,3,4,32513,6340035,161.2
0,baseline,html_dense,65,3,5,32513,6340035,160.6
0,baseline,html_dense,65,3,6,32513,6340035,183.7
0,baseline,html_dense,65,3,7,32513,6340035,160.8
0,baseline,html_dense,65,3,8,32513,6340035,160.2
0,baseline,html_dense,4100,0,0,1007,12386100,8871.7
0,baseline,html_dense,4100,0,1,1007,12386100,9185.8
0,baseline,html_dense,4100,0,2,1007,12386100,8877.4
0,baseline,html_dense,4100,0,3,1007,12386100,9028.4
0,baseline,html_dense,4100,0,4,1007,12386100,9443.9
0,baseline,html_dense,4100,0,5,1007,12386100,9196.5
0,baseline,html_dense,4100,0,6,1007,12386100,8955.2
0,baseline,html_dense,4100,0,7,1007,12386100,8910.2
0,baseline,html_dense,4100,0,8,1007,12386100,9213.4
0,baseline,html_dense,4100,1,0,1007,12386100,9825.7
0,baseline,html_dense,4100,1,1,1007,12386100,9998.5
0,baseline,html_dense,4100,1,2,1007,12386100,9804.2
0,baseline,html_dense,4100,1,3,1007,12386100,10228.2
0,baseline,html_dense,4100,1,4,1007,12386100,9838.7
0,baseline,html_dense,4100,1,5,1007,12386100,9716.9
0,baseline,html_dense,4100,1,6,1007,12386100,9859.6
0,baseline,html_dense,4100,1,7,1007,12386100,9780.8
0,baseline,html_dense,4100,1,8,1007,12386100,9760.4
0,baseline,html_dense,4100,2,0,1007,19817760,8298.3
0,baseline,html_dense,4100,2,1,1007,19817760,8300.2
0,baseline,html_dense,4100,2,2,1007,19817760,8298.3
0,baseline,html_dense,4100,2,3,1007,19817760,8285.6
0,baseline,html_dense,4100,2,4,1007,19817760,8331.1
0,baseline,html_dense,4100,2,5,1007,19817760,8281.9
0,baseline,html_dense,4100,2,6,1007,19817760,8297.8
0,baseline,html_dense,4100,2,7,1007,19817760,8334.8
0,baseline,html_dense,4100,2,8,1007,19817760,8285.2
0,baseline,html_dense,4100,3,0,1007,12386100,9185.9
0,baseline,html_dense,4100,3,1,1007,12386100,9419.8
0,baseline,html_dense,4100,3,2,1007,12386100,9381.7
0,baseline,html_dense,4100,3,3,1007,12386100,9177.9
0,baseline,html_dense,4100,3,4,1007,12386100,9315.9
0,baseline,html_dense,4100,3,5,1007,12386100,9256.2
0,baseline,html_dense,4100,3,6,1007,12386100,9431.5
0,baseline,html_dense,4100,3,7,1007,12386100,9407.5
0,baseline,html_dense,4100,3,8,1007,12386100,9275.1
0,baseline,html_dense,65540,0,0,64,12583680,144259.0
0,baseline,html_dense,65540,0,1,64,12583680,144581.6
0,baseline,html_dense,65540,0,2,64,12583680,141423.4
0,baseline,html_dense,65540,0,3,64,12583680,144946.4
0,baseline,html_dense,65540,0,4,64,12583680,147290.6
0,baseline,html_dense,65540,0,5,64,12583680,145999.3
0,baseline,html_dense,65540,0,6,64,12583680,149556.6
0,baseline,html_dense,65540,0,7,64,12583680,146279.3
0,baseline,html_dense,65540,0,8,64,12583680,149362.4
0,baseline,html_dense,65540,1,0,64,12583680,161987.0
0,baseline,html_dense,65540,1,1,64,12583680,157881.7
0,baseline,html_dense,65540,1,2,64,12583680,155798.0
0,baseline,html_dense,65540,1,3,64,12583680,163952.9
0,baseline,html_dense,65540,1,4,64,12583680,160089.8
0,baseline,html_dense,65540,1,5,64,12583680,156659.9
0,baseline,html_dense,65540,1,6,64,12583680,160338.5
0,baseline,html_dense,65540,1,7,64,12583680,159198.5
0,baseline,html_dense,65540,1,8,64,12583680,157232.1
0,baseline,html_dense,65540,2,0,64,20133888,133490.3
0,baseline,html_dense,65540,2,1,64,20133888,132762.6
0,baseline,html_dense,65540,2,2,64,20133888,133328.7
0,baseline,html_dense,65540,2,3,64,20133888,148773.0
0,baseline,html_dense,65540,2,4,64,20133888,135872.6
0,baseline,html_dense,65540,2,5,64,20133888,134509.4
0,baseline,html_dense,65540,2,6,64,20133888,137473.1
0,baseline,html_dense,65540,2,7,64,20133888,134246.2
0,baseline,html_dense,65540,2,8,64,20133888,141437.8
0,baseline,html_dense,65540,3,0,64,12583680,152203.0
0,baseline,html_dense,65540,3,1,64,12583680,147845.6
0,baseline,html_dense,65540,3,2,64,12583680,148391.6
0,baseline,html_dense,65540,3,3,64,12583680,150984.8
0,baseline,html_dense,65540,3,4,64,12583680,146961.8
0,baseline,html_dense,65540,3,5,64,12583680,149423.3
0,baseline,html_dense,65540,3,6,64,12583680,151306.4
0,baseline,html_dense,65540,3,7,64,12583680,155505.3
0,baseline,html_dense,65540,3,8,64,12583680,163089.6
0,baseline,html_sparse,1,0,0,64527,193581,9.5
0,baseline,html_sparse,1,0,1,64527,193581,9.4
0,baseline,html_sparse,1,0,2,64527,193581,9.5
0,baseline,html_sparse,1,0,3,64527,193581,9.7
0,baseline,html_sparse,1,0,4,64527,193581,9.4
0,baseline,html_sparse,1,0,5,64527,193581,11.3
0,baseline,html_sparse,1,0,6,64527,193581,10.8
0,baseline,html_sparse,1,0,7,64527,193581,13.4
0,baseline,html_sparse,1,0,8,64527,193581,11.1
0,baseline,html_sparse,1,1,0,64527,193581,10.2
0,baseline,html_sparse,1,1,1,64527,193581,10.1
0,baseline,html_sparse,1,1,2,64527,193581,10.1
0,baseline,html_sparse,1,1,3,64527,193581,10.2
0,baseline,html_sparse,1,1,4,64527,193581,10.1
0,baseline,html_sparse,1,1,5,64527,193581,10.3
0,baseline,html_sparse,1,1,6,64527,193581,12.8
0,baseline,html_sparse,1,1,7,64527,193581,10.1
0,baseline,html_sparse,1,1,8,64527,193581,10.6
0,baseline,html_sparse,1,2,0,64527,322635,16.3
0,baseline,html_sparse,1,2,1,64527,322635,15.0
0,baseline,html_sparse,1,2,2,64527,322635,16.3
0,baseline,html_sparse,1,2,3,64527,322635,14.9
0,baseline,html_sparse,1,2,4,64527,322635,15.3
0,baseline,html_sparse,1,2,5,64527,322635,15.1
0,baseline,html_sparse,1,2,6,64527,322635,17.1
0,baseline,html_sparse,1,2,7,64527,322635,15.0
0,baseline,html_sparse,1,2,8,64527,322635,15.2
0,baseline,html_sparse,1,3,0,64527,193581,10.9
0,baseline,html_sparse,1,3,1,64527,193581,10.4
0,baseline,html_sparse,1,3,2,64527,193581,10.4
0,baseline,html_sparse,1,3,3,64527,193581,11.4
0,baseline,html_sparse,1,3,4,64527,193581,10.4
0,baseline,html_sparse,1,3,5,64527,193581,10.5
0,baseline,html_sparse,1,3,6,64527,193581,11.4
0,baseline,html_sparse,1,3,7,64527,193581,11.6
0,baseline,html_sparse,1,3,8,64527,193581,10.7
0,baseline,html_sparse,8,0,0,58254,582540,19.0
0,baseline,html_sparse,8,0,1,58254,582540,19.2
0,baseline,html_sparse,8,0,2,58254,582540,19.4
0,baseline,html_sparse,8,0,3,58254,582540,20.4
0,baseline,html_sparse,8,0,4,58254,582540,19.6
0,baseline,html_sparse,8,0,5,58254,582540,19.6
0,baseline,html_sparse,8,0,6,58254,582540,19.4
0,baseline,html_sparse,8,0,7,58254,582540,19.1
0,baseline,html_sparse,8,0,8,58254,582540,19.6
0,baseline,html_sparse,8,1,0,58254,582540,19.7
0,baseline,html_sparse,8,1,1,58254,582540,19.1
0,baseline,html_sparse,8,1,2,58254,582540,17.3
0,baseline,html_sparse,8,1,3,58254,582540,17.8
0,baseline,html_sparse,8,1,4,58254,582540,17.6
0,baseline,html_sparse,8,1,5,58254,582540,17.3
0,baseline,html_sparse,8,1,6,58254,582540,17.8
0,baseline,html_sparse,8,1,7,58254,582540,17.4
0,baseline,html_sparse,8,1,8,58254,582540,17.4
0,baseline,html_sparse,8,2,0,58254,699048,20.9
0,baseline,html_sparse,8,2,1,58254,699048,20.7
0,baseline,html_sparse,8,2,2,58254,699048,21.0
0,baseline,html_sparse,8,2,3,58254,699048,20.8
0,baseline,html_sparse,8,2,4,58254,699048,20.8
0,baseline,html_sparse,8,2,5,58254,699048,20.9
0,baseline,html_sparse,8,2,6,58254,699048,20.8
0,baseline,html_sparse,8,2,7,58254,699048,22.0
0,baseline,html_sparse,8,2,8,58254,699048,21.0
0,baseline,html_sparse,8,3,0,58254,582540,18.3
0,baseline,html_sparse,8,3,1,58254,582540,18.0
0,baseline,html_sparse,8,3,2,58254,582540,17.8
0,baseline,html_sparse,8,3,3,58254,582540,18.8
0,baseline,html_sparse,8,3,4,58254,582540,18.2
0,baseline,html_sparse,8,3,5,58254,582540,18.3
0,baseline,html_sparse,8,3,6,58254,582540,18.0
0,baseline,html_sparse,8,3,7,58254,582540,17.9
0,baseline,html_sparse,8,3,8,58254,582540,18.0
0,baseline,html_sparse,64,0,0,32768,2162688,94.7
0,baseline,html_sparse,64,0,1,32768,2162688,96.0
0,baseline,html_sparse,64,0,2,32768,2162688,94.5
0,baseline,html_sparse,64,0,3,32768,2162688,95.4
0,baseline,html_sparse,64,0,4,32768,2162688,96.2
0,baseline,html_sparse,64,0,5,32768,2162688,94.8
0,baseline,html_sparse,64,0,6,32768,2162688,95.8
0,baseline,html_sparse,64,0,7,32768,2162688,96.4
0,baseline,html_sparse,64,0,8,32768,2162688,95.3
0,baseline,html_sparse,64,1,0,32768,2162688,90.7
0,baseline,html_sparse,64,1,1,32768,2162688,92.6
0,baseline,html_sparse,64,1,2,32768,2162688,102.2
0,baseline,html_sparse,64,1,3,32768,2162688,91.6
0,baseline,html_sparse,64,1,4,32768,2162688,91.2
0,baseline,html_sparse,64,1,5,32768,2162688,91.4
0,baseline,html_sparse,64,1,6,32768,2162688,92.6
0,baseline,html_sparse,64,1,7,32768,2162688,91.6
0,baseline,html_sparse,64,1,8,32768,2162688,91.1
0,baseline,html_sparse,64,2,0,32768,2228224,63.0
0,baseline,html_sparse,64,2,1,32768,2228224,64.1
0,baseline,html_sparse,64,2,2,32768,2228224,70.5
0,baseline,html_sparse,64,2,3,32768,2228224,65.6
0,baseline,html_sparse,64,2,4,32768,2228224,62.4
0,baseline,html_sparse,64,2,5,32768,2228224,62.5
0,baseline,html_sparse,64,2,6,32768,2228224,63.7
0,baseline,html_sparse,64,2,7,32768,2228224,62.2
0,baseline,html_sparse,64,2,8,32768,2228224,62.7
0,baseline,html_sparse,64,3,0,32768,2162688,85.7
0,baseline,html_sparse,64,3,1,32768,2162688,86.7
0,baseline,html_sparse,64,3,2,32768,2162688,86.6
0,baseline,html_sparse,64,3,3,32768,2162688,86.8
0,baseline,html_sparse,64,3,4,32768,2162688,93.1
0,baseline,html_sparse,64,3,5,32768,2162688,87.3
0,baseline,html_sparse,64,3,6,32768,2162688,85.5
0,baseline,html_sparse,64,3,7,32768,2162688,83.6
0,baseline,html_sparse,64,3,8,32768,2162688,85.1
0,baseline,html_sparse,4096,0,0,1008,4161024,5573.6
0,baseline,html_sparse,4096,0,1,1008,4161024,5997.9
0,baseline,html_sparse,4096,0,2,1008,4161024,5593.9
0,baseline,html_sparse,4096,0,3,1008,4161024,5589.8
0,baseline,html_sparse,4096,0,4,1008,4161024,5675.6
0,baseline,html_sparse,4096,0,5,1008,4161024,5554.1
0,baseline,html_sparse,4096,0,6,1008,4161024,5486.5
0,baseline,html_sparse,4096,0,7,1008,4161024,5629.7
0,baseline,html_sparse,4096,0,8,1008,4161024,5683.8
0,baseline,html_sparse,4096,1,0,1008,4161024,4590.5
0,baseline,html_sparse,4096,1,1,1008,4161024,4592.3
0,baseline,html_sparse,4096,1,2,1008,4161024,4594.6
0,baseline,html_sparse,4096,1,3,1008,4161024,4694.9
0,baseline,html_sparse,4096,1,4,1008,4161024,4600.4
0,baseline,html_sparse,4096,1,5,1008,4161024,4639.3
0,baseline,html_sparse,4096,1,6,1008,4161024,4615.6
0,baseline,html_sparse,4096,1,7,1008,4161024,4578.9
0,baseline,html_sparse,4096,1,8,1008,4161024,4636.3
0,baseline,html_sparse,4096,2,0,1008,4190256,3245.4
0,baseline,html_sparse,4096,2,1,1008,4190256,3194.5
0,baseline,html_sparse,4096,2,2,1008,4190256,3191.4
0,baseline,html_sparse,4096,2,3,1008,4190256,3254.0
0,baseline,html_sparse,4096,2,4,1008,4190256,3253.3
0,baseline,html_sparse,4096,2,5,1008,4190256,3213.7
0,baseline,html_sparse,4096,2,6,1008,4190256,3189.4
0,baseline,html_sparse,4096,2,7,1008,4190256,3175.7
0,baseline,html_sparse,4096,2,8,1008,4190256,3218.0
0,baseline,html_sparse,4096,3,0,1008,4161024,4720.6
0,baseline,html_sparse,4096,3,1,1008,4161024,4826.1
0,baseline,html_sparse,4096,3,2,1008,4161024,4713.9
0,baseline,html_sparse,4096,3,3,1008,4161024,4707.1
0,baseline,html_sparse,4096,3,4,1008,4161024,4767.0
0,baseline,html_sparse,4096,3,5,1008,4161024,4767.4
0,baseline,html_sparse,4096,3,6,1008,4161024,4721.2
0,baseline,html_sparse,4096,3,7,1008,4161024,4741.5
0,baseline,html_sparse,4096,3,8,1008,4161024,4751.1
0,baseline,html_sparse,65536,0,0,64,4227072,86559.1
0,baseline,html_sparse,65536,0,1,64,4227072,86597.5
0,baseline,html_sparse,65536,0,2,64,4227072,86628.9
0,baseline,html_sparse,65536,0,3,64,4227072,86646.6
0,baseline,html_sparse,65536,0,4,64,4227072,88106.2
0,baseline,html_sparse,65536,0,5,64,4227072,87145.0
0,baseline,html_sparse,65536,0,6,64,4227072,87286.9
0,baseline,html_sparse,65536,0,7,64,4227072,87224.7
0,baseline,html_sparse,65536,0,8,64,4227072,86756.8
0,baseline,html_sparse,65536,1,0,64,4227072,72417.5
0,baseline,html_sparse,65536,1,1,64,4227072,72907.5
0,baseline,html_sparse,65536,1,2,64,4227072,73917.3
0,baseline,html_sparse,65536,1,3,64,4227072,73030.0
0,baseline,html_sparse,65536,1,4,64,4227072,75803.0
0,baseline,html_sparse,65536,1,5,64,4227072,80885.1
0,baseline,html_sparse,65536,1,6,64,4227072,73000.8
0,baseline,html_sparse,65536,1,7,64,4227072,72669.5
0,baseline,html_sparse,65536,1,8,64,4227072,72595.2
0,baseline,html_sparse,65536,2,0,64,4256576,50640.6
0,baseline,html_sparse,65536,2,1,64,4256576,50980.4
0,baseline,html_sparse,65536,2,2,64,4256576,50512.6
0,baseline,html_sparse,65536,2,3,64,4256576,51434.4
0,baseline,html_sparse,65536,2,4,64,4256576,51088.1
0,baseline,html_sparse,65536,2,5,64,4256576,50853.1
0,baseline,html_sparse,65536,2,6,64,4256576,52668.2
0,baseline,html_sparse,65536,2,7,64,4256576,51780.8
0,baseline,html_sparse,65536,2,8,64,4256576,54551.1
0,baseline,html_sparse,65536,3,0,64,4227072,75936.4
0,baseline,html_sparse,65536,3,1,64,4227072,78641.5
0,baseline,html_sparse,65536,3,2,64,4227072,79572.5
0,baseline,html_sparse,65536,3,3,64,4227072,75993.6
0,baseline,html_sparse,65536,3,4,64,4227072,75910.3
0,baseline,html_sparse,65536,3,5,64,4227072,76348.5
0,baseline,html_sparse,65536,3,6,64,4227072,75254.2
0,baseline,html_sparse,65536,3,7,64,4227072,75767.5
0,baseline,html_sparse,65536,3,8,64,4227072,84229.0
0,baseline,html_late,1,0,0,64527,193581,9.7
0,baseline,html_late,1,0,1,64527,193581,12.1
0,baseline,html_late,1,0,2,64527,193581,11.3
0,baseline,html_late,1,0,3,64527,193581,10.0
0,baseline,html_late,1,0,4,64527,193581,9.7
0,baseline,html_late,1,0,5,64527,193581,9.4
0,baseline,html_late,1,0,6,64527,193581,11.9
0,baseline,html_late,1,0,7,64527,193581,9.7
0,baseline,html_late,1,0,8,64527,193581,9.8
0,baseline,html_late,1,1,0,64527,193581,10.2
0,baseline,html_late,1,1,1,64527,193581,10.1
0,baseline,html_late,1,1,2,64527,193581,10.1
0,baseline,html_late,1,1,3,64527,193581,10.5
0,baseline,html_late,1,1,4,64527,193581,10.1
0,baseline,html_late,1,1,5,64527,193581,10.1
0,baseline,html_late,1,1,6,64527,193581,10.2
0,baseline,html_late,1,1,7,64527,193581,11.9
0,baseline,html_late,1,1,8,64527,193581,10.2
0,baseline,html_late,1,2,0,64527,322635,15.0
0,baseline,html_late,1,2,1,64527,322635,14.9
0,baseline,html_late,1,2,2,64527,322635,14.9
0,baseline,html_late,1,2,3,64527,322635,14.9
0,baseline,html_late,1,2,4,64527,322635,14.9
0,baseline,html_late,1,2,5,64527,322635,17.4
0,baseline,html_late,1,2,6,64527,322635,14.8
0,baseline,html_late,1,2,7,64527,322635,15.1
0,baseline,html_late,1,2,8,64527,322635,15.0
0,baseline,html_late,1,3,0,64527,193581,10.1
0,baseline,html_late,1,3,1,64527,193581,10.2
0,baseline,html_late,1,3,2,64527,193581,10.1
0,baseline,html_late,1,3,3,64527,193581,10.3
0,baseline,html_late,1,3,4,64527,193581,11.2
0,baseline,html_late,1,3,5,64527,193581,10.1
0,baseline,html_late,1,3,6,64527,193581,10.1
0,baseline,html_late,1,3,7,64527,193581,11.4
0,baseline,html_late,1,3,8,64527,193581,10.2
0,baseline,html_late,8,0,0,58254,582540,18.9
0,baseline,html_late,8,0,1,58254,582540,18.8
0,baseline,html_late,8,0,2,58254,582540,19.2
0,baseline,html_late,8,0,3,58254,582540,19.0
0,baseline,html_late,8,0,4,58254,582540,19.2
0,baseline,html_late,8,0,5,58254,582540,19.0
0,baseline,html_late,8,0,6,58254,582540,19.1
0,baseline,html_late,8,0,7,58254,582540,19.5
0,baseline,html_late,8,0,8,58254,582540,19.3
0,baseline,html_late,8,1,0,58254,582540,17.3
0,baseline,html_late,8,1,1,58254,582540,17.5
0,baseline,html_late,8,1,2,58254,582540,17.4
0,baseline,html_late,8,1,3,58254,582540,19.0
0,baseline,html_late,8,1,4,58254,582540,17.5
0,baseline,html_late,8,1,5,58254,582540,17.4
0,baseline,html_late,8,1,6,58254,582540,18.0
0,baseline,html_late,8,1,7,58254,582540,17.9
0,baseline,html_late,8,1,8,58254,582540,17.0
0,baseline,html_late,8,2,0,58254,699048,27.0
0,baseline,html_late,8,2,1,58254,699048,22.1
0,baseline,html_late,8,2,2,58254,699048,23.9
0,baseline,html_late,8,2,3,58254,699048,20.2
0,baseline,html_late,8,2,4,58254,699048,21.7
0,baseline,html_late,8,2,5,58254,699048,21.8
0,baseline,html_late,8,2,6,58254,699048,20.2
0,baseline,html_late,8,2,7,58254,699048,20.5
0,baseline,html_late,8,2,8,58254,699048,21.0
0,baseline,html_late,8,3,0,58254,582540,17.6
0,baseline,html_late,8,3,1,58254,582540,17.6
0,baseline,html_late,8,3,2,58254,582540,17.8
0,baseline,html_late,8,3,3,58254,582540,17.5
0,baseline,html_late,8,3,4,58254,582540,17.7
0,baseline,html_late,8,3,5,58254,582540,17.7
0,baseline,html_late,8,3,6,58254,582540,17.9
0,baseline,html_late,8,3,7,58254,582540,19.5
0,baseline,html_late,8,3,8,58254,582540,18.0
0,baseline,html_late,64,0,0,32768,2162688,101.6
0,baseline,html_late,64,0,1,32768,2162688,99.3
0,baseline,html_late,64,0,2,32768,2162688,112.7
0,baseline,html_late,64,0,3,32768,2162688,99.3
0,baseline,html_late,64,0,4,32768,2162688,98.9
0,baseline,html_late,64,0,5,32768,2162688,101.4
0,baseline,html_late,64,0,6,32768,2162688,100.5
0,baseline,html_late,64,0,7,32768,2162688,99.3
0,baseline,html_late,64,0,8,32768,2162688,99.6
0,baseline,html_late,64,1,0,32768,2162688,93.4
0,baseline,html_late,64,1,1,32768,2162688,92.8
0,baseline,html_late,64,1,2,32768,2162688,94.1
0,baseline,html_late,64,1,3,32768,2162688,93.0
0,baseline,html_late,64,1,4,32768,2162688,92.5
0,baseline,html_late,64,1,5,32768,2162688,102.2
0,baseline,html_late,64,1,6,32768,2162688,96.1
0,baseline,html_late,64,1,7,32768,2162688,95.7
0,baseline,html_late,64,1,8,32768,2162688,92.3
0,baseline,html_late,64,2,0,32768,2228224,61.1
0,baseline,html_late,64,2,1,32768,2228224,60.0
0,baseline,html_late,64,2,2,32768,2228224,59.3
0,baseline,html_late,64,2,3,32768,2228224,59.4
0,baseline,html_late,64,2,4,32768,2228224,59.2
0,baseline,html_late,64,2,5,32768,2228224,61.8
0,baseline,html_late,64,2,6,32768,2228224,61.8
0,baseline,html_late,64,2,7,32768,2228224,60.9
0,baseline,html_late,64,2,8,32768,2228224,59.1
0,baseline,html_late,64,3,0,32768,2162688,88.4
0,baseline,html_late,64,3,1,32768,2162688,89.3
0,baseline,html_late,64,3,2,32768,2162688,89.7
0,baseline,html_late,64,3,3,32768,2162688,89.4
0,baseline,html_late,64,3,4,32768,2162688,86.8
0,baseline,html_late,64,3,5,32768,2162688,86.2
0,baseline,html_late,64,3,6,32768,2162688,86.7
0,baseline,html_late,64,3,7,32768,2162688,89.0
0,baseline,html_late,64,3,8,32768,2162688,87.3
0,baseline,html_late,4096,0,0,1008,4130784,5276.5
0,baseline,html_late,4096,0,1,1008,4130784,5503.4
0,baseline,html_late,4096,0,2,1008,4130784,5298.8
0,baseline,html_late,4096,0,3,1008,4130784,5608.9
0,baseline,html_late,4096,0,4,1008,4130784,5290.3
0,baseline,html_late,4096,0,5,1008,4130784,5247.3
0,baseline,html_late,4096,0,6,1008,4130784,5303.5
0,baseline,html_late,4096,0,7,1008,4130784,5636.6
0,baseline,html_late,4096,0,8,1008,4130784,5223.9
0,baseline,html_late,4096,1,0,1008,4130784,4633.8
0,baseline,html_late,4096,1,1,1008,4130784,4642.3
0,baseline,html_late,4096,1,2,1008,4130784,4684.8
0,baseline,html_late,4096,1,3,1008,4130784,4652.6
0,baseline,html_late,4096,1,4,1008,4130784,4647.3
0,baseline,html_late,4096,1,5,1008,4130784,4681.7
0,baseline,html_late,4096,1,6,1008,4130784,4647.0
0,baseline,html_late,4096,1,7,1008,4130784,4641.6
0,baseline,html_late,4096,1,8,1008,4130784,4849.0
0,baseline,html_late,4096,2,0,1008,4132800,3219.5
0,baseline,html_late,4096,2,1,1008,4132800,3056.8
0,baseline,html_late,4096,2,2,1008,4132800,3061.8
0,baseline,html_late,4096,2,3,1008,4132800,3024.0
0,baseline,html_late,4096,2,4,1008,4132800,3165.5
0,baseline,html_late,4096,2,5,1008,4132800,2973.7
0,baseline,html_late,4096,2,6,1008,4132800,3046.0
0,baseline,html_late,4096,2,7,1008,4132800,2999.2
0,baseline,html_late,4096,2,8,1008,4132800,3056.7
0,baseline,html_late,4096,3,0,1008,4130784,4438.8
0,baseline,html_late,4096,3,1,1008,4130784,4599.1
0,baseline,html_late,4096,3,2,1008,4130784,4596.3
0,baseline,html_late,4096,3,3,1008,4130784,4572.2
0,baseline,html_late,4096,3,4,1008,4130784,4604.8
0,baseline,html_late,4096,3,5,1008,4130784,4717.0
0,baseline,html_late,4096,3,6,1008,4130784,4557.0
0,baseline,html_late,4096,3,7,1008,4130784,4644.2
0,baseline,html_late,4096,3,8,1008,4130784,4574.6
0,baseline,html_late,65536,0,0,64,4194432,84632.8
0,baseline,html_late,65536,0,1,64,4194432,84623.4
0,baseline,html_late,65536,0,2,64,4194432,89106.7
0,baseline,html_late,65536,0,3,64,4194432,84430.2
0,baseline,html_late,65536,0,4,64,4194432,84012.0
0,baseline,html_late,65536,0,5,64,4194432,83931.5
0,baseline,html_late,65536,0,6,64,4194432,85970.7
0,baseline,html_late,65536,0,7,64,4194432,83792.6
0,baseline,html_late,65536,0,8,64,4194432,83698.2
0,baseline,html_late,65536,1,0,64,4194432,74402.5
0,baseline,html_late,65536,1,1,64,4194432,74954.6
0,baseline,html_late,65536,1,2,64,4194432,74496.9
0,baseline,html_late,65536,1,3,64,4194432,74015.1
0,baseline,html_late,65536,1,4,64,4194432,75260.8
0,baseline,html_late,65536,1,5,64,4194432,74356.5
0,baseline,html_late,65536,1,6,64,4194432,79112.1
0,baseline,html_late,65536,1,7,64,4194432,75037.8
0,baseline,html_late,65536,1,8,64,4194432,74102.8
0,baseline,html_late,65536,2,0,64,4194560,49872.2
0,baseline,html_late,65536,2,1,64,4194560,48573.2
0,baseline,html_late,65536,2,2,64,4194560,47791.2
0,baseline,html_late,65536,2,3,64,4194560,54412.4
0,baseline,html_late,65536,2,4,64,4194560,55773.1
0,baseline,html_late,65536,2,5,64,4194560,48197.6
0,baseline,html_late,65536,2,6,64,4194560,47915.9
0,baseline,html_late,65536,2,7,64,4194560,48333.5
0,baseline,html_late,65536,2,8,64,4194560,49434.8
0,baseline,html_late,65536,3,0,64,4194432,71817.7
0,baseline,html_late,65536,3,1,64,4194432,70926.4
0,baseline,html_late,65536,3,2,64,4194432,70436.9
0,baseline,html_late,65536,3,3,64,4194432,70351.4
0,baseline,html_late,65536,3,4,64,4194432,81595.9
0,baseline,html_late,65536,3,5,64,4194432,75274.1
0,baseline,html_late,65536,3,6,64,4194432,70130.9
0,baseline,html_late,65536,3,7,64,4194432,71841.0
0,baseline,html_late,65536,3,8,64,4194432,70482.3
0,baseline,double_quote_runs,17,0,0,51781,983839,30.1
0,baseline,double_quote_runs,17,0,1,51781,983839,31.3
0,baseline,double_quote_runs,17,0,2,51781,983839,30.2
0,baseline,double_quote_runs,17,0,3,51781,983839,30.9
0,baseline,double_quote_runs,17,0,4,51781,983839,30.5
0,baseline,double_quote_runs,17,0,5,51781,983839,30.4
0,baseline,double_quote_runs,17,0,6,51781,983839,30.4
0,baseline,double_quote_runs,17,0,7,51781,983839,31.2
0,baseline,double_quote_runs,17,0,8,51781,983839,30.3
0,baseline,double_quote_runs,17,1,0,51781,983839,26.7
0,baseline,double_quote_runs,17,1,1,51781,983839,26.6
0,baseline,double_quote_runs,17,1,2,51781,983839,27.9
0,baseline,double_quote_runs,17,1,3,51781,983839,26.6
0,baseline,double_quote_runs,17,1,4,51781,983839,26.6
0,baseline,double_quote_runs,17,1,5,51781,983839,26.5
0,baseline,double_quote_runs,17,1,6,51781,983839,27.1
0,baseline,double_quote_runs,17,1,7,51781,983839,26.6
0,baseline,double_quote_runs,17,1,8,51781,983839,27.3
0,baseline,double_quote_runs,17,2,0,51781,1139182,27.1
0,baseline,double_quote_runs,17,2,1,51781,1139182,27.1
0,baseline,double_quote_runs,17,2,2,51781,1139182,27.0
0,baseline,double_quote_runs,17,2,3,51781,1139182,26.6
0,baseline,double_quote_runs,17,2,4,51781,1139182,26.7
0,baseline,double_quote_runs,17,2,5,51781,1139182,28.4
0,baseline,double_quote_runs,17,2,6,51781,1139182,27.2
0,baseline,double_quote_runs,17,2,7,51781,1139182,30.5
0,baseline,double_quote_runs,17,2,8,51781,1139182,27.4
0,baseline,double_quote_runs,17,3,0,51781,983839,27.4
0,baseline,double_quote_runs,17,3,1,51781,983839,27.8
0,baseline,double_quote_runs,17,3,2,51781,983839,29.8
0,baseline,double_quote_runs,17,3,3,51781,983839,27.3
0,baseline,double_quote_runs,17,3,4,51781,983839,28.6
0,baseline,double_quote_runs,17,3,5,51781,983839,28.2
0,baseline,double_quote_runs,17,3,6,51781,983839,27.6
0,baseline,double_quote_runs,17,3,7,51781,983839,30.7
0,baseline,double_quote_runs,17,3,8,51781,983839,28.0
0,baseline,double_quote_runs,68,0,0,31775,2414900,101.0
0,baseline,double_quote_runs,68,0,1,31775,2414900,100.0
0,baseline,double_quote_runs,68,0,2,31775,2414900,102.4
0,baseline,double_quote_runs,68,0,3,31775,2414900,100.2
0,baseline,double_quote_runs,68,0,4,31775,2414900,100.1
0,baseline,double_quote_runs,68,0,5,31775,2414900,101.6
0,baseline,double_quote_runs,68,0,6,31775,2414900,101.5
0,baseline,double_quote_runs,68,0,7,31775,2414900,101.3
0,baseline,double_quote_runs,68,0,8,31775,2414900,100.8
0,baseline,double_quote_runs,68,1,0,31775,2414900,90.3
0,baseline,double_quote_runs,68,1,1,31775,2414900,88.0
0,baseline,double_quote_runs,68,1,2,31775,2414900,88.9
0,baseline,double_quote_runs,68,1,3,31775,2414900,88.5
0,baseline,double_quote_runs,68,1,4,31775,2414900,88.4
0,baseline,double_quote_runs,68,1,5,31775,2414900,91.8
0,baseline,double_quote_runs,68,1,6,31775,2414900,88.1
0,baseline,double_quote_runs,68,1,7,31775,2414900,89.0
0,baseline,double_quote_runs,68,1,8,31775,2414900,94.3
0,baseline,double_quote_runs,68,2,0,31775,2796200,67.5
0,baseline,double_quote_runs,68,2,1,31775,2796200,68.7
0,baseline,double_quote_runs,68,2,2,31775,2796200,68.2
0,baseline,double_quote_runs,68,2,3,31775,2796200,68.0
0,baseline,double_quote_runs,68,2,4,31775,2796200,72.2
0,baseline,double_quote_runs,68,2,5,31775,2796200,84.7
0,baseline,double_quote_runs,68,2,6,31775,2796200,67.5
0,baseline,double_quote_runs,68,2,7,31775,2796200,67.2
0,baseline,double_quote_runs,68,2,8,31775,2796200,72.2
0,baseline,double_quote_runs,68,3,0,31775,2414900,95.1
0,baseline,double_quote_runs,68,3,1,31775,2414900,106.8
0,baseline,double_quote_runs,68,3,2,31775,2414900,98.2
0,baseline,double_quote_runs,68,3,3,31775,2414900,99.7
0,baseline,double_quote_runs,68,3,4,31775,2414900,92.5
0,baseline,double_quote_runs,68,3,5,31775,2414900,96.5
0,baseline,double_quote_runs,68,3,6,31775,2414900,93.3
0,baseline,double_quote_runs,68,3,7,31775,2414900,94.3
0,baseline,double_quote_runs,68,3,8,31775,2414900,97.3
0,baseline,double_quote_runs,4097,0,0,1008,4615632,5530.0
0,baseline,double_quote_runs,4097,0,1,1008,4615632,5505.8
0,baseline,double_quote_runs,4097,0,2,1008,4615632,5620.6
0,baseline,double_quote_runs,4097,0,3,1008,4615632,5418.0
0,baseline,double_quote_runs,4097,0,4,1008,4615632,5815.0
0,baseline,double_quote_runs,4097,0,5,1008,4615632,5869.1
0,baseline,double_quote_runs,4097,0,6,1008,4615632,5869.7
0,baseline,double_quote_runs,4097,0,7,1008,4615632,5639.6
0,baseline,double_quote_runs,4097,0,8,1008,4615632,6005.8
0,baseline,double_quote_runs,4097,1,0,1008,4615632,5067.7
0,baseline,double_quote_runs,4097,1,1,1008,4615632,4972.2
0,baseline,double_quote_runs,4097,1,2,1008,4615632,4896.8
0,baseline,double_quote_runs,4097,1,3,1008,4615632,5022.2
0,baseline,double_quote_runs,4097,1,4,1008,4615632,4920.8
0,baseline,double_quote_runs,4097,1,5,1008,4615632,5083.4
0,baseline,double_quote_runs,4097,1,6,1008,4615632,5021.7
0,baseline,double_quote_runs,4097,1,7,1008,4615632,4956.3
0,baseline,double_quote_runs,4097,1,8,1008,4615632,4992.3
0,baseline,double_quote_runs,4097,2,0,1008,5344416,3213.8
0,baseline,double_quote_runs,4097,2,1,1008,5344416,3271.7
0,baseline,double_quote_runs,4097,2,2,1008,5344416,3352.1
0,baseline,double_quote_runs,4097,2,3,1008,5344416,3214.3
0,baseline,double_quote_runs,4097,2,4,1008,5344416,3314.2
0,baseline,double_quote_runs,4097,2,5,1008,5344416,3312.4
0,baseline,double_quote_runs,4097,2,6,1008,5344416,3220.0
0,baseline,double_quote_runs,4097,2,7,1008,5344416,3305.0
0,baseline,double_quote_runs,4097,2,8,1008,5344416,3322.0
0,baseline,double_quote_runs,4097,3,0,1008,4615632,5351.1
0,baseline,double_quote_runs,4097,3,1,1008,4615632,5410.9
0,baseline,double_quote_runs,4097,3,2,1008,4615632,5037.2
0,baseline,double_quote_runs,4097,3,3,1008,4615632,5079.7
0,baseline,double_quote_runs,4097,3,4,1008,4615632,5491.0
0,baseline,double_quote_runs,4097,3,5,1008,4615632,4943.0
0,baseline,double_quote_runs,4097,3,6,1008,4615632,5074.2
0,baseline,double_quote_runs,4097,3,7,1008,4615632,5025.3
0,baseline,double_quote_runs,4097,3,8,1008,4615632,4786.7
0,baseline,double_quote_runs,65552,0,0,64,4688896,91759.5
0,baseline,double_quote_runs,65552,0,1,64,4688896,90207.4
0,baseline,double_quote_runs,65552,0,2,64,4688896,92640.1
0,baseline,double_quote_runs,65552,0,3,64,4688896,90054.0
0,baseline,double_quote_runs,65552,0,4,64,4688896,87280.4
0,baseline,double_quote_runs,65552,0,5,64,4688896,89625.2
0,baseline,double_quote_runs,65552,0,6,64,4688896,87813.1
0,baseline,double_quote_runs,65552,0,7,64,4688896,102072.2
0,baseline,double_quote_runs,65552,0,8,64,4688896,89334.2
0,baseline,double_quote_runs,65552,1,0,64,4688896,80774.2
0,baseline,double_quote_runs,65552,1,1,64,4688896,79593.7
0,baseline,double_quote_runs,65552,1,2,64,4688896,81333.0
0,baseline,double_quote_runs,65552,1,3,64,4688896,82477.5
0,baseline,double_quote_runs,65552,1,4,64,4688896,80226.5
0,baseline,double_quote_runs,65552,1,5,64,4688896,78882.7
0,baseline,double_quote_runs,65552,1,6,64,4688896,79882.6
0,baseline,double_quote_runs,65552,1,7,64,4688896,80384.0
0,baseline,double_quote_runs,65552,1,8,64,4688896,80775.9
0,baseline,double_quote_runs,65552,2,0,64,5429248,54403.2
0,baseline,double_quote_runs,65552,2,1,64,5429248,51617.6
0,baseline,double_quote_runs,65552,2,2,64,5429248,54257.1
0,baseline,double_quote_runs,65552,2,3,64,5429248,55797.3
0,baseline,double_quote_runs,65552,2,4,64,5429248,53663.8
0,baseline,double_quote_runs,65552,2,5,64,5429248,53033.9
0,baseline,double_quote_runs,65552,2,6,64,5429248,52068.1
0,baseline,double_quote_runs,65552,2,7,64,5429248,54932.6
0,baseline,double_quote_runs,65552,2,8,64,5429248,52583.9
0,baseline,double_quote_runs,65552,3,0,64,4688896,76587.9
0,baseline,double_quote_runs,65552,3,1,64,4688896,76696.5
0,baseline,double_quote_runs,65552,3,2,64,4688896,76184.0
0,baseline,double_quote_runs,65552,3,3,64,4688896,76606.8
0,baseline,double_quote_runs,65552,3,4,64,4688896,76964.2
0,baseline,double_quote_runs,65552,3,5,64,4688896,75841.0
0,baseline,double_quote_runs,65552,3,6,64,4688896,76468.7
0,baseline,double_quote_runs,65552,3,7,64,4688896,76264.9
0,baseline,double_quote_runs,65552,3,8,64,4688896,79338.5
0,baseline,apostrophe_runs,17,0,0,51781,983839,30.3
0,baseline,apostrophe_runs,17,0,1,51781,983839,30.4
0,baseline,apostrophe_runs,17,0,2,51781,983839,30.5
0,baseline,apostrophe_runs,17,0,3,51781,983839,30.2
0,baseline,apostrophe_runs,17,0,4,51781,983839,30.5
0,baseline,apostrophe_runs,17,0,5,51781,983839,30.8
0,baseline,apostrophe_runs,17,0,6,51781,983839,30.8
0,baseline,apostrophe_runs,17,0,7,51781,983839,30.3
0,baseline,apostrophe_runs,17,0,8,51781,983839,30.1
0,baseline,apostrophe_runs,17,1,0,51781,983839,26.7
0,baseline,apostrophe_runs,17,1,1,51781,983839,27.1
0,baseline,apostrophe_runs,17,1,2,51781,983839,26.7
0,baseline,apostrophe_runs,17,1,3,51781,983839,26.8
0,baseline,apostrophe_runs,17,1,4,51781,983839,26.6
0,baseline,apostrophe_runs,17,1,5,51781,983839,27.1
0,baseline,apostrophe_runs,17,1,6,51781,983839,29.0
0,baseline,apostrophe_runs,17,1,7,51781,983839,28.0
0,baseline,apostrophe_runs,17,1,8,51781,983839,28.3
0,baseline,apostrophe_runs,17,2,0,51781,1087401,33.2
0,baseline,apostrophe_runs,17,2,1,51781,1087401,31.8
0,baseline,apostrophe_runs,17,2,2,51781,1087401,28.4
0,baseline,apostrophe_runs,17,2,3,51781,1087401,31.8
0,baseline,apostrophe_runs,17,2,4,51781,1087401,32.5
0,baseline,apostrophe_runs,17,2,5,51781,1087401,30.8
0,baseline,apostrophe_runs,17,2,6,51781,1087401,28.6
0,baseline,apostrophe_runs,17,2,7,51781,1087401,33.6
0,baseline,apostrophe_runs,17,2,8,51781,1087401,29.4
0,baseline,apostrophe_runs,17,3,0,51781,983839,28.6
0,baseline,apostrophe_runs,17,3,1,51781,983839,29.7
0,baseline,apostrophe_runs,17,3,2,51781,983839,27.8
0,baseline,apostrophe_runs,17,3,3,51781,983839,29.2
0,baseline,apostrophe_runs,17,3,4,51781,983839,27.1
0,baseline,apostrophe_runs,17,3,5,51781,983839,27.8
0,baseline,apostrophe_runs,17,3,6,51781,983839,28.0
0,baseline,apostrophe_runs,17,3,7,51781,983839,27.8
0,baseline,apostrophe_runs,17,3,8,51781,983839,27.1
0,baseline,apostrophe_runs,68,0,0,31775,2414900,111.0
0,baseline,apostrophe_runs,68,0,1,31775,2414900,103.1
0,baseline,apostrophe_runs,68,0,2,31775,2414900,100.7
0,baseline,apostrophe_runs,68,0,3,31775,2414900,104.1
0,baseline,apostrophe_runs,68,0,4,31775,2414900,107.1
0,baseline,apostrophe_runs,68,0,5,31775,2414900,107.7
0,baseline,apostrophe_runs,68,0,6,31775,2414900,101.8
0,baseline,apostrophe_runs,68,0,7,31775,2414900,101.0
0,baseline,apostrophe_runs,68,0,8,31775,2414900,100.3
0,baseline,apostrophe_runs,68,1,0,31775,2414900,88.3
0,baseline,apostrophe_runs,68,1,1,31775,2414900,88.5
0,baseline,apostrophe_runs,68,1,2,31775,2414900,92.9
0,baseline,apostrophe_runs,68,1,3,31775,2414900,91.6
0,baseline,apostrophe_runs,68,1,4,31775,2414900,91.6
0,baseline,apostrophe_runs,68,1,5,31775,2414900,88.2
0,baseline,apostrophe_runs,68,1,6,31775,2414900,88.4
0,baseline,apostrophe_runs,68,1,7,31775,2414900,89.3
0,baseline,apostrophe_runs,68,1,8,31775,2414900,88.7
0,baseline,apostrophe_runs,68,2,0,31775,2669100,67.6
0,baseline,apostrophe_runs,68,2,1,31775,2669100,71.6
0,baseline,apostrophe_runs,68,2,2,31775,2669100,68.6
0,baseline,apostrophe_runs,68,2,3,31775,2669100,75.3
0,baseline,apostrophe_runs,68,2,4,31775,2669100,70.5
0,baseline,apostrophe_runs,68,2,5,31775,2669100,69.0
0,baseline,apostrophe_runs,68,2,6,31775,2669100,73.7
0,baseline,apostrophe_runs,68,2,7,31775,2669100,70.9
0,baseline,apostrophe_runs,68,2,8,31775,2669100,69.9
0,baseline,apostrophe_runs,68,3,0,31775,2414900,96.7
0,baseline,apostrophe_runs,68,3,1,31775,2414900,93.1
0,baseline,apostrophe_runs,68,3,2,31775,2414900,92.4
0,baseline,apostrophe_runs,68,3,3,31775,2414900,92.1
0,baseline,apostrophe_runs,68,3,4,31775,2414900,93.2
0,baseline,apostrophe_runs,68,3,5,31775,2414900,95.2
0,baseline,apostrophe_runs,68,3,6,31775,2414900,93.3
0,baseline,apostrophe_runs,68,3,7,31775,2414900,92.6
0,baseline,apostrophe_runs,68,3,8,31775,2414900,92.4
0,baseline,apostrophe_runs,4097,0,0,1008,4615632,5459.4
0,baseline,apostrophe_runs,4097,0,1,1008,4615632,5493.3
0,baseline,apostrophe_runs,4097,0,2,1008,4615632,5572.1
0,baseline,apostrophe_runs,4097,0,3,1008,4615632,5493.4
0,baseline,apostrophe_runs,4097,0,4,1008,4615632,5768.3
0,baseline,apostrophe_runs,4097,0,5,1008,4615632,5765.5
0,baseline,apostrophe_runs,4097,0,6,1008,4615632,5429.7
0,baseline,apostrophe_runs,4097,0,7,1008,4615632,5776.3
0,baseline,apostrophe_runs,4097,0,8,1008,4615632,5525.5
0,baseline,apostrophe_runs,4097,1,0,1008,4615632,4995.1
0,baseline,apostrophe_runs,4097,1,1,1008,4615632,4899.4
0,baseline,apostrophe_runs,4097,1,2,1008,4615632,4938.9
0,baseline,apostrophe_runs,4097,1,3,1008,4615632,5126.6
0,baseline,apostrophe_runs,4097,1,4,1008,4615632,4912.6
0,baseline,apostrophe_runs,4097,1,5,1008,4615632,4982.4
0,baseline,apostrophe_runs,4097,1,6,1008,4615632,5044.8
0,baseline,apostrophe_runs,4097,1,7,1008,4615632,4894.6
0,baseline,apostrophe_runs,4097,1,8,1008,4615632,4950.1
0,baseline,apostrophe_runs,4097,2,0,1008,5101488,3425.7
0,baseline,apostrophe_runs,4097,2,1,1008,5101488,3422.8
0,baseline,apostrophe_runs,4097,2,2,1008,5101488,3378.7
0,baseline,apostrophe_runs,4097,2,3,1008,5101488,3291.4
0,baseline,apostrophe_runs,4097,2,4,1008,5101488,3504.3
0,baseline,apostrophe_runs,4097,2,5,1008,5101488,3367.3
0,baseline,apostrophe_runs,4097,2,6,1008,5101488,3344.6
0,baseline,apostrophe_runs,4097,2,7,1008,5101488,3515.8
0,baseline,apostrophe_runs,4097,2,8,1008,5101488,3797.6
0,baseline,apostrophe_runs,4097,3,0,1008,4615632,4849.0
0,baseline,apostrophe_runs,4097,3,1,1008,4615632,4893.6
0,baseline,apostrophe_runs,4097,3,2,1008,4615632,4827.6
0,baseline,apostrophe_runs,4097,3,3,1008,4615632,4835.0
0,baseline,apostrophe_runs,4097,3,4,1008,4615632,5187.4
0,baseline,apostrophe_runs,4097,3,5,1008,4615632,4826.5
0,baseline,apostrophe_runs,4097,3,6,1008,4615632,4815.0
0,baseline,apostrophe_runs,4097,3,7,1008,4615632,4958.4
0,baseline,apostrophe_runs,4097,3,8,1008,4615632,4836.7
0,baseline,apostrophe_runs,65552,0,0,64,4688896,96172.5
0,baseline,apostrophe_runs,65552,0,1,64,4688896,92350.6
0,baseline,apostrophe_runs,65552,0,2,64,4688896,90159.4
0,baseline,apostrophe_runs,65552,0,3,64,4688896,88576.9
0,baseline,apostrophe_runs,65552,0,4,64,4688896,88725.3
0,baseline,apostrophe_runs,65552,0,5,64,4688896,94300.6
0,baseline,apostrophe_runs,65552,0,6,64,4688896,89539.6
0,baseline,apostrophe_runs,65552,0,7,64,4688896,88121.1
0,baseline,apostrophe_runs,65552,0,8,64,4688896,93567.2
0,baseline,apostrophe_runs,65552,1,0,64,4688896,84242.1
0,baseline,apostrophe_runs,65552,1,1,64,4688896,80970.0
0,baseline,apostrophe_runs,65552,1,2,64,4688896,79209.2
0,baseline,apostrophe_runs,65552,1,3,64,4688896,81823.3
0,baseline,apostrophe_runs,65552,1,4,64,4688896,80043.5
0,baseline,apostrophe_runs,65552,1,5,64,4688896,78908.6
0,baseline,apostrophe_runs,65552,1,6,64,4688896,82286.7
0,baseline,apostrophe_runs,65552,1,7,64,4688896,82921.8
0,baseline,apostrophe_runs,65552,1,8,64,4688896,79134.2
0,baseline,apostrophe_runs,65552,2,0,64,5182464,51258.7
0,baseline,apostrophe_runs,65552,2,1,64,5182464,51163.5
0,baseline,apostrophe_runs,65552,2,2,64,5182464,51577.0
0,baseline,apostrophe_runs,65552,2,3,64,5182464,54061.9
0,baseline,apostrophe_runs,65552,2,4,64,5182464,54978.0
0,baseline,apostrophe_runs,65552,2,5,64,5182464,51341.9
0,baseline,apostrophe_runs,65552,2,6,64,5182464,52723.7
0,baseline,apostrophe_runs,65552,2,7,64,5182464,52315.9
0,baseline,apostrophe_runs,65552,2,8,64,5182464,55907.3
0,baseline,apostrophe_runs,65552,3,0,64,4688896,76562.7
0,baseline,apostrophe_runs,65552,3,1,64,4688896,80325.2
0,baseline,apostrophe_runs,65552,3,2,64,4688896,77701.2
0,baseline,apostrophe_runs,65552,3,3,64,4688896,76039.0
0,baseline,apostrophe_runs,65552,3,4,64,4688896,78053.4
0,baseline,apostrophe_runs,65552,3,5,64,4688896,77076.5
0,baseline,apostrophe_runs,65552,3,6,64,4688896,75909.9
0,baseline,apostrophe_runs,65552,3,7,64,4688896,79678.8
0,baseline,apostrophe_runs,65552,3,8,64,4688896,79377.7
0,baseline,double_quote_offset_runs,34,0,0,42799,1540764,52.8
0,baseline,double_quote_offset_runs,34,0,1,42799,1540764,53.9
0,baseline,double_quote_offset_runs,34,0,2,42799,1540764,53.9
0,baseline,double_quote_offset_runs,34,0,3,42799,1540764,52.9
0,baseline,double_quote_offset_runs,34,0,4,42799,1540764,53.2
0,baseline,double_quote_offset_runs,34,0,5,42799,1540764,53.0
0,baseline,double_quote_offset_runs,34,0,6,42799,1540764,53.4
0,baseline,double_quote_offset_runs,34,0,7,42799,1540764,53.2
0,baseline,double_quote_offset_runs,34,0,8,42799,1540764,54.5
0,baseline,double_quote_offset_runs,34,1,0,42799,1540764,46.2
0,baseline,double_quote_offset_runs,34,1,1,42799,1540764,47.3
0,baseline,double_quote_offset_runs,34,1,2,42799,1540764,46.3
0,baseline,double_quote_offset_runs,34,1,3,42799,1540764,46.5
0,baseline,double_quote_offset_runs,34,1,4,42799,1540764,56.6
0,baseline,double_quote_offset_runs,34,1,5,42799,1540764,51.5
0,baseline,double_quote_offset_runs,34,1,6,42799,1540764,47.0
0,baseline,double_quote_offset_runs,34,1,7,42799,1540764,45.9
0,baseline,double_quote_offset_runs,34,1,8,42799,1540764,46.9
0,baseline,double_quote_offset_runs,34,2,0,42799,1669161,39.3
0,baseline,double_quote_offset_runs,34,2,1,42799,1669161,39.2
0,baseline,double_quote_offset_runs,34,2,2,42799,1669161,39.1
0,baseline,double_quote_offset_runs,34,2,3,42799,1669161,40.4
0,baseline,double_quote_offset_runs,34,2,4,42799,1669161,39.6
0,baseline,double_quote_offset_runs,34,2,5,42799,1669161,39.2
0,baseline,double_quote_offset_runs,34,2,6,42799,1669161,39.5
0,baseline,double_quote_offset_runs,34,2,7,42799,1669161,39.2
0,baseline,double_quote_offset_runs,34,2,8,42799,1669161,39.7
0,baseline,double_quote_offset_runs,34,3,0,42799,1540764,45.9
0,baseline,double_quote_offset_runs,34,3,1,42799,1540764,45.6
0,baseline,double_quote_offset_runs,34,3,2,42799,1540764,46.1
0,baseline,double_quote_offset_runs,34,3,3,42799,1540764,49.0
0,baseline,double_quote_offset_runs,34,3,4,42799,1540764,50.5
0,baseline,double_quote_offset_runs,34,3,5,42799,1540764,47.6
0,baseline,double_quote_offset_runs,34,3,6,42799,1540764,46.1
0,baseline,double_quote_offset_runs,34,3,7,42799,1540764,45.7
0,baseline,double_quote_offset_runs,34,3,8,42799,1540764,46.5
0,baseline,double_quote_offset_runs,68,0,0,31775,2287800,98.9
0,baseline,double_quote_offset_runs,68,0,1,31775,2287800,100.1
0,baseline,double_quote_offset_runs,68,0,2,31775,2287800,99.1
0,baseline,double_quote_offset_runs,68,0,3,31775,2287800,100.1
0,baseline,double_quote_offset_runs,68,0,4,31775,2287800,103.4
0,baseline,double_quote_offset_runs,68,0,5,31775,2287800,101.3
0,baseline,double_quote_offset_runs,68,0,6,31775,2287800,99.8
0,baseline,double_quote_offset_runs,68,0,7,31775,2287800,99.2
0,baseline,double_quote_offset_runs,68,0,8,31775,2287800,101.3
0,baseline,double_quote_offset_runs,68,1,0,31775,2287800,84.5
0,baseline,double_quote_offset_runs,68,1,1,31775,2287800,86.1
0,baseline,double_quote_offset_runs,68,1,2,31775,2287800,83.9
0,baseline,double_quote_offset_runs,68,1,3,31775,2287800,87.4
0,baseline,double_quote_offset_runs,68,1,4,31775,2287800,84.8
0,baseline,double_quote_offset_runs,68,1,5,31775,2287800,84.1
0,baseline,double_quote_offset_runs,68,1,6,31775,2287800,87.0
0,baseline,double_quote_offset_runs,68,1,7,31775,2287800,84.6
0,baseline,double_quote_offset_runs,68,1,8,31775,2287800,84.2
0,baseline,double_quote_offset_runs,68,2,0,31775,2478450,67.1
0,baseline,double_quote_offset_runs,68,2,1,31775,2478450,66.5
0,baseline,double_quote_offset_runs,68,2,2,31775,2478450,67.2
0,baseline,double_quote_offset_runs,68,2,3,31775,2478450,67.1
0,baseline,double_quote_offset_runs,68,2,4,31775,2478450,67.1
0,baseline,double_quote_offset_runs,68,2,5,31775,2478450,68.2
0,baseline,double_quote_offset_runs,68,2,6,31775,2478450,68.7
0,baseline,double_quote_offset_runs,68,2,7,31775,2478450,68.7
0,baseline,double_quote_offset_runs,68,2,8,31775,2478450,66.7
0,baseline,double_quote_offset_runs,68,3,0,31775,2287800,91.4
0,baseline,double_quote_offset_runs,68,3,1,31775,2287800,95.1
0,baseline,double_quote_offset_runs,68,3,2,31775,2287800,94.3
0,baseline,double_quote_offset_runs,68,3,3,31775,2287800,93.2
0,baseline,double_quote_offset_runs,68,3,4,31775,2287800,90.6
0,baseline,double_quote_offset_runs,68,3,5,31775,2287800,88.7
0,baseline,double_quote_offset_runs,68,3,6,31775,2287800,90.3
0,baseline,double_quote_offset_runs,68,3,7,31775,2287800,92.0
0,baseline,double_quote_offset_runs,68,3,8,31775,2287800,89.2
0,baseline,double_quote_offset_runs,4114,0,0,1003,4369068,5555.7
0,baseline,double_quote_offset_runs,4114,0,1,1003,4369068,5412.0
0,baseline,double_quote_offset_runs,4114,0,2,1003,4369068,5370.5
0,baseline,double_quote_offset_runs,4114,0,3,1003,4369068,5556.0
0,baseline,double_quote_offset_runs,4114,0,4,1003,4369068,5450.3
0,baseline,double_quote_offset_runs,4114,0,5,1003,4369068,5439.2
0,baseline,double_quote_offset_runs,4114,0,6,1003,4369068,5735.5
0,baseline,double_quote_offset_runs,4114,0,7,1003,4369068,5356.7
0,baseline,double_quote_offset_runs,4114,0,8,1003,4369068,5703.7
0,baseline,double_quote_offset_runs,4114,1,0,1003,4369068,4948.5
0,baseline,double_quote_offset_runs,4114,1,1,1003,4369068,5176.7
0,baseline,double_quote_offset_runs,4114,1,2,1003,4369068,4969.5
0,baseline,double_quote_offset_runs,4114,1,3,1003,4369068,4956.8
0,baseline,double_quote_offset_runs,4114,1,4,1003,4369068,5052.7
0,baseline,double_quote_offset_runs,4114,1,5,1003,4369068,5006.6
0,baseline,double_quote_offset_runs,4114,1,6,1003,4369068,4949.3
0,baseline,double_quote_offset_runs,4114,1,7,1003,4369068,5009.4
0,baseline,double_quote_offset_runs,4114,1,8,1003,4369068,4979.4
0,baseline,double_quote_offset_runs,4114,2,0,1003,4733157,3240.1
0,baseline,double_quote_offset_runs,4114,2,1,1003,4733157,3267.8
0,baseline,double_quote_offset_runs,4114,2,2,1003,4733157,3323.4
0,baseline,double_quote_offset_runs,4114,2,3,1003,4733157,3281.9
0,baseline,double_quote_offset_runs,4114,2,4,1003,4733157,3242.7
0,baseline,double_quote_offset_runs,4114,2,5,1003,4733157,3219.4
0,baseline,double_quote_offset_runs,4114,2,6,1003,4733157,3310.9
0,baseline,double_quote_offset_runs,4114,2,7,1003,4733157,3280.5
0,baseline,double_quote_offset_runs,4114,2,8,1003,4733157,3231.7
0,baseline,double_quote_offset_runs,4114,3,0,1003,4369068,7148.7
0,baseline,double_quote_offset_runs,4114,3,1,1003,4369068,9058.1
0,baseline,double_quote_offset_runs,4114,3,2,1003,4369068,5198.5
0,baseline,double_quote_offset_runs,4114,3,3,1003,4369068,4918.4
0,baseline,double_quote_offset_runs,4114,3,4,1003,4369068,5162.5
0,baseline,double_quote_offset_runs,4114,3,5,1003,4369068,5197.2
0,baseline,double_quote_offset_runs,4114,3,6,1003,4369068,5180.3
0,baseline,double_quote_offset_runs,4114,3,7,1003,4369068,4975.7
0,baseline,double_quote_offset_runs,4114,3,8,1003,4369068,5047.9
0,baseline,double_quote_offset_runs,65552,0,0,64,4442112,86303.2
0,baseline,double_quote_offset_runs,65552,0,1,64,4442112,87747.0
0,baseline,double_quote_offset_runs,65552,0,2,64,4442112,86100.8
0,baseline,double_quote_offset_runs,65552,0,3,64,4442112,86432.2
0,baseline,double_quote_offset_runs,65552,0,4,64,4442112,86399.7
0,baseline,double_quote_offset_runs,65552,0,5,64,4442112,86907.9
0,baseline,double_quote_offset_runs,65552,0,6,64,4442112,88126.2
0,baseline,double_quote_offset_runs,65552,0,7,64,4442112,86748.0
0,baseline,double_quote_offset_runs,65552,0,8,64,4442112,86966.3
0,baseline,double_quote_offset_runs,65552,1,0,64,4442112,77395.4
0,baseline,double_quote_offset_runs,65552,1,1,64,4442112,76341.6
0,baseline,double_quote_offset_runs,65552,1,2,64,4442112,78886.1
0,baseline,double_quote_offset_runs,65552,1,3,64,4442112,78975.5
0,baseline,double_quote_offset_runs,65552,1,4,64,4442112,76309.1
0,baseline,double_quote_offset_runs,65552,1,5,64,4442112,76662.0
0,baseline,double_quote_offset_runs,65552,1,6,64,4442112,79164.9
0,baseline,double_quote_offset_runs,65552,1,7,64,4442112,77996.1
0,baseline,double_quote_offset_runs,65552,1,8,64,4442112,81613.9
0,baseline,double_quote_offset_runs,65552,2,0,64,4812288,50913.3
0,baseline,double_quote_offset_runs,65552,2,1,64,4812288,51148.2
0,baseline,double_quote_offset_runs,65552,2,2,64,4812288,51290.8
0,baseline,double_quote_offset_runs,65552,2,3,64,4812288,53092.0
0,baseline,double_quote_offset_runs,65552,2,4,64,4812288,54059.2
0,baseline,double_quote_offset_runs,65552,2,5,64,4812288,53416.4
0,baseline,double_quote_offset_runs,65552,2,6,64,4812288,51517.4
0,baseline,double_quote_offset_runs,65552,2,7,64,4812288,52296.2
0,baseline,double_quote_offset_runs,65552,2,8,64,4812288,53769.2
0,baseline,double_quote_offset_runs,65552,3,0,64,4442112,76372.6
0,baseline,double_quote_offset_runs,65552,3,1,64,4442112,80664.2
0,baseline,double_quote_offset_runs,65552,3,2,64,4442112,82756.0
0,baseline,double_quote_offset_runs,65552,3,3,64,4442112,79215.5
0,baseline,double_quote_offset_runs,65552,3,4,64,4442112,77306.1
0,baseline,double_quote_offset_runs,65552,3,5,64,4442112,81989.2
0,baseline,double_quote_offset_runs,65552,3,6,64,4442112,79725.4
0,baseline,double_quote_offset_runs,65552,3,7,64,4442112,77234.0
0,baseline,double_quote_offset_runs,65552,3,8,64,4442112,80750.3
0,baseline,apostrophe_offset_runs,34,0,0,42799,1540764,54.0
0,baseline,apostrophe_offset_runs,34,0,1,42799,1540764,55.5
0,baseline,apostrophe_offset_runs,34,0,2,42799,1540764,54.4
0,baseline,apostrophe_offset_runs,34,0,3,42799,1540764,54.2
0,baseline,apostrophe_offset_runs,34,0,4,42799,1540764,54.1
0,baseline,apostrophe_offset_runs,34,0,5,42799,1540764,55.5
0,baseline,apostrophe_offset_runs,34,0,6,42799,1540764,56.0
0,baseline,apostrophe_offset_runs,34,0,7,42799,1540764,54.1
0,baseline,apostrophe_offset_runs,34,0,8,42799,1540764,54.4
0,baseline,apostrophe_offset_runs,34,1,0,42799,1540764,46.4
0,baseline,apostrophe_offset_runs,34,1,1,42799,1540764,45.1
0,baseline,apostrophe_offset_runs,34,1,2,42799,1540764,45.0
0,baseline,apostrophe_offset_runs,34,1,3,42799,1540764,45.8
0,baseline,apostrophe_offset_runs,34,1,4,42799,1540764,45.1
0,baseline,apostrophe_offset_runs,34,1,5,42799,1540764,45.3
0,baseline,apostrophe_offset_runs,34,1,6,42799,1540764,45.0
0,baseline,apostrophe_offset_runs,34,1,7,42799,1540764,46.6
0,baseline,apostrophe_offset_runs,34,1,8,42799,1540764,45.4
0,baseline,apostrophe_offset_runs,34,2,0,42799,1626362,43.2
0,baseline,apostrophe_offset_runs,34,2,1,42799,1626362,45.7
0,baseline,apostrophe_offset_runs,34,2,2,42799,1626362,47.5
0,baseline,apostrophe_offset_runs,34,2,3,42799,1626362,41.2
0,baseline,apostrophe_offset_runs,34,2,4,42799,1626362,59.3
0,baseline,apostrophe_offset_runs,34,2,5,42799,1626362,82.3
0,baseline,apostrophe_offset_runs,34,2,6,42799,1626362,88.6
0,baseline,apostrophe_offset_runs,34,2,7,42799,1626362,82.5
0,baseline,apostrophe_offset_runs,34,2,8,42799,1626362,88.6
0,baseline,apostrophe_offset_runs,34,3,0,42799,1540764,46.8
0,baseline,apostrophe_offset_runs,34,3,1,42799,1540764,47.0
0,baseline,apostrophe_offset_runs,34,3,2,42799,1540764,51.6
0,baseline,apostrophe_offset_runs,34,3,3,42799,1540764,48.9
0,baseline,apostrophe_offset_runs,34,3,4,42799,1540764,48.7
0,baseline,apostrophe_offset_runs,34,3,5,42799,1540764,47.8
0,baseline,apostrophe_offset_runs,34,3,6,42799,1540764,46.7
0,baseline,apostrophe_offset_runs,34,3,7,42799,1540764,47.7
0,baseline,apostrophe_offset_runs,34,3,8,42799,1540764,46.1
0,baseline,apostrophe_offset_runs,68,0,0,31775,2287800,110.5
0,baseline,apostrophe_offset_runs,68,0,1,31775,2287800,99.3
0,baseline,apostrophe_offset_runs,68,0,2,31775,2287800,99.4
0,baseline,apostrophe_offset_runs,68,0,3,31775,2287800,108.0
0,baseline,apostrophe_offset_runs,68,0,4,31775,2287800,102.1
0,baseline,apostrophe_offset_runs,68,0,5,31775,2287800,99.3
0,baseline,apostrophe_offset_runs,68,0,6,31775,2287800,102.3
0,baseline,apostrophe_offset_runs,68,0,7,31775,2287800,99.4
0,baseline,apostrophe_offset_runs,68,0,8,31775,2287800,104.3
0,baseline,apostrophe_offset_runs,68,1,0,31775,2287800,84.1
0,baseline,apostrophe_offset_runs,68,1,1,31775,2287800,85.5
0,baseline,apostrophe_offset_runs,68,1,2,31775,2287800,84.3
0,baseline,apostrophe_offset_runs,68,1,3,31775,2287800,84.6
0,baseline,apostrophe_offset_runs,68,1,4,31775,2287800,86.5
0,baseline,apostrophe_offset_runs,68,1,5,31775,2287800,87.9
0,baseline,apostrophe_offset_runs,68,1,6,31775,2287800,85.1
0,baseline,apostrophe_offset_runs,68,1,7,31775,2287800,84.0
0,baseline,apostrophe_offset_runs,68,1,8,31775,2287800,84.5
0,baseline,apostrophe_offset_runs,68,2,0,31775,2414900,66.9
0,baseline,apostrophe_offset_runs,68,2,1,31775,2414900,69.8
0,baseline,apostrophe_offset_runs,68,2,2,31775,2414900,69.3
0,baseline,apostrophe_offset_runs,68,2,3,31775,2414900,70.1
0,baseline,apostrophe_offset_runs,68,2,4,31775,2414900,68.7
0,baseline,apostrophe_offset_runs,68,2,5,31775,2414900,79.6
0,baseline,apostrophe_offset_runs,68,2,6,31775,2414900,72.9
0,baseline,apostrophe_offset_runs,68,2,7,31775,2414900,79.8
0,baseline,apostrophe_offset_runs,68,2,8,31775,2414900,73.4
0,baseline,apostrophe_offset_runs,68,3,0,31775,2287800,90.4
0,baseline,apostrophe_offset_runs,68,3,1,31775,2287800,85.3
0,baseline,apostrophe_offset_runs,68,3,2,31775,2287800,89.5
0,baseline,apostrophe_offset_runs,68,3,3,31775,2287800,91.3
0,baseline,apostrophe_offset_runs,68,3,4,31775,2287800,90.0
0,baseline,apostrophe_offset_runs,68,3,5,31775,2287800,89.2
0,baseline,apostrophe_offset_runs,68,3,6,31775,2287800,90.0
0,baseline,apostrophe_offset_runs,68,3,7,31775,2287800,89.4
0,baseline,apostrophe_offset_runs,68,3,8,31775,2287800,89.6
0,baseline,apostrophe_offset_runs,4114,0,0,1003,4369068,5641.8
0,baseline,apostrophe_offset_runs,4114,0,1,1003,4369068,5594.2
0,baseline,apostrophe_offset_runs,4114,0,2,1003,4369068,5678.9
0,baseline,apostrophe_offset_runs,4114,0,3,1003,4369068,5595.2
0,baseline,apostrophe_offset_runs,4114,0,4,1003,4369068,5602.3
0,baseline,apostrophe_offset_runs,4114,0,5,1003,4369068,5619.0
0,baseline,apostrophe_offset_runs,4114,0,6,1003,4369068,5607.9
0,baseline,apostrophe_offset_runs,4114,0,7,1003,4369068,5762.7
0,baseline,apostrophe_offset_runs,4114,0,8,1003,4369068,5637.8
0,baseline,apostrophe_offset_runs,4114,1,0,1003,4369068,4808.1
0,baseline,apostrophe_offset_runs,4114,1,1,1003,4369068,4888.7
0,baseline,apostrophe_offset_runs,4114,1,2,1003,4369068,4823.2
0,baseline,apostrophe_offset_runs,4114,1,3,1003,4369068,4804.3
0,baseline,apostrophe_offset_runs,4114,1,4,1003,4369068,4928.2
0,baseline,apostrophe_offset_runs,4114,1,5,1003,4369068,4803.6
0,baseline,apostrophe_offset_runs,4114,1,6,1003,4369068,4845.0
0,baseline,apostrophe_offset_runs,4114,1,7,1003,4369068,4839.1
0,baseline,apostrophe_offset_runs,4114,1,8,1003,4369068,4896.6
0,baseline,apostrophe_offset_runs,4114,2,0,1003,4611794,3239.9
0,baseline,apostrophe_offset_runs,4114,2,1,1003,4611794,3671.3
0,baseline,apostrophe_offset_runs,4114,2,2,1003,4611794,3377.9
0,baseline,apostrophe_offset_runs,4114,2,3,1003,4611794,3227.7
0,baseline,apostrophe_offset_runs,4114,2,4,1003,4611794,3245.6
0,baseline,apostrophe_offset_runs,4114,2,5,1003,4611794,3221.4
0,baseline,apostrophe_offset_runs,4114,2,6,1003,4611794,3281.8
0,baseline,apostrophe_offset_runs,4114,2,7,1003,4611794,3211.8
0,baseline,apostrophe_offset_runs,4114,2,8,1003,4611794,3368.3
0,baseline,apostrophe_offset_runs,4114,3,0,1003,4369068,5076.9
0,baseline,apostrophe_offset_runs,4114,3,1,1003,4369068,4882.2
0,baseline,apostrophe_offset_runs,4114,3,2,1003,4369068,5043.5
0,baseline,apostrophe_offset_runs,4114,3,3,1003,4369068,5197.1
0,baseline,apostrophe_offset_runs,4114,3,4,1003,4369068,5779.7
0,baseline,apostrophe_offset_runs,4114,3,5,1003,4369068,5523.3
0,baseline,apostrophe_offset_runs,4114,3,6,1003,4369068,4930.0
0,baseline,apostrophe_offset_runs,4114,3,7,1003,4369068,5417.0
0,baseline,apostrophe_offset_runs,4114,3,8,1003,4369068,5372.1
0,baseline,apostrophe_offset_runs,65552,0,0,64,4442112,86222.9
0,baseline,apostrophe_offset_runs,65552,0,1,64,4442112,94171.8
0,baseline,apostrophe_offset_runs,65552,0,2,64,4442112,87881.6
0,baseline,apostrophe_offset_runs,65552,0,3,64,4442112,86259.6
0,baseline,apostrophe_offset_runs,65552,0,4,64,4442112,90895.3
0,baseline,apostrophe_offset_runs,65552,0,5,64,4442112,86312.1
0,baseline,apostrophe_offset_runs,65552,0,6,64,4442112,91342.6
0,baseline,apostrophe_offset_runs,65552,0,7,64,4442112,85823.4
0,baseline,apostrophe_offset_runs,65552,0,8,64,4442112,85927.6
0,baseline,apostrophe_offset_runs,65552,1,0,64,4442112,76627.2
0,baseline,apostrophe_offset_runs,65552,1,1,64,4442112,76232.6
0,baseline,apostrophe_offset_runs,65552,1,2,64,4442112,76976.1
0,baseline,apostrophe_offset_runs,65552,1,3,64,4442112,77412.7
0,baseline,apostrophe_offset_runs,65552,1,4,64,4442112,76047.0
0,baseline,apostrophe_offset_runs,65552,1,5,64,4442112,77478.8
0,baseline,apostrophe_offset_runs,65552,1,6,64,4442112,78967.7
0,baseline,apostrophe_offset_runs,65552,1,7,64,4442112,76613.7
0,baseline,apostrophe_offset_runs,65552,1,8,64,4442112,76208.1
0,baseline,apostrophe_offset_runs,65552,2,0,64,4688896,50986.6
0,baseline,apostrophe_offset_runs,65552,2,1,64,4688896,51322.6
0,baseline,apostrophe_offset_runs,65552,2,2,64,4688896,51464.8
0,baseline,apostrophe_offset_runs,65552,2,3,64,4688896,51537.6
0,baseline,apostrophe_offset_runs,65552,2,4,64,4688896,50804.6
0,baseline,apostrophe_offset_runs,65552,2,5,64,4688896,54023.8
0,baseline,apostrophe_offset_runs,65552,2,6,64,4688896,51504.5
0,baseline,apostrophe_offset_runs,65552,2,7,64,4688896,52415.0
0,baseline,apostrophe_offset_runs,65552,2,8,64,4688896,50881.2
0,baseline,apostrophe_offset_runs,65552,3,0,64,4442112,81906.9
0,baseline,apostrophe_offset_runs,65552,3,1,64,4442112,80861.1
0,baseline,apostrophe_offset_runs,65552,3,2,64,4442112,79945.4
0,baseline,apostrophe_offset_runs,65552,3,3,64,4442112,79130.7
0,baseline,apostrophe_offset_runs,65552,3,4,64,4442112,82995.1
0,baseline,apostrophe_offset_runs,65552,3,5,64,4442112,81294.7
0,baseline,apostrophe_offset_runs,65552,3,6,64,4442112,78876.3
0,baseline,apostrophe_offset_runs,65552,3,7,64,4442112,78317.2
0,baseline,apostrophe_offset_runs,65552,3,8,64,4442112,84388.3
1,candidate,plain,0,0,0,65536,0,3.5
1,candidate,plain,0,0,1,65536,0,3.5
1,candidate,plain,0,0,2,65536,0,3.5
1,candidate,plain,0,0,3,65536,0,3.7
1,candidate,plain,0,0,4,65536,0,3.7
1,candidate,plain,0,0,5,65536,0,3.5
1,candidate,plain,0,0,6,65536,0,4.3
1,candidate,plain,0,0,7,65536,0,3.5
1,candidate,plain,0,0,8,65536,0,3.5
1,candidate,plain,0,1,0,65536,0,3.7
1,candidate,plain,0,1,1,65536,0,4.0
1,candidate,plain,0,1,2,65536,0,3.7
1,candidate,plain,0,1,3,65536,0,3.7
1,candidate,plain,0,1,4,65536,0,4.0
1,candidate,plain,0,1,5,65536,0,3.8
1,candidate,plain,0,1,6,65536,0,3.7
1,candidate,plain,0,1,7,65536,0,3.7
1,candidate,plain,0,1,8,65536,0,3.7
1,candidate,plain,0,2,0,65536,0,6.4
1,candidate,plain,0,2,1,65536,0,8.1
1,candidate,plain,0,2,2,65536,0,7.4
1,candidate,plain,0,2,3,65536,0,6.3
1,candidate,plain,0,2,4,65536,0,6.6
1,candidate,plain,0,2,5,65536,0,6.2
1,candidate,plain,0,2,6,65536,0,7.5
1,candidate,plain,0,2,7,65536,0,6.2
1,candidate,plain,0,2,8,65536,0,6.3
1,candidate,plain,0,3,0,65536,0,4.5
1,candidate,plain,0,3,1,65536,0,3.3
1,candidate,plain,0,3,2,65536,0,3.5
1,candidate,plain,0,3,3,65536,0,3.5
1,candidate,plain,0,3,4,65536,0,3.5
1,candidate,plain,0,3,5,65536,0,3.5
1,candidate,plain,0,3,6,65536,0,3.5
1,candidate,plain,0,3,7,65536,0,3.6
1,candidate,plain,0,3,8,65536,0,3.6
1,candidate,plain,30,0,0,44620,1427840,50.7
1,candidate,plain,30,0,1,44620,1427840,49.7
1,candidate,plain,30,0,2,44620,1427840,48.7
1,candidate,plain,30,0,3,44620,1427840,50.7
1,candidate,plain,30,0,4,44620,1427840,51.7
1,candidate,plain,30,0,5,44620,1427840,48.0
1,candidate,plain,30,0,6,44620,1427840,47.8
1,candidate,plain,30,0,7,44620,1427840,48.1
1,candidate,plain,30,0,8,44620,1427840,48.2
1,candidate,plain,30,1,0,44620,1338600,41.0
1,candidate,plain,30,1,1,44620,1338600,40.6
1,candidate,plain,30,1,2,44620,1338600,41.0
1,candidate,plain,30,1,3,44620,1338600,41.0
1,candidate,plain,30,1,4,44620,1338600,41.2
1,candidate,plain,30,1,5,44620,1338600,41.6
1,candidate,plain,30,1,6,44620,1338600,41.5
1,candidate,plain,30,1,7,44620,1338600,43.9
1,candidate,plain,30,1,8,44620,1338600,40.8
1,candidate,plain,30,2,0,44620,1338600,38.8
1,candidate,plain,30,2,1,44620,1338600,38.5
1,candidate,plain,30,2,2,44620,1338600,39.2
1,candidate,plain,30,2,3,44620,1338600,38.1
1,candidate,plain,30,2,4,44620,1338600,38.1
1,candidate,plain,30,2,5,44620,1338600,39.0
1,candidate,plain,30,2,6,44620,1338600,38.7
1,candidate,plain,30,2,7,44620,1338600,38.6
1,candidate,plain,30,2,8,44620,1338600,36.5
1,candidate,plain,30,3,0,44620,1427840,45.1
1,candidate,plain,30,3,1,44620,1427840,44.2
1,candidate,plain,30,3,2,44620,1427840,45.4
1,candidate,plain,30,3,3,44620,1427840,43.7
1,candidate,plain,30,3,4,44620,1427840,45.8
1,candidate,plain,30,3,5,44620,1427840,43.7
1,candidate,plain,30,3,6,44620,1427840,47.2
1,candidate,plain,30,3,7,44620,1427840,45.5
1,candidate,plain,30,3,8,44620,1427840,44.3
1,candidate,plain,90,0,0,27235,2614560,140.4
1,candidate,plain,90,0,1,27235,2614560,141.6
1,candidate,plain,90,0,2,27235,2614560,145.4
1,candidate,plain,90,0,3,27235,2614560,142.3
1,candidate,plain,90,0,4,27235,2614560,142.5
1,candidate,plain,90,0,5,27235,2614560,145.1
1,candidate,plain,90,0,6,27235,2614560,139.8
1,candidate,plain,90,0,7,27235,2614560,143.2
1,candidate,plain,90,0,8,27235,2614560,145.5
1,candidate,plain,90,1,0,27235,2451150,125.9
1,candidate,plain,90,1,1,27235,2451150,125.4
1,candidate,plain,90,1,2,27235,2451150,126.1
1,candidate,plain,90,1,3,27235,2451150,124.3
1,candidate,plain,90,1,4,27235,2451150,123.0
1,candidate,plain,90,1,5,27235,2451150,123.2
1,candidate,plain,90,1,6,27235,2451150,128.1
1,candidate,plain,90,1,7,27235,2451150,139.5
1,candidate,plain,90,1,8,27235,2451150,139.7
1,candidate,plain,90,2,0,27235,2451150,49.6
1,candidate,plain,90,2,1,27235,2451150,49.7
1,candidate,plain,90,2,2,27235,2451150,49.4
1,candidate,plain,90,2,3,27235,2451150,51.8
1,candidate,plain,90,2,4,27235,2451150,51.3
1,candidate,plain,90,2,5,27235,2451150,52.4
1,candidate,plain,90,2,6,27235,2451150,50.1
1,candidate,plain,90,2,7,27235,2451150,52.1
1,candidate,plain,90,2,8,27235,2451150,51.5
1,candidate,plain,90,3,0,27235,2614560,142.0
1,candidate,plain,90,3,1,27235,2614560,129.1
1,candidate,plain,90,3,2,27235,2614560,133.3
1,candidate,plain,90,3,3,27235,2614560,128.1
1,candidate,plain,90,3,4,27235,2614560,148.2
1,candidate,plain,90,3,5,27235,2614560,131.9
1,candidate,plain,90,3,6,27235,2614560,131.5
1,candidate,plain,90,3,7,27235,2614560,134.0
1,candidate,plain,90,3,8,27235,2614560,136.4
1,candidate,plain,4110,0,0,1004,4401536,5543.4
1,candidate,plain,4110,0,1,1004,4401536,5932.7
1,candidate,plain,4110,0,2,1004,4401536,5514.3
1,candidate,plain,4110,0,3,1004,4401536,5676.2
1,candidate,plain,4110,0,4,1004,4401536,5661.4
1,candidate,plain,4110,0,5,1004,4401536,5572.2
1,candidate,plain,4110,0,6,1004,4401536,5555.8
1,candidate,plain,4110,0,7,1004,4401536,5489.3
1,candidate,plain,4110,0,8,1004,4401536,5559.4
1,candidate,plain,4110,1,0,1004,4126440,4923.0
1,candidate,plain,4110,1,1,1004,4126440,4833.2
1,candidate,plain,4110,1,2,1004,4126440,4874.4
1,candidate,plain,4110,1,3,1004,4126440,4901.1
1,candidate,plain,4110,1,4,1004,4126440,4853.6
1,candidate,plain,4110,1,5,1004,4126440,4899.5
1,candidate,plain,4110,1,6,1004,4126440,4847.5
1,candidate,plain,4110,1,7,1004,4126440,4843.7
1,candidate,plain,4110,1,8,1004,4126440,4889.9
1,candidate,plain,4110,2,0,1004,4126440,746.5
1,candidate,plain,4110,2,1,1004,4126440,745.5
1,candidate,plain,4110,2,2,1004,4126440,762.3
1,candidate,plain,4110,2,3,1004,4126440,744.7
1,candidate,plain,4110,2,4,1004,4126440,744.7
1,candidate,plain,4110,2,5,1004,4126440,761.9
1,candidate,plain,4110,2,6,1004,4126440,744.9
1,candidate,plain,4110,2,7,1004,4126440,763.1
1,candidate,plain,4110,2,8,1004,4126440,744.1
1,candidate,plain,4110,3,0,1004,4401536,5125.6
1,candidate,plain,4110,3,1,1004,4401536,5024.4
1,candidate,plain,4110,3,2,1004,4401536,5083.1
1,candidate,plain,4110,3,3,1004,4401536,5046.5
1,candidate,plain,4110,3,4,1004,4401536,5056.2
1,candidate,plain,4110,3,5,1004,4401536,5068.5
1,candidate,plain,4110,3,6,1004,4401536,5151.8
1,candidate,plain,4110,3,7,1004,4401536,5222.3
1,candidate,plain,4110,3,8,1004,4401536,5259.3
1,candidate,plain,65550,0,0,64,4474880,87879.5
1,candidate,plain,65550,0,1,64,4474880,89367.7
1,candidate,plain,65550,0,2,64,4474880,87072.5
1,candidate,plain,65550,0,3,64,4474880,88083.8
1,candidate,plain,65550,0,4,64,4474880,87994.4
1,candidate,plain,65550,0,5,64,4474880,87549.0
1,candidate,plain,65550,0,6,64,4474880,94051.2
1,candidate,plain,65550,0,7,64,4474880,89522.4
1,candidate,plain,65550,0,8,64,4474880,88178.8
1,candidate,plain,65550,1,0,64,4195200,76936.2
1,candidate,plain,65550,1,1,64,4195200,77967.2
1,candidate,plain,65550,1,2,64,4195200,77423.3
1,candidate,plain,65550,1,3,64,4195200,77532.7
1,candidate,plain,65550,1,4,64,4195200,77470.8
1,candidate,plain,65550,1,5,64,4195200,77413.4
1,candidate,plain,65550,1,6,64,4195200,76744.5
1,candidate,plain,65550,1,7,64,4195200,77842.0
1,candidate,plain,65550,1,8,64,4195200,77404.1
1,candidate,plain,65550,2,0,64,4195200,12007.3
1,candidate,plain,65550,2,1,64,4195200,11842.2
1,candidate,plain,65550,2,2,64,4195200,11807.5
1,candidate,plain,65550,2,3,64,4195200,12097.1
1,candidate,plain,65550,2,4,64,4195200,11893.6
1,candidate,plain,65550,2,5,64,4195200,12342.7
1,candidate,plain,65550,2,6,64,4195200,11771.3
1,candidate,plain,65550,2,7,64,4195200,11767.5
1,candidate,plain,65550,2,8,64,4195200,12147.9
1,candidate,plain,65550,3,0,64,4474880,80425.9
1,candidate,plain,65550,3,1,64,4474880,82910.4
1,candidate,plain,65550,3,2,64,4474880,81568.0
1,candidate,plain,65550,3,3,64,4474880,81049.5
1,candidate,plain,65550,3,4,64,4474880,80584.4
1,candidate,plain,65550,3,5,64,4474880,80925.6
1,candidate,plain,65550,3,6,64,4474880,79661.2
1,candidate,plain,65550,3,7,64,4474880,81784.7
1,candidate,plain,65550,3,8,64,4474880,80985.6
1,candidate,mixed,46,0,0,38130,3660480,86.2
1,candidate,mixed,46,0,1,38130,3660480,84.5
1,candidate,mixed,46,0,2,38130,3660480,85.6
1,candidate,mixed,46,0,3,38130,3660480,85.1
1,candidate,mixed,46,0,4,38130,3660480,86.2
1,candidate,mixed,46,0,5,38130,3660480,132.5
1,candidate,mixed,46,0,6,38130,3660480,99.4
1,candidate,mixed,46,0,7,38130,3660480,84.1
1,candidate,mixed,46,0,8,38130,3660480,85.9
1,candidate,mixed,46,1,0,38130,3507960,86.5
1,candidate,mixed,46,1,1,38130,3507960,87.4
1,candidate,mixed,46,1,2,38130,3507960,86.6
1,candidate,mixed,46,1,3,38130,3507960,89.0
1,candidate,mixed,46,1,4,38130,3507960,85.9
1,candidate,mixed,46,1,5,38130,3507960,88.0
1,candidate,mixed,46,1,6,38130,3507960,87.0
1,candidate,mixed,46,1,7,38130,3507960,87.7
1,candidate,mixed,46,1,8,38130,3507960,86.8
1,candidate,mixed,46,2,0,38130,2897880,68.8
1,candidate,mixed,46,2,1,38130,2897880,70.5
1,candidate,mixed,46,2,2,38130,2897880,70.4
1,candidate,mixed,46,2,3,38130,2897880,69.0
1,candidate,mixed,46,2,4,38130,2897880,68.9
1,candidate,mixed,46,2,5,38130,2897880,67.6
1,candidate,mixed,46,2,6,38130,2897880,69.5
1,candidate,mixed,46,2,7,38130,2897880,73.6
1,candidate,mixed,46,2,8,38130,2897880,69.9
1,candidate,mixed,46,3,0,38130,3355440,84.1
1,candidate,mixed,46,3,1,38130,3355440,84.1
1,candidate,mixed,46,3,2,38130,3355440,83.7
1,candidate,mixed,46,3,3,38130,3355440,83.5
1,candidate,mixed,46,3,4,38130,3355440,84.3
1,candidate,mixed,46,3,5,38130,3355440,84.6
1,candidate,mixed,46,3,6,38130,3355440,84.9
1,candidate,mixed,46,3,7,38130,3355440,84.4
1,candidate,mixed,46,3,8,38130,3355440,83.5
1,candidate,mixed,92,0,0,26886,5162112,174.6
1,candidate,mixed,92,0,1,26886,5162112,168.7
1,candidate,mixed,92,0,2,26886,5162112,169.0
1,candidate,mixed,92,0,3,26886,5162112,168.4
1,candidate,mixed,92,0,4,26886,5162112,167.1
1,candidate,mixed,92,0,5,26886,5162112,170.7
1,candidate,mixed,92,0,6,26886,5162112,168.2
1,candidate,mixed,92,0,7,26886,5162112,167.3
1,candidate,mixed,92,0,8,26886,5162112,170.2
1,candidate,mixed,92,1,0,26886,4947024,180.2
1,candidate,mixed,92,1,1,26886,4947024,176.6
1,candidate,mixed,92,1,2,26886,4947024,173.2
1,candidate,mixed,92,1,3,26886,4947024,175.3
1,candidate,mixed,92,1,4,26886,4947024,175.6
1,candidate,mixed,92,1,5,26886,4947024,171.0
1,candidate,mixed,92,1,6,26886,4947024,174.3
1,candidate,mixed,92,1,7,26886,4947024,174.8
1,candidate,mixed,92,1,8,26886,4947024,172.2
1,candidate,mixed,92,2,0,26886,4086672,114.0
1,candidate,mixed,92,2,1,26886,4086672,109.1
1,candidate,mixed,92,2,2,26886,4086672,111.2
1,candidate,mixed,92,2,3,26886,4086672,106.7
1,candidate,mixed,92,2,4,26886,4086672,118.8
1,candidate,mixed,92,2,5,26886,4086672,117.9
1,candidate,mixed,92,2,6,26886,4086672,115.5
1,candidate,mixed,92,2,7,26886,4086672,112.4
1,candidate,mixed,92,2,8,26886,4086672,110.9
1,candidate,mixed,92,3,0,26886,4731936,160.1
1,candidate,mixed,92,3,1,26886,4731936,162.7
1,candidate,mixed,92,3,2,26886,4731936,162.0
1,candidate,mixed,92,3,3,26886,4731936,161.2
1,candidate,mixed,92,3,4,26886,4731936,162.1
1,candidate,mixed,92,3,5,26886,4731936,159.8
1,candidate,mixed,92,3,6,26886,4731936,164.8
1,candidate,mixed,92,3,7,26886,4731936,166.7
1,candidate,mixed,92,3,8,26886,4731936,164.2
1,candidate,mixed,4140,0,0,997,8614080,6983.9
1,candidate,mixed,4140,0,1,997,8614080,6965.8
1,candidate,mixed,4140,0,2,997,8614080,7114.3
1,candidate,mixed,4140,0,3,997,8614080,6967.2
1,candidate,mixed,4140,0,4,997,8614080,6981.9
1,candidate,mixed,4140,0,5,997,8614080,6935.4
1,candidate,mixed,4140,0,6,997,8614080,7098.6
1,candidate,mixed,4140,0,7,997,8614080,6924.2
1,candidate,mixed,4140,0,8,997,8614080,7433.3
1,candidate,mixed,4140,1,0,997,8255160,7438.9
1,candidate,mixed,4140,1,1,997,8255160,7341.8
1,candidate,mixed,4140,1,2,997,8255160,7372.3
1,candidate,mixed,4140,1,3,997,8255160,7281.4
1,candidate,mixed,4140,1,4,997,8255160,7416.8
1,candidate,mixed,4140,1,5,997,8255160,7381.6
1,candidate,mixed,4140,1,6,997,8255160,7435.6
1,candidate,mixed,4140,1,7,997,8255160,7294.6
1,candidate,mixed,4140,1,8,997,8255160,7523.3
1,candidate,mixed,4140,2,0,997,6819480,4089.6
1,candidate,mixed,4140,2,1,997,6819480,4127.6
1,candidate,mixed,4140,2,2,997,6819480,4148.1
1,candidate,mixed,4140,2,3,997,6819480,4028.7
1,candidate,mixed,4140,2,4,997,6819480,4069.8
1,candidate,mixed,4140,2,5,997,6819480,4180.4
1,candidate,mixed,4140,2,6,997,6819480,4360.2
1,candidate,mixed,4140,2,7,997,6819480,4202.1
1,candidate,mixed,4140,2,8,997,6819480,4046.9
1,candidate,mixed,4140,3,0,997,7896240,6666.9
1,candidate,mixed,4140,3,1,997,7896240,6838.4
1,candidate,mixed,4140,3,2,997,7896240,6967.4
1,candidate,mixed,4140,3,3,997,7896240,6787.5
1,candidate,mixed,4140,3,4,997,7896240,6784.5
1,candidate,mixed,4140,3,5,997,7896240,6653.8
1,candidate,mixed,4140,3,6,997,7896240,6952.3
1,candidate,mixed,4140,3,7,997,7896240,6760.4
1,candidate,mixed,4140,3,8,997,7896240,6769.0
1,candidate,mixed,65550,0,0,64,8755200,109954.7
1,candidate,mixed,65550,0,1,64,8755200,110084.9
1,candidate,mixed,65550,0,2,64,8755200,110721.3
1,candidate,mixed,65550,0,3,64,8755200,109933.8
1,candidate,mixed,65550,0,4,64,8755200,110520.5
1,candidate,mixed,65550,0,5,64,8755200,110471.8
1,candidate,mixed,65550,0,6,64,8755200,111100.6
1,candidate,mixed,65550,0,7,64,8755200,110434.8
1,candidate,mixed,65550,0,8,64,8755200,111317.1
1,candidate,mixed,65550,1,0,64,8390400,116553.8
1,candidate,mixed,65550,1,1,64,8390400,116291.7
1,candidate,mixed,65550,1,2,64,8390400,116720.8
1,candidate,mixed,65550,1,3,64,8390400,115621.1
1,candidate,mixed,65550,1,4,64,8390400,123922.4
1,candidate,mixed,65550,1,5,64,8390400,116438.6
1,candidate,mixed,65550,1,6,64,8390400,117206.8
1,candidate,mixed,65550,1,7,64,8390400,115367.5
1,candidate,mixed,65550,1,8,64,8390400,116302.4
1,candidate,mixed,65550,2,0,64,6931200,62894.0
1,candidate,mixed,65550,2,1,64,6931200,61664.3
1,candidate,mixed,65550,2,2,64,6931200,61765.5
1,candidate,mixed,65550,2,3,64,6931200,61872.0
1,candidate,mixed,65550,2,4,64,6931200,62699.7
1,candidate,mixed,65550,2,5,64,6931200,61542.7
1,candidate,mixed,65550,2,6,64,6931200,61877.9
1,candidate,mixed,65550,2,7,64,6931200,62068.5
1,candidate,mixed,65550,2,8,64,6931200,62848.6
1,candidate,mixed,65550,3,0,64,8025600,105279.0
1,candidate,mixed,65550,3,1,64,8025600,104407.0
1,candidate,mixed,65550,3,2,64,8025600,105570.3
1,candidate,mixed,65550,3,3,64,8025600,104447.9
1,candidate,mixed,65550,3,4,64,8025600,105162.8
1,candidate,mixed,65550,3,5,64,8025600,109561.3
1,candidate,mixed,65550,3,6,64,8025600,109976.6
1,candidate,mixed,65550,3,7,64,8025600,106193.2
1,candidate,mixed,65550,3,8,64,8025600,110572.2
1,candidate,unreserved,1,0,0,64527,64527,9.2
1,candidate,unreserved,1,0,1,64527,64527,8.9
1,candidate,unreserved,1,0,2,64527,64527,9.0
1,candidate,unreserved,1,0,3,64527,64527,8.8
1,candidate,unreserved,1,0,4,64527,64527,9.1
1,candidate,unreserved,1,0,5,64527,64527,8.8
1,candidate,unreserved,1,0,6,64527,64527,10.5
1,candidate,unreserved,1,0,7,64527,64527,9.0
1,candidate,unreserved,1,0,8,64527,64527,9.2
1,candidate,unreserved,1,1,0,64527,64527,9.1
1,candidate,unreserved,1,1,1,64527,64527,9.1
1,candidate,unreserved,1,1,2,64527,64527,11.9
1,candidate,unreserved,1,1,3,64527,64527,8.8
1,candidate,unreserved,1,1,4,64527,64527,9.0
1,candidate,unreserved,1,1,5,64527,64527,11.3
1,candidate,unreserved,1,1,6,64527,64527,8.8
1,candidate,unreserved,1,1,7,64527,64527,8.8
1,candidate,unreserved,1,1,8,64527,64527,9.6
1,candidate,unreserved,1,2,0,64527,64527,18.7
1,candidate,unreserved,1,2,1,64527,64527,14.2
1,candidate,unreserved,1,2,2,64527,64527,17.0
1,candidate,unreserved,1,2,3,64527,64527,14.4
1,candidate,unreserved,1,2,4,64527,64527,14.3
1,candidate,unreserved,1,2,5,64527,64527,14.1
1,candidate,unreserved,1,2,6,64527,64527,14.6
1,candidate,unreserved,1,2,7,64527,64527,14.3
1,candidate,unreserved,1,2,8,64527,64527,14.3
1,candidate,unreserved,1,3,0,64527,64527,9.5
1,candidate,unreserved,1,3,1,64527,64527,9.0
1,candidate,unreserved,1,3,2,64527,64527,9.0
1,candidate,unreserved,1,3,3,64527,64527,9.1
1,candidate,unreserved,1,3,4,64527,64527,9.4
1,candidate,unreserved,1,3,5,64527,64527,9.1
1,candidate,unreserved,1,3,6,64527,64527,9.1
1,candidate,unreserved,1,3,7,64527,64527,9.5
1,candidate,unreserved,1,3,8,64527,64527,9.1
1,candidate,unreserved,8,0,0,58254,466032,19.1
1,candidate,unreserved,8,0,1,58254,466032,19.3
1,candidate,unreserved,8,0,2,58254,466032,19.4
1,candidate,unreserved,8,0,3,58254,466032,19.2
1,candidate,unreserved,8,0,4,58254,466032,19.3
1,candidate,unreserved,8,0,5,58254,466032,19.3
1,candidate,unreserved,8,0,6,58254,466032,19.1
1,candidate,unreserved,8,0,7,58254,466032,19.7
1,candidate,unreserved,8,0,8,58254,466032,19.3
1,candidate,unreserved,8,1,0,58254,466032,15.7
1,candidate,unreserved,8,1,1,58254,466032,15.5
1,candidate,unreserved,8,1,2,58254,466032,15.7
1,candidate,unreserved,8,1,3,58254,466032,15.9
1,candidate,unreserved,8,1,4,58254,466032,16.4
1,candidate,unreserved,8,1,5,58254,466032,19.3
1,candidate,unreserved,8,1,6,58254,466032,16.7
1,candidate,unreserved,8,1,7,58254,466032,17.4
1,candidate,unreserved,8,1,8,58254,466032,15.9
1,candidate,unreserved,8,2,0,58254,466032,18.8
1,candidate,unreserved,8,2,1,58254,466032,18.8
1,candidate,unreserved,8,2,2,58254,466032,19.0
1,candidate,unreserved,8,2,3,58254,466032,18.9
1,candidate,unreserved,8,2,4,58254,466032,19.4
1,candidate,unreserved,8,2,5,58254,466032,19.9
1,candidate,unreserved,8,2,6,58254,466032,19.5
1,candidate,unreserved,8,2,7,58254,466032,19.2
1,candidate,unreserved,8,2,8,58254,466032,18.8
1,candidate,unreserved,8,3,0,58254,466032,17.1
1,candidate,unreserved,8,3,1,58254,466032,17.3
1,candidate,unreserved,8,3,2,58254,466032,17.1
1,candidate,unreserved,8,3,3,58254,466032,16.8
1,candidate,unreserved,8,3,4,58254,466032,17.4
1,candidate,unreserved,8,3,5,58254,466032,17.7
1,candidate,unreserved,8,3,6,58254,466032,16.9
1,candidate,unreserved,8,3,7,58254,466032,16.7
1,candidate,unreserved,8,3,8,58254,466032,17.5
1,candidate,unreserved,64,0,0,32768,2097152,93.9
1,candidate,unreserved,64,0,1,32768,2097152,95.2
1,candidate,unreserved,64,0,2,32768,2097152,97.8
1,candidate,unreserved,64,0,3,32768,2097152,96.5
1,candidate,unreserved,64,0,4,32768,2097152,94.7
1,candidate,unreserved,64,0,5,32768,2097152,97.9
1,candidate,unreserved,64,0,6,32768,2097152,99.0
1,candidate,unreserved,64,0,7,32768,2097152,99.9
1,candidate,unreserved,64,0,8,32768,2097152,100.8
1,candidate,unreserved,64,1,0,32768,2097152,91.9
1,candidate,unreserved,64,1,1,32768,2097152,91.5
1,candidate,unreserved,64,1,2,32768,2097152,90.8
1,candidate,unreserved,64,1,3,32768,2097152,90.8
1,candidate,unreserved,64,1,4,32768,2097152,90.2
1,candidate,unreserved,64,1,5,32768,2097152,92.5
1,candidate,unreserved,64,1,6,32768,2097152,92.9
1,candidate,unreserved,64,1,7,32768,2097152,91.6
1,candidate,unreserved,64,1,8,32768,2097152,92.9
1,candidate,unreserved,64,2,0,32768,2097152,51.4
1,candidate,unreserved,64,2,1,32768,2097152,54.7
1,candidate,unreserved,64,2,2,32768,2097152,53.0
1,candidate,unreserved,64,2,3,32768,2097152,51.9
1,candidate,unreserved,64,2,4,32768,2097152,52.1
1,candidate,unreserved,64,2,5,32768,2097152,53.3
1,candidate,unreserved,64,2,6,32768,2097152,53.6
1,candidate,unreserved,64,2,7,32768,2097152,55.3
1,candidate,unreserved,64,2,8,32768,2097152,53.5
1,candidate,unreserved,64,3,0,32768,2097152,85.1
1,candidate,unreserved,64,3,1,32768,2097152,83.9
1,candidate,unreserved,64,3,2,32768,2097152,84.6
1,candidate,unreserved,64,3,3,32768,2097152,84.7
1,candidate,unreserved,64,3,4,32768,2097152,89.9
1,candidate,unreserved,64,3,5,32768,2097152,89.9
1,candidate,unreserved,64,3,6,32768,2097152,84.0
1,candidate,unreserved,64,3,7,32768,2097152,87.3
1,candidate,unreserved,64,3,8,32768,2097152,88.1
1,candidate,unreserved,4096,0,0,1008,4128768,5248.9
1,candidate,unreserved,4096,0,1,1008,4128768,5300.1
1,candidate,unreserved,4096,0,2,1008,4128768,5545.7
1,candidate,unreserved,4096,0,3,1008,4128768,5261.5
1,candidate,unreserved,4096,0,4,1008,4128768,5543.7
1,candidate,unreserved,4096,0,5,1008,4128768,5324.3
1,candidate,unreserved,4096,0,6,1008,4128768,5253.7
1,candidate,unreserved,4096,0,7,1008,4128768,5352.8
1,candidate,unreserved,4096,0,8,1008,4128768,5241.9
1,candidate,unreserved,4096,1,0,1008,4128768,4809.2
1,candidate,unreserved,4096,1,1,1008,4128768,4796.8
1,candidate,unreserved,4096,1,2,1008,4128768,4716.0
1,candidate,unreserved,4096,1,3,1008,4128768,4662.5
1,candidate,unreserved,4096,1,4,1008,4128768,5077.9
1,candidate,unreserved,4096,1,5,1008,4128768,4671.2
1,candidate,unreserved,4096,1,6,1008,4128768,4885.4
1,candidate,unreserved,4096,1,7,1008,4128768,4792.9
1,candidate,unreserved,4096,1,8,1008,4128768,4734.0
1,candidate,unreserved,4096,2,0,1008,4128768,729.6
1,candidate,unreserved,4096,2,1,1008,4128768,753.3
1,candidate,unreserved,4096,2,2,1008,4128768,792.0
1,candidate,unreserved,4096,2,3,1008,4128768,787.4
1,candidate,unreserved,4096,2,4,1008,4128768,734.1
1,candidate,unreserved,4096,2,5,1008,4128768,719.9
1,candidate,unreserved,4096,2,6,1008,4128768,732.1
1,candidate,unreserved,4096,2,7,1008,4128768,732.1
1,candidate,unreserved,4096,2,8,1008,4128768,754.3
1,candidate,unreserved,4096,3,0,1008,4128768,4589.4
1,candidate,unreserved,4096,3,1,1008,4128768,4558.8
1,candidate,unreserved,4096,3,2,1008,4128768,4511.3
1,candidate,unreserved,4096,3,3,1008,4128768,4530.5
1,candidate,unreserved,4096,3,4,1008,4128768,4587.1
1,candidate,unreserved,4096,3,5,1008,4128768,4637.4
1,candidate,unreserved,4096,3,6,1008,4128768,4677.1
1,candidate,unreserved,4096,3,7,1008,4128768,4593.5
1,candidate,unreserved,4096,3,8,1008,4128768,4492.3
1,candidate,unreserved,65536,0,0,64,4194304,88946.3
1,candidate,unreserved,65536,0,1,64,4194304,89248.0
1,candidate,unreserved,65536,0,2,64,4194304,83728.9
1,candidate,unreserved,65536,0,3,64,4194304,90585.0
1,candidate,unreserved,65536,0,4,64,4194304,89333.8
1,candidate,unreserved,65536,0,5,64,4194304,85756.8
1,candidate,unreserved,65536,0,6,64,4194304,83570.1
1,candidate,unreserved,65536,0,7,64,4194304,83122.6
1,candidate,unreserved,65536,0,8,64,4194304,83537.2
1,candidate,unreserved,65536,1,0,64,4194304,76000.7
1,candidate,unreserved,65536,1,1,64,4194304,80905.8
1,candidate,unreserved,65536,1,2,64,4194304,75448.5
1,candidate,unreserved,65536,1,3,64,4194304,81507.4
1,candidate,unreserved,65536,1,4,64,4194304,83645.2
1,candidate,unreserved,65536,1,5,64,4194304,80260.8
1,candidate,unreserved,65536,1,6,64,4194304,76126.0
1,candidate,unreserved,65536,1,7,64,4194304,79384.7
1,candidate,unreserved,65536,1,8,64,4194304,75763.2
1,candidate,unreserved,65536,2,0,64,4194304,11463.5
1,candidate,unreserved,65536,2,1,64,4194304,11746.5
1,candidate,unreserved,65536,2,2,64,4194304,11424.6
1,candidate,unreserved,65536,2,3,64,4194304,12356.2
1,candidate,unreserved,65536,2,4,64,4194304,11423.3
1,candidate,unreserved,65536,2,5,64,4194304,11424.9
1,candidate,unreserved,65536,2,6,64,4194304,11595.4
1,candidate,unreserved,65536,2,7,64,4194304,11534.7
1,candidate,unreserved,65536,2,8,64,4194304,11748.0
1,candidate,unreserved,65536,3,0,64,4194304,70618.2
1,candidate,unreserved,65536,3,1,64,4194304,72516.8
1,candidate,unreserved,65536,3,2,64,4194304,71565.4
1,candidate,unreserved,65536,3,3,64,4194304,70552.2
1,candidate,unreserved,65536,3,4,64,4194304,71279.5
1,candidate,unreserved,65536,3,5,64,4194304,71675.4
1,candidate,unreserved,65536,3,6,64,4194304,71041.1
1,candidate,unreserved,65536,3,7,64,4194304,71169.1
1,candidate,unreserved,65536,3,8,64,4194304,70619.2
1,candidate,dense,4,0,0,61680,740160,17.0
1,candidate,dense,4,0,1,61680,740160,16.8
1,candidate,dense,4,0,2,61680,740160,17.2
1,candidate,dense,4,0,3,61680,740160,17.0
1,candidate,dense,4,0,4,61680,740160,18.1
1,candidate,dense,4,0,5,61680,740160,17.0
1,candidate,dense,4,0,6,61680,740160,17.2
1,candidate,dense,4,0,7,61680,740160,17.0
1,candidate,dense,4,0,8,61680,740160,17.0
1,candidate,dense,4,1,0,61680,616800,17.0
1,candidate,dense,4,1,1,61680,616800,16.1
1,candidate,dense,4,1,2,61680,616800,16.4
1,candidate,dense,4,1,3,61680,616800,16.3
1,candidate,dense,4,1,4,61680,616800,17.1
1,candidate,dense,4,1,5,61680,616800,16.3
1,candidate,dense,4,1,6,61680,616800,16.5
1,candidate,dense,4,1,7,61680,616800,16.3
1,candidate,dense,4,1,8,61680,616800,16.7
1,candidate,dense,4,2,0,61680,246720,17.3
1,candidate,dense,4,2,1,61680,246720,17.4
1,candidate,dense,4,2,2,61680,246720,17.8
1,candidate,dense,4,2,3,61680,246720,18.1
1,candidate,dense,4,2,4,61680,246720,18.1
1,candidate,dense,4,2,5,61680,246720,17.4
1,candidate,dense,4,2,6,61680,246720,17.6
1,candidate,dense,4,2,7,61680,246720,17.7
1,candidate,dense,4,2,8,61680,246720,17.7
1,candidate,dense,4,3,0,61680,616800,16.0
1,candidate,dense,4,3,1,61680,616800,16.5
1,candidate,dense,4,3,2,61680,616800,16.1
1,candidate,dense,4,3,3,61680,616800,16.4
1,candidate,dense,4,3,4,61680,616800,16.0
1,candidate,dense,4,3,5,61680,616800,16.4
1,candidate,dense,4,3,6,61680,616800,17.1
1,candidate,dense,4,3,7,61680,616800,16.4
1,candidate,dense,4,3,8,61680,616800,16.1
1,candidate,dense,8,0,0,58254,1398096,25.8
1,candidate,dense,8,0,1,58254,1398096,25.8
1,candidate,dense,8,0,2,58254,1398096,26.0
1,candidate,dense,8,0,3,58254,1398096,26.1
1,candidate,dense,8,0,4,58254,1398096,25.6
1,candidate,dense,8,0,5,58254,1398096,25.8
1,candidate,dense,8,0,6,58254,1398096,26.2
1,candidate,dense,8,0,7,58254,1398096,26.0
1,candidate,dense,8,0,8,58254,1398096,26.1
1,candidate,dense,8,1,0,58254,1165080,24.4
1,candidate,dense,8,1,1,58254,1165080,24.8
1,candidate,dense,8,1,2,58254,1165080,25.1
1,candidate,dense,8,1,3,58254,1165080,24.6
1,candidate,dense,8,1,4,58254,1165080,25.2
1,candidate,dense,8,1,5,58254,1165080,26.0
1,candidate,dense,8,1,6,58254,1165080,24.8
1,candidate,dense,8,1,7,58254,1165080,24.8
1,candidate,dense,8,1,8,58254,1165080,24.8
1,candidate,dense,8,2,0,58254,466032,22.2
1,candidate,dense,8,2,1,58254,466032,22.2
1,candidate,dense,8,2,2,58254,466032,22.3
1,candidate,dense,8,2,3,58254,466032,21.6
1,candidate,dense,8,2,4,58254,466032,21.6
1,candidate,dense,8,2,5,58254,466032,21.5
1,candidate,dense,8,2,6,58254,466032,21.3
1,candidate,dense,8,2,7,58254,466032,21.6
1,candidate,dense,8,2,8,58254,466032,22.1
1,candidate,dense,8,3,0,58254,1165080,23.8
1,candidate,dense,8,3,1,58254,1165080,24.6
1,candidate,dense,8,3,2,58254,1165080,24.2
1,candidate,dense,8,3,3,58254,1165080,23.8
1,candidate,dense,8,3,4,58254,1165080,24.1
1,candidate,dense,8,3,5,58254,1165080,24.1
1,candidate,dense,8,3,6,58254,1165080,24.8
1,candidate,dense,8,3,7,58254,1165080,24.6
1,candidate,dense,8,3,8,58254,1165080,24.2
1,candidate,dense,64,0,0,32768,6291456,152.4
1,candidate,dense,64,0,1,32768,6291456,151.3
1,candidate,dense,64,0,2,32768,6291456,152.0
1,candidate,dense,64,0,3,32768,6291456,152.0
1,candidate,dense,64,0,4,32768,6291456,152.6
1,candidate,dense,64,0,5,32768,6291456,151.4
1,candidate,dense,64,0,6,32768,6291456,153.5
1,candidate,dense,64,0,7,32768,6291456,152.9
1,candidate,dense,64,0,8,32768,6291456,150.9
1,candidate,dense,64,1,0,32768,5242880,165.6
1,candidate,dense,64,1,1,32768,5242880,152.2
1,candidate,dense,64,1,2,32768,5242880,149.8
1,candidate,dense,64,1,3,32768,5242880,161.4
1,candidate,dense,64,1,4,32768,5242880,158.0
1,candidate,dense,64,1,5,32768,5242880,150.0
1,candidate,dense,64,1,6,32768,5242880,150.9
1,candidate,dense,64,1,7,32768,5242880,151.1
1,candidate,dense,64,1,8,32768,5242880,150.6
1,candidate,dense,64,2,0,32768,2097152,69.8
1,candidate,dense,64,2,1,32768,2097152,73.1
1,candidate,dense,64,2,2,32768,2097152,71.1
1,candidate,dense,64,2,3,32768,2097152,71.5
1,candidate,dense,64,2,4,32768,2097152,71.4
1,candidate,dense,64,2,5,32768,2097152,71.7
1,candidate,dense,64,2,6,32768,2097152,71.0
1,candidate,dense,64,2,7,32768,2097152,70.5
1,candidate,dense,64,2,8,32768,2097152,70.6
1,candidate,dense,64,3,0,32768,5242880,145.3
1,candidate,dense,64,3,1,32768,5242880,140.8
1,candidate,dense,64,3,2,32768,5242880,140.2
1,candidate,dense,64,3,3,32768,5242880,140.2
1,candidate,dense,64,3,4,32768,5242880,141.2
1,candidate,dense,64,3,5,32768,5242880,140.7
1,candidate,dense,64,3,6,32768,5242880,140.5
1,candidate,dense,64,3,7,32768,5242880,140.9
1,candidate,dense,64,3,8,32768,5242880,141.4
1,candidate,dense,4096,0,0,1008,12386304,8895.6
1,candidate,dense,4096,0,1,1008,12386304,8838.2
1,candidate,dense,4096,0,2,1008,12386304,8847.5
1,candidate,dense,4096,0,3,1008,12386304,8932.3
1,candidate,dense,4096,0,4,1008,12386304,8807.2
1,candidate,dense,4096,0,5,1008,12386304,9016.3
1,candidate,dense,4096,0,6,1008,12386304,8951.5
1,candidate,dense,4096,0,7,1008,12386304,9322.0
1,candidate,dense,4096,0,8,1008,12386304,8864.3
1,candidate,dense,4096,1,0,1008,10321920,9158.8
1,candidate,dense,4096,1,1,1008,10321920,9149.0
1,candidate,dense,4096,1,2,1008,10321920,9317.9
1,candidate,dense,4096,1,3,1008,10321920,9158.2
1,candidate,dense,4096,1,4,1008,10321920,9179.4
1,candidate,dense,4096,1,5,1008,10321920,9042.8
1,candidate,dense,4096,1,6,1008,10321920,8825.4
1,candidate,dense,4096,1,7,1008,10321920,8823.7
1,candidate,dense,4096,1,8,1008,10321920,8836.2
1,candidate,dense,4096,2,0,1008,4128768,795.3
1,candidate,dense,4096,2,1,1008,4128768,763.4
1,candidate,dense,4096,2,2,1008,4128768,760.5
1,candidate,dense,4096,2,3,1008,4128768,768.5
1,candidate,dense,4096,2,4,1008,4128768,756.2
1,candidate,dense,4096,2,5,1008,4128768,756.9
1,candidate,dense,4096,2,6,1008,4128768,757.6
1,candidate,dense,4096,2,7,1008,4128768,775.3
1,candidate,dense,4096,2,8,1008,4128768,764.6
1,candidate,dense,4096,3,0,1008,10321920,8133.0
1,candidate,dense,4096,3,1,1008,10321920,8438.3
1,candidate,dense,4096,3,2,1008,10321920,8116.8
1,candidate,dense,4096,3,3,1008,10321920,8968.2
1,candidate,dense,4096,3,4,1008,10321920,8325.9
1,candidate,dense,4096,3,5,1008,10321920,8567.5
1,candidate,dense,4096,3,6,1008,10321920,8700.9
1,candidate,dense,4096,3,7,1008,10321920,8453.0
1,candidate,dense,4096,3,8,1008,10321920,8591.9
1,candidate,dense,65536,0,0,64,12582912,146707.5
1,candidate,dense,65536,0,1,64,12582912,141781.2
1,candidate,dense,65536,0,2,64,12582912,141287.0
1,candidate,dense,65536,0,3,64,12582912,145512.9
1,candidate,dense,65536,0,4,64,12582912,142482.6
1,candidate,dense,65536,0,5,64,12582912,147994.8
1,candidate,dense,65536,0,6,64,12582912,142131.1
1,candidate,dense,65536,0,7,64,12582912,141793.5
1,candidate,dense,65536,0,8,64,12582912,142447.6
1,candidate,dense,65536,1,0,64,10485760,142510.0
1,candidate,dense,65536,1,1,64,10485760,141464.6
1,candidate,dense,65536,1,2,64,10485760,142484.0
1,candidate,dense,65536,1,3,64,10485760,141846.0
1,candidate,dense,65536,1,4,64,10485760,143101.9
1,candidate,dense,65536,1,5,64,10485760,141876.5
1,candidate,dense,65536,1,6,64,10485760,141436.6
1,candidate,dense,65536,1,7,64,10485760,142042.3
1,candidate,dense,65536,1,8,64,10485760,140919.9
1,candidate,dense,65536,2,0,64,4194304,12067.9
1,candidate,dense,65536,2,1,64,4194304,12122.9
1,candidate,dense,65536,2,2,64,4194304,11924.6
1,candidate,dense,65536,2,3,64,4194304,11874.4
1,candidate,dense,65536,2,4,64,4194304,12145.2
1,candidate,dense,65536,2,5,64,4194304,12003.7
1,candidate,dense,65536,2,6,64,4194304,12039.8
1,candidate,dense,65536,2,7,64,4194304,11876.5
1,candidate,dense,65536,2,8,64,4194304,11873.0
1,candidate,dense,65536,3,0,64,10485760,134045.9
1,candidate,dense,65536,3,1,64,10485760,132956.1
1,candidate,dense,65536,3,2,64,10485760,131918.4
1,candidate,dense,65536,3,3,64,10485760,137962.4
1,candidate,dense,65536,3,4,64,10485760,132712.7
1,candidate,dense,65536,3,5,64,10485760,131920.0
1,candidate,dense,65536,3,6,64,10485760,133549.1
1,candidate,dense,65536,3,7,64,10485760,140477.4
1,candidate,dense,65536,3,8,64,10485760,136719.8
1,candidate,html_dense,5,0,0,60787,911805,18.4
1,candidate,html_dense,5,0,1,60787,911805,18.7
1,candidate,html_dense,5,0,2,60787,911805,19.3
1,candidate,html_dense,5,0,3,60787,911805,18.5
1,candidate,html_dense,5,0,4,60787,911805,18.8
1,candidate,html_dense,5,0,5,60787,911805,18.9
1,candidate,html_dense,5,0,6,60787,911805,19.7
1,candidate,html_dense,5,0,7,60787,911805,18.7
1,candidate,html_dense,5,0,8,60787,911805,18.9
1,candidate,html_dense,5,1,0,60787,911805,19.6
1,candidate,html_dense,5,1,1,60787,911805,19.1
1,candidate,html_dense,5,1,2,60787,911805,19.2
1,candidate,html_dense,5,1,3,60787,911805,19.1
1,candidate,html_dense,5,1,4,60787,911805,21.0
1,candidate,html_dense,5,1,5,60787,911805,23.2
1,candidate,html_dense,5,1,6,60787,911805,20.6
1,candidate,html_dense,5,1,7,60787,911805,20.6
1,candidate,html_dense,5,1,8,60787,911805,19.7
1,candidate,html_dense,5,2,0,60787,1458888,26.7
1,candidate,html_dense,5,2,1,60787,1458888,26.6
1,candidate,html_dense,5,2,2,60787,1458888,26.7
1,candidate,html_dense,5,2,3,60787,1458888,26.7
1,candidate,html_dense,5,2,4,60787,1458888,28.4
1,candidate,html_dense,5,2,5,60787,1458888,32.2
1,candidate,html_dense,5,2,6,60787,1458888,26.5
1,candidate,html_dense,5,2,7,60787,1458888,27.0
1,candidate,html_dense,5,2,8,60787,1458888,27.1
1,candidate,html_dense,5,3,0,60787,911805,20.2
1,candidate,html_dense,5,3,1,60787,911805,19.7
1,candidate,html_dense,5,3,2,60787,911805,19.9
1,candidate,html_dense,5,3,3,60787,911805,22.9
1,candidate,html_dense,5,3,4,60787,911805,19.3
1,candidate,html_dense,5,3,5,60787,911805,19.2
1,candidate,html_dense,5,3,6,60787,911805,19.3
1,candidate,html_dense,5,3,7,60787,911805,19.3
1,candidate,html_dense,5,3,8,60787,911805,19.4
1,candidate,html_dense,10,0,0,56679,1700370,33.7
1,candidate,html_dense,10,0,1,56679,1700370,30.6
1,candidate,html_dense,10,0,2,56679,1700370,30.0
1,candidate,html_dense,10,0,3,56679,1700370,29.7
1,candidate,html_dense,10,0,4,56679,1700370,30.0
1,candidate,html_dense,10,0,5,56679,1700370,33.7
1,candidate,html_dense,10,0,6,56679,1700370,33.2
1,candidate,html_dense,10,0,7,56679,1700370,32.3
1,candidate,html_dense,10,0,8,56679,1700370,31.2
1,candidate,html_dense,10,1,0,56679,1700370,30.8
1,candidate,html_dense,10,1,1,56679,1700370,31.4
1,candidate,html_dense,10,1,2,56679,1700370,31.1
1,candidate,html_dense,10,1,3,56679,1700370,30.8
1,candidate,html_dense,10,1,4,56679,1700370,31.3
1,candidate,html_dense,10,1,5,56679,1700370,33.2
1,candidate,html_dense,10,1,6,56679,1700370,31.2
1,candidate,html_dense,10,1,7,56679,1700370,30.6
1,candidate,html_dense,10,1,8,56679,1700370,30.8
1,candidate,html_dense,10,2,0,56679,2720592,39.6
1,candidate,html_dense,10,2,1,56679,2720592,32.6
1,candidate,html_dense,10,2,2,56679,2720592,32.1
1,candidate,html_dense,10,2,3,56679,2720592,32.5
1,candidate,html_dense,10,2,4,56679,2720592,31.8
1,candidate,html_dense,10,2,5,56679,2720592,31.9
1,candidate,html_dense,10,2,6,56679,2720592,32.0
1,candidate,html_dense,10,2,7,56679,2720592,31.9
1,candidate,html_dense,10,2,8,56679,2720592,32.0
1,candidate,html_dense,10,3,0,56679,1700370,32.0
1,candidate,html_dense,10,3,1,56679,1700370,32.6
1,candidate,html_dense,10,3,2,56679,1700370,32.2
1,candidate,html_dense,10,3,3,56679,1700370,32.7
1,candidate,html_dense,10,3,4,56679,1700370,32.9
1,candidate,html_dense,10,3,5,56679,1700370,33.0
1,candidate,html_dense,10,3,6,56679,1700370,31.3
1,candidate,html_dense,10,3,7,56679,1700370,32.5
1,candidate,html_dense,10,3,8,56679,1700370,32.8
1,candidate,html_dense,65,0,0,32513,6340035,159.3
1,candidate,html_dense,65,0,1,32513,6340035,158.8
1,candidate,html_dense,65,0,2,32513,6340035,159.8
1,candidate,html_dense,65,0,3,32513,6340035,158.5
1,candidate,html_dense,65,0,4,32513,6340035,158.0
1,candidate,html_dense,65,0,5,32513,6340035,154.5
1,candidate,html_dense,65,0,6,32513,6340035,152.7
1,candidate,html_dense,65,0,7,32513,6340035,152.7
1,candidate,html_dense,65,0,8,32513,6340035,154.0
1,candidate,html_dense,65,1,0,32513,6340035,167.1
1,candidate,html_dense,65,1,1,32513,6340035,163.8
1,candidate,html_dense,65,1,2,32513,6340035,164.6
1,candidate,html_dense,65,1,3,32513,6340035,167.9
1,candidate,html_dense,65,1,4,32513,6340035,164.9
1,candidate,html_dense,65,1,5,32513,6340035,165.8
1,candidate,html_dense,65,1,6,32513,6340035,165.0
1,candidate,html_dense,65,1,7,32513,6340035,164.7
1,candidate,html_dense,65,1,8,32513,6340035,166.3
1,candidate,html_dense,65,2,0,32513,10144056,126.3
1,candidate,html_dense,65,2,1,32513,10144056,122.3
1,candidate,html_dense,65,2,2,32513,10144056,125.1
1,candidate,html_dense,65,2,3,32513,10144056,124.7
1,candidate,html_dense,65,2,4,32513,10144056,125.5
1,candidate,html_dense,65,2,5,32513,10144056,122.4
1,candidate,html_dense,65,2,6,32513,10144056,123.5
1,candidate,html_dense,65,2,7,32513,10144056,136.2
1,candidate,html_dense,65,2,8,32513,10144056,123.6
1,candidate,html_dense,65,3,0,32513,6340035,159.1
1,candidate,html_dense,65,3,1,32513,6340035,158.4
1,candidate,html_dense,65,3,2,32513,6340035,164.4
1,candidate,html_dense,65,3,3,32513,6340035,160.7
1,candidate,html_dense,65,3,4,32513,6340035,159.2
1,candidate,html_dense,65,3,5,32513,6340035,159.6
1,candidate,html_dense,65,3,6,32513,6340035,160.9
1,candidate,html_dense,65,3,7,32513,6340035,159.4
1,candidate,html_dense,65,3,8,32513,6340035,164.1
1,candidate,html_dense,4100,0,0,1007,12386100,8864.4
1,candidate,html_dense,4100,0,1,1007,12386100,8842.8
1,candidate,html_dense,4100,0,2,1007,12386100,8873.2
1,candidate,html_dense,4100,0,3,1007,12386100,8899.2
1,candidate,html_dense,4100,0,4,1007,12386100,8854.0
1,candidate,html_dense,4100,0,5,1007,12386100,8945.2
1,candidate,html_dense,4100,0,6,1007,12386100,8888.5
1,candidate,html_dense,4100,0,7,1007,12386100,8917.4
1,candidate,html_dense,4100,0,8,1007,12386100,8936.7
1,candidate,html_dense,4100,1,0,1007,12386100,9776.9
1,candidate,html_dense,4100,1,1,1007,12386100,10203.5
1,candidate,html_dense,4100,1,2,1007,12386100,9902.8
1,candidate,html_dense,4100,1,3,1007,12386100,9807.5
1,candidate,html_dense,4100,1,4,1007,12386100,10064.6
1,candidate,html_dense,4100,1,5,1007,12386100,9932.8
1,candidate,html_dense,4100,1,6,1007,12386100,9871.4
1,candidate,html_dense,4100,1,7,1007,12386100,9826.6
1,candidate,html_dense,4100,1,8,1007,12386100,9849.7
1,candidate,html_dense,4100,2,0,1007,19817760,7102.0
1,candidate,html_dense,4100,2,1,1007,19817760,7203.0
1,candidate,html_dense,4100,2,2,1007,19817760,7048.0
1,candidate,html_dense,4100,2,3,1007,19817760,7492.9
1,candidate,html_dense,4100,2,4,1007,19817760,7239.2
1,candidate,html_dense,4100,2,5,1007,19817760,6981.7
1,candidate,html_dense,4100,2,6,1007,19817760,6996.6
1,candidate,html_dense,4100,2,7,1007,19817760,6999.4
1,candidate,html_dense,4100,2,8,1007,19817760,6984.4
1,candidate,html_dense,4100,3,0,1007,12386100,9239.4
1,candidate,html_dense,4100,3,1,1007,12386100,9222.6
1,candidate,html_dense,4100,3,2,1007,12386100,9459.2
1,candidate,html_dense,4100,3,3,1007,12386100,9218.8
1,candidate,html_dense,4100,3,4,1007,12386100,9247.0
1,candidate,html_dense,4100,3,5,1007,12386100,9264.3
1,candidate,html_dense,4100,3,6,1007,12386100,9236.5
1,candidate,html_dense,4100,3,7,1007,12386100,9274.2
1,candidate,html_dense,4100,3,8,1007,12386100,9258.2
1,candidate,html_dense,65540,0,0,64,12583680,145034.3
1,candidate,html_dense,65540,0,1,64,12583680,140943.7
1,candidate,html_dense,65540,0,2,64,12583680,141964.8
1,candidate,html_dense,65540,0,3,64,12583680,141494.9
1,candidate,html_dense,65540,0,4,64,12583680,142397.2
1,candidate,html_dense,65540,0,5,64,12583680,142684.8
1,candidate,html_dense,65540,0,6,64,12583680,141689.9
1,candidate,html_dense,65540,0,7,64,12583680,142724.8
1,candidate,html_dense,65540,0,8,64,12583680,141839.0
1,candidate,html_dense,65540,1,0,64,12583680,157587.5
1,candidate,html_dense,65540,1,1,64,12583680,158047.2
1,candidate,html_dense,65540,1,2,64,12583680,155771.4
1,candidate,html_dense,65540,1,3,64,12583680,156352.5
1,candidate,html_dense,65540,1,4,64,12583680,162379.1
1,candidate,html_dense,65540,1,5,64,12583680,163087.2
1,candidate,html_dense,65540,1,6,64,12583680,156264.2
1,candidate,html_dense,65540,1,7,64,12583680,156528.6
1,candidate,html_dense,65540,1,8,64,12583680,155311.3
1,candidate,html_dense,65540,2,0,64,20133888,109482.9
1,candidate,html_dense,65540,2,1,64,20133888,108320.6
1,candidate,html_dense,65540,2,2,64,20133888,108462.5
1,candidate,html_dense,65540,2,3,64,20133888,109772.3
1,candidate,html_dense,65540,2,4,64,20133888,107718.7
1,candidate,html_dense,65540,2,5,64,20133888,110418.4
1,candidate,html_dense,65540,2,6,64,20133888,108438.9
1,candidate,html_dense,65540,2,7,64,20133888,109789.3
1,candidate,html_dense,65540,2,8,64,20133888,109329.4
1,candidate,html_dense,65540,3,0,64,12583680,147378.5
1,candidate,html_dense,65540,3,1,64,12583680,151658.5
1,candidate,html_dense,65540,3,2,64,12583680,148784.3
1,candidate,html_dense,65540,3,3,64,12583680,150822.2
1,candidate,html_dense,65540,3,4,64,12583680,154097.0
1,candidate,html_dense,65540,3,5,64,12583680,150285.2
1,candidate,html_dense,65540,3,6,64,12583680,154693.3
1,candidate,html_dense,65540,3,7,64,12583680,151480.4
1,candidate,html_dense,65540,3,8,64,12583680,160245.8
1,candidate,html_sparse,1,0,0,64527,193581,10.0
1,candidate,html_sparse,1,0,1,64527,193581,10.6
1,candidate,html_sparse,1,0,2,64527,193581,9.4
1,candidate,html_sparse,1,0,3,64527,193581,9.5
1,candidate,html_sparse,1,0,4,64527,193581,9.6
1,candidate,html_sparse,1,0,5,64527,193581,9.6
1,candidate,html_sparse,1,0,6,64527,193581,9.5
1,candidate,html_sparse,1,0,7,64527,193581,9.7
1,candidate,html_sparse,1,0,8,64527,193581,9.7
1,candidate,html_sparse,1,1,0,64527,193581,10.1
1,candidate,html_sparse,1,1,1,64527,193581,10.2
1,candidate,html_sparse,1,1,2,64527,193581,12.0
1,candidate,html_sparse,1,1,3,64527,193581,10.5
1,candidate,html_sparse,1,1,4,64527,193581,10.3
1,candidate,html_sparse,1,1,5,64527,193581,10.6
1,candidate,html_sparse,1,1,6,64527,193581,12.8
1,candidate,html_sparse,1,1,7,64527,193581,10.3
1,candidate,html_sparse,1,1,8,64527,193581,10.3
1,candidate,html_sparse,1,2,0,64527,322635,14.7
1,candidate,html_sparse,1,2,1,64527,322635,14.9
1,candidate,html_sparse,1,2,2,64527,322635,14.7
1,candidate,html_sparse,1,2,3,64527,322635,16.8
1,candidate,html_sparse,1,2,4,64527,322635,15.2
1,candidate,html_sparse,1,2,5,64527,322635,16.6
1,candidate,html_sparse,1,2,6,64527,322635,15.4
1,candidate,html_sparse,1,2,7,64527,322635,17.6
1,candidate,html_sparse,1,2,8,64527,322635,15.0
1,candidate,html_sparse,1,3,0,64527,193581,10.1
1,candidate,html_sparse,1,3,1,64527,193581,10.2
1,candidate,html_sparse,1,3,2,64527,193581,10.1
1,candidate,html_sparse,1,3,3,64527,193581,10.3
1,candidate,html_sparse,1,3,4,64527,193581,10.3
1,candidate,html_sparse,1,3,5,64527,193581,11.7
1,candidate,html_sparse,1,3,6,64527,193581,10.1
1,candidate,html_sparse,1,3,7,64527,193581,10.4
1,candidate,html_sparse,1,3,8,64527,193581,13.3
1,candidate,html_sparse,8,0,0,58254,582540,19.6
1,candidate,html_sparse,8,0,1,58254,582540,19.3
1,candidate,html_sparse,8,0,2,58254,582540,19.2
1,candidate,html_sparse,8,0,3,58254,582540,19.8
1,candidate,html_sparse,8,0,4,58254,582540,19.2
1,candidate,html_sparse,8,0,5,58254,582540,19.5
1,candidate,html_sparse,8,0,6,58254,582540,19.9
1,candidate,html_sparse,8,0,7,58254,582540,20.0
1,candidate,html_sparse,8,0,8,58254,582540,20.1
1,candidate,html_sparse,8,1,0,58254,582540,17.6
1,candidate,html_sparse,8,1,1,58254,582540,17.3
1,candidate,html_sparse,8,1,2,58254,582540,18.4
1,candidate,html_sparse,8,1,3,58254,582540,17.3
1,candidate,html_sparse,8,1,4,58254,582540,17.6
1,candidate,html_sparse,8,1,5,58254,582540,17.3
1,candidate,html_sparse,8,1,6,58254,582540,17.4
1,candidate,html_sparse,8,1,7,58254,582540,17.9
1,candidate,html_sparse,8,1,8,58254,582540,17.4
1,candidate,html_sparse,8,2,0,58254,699048,20.3
1,candidate,html_sparse,8,2,1,58254,699048,20.2
1,candidate,html_sparse,8,2,2,58254,699048,20.2
1,candidate,html_sparse,8,2,3,58254,699048,20.1
1,candidate,html_sparse,8,2,4,58254,699048,20.6
1,candidate,html_sparse,8,2,5,58254,699048,20.2
1,candidate,html_sparse,8,2,6,58254,699048,20.3
1,candidate,html_sparse,8,2,7,58254,699048,20.6
1,candidate,html_sparse,8,2,8,58254,699048,20.1
1,candidate,html_sparse,8,3,0,58254,582540,17.8
1,candidate,html_sparse,8,3,1,58254,582540,17.8
1,candidate,html_sparse,8,3,2,58254,582540,18.2
1,candidate,html_sparse,8,3,3,58254,582540,17.7
1,candidate,html_sparse,8,3,4,58254,582540,18.3
1,candidate,html_sparse,8,3,5,58254,582540,17.9
1,candidate,html_sparse,8,3,6,58254,582540,18.1
1,candidate,html_sparse,8,3,7,58254,582540,18.4
1,candidate,html_sparse,8,3,8,58254,582540,18.0
1,candidate,html_sparse,64,0,0,32768,2162688,95.6
1,candidate,html_sparse,64,0,1,32768,2162688,99.8
1,candidate,html_sparse,64,0,2,32768,2162688,96.7
1,candidate,html_sparse,64,0,3,32768,2162688,96.8
1,candidate,html_sparse,64,0,4,32768,2162688,95.1
1,candidate,html_sparse,64,0,5,32768,2162688,98.1
1,candidate,html_sparse,64,0,6,32768,2162688,101.4
1,candidate,html_sparse,64,0,7,32768,2162688,98.3
1,candidate,html_sparse,64,0,8,32768,2162688,98.5
1,candidate,html_sparse,64,1,0,32768,2162688,90.7
1,candidate,html_sparse,64,1,1,32768,2162688,91.0
1,candidate,html_sparse,64,1,2,32768,2162688,91.6
1,candidate,html_sparse,64,1,3,32768,2162688,92.9
1,candidate,html_sparse,64,1,4,32768,2162688,91.0
1,candidate,html_sparse,64,1,5,32768,2162688,94.7
1,candidate,html_sparse,64,1,6,32768,2162688,92.1
1,candidate,html_sparse,64,1,7,32768,2162688,92.8
1,candidate,html_sparse,64,1,8,32768,2162688,90.8
1,candidate,html_sparse,64,2,0,32768,2228224,53.4
1,candidate,html_sparse,64,2,1,32768,2228224,53.5
1,candidate,html_sparse,64,2,2,32768,2228224,53.5
1,candidate,html_sparse,64,2,3,32768,2228224,54.7
1,candidate,html_sparse,64,2,4,32768,2228224,53.3
1,candidate,html_sparse,64,2,5,32768,2228224,53.0
1,candidate,html_sparse,64,2,6,32768,2228224,52.7
1,candidate,html_sparse,64,2,7,32768,2228224,53.5
1,candidate,html_sparse,64,2,8,32768,2228224,59.4
1,candidate,html_sparse,64,3,0,32768,2162688,85.2
1,candidate,html_sparse,64,3,1,32768,2162688,86.5
1,candidate,html_sparse,64,3,2,32768,2162688,86.9
1,candidate,html_sparse,64,3,3,32768,2162688,89.7
1,candidate,html_sparse,64,3,4,32768,2162688,85.1
1,candidate,html_sparse,64,3,5,32768,2162688,84.2
1,candidate,html_sparse,64,3,6,32768,2162688,84.8
1,candidate,html_sparse,64,3,7,32768,2162688,88.0
1,candidate,html_sparse,64,3,8,32768,2162688,95.8
1,candidate,html_sparse,4096,0,0,1008,4161024,5643.7
1,candidate,html_sparse,4096,0,1,1008,4161024,5593.9
1,candidate,html_sparse,4096,0,2,1008,4161024,5535.3
1,candidate,html_sparse,4096,0,3,1008,4161024,5751.0
1,candidate,html_sparse,4096,0,4,1008,4161024,5705.6
1,candidate,html_sparse,4096,0,5,1008,4161024,5771.9
1,candidate,html_sparse,4096,0,6,1008,4161024,5701.6
1,candidate,html_sparse,4096,0,7,1008,4161024,5397.3
1,candidate,html_sparse,4096,0,8,1008,4161024,5478.7
1,candidate,html_sparse,4096,1,0,1008,4161024,4590.3
1,candidate,html_sparse,4096,1,1,1008,4161024,4575.8
1,candidate,html_sparse,4096,1,2,1008,4161024,4724.2
1,candidate,html_sparse,4096,1,3,1008,4161024,4662.3
1,candidate,html_sparse,4096,1,4,1008,4161024,4578.1
1,candidate,html_sparse,4096,1,5,1008,4161024,4732.0
1,candidate,html_sparse,4096,1,6,1008,4161024,4833.4
1,candidate,html_sparse,4096,1,7,1008,4161024,4580.4
1,candidate,html_sparse,4096,1,8,1008,4161024,4594.4
1,candidate,html_sparse,4096,2,0,1008,4190256,1021.3
1,candidate,html_sparse,4096,2,1,1008,4190256,1047.6
1,candidate,html_sparse,4096,2,2,1008,4190256,1023.7
1,candidate,html_sparse,4096,2,3,1008,4190256,1035.8
1,candidate,html_sparse,4096,2,4,1008,4190256,1018.6
1,candidate,html_sparse,4096,2,5,1008,4190256,1064.5
1,candidate,html_sparse,4096,2,6,1008,4190256,1052.5
1,candidate,html_sparse,4096,2,7,1008,4190256,1029.9
1,candidate,html_sparse,4096,2,8,1008,4190256,1026.2
1,candidate,html_sparse,4096,3,0,1008,4161024,4832.9
1,candidate,html_sparse,4096,3,1,1008,4161024,4808.3
1,candidate,html_sparse,4096,3,2,1008,4161024,4703.1
1,candidate,html_sparse,4096,3,3,1008,4161024,4776.9
1,candidate,html_sparse,4096,3,4,1008,4161024,4698.5
1,candidate,html_sparse,4096,3,5,1008,4161024,4932.6
1,candidate,html_sparse,4096,3,6,1008,4161024,4758.2
1,candidate,html_sparse,4096,3,7,1008,4161024,4756.9
1,candidate,html_sparse,4096,3,8,1008,4161024,4734.4
1,candidate,html_sparse,65536,0,0,64,4227072,89730.1
1,candidate,html_sparse,65536,0,1,64,4227072,94627.5
1,candidate,html_sparse,65536,0,2,64,4227072,92075.2
1,candidate,html_sparse,65536,0,3,64,4227072,93997.7
1,candidate,html_sparse,65536,0,4,64,4227072,91579.9
1,candidate,html_sparse,65536,0,5,64,4227072,91872.7
1,candidate,html_sparse,65536,0,6,64,4227072,94581.9
1,candidate,html_sparse,65536,0,7,64,4227072,91209.7
1,candidate,html_sparse,65536,0,8,64,4227072,89473.2
1,candidate,html_sparse,65536,1,0,64,4227072,72628.7
1,candidate,html_sparse,65536,1,1,64,4227072,73054.7
1,candidate,html_sparse,65536,1,2,64,4227072,72791.1
1,candidate,html_sparse,65536,1,3,64,4227072,72817.6
1,candidate,html_sparse,65536,1,4,64,4227072,73065.3
1,candidate,html_sparse,65536,1,5,64,4227072,72765.1
1,candidate,html_sparse,65536,1,6,64,4227072,73346.4
1,candidate,html_sparse,65536,1,7,64,4227072,73733.4
1,candidate,html_sparse,65536,1,8,64,4227072,72478.4
1,candidate,html_sparse,65536,2,0,64,4256576,17725.6
1,candidate,html_sparse,65536,2,1,64,4256576,15978.4
1,candidate,html_sparse,65536,2,2,64,4256576,16135.6
1,candidate,html_sparse,65536,2,3,64,4256576,15917.0
1,candidate,html_sparse,65536,2,4,64,4256576,16667.1
1,candidate,html_sparse,65536,2,5,64,4256576,16592.5
1,candidate,html_sparse,65536,2,6,64,4256576,16328.2
1,candidate,html_sparse,65536,2,7,64,4256576,15960.2
1,candidate,html_sparse,65536,2,8,64,4256576,16930.0
1,candidate,html_sparse,65536,3,0,64,4227072,75409.8
1,candidate,html_sparse,65536,3,1,64,4227072,75571.2
1,candidate,html_sparse,65536,3,2,64,4227072,78046.1
1,candidate,html_sparse,65536,3,3,64,4227072,75286.1
1,candidate,html_sparse,65536,3,4,64,4227072,75686.5
1,candidate,html_sparse,65536,3,5,64,4227072,85682.2
1,candidate,html_sparse,65536,3,6,64,4227072,77129.2
1,candidate,html_sparse,65536,3,7,64,4227072,75124.9
1,candidate,html_sparse,65536,3,8,64,4227072,76086.2
1,candidate,html_late,1,0,0,64527,193581,9.6
1,candidate,html_late,1,0,1,64527,193581,9.4
1,candidate,html_late,1,0,2,64527,193581,9.4
1,candidate,html_late,1,0,3,64527,193581,11.6
1,candidate,html_late,1,0,4,64527,193581,9.6
1,candidate,html_late,1,0,5,64527,193581,9.5
1,candidate,html_late,1,0,6,64527,193581,9.5
1,candidate,html_late,1,0,7,64527,193581,12.3
1,candidate,html_late,1,0,8,64527,193581,9.5
1,candidate,html_late,1,1,0,64527,193581,10.1
1,candidate,html_late,1,1,1,64527,193581,10.4
1,candidate,html_late,1,1,2,64527,193581,10.2
1,candidate,html_late,1,1,3,64527,193581,10.1
1,candidate,html_late,1,1,4,64527,193581,10.1
1,candidate,html_late,1,1,5,64527,193581,11.3
1,candidate,html_late,1,1,6,64527,193581,10.2
1,candidate,html_late,1,1,7,64527,193581,12.8
1,candidate,html_late,1,1,8,64527,193581,12.5
1,candidate,html_late,1,2,0,64527,322635,16.1
1,candidate,html_late,1,2,1,64527,322635,14.9
1,candidate,html_late,1,2,2,64527,322635,14.9
1,candidate,html_late,1,2,3,64527,322635,15.1
1,candidate,html_late,1,2,4,64527,322635,14.8
1,candidate,html_late,1,2,5,64527,322635,15.0
1,candidate,html_late,1,2,6,64527,322635,16.7
1,candidate,html_late,1,2,7,64527,322635,15.0
1,candidate,html_late,1,2,8,64527,322635,15.0
1,candidate,html_late,1,3,0,64527,193581,10.2
1,candidate,html_late,1,3,1,64527,193581,10.3
1,candidate,html_late,1,3,2,64527,193581,10.6
1,candidate,html_late,1,3,3,64527,193581,9.9
1,candidate,html_late,1,3,4,64527,193581,10.0
1,candidate,html_late,1,3,5,64527,193581,10.2
1,candidate,html_late,1,3,6,64527,193581,10.0
1,candidate,html_late,1,3,7,64527,193581,10.0
1,candidate,html_late,1,3,8,64527,193581,10.3
1,candidate,html_late,8,0,0,58254,582540,21.2
1,candidate,html_late,8,0,1,58254,582540,20.2
1,candidate,html_late,8,0,2,58254,582540,19.2
1,candidate,html_late,8,0,3,58254,582540,23.3
1,candidate,html_late,8,0,4,58254,582540,19.8
1,candidate,html_late,8,0,5,58254,582540,19.1
1,candidate,html_late,8,0,6,58254,582540,21.5
1,candidate,html_late,8,0,7,58254,582540,19.4
1,candidate,html_late,8,0,8,58254,582540,19.3
1,candidate,html_late,8,1,0,58254,582540,17.4
1,candidate,html_late,8,1,1,58254,582540,17.1
1,candidate,html_late,8,1,2,58254,582540,17.9
1,candidate,html_late,8,1,3,58254,582540,17.0
1,candidate,html_late,8,1,4,58254,582540,18.7
1,candidate,html_late,8,1,5,58254,582540,18.2
1,candidate,html_late,8,1,6,58254,582540,17.6
1,candidate,html_late,8,1,7,58254,582540,17.3
1,candidate,html_late,8,1,8,58254,582540,17.6
1,candidate,html_late,8,2,0,58254,699048,20.5
1,candidate,html_late,8,2,1,58254,699048,20.6
1,candidate,html_late,8,2,2,58254,699048,21.0
1,candidate,html_late,8,2,3,58254,699048,22.3
1,candidate,html_late,8,2,4,58254,699048,24.7
1,candidate,html_late,8,2,5,58254,699048,20.9
1,candidate,html_late,8,2,6,58254,699048,20.0
1,candidate,html_late,8,2,7,58254,699048,20.0
1,candidate,html_late,8,2,8,58254,699048,20.0
1,candidate,html_late,8,3,0,58254,582540,17.7
1,candidate,html_late,8,3,1,58254,582540,20.4
1,candidate,html_late,8,3,2,58254,582540,19.4
1,candidate,html_late,8,3,3,58254,582540,17.9
1,candidate,html_late,8,3,4,58254,582540,18.2
1,candidate,html_late,8,3,5,58254,582540,17.7
1,candidate,html_late,8,3,6,58254,582540,20.3
1,candidate,html_late,8,3,7,58254,582540,18.6
1,candidate,html_late,8,3,8,58254,582540,17.6
1,candidate,html_late,64,0,0,32768,2162688,100.1
1,candidate,html_late,64,0,1,32768,2162688,98.6
1,candidate,html_late,64,0,2,32768,2162688,95.9
1,candidate,html_late,64,0,3,32768,2162688,95.6
1,candidate,html_late,64,0,4,32768,2162688,96.7
1,candidate,html_late,64,0,5,32768,2162688,103.1
1,candidate,html_late,64,0,6,32768,2162688,96.1
1,candidate,html_late,64,0,7,32768,2162688,97.2
1,candidate,html_late,64,0,8,32768,2162688,98.7
1,candidate,html_late,64,1,0,32768,2162688,100.8
1,candidate,html_late,64,1,1,32768,2162688,92.6
1,candidate,html_late,64,1,2,32768,2162688,95.7
1,candidate,html_late,64,1,3,32768,2162688,93.8
1,candidate,html_late,64,1,4,32768,2162688,96.2
1,candidate,html_late,64,1,5,32768,2162688,96.8
1,candidate,html_late,64,1,6,32768,2162688,92.8
1,candidate,html_late,64,1,7,32768,2162688,97.2
1,candidate,html_late,64,1,8,32768,2162688,94.4
1,candidate,html_late,64,2,0,32768,2228224,46.8
1,candidate,html_late,64,2,1,32768,2228224,50.4
1,candidate,html_late,64,2,2,32768,2228224,48.5
1,candidate,html_late,64,2,3,32768,2228224,47.7
1,candidate,html_late,64,2,4,32768,2228224,46.7
1,candidate,html_late,64,2,5,32768,2228224,49.0
1,candidate,html_late,64,2,6,32768,2228224,52.1
1,candidate,html_late,64,2,7,32768,2228224,47.0
1,candidate,html_late,64,2,8,32768,2228224,47.4
1,candidate,html_late,64,3,0,32768,2162688,90.4
1,candidate,html_late,64,3,1,32768,2162688,90.3
1,candidate,html_late,64,3,2,32768,2162688,90.4
1,candidate,html_late,64,3,3,32768,2162688,86.8
1,candidate,html_late,64,3,4,32768,2162688,85.6
1,candidate,html_late,64,3,5,32768,2162688,86.4
1,candidate,html_late,64,3,6,32768,2162688,88.9
1,candidate,html_late,64,3,7,32768,2162688,90.8
1,candidate,html_late,64,3,8,32768,2162688,88.9
1,candidate,html_late,4096,0,0,1008,4130784,5379.8
1,candidate,html_late,4096,0,1,1008,4130784,5459.5
1,candidate,html_late,4096,0,2,1008,4130784,5282.1
1,candidate,html_late,4096,0,3,1008,4130784,5413.2
1,candidate,html_late,4096,0,4,1008,4130784,5373.0
1,candidate,html_late,4096,0,5,1008,4130784,5432.1
1,candidate,html_late,4096,0,6,1008,4130784,5505.9
1,candidate,html_late,4096,0,7,1008,4130784,5357.4
1,candidate,html_late,4096,0,8,1008,4130784,5306.7
1,candidate,html_late,4096,1,0,1008,4130784,4932.2
1,candidate,html_late,4096,1,1,1008,4130784,5097.9
1,candidate,html_late,4096,1,2,1008,4130784,5018.3
1,candidate,html_late,4096,1,3,1008,4130784,4829.0
1,candidate,html_late,4096,1,4,1008,4130784,4675.4
1,candidate,html_late,4096,1,5,1008,4130784,4766.3
1,candidate,html_late,4096,1,6,1008,4130784,4692.8
1,candidate,html_late,4096,1,7,1008,4130784,4710.2
1,candidate,html_late,4096,1,8,1008,4130784,4797.4
1,candidate,html_late,4096,2,0,1008,4132800,752.2
1,candidate,html_late,4096,2,1,1008,4132800,729.1
1,candidate,html_late,4096,2,2,1008,4132800,720.3
1,candidate,html_late,4096,2,3,1008,4132800,731.8
1,candidate,html_late,4096,2,4,1008,4132800,722.4
1,candidate,html_late,4096,2,5,1008,4132800,720.2
1,candidate,html_late,4096,2,6,1008,4132800,759.1
1,candidate,html_late,4096,2,7,1008,4132800,768.3
1,candidate,html_late,4096,2,8,1008,4132800,731.0
1,candidate,html_late,4096,3,0,1008,4130784,4407.9
1,candidate,html_late,4096,3,1,1008,4130784,4504.4
1,candidate,html_late,4096,3,2,1008,4130784,4515.0
1,candidate,html_late,4096,3,3,1008,4130784,4478.4
1,candidate,html_late,4096,3,4,1008,4130784,4467.4
1,candidate,html_late,4096,3,5,1008,4130784,4419.7
1,candidate,html_late,4096,3,6,1008,4130784,4505.6
1,candidate,html_late,4096,3,7,1008,4130784,4484.5
1,candidate,html_late,4096,3,8,1008,4130784,4427.5
1,candidate,html_late,65536,0,0,64,4194432,83886.8
1,candidate,html_late,65536,0,1,64,4194432,83565.0
1,candidate,html_late,65536,0,2,64,4194432,85611.8
1,candidate,html_late,65536,0,3,64,4194432,83561.3
1,candidate,html_late,65536,0,4,64,4194432,85337.4
1,candidate,html_late,65536,0,5,64,4194432,85104.9
1,candidate,html_late,65536,0,6,64,4194432,83623.1
1,candidate,html_late,65536,0,7,64,4194432,83722.8
1,candidate,html_late,65536,0,8,64,4194432,84778.7
1,candidate,html_late,65536,1,0,64,4194432,75828.2
1,candidate,html_late,65536,1,1,64,4194432,74206.7
1,candidate,html_late,65536,1,2,64,4194432,74084.1
1,candidate,html_late,65536,1,3,64,4194432,74933.2
1,candidate,html_late,65536,1,4,64,4194432,74477.3
1,candidate,html_late,65536,1,5,64,4194432,74474.5
1,candidate,html_late,65536,1,6,64,4194432,74234.1
1,candidate,html_late,65536,1,7,64,4194432,74211.2
1,candidate,html_late,65536,1,8,64,4194432,74248.3
1,candidate,html_late,65536,2,0,64,4194560,11466.4
1,candidate,html_late,65536,2,1,64,4194560,11868.8
1,candidate,html_late,65536,2,2,64,4194560,11594.4
1,candidate,html_late,65536,2,3,64,4194560,11877.4
1,candidate,html_late,65536,2,4,64,4194560,11799.8
1,candidate,html_late,65536,2,5,64,4194560,11503.0
1,candidate,html_late,65536,2,6,64,4194560,11706.9
1,candidate,html_late,65536,2,7,64,4194560,11663.6
1,candidate,html_late,65536,2,8,64,4194560,11476.3
1,candidate,html_late,65536,3,0,64,4194432,70956.0
1,candidate,html_late,65536,3,1,64,4194432,71657.7
1,candidate,html_late,65536,3,2,64,4194432,70661.0
1,candidate,html_late,65536,3,3,64,4194432,70640.0
1,candidate,html_late,65536,3,4,64,4194432,71105.0
1,candidate,html_late,65536,3,5,64,4194432,69897.3
1,candidate,html_late,65536,3,6,64,4194432,70108.0
1,candidate,html_late,65536,3,7,64,4194432,70856.7
1,candidate,html_late,65536,3,8,64,4194432,70678.8
1,candidate,double_quote_runs,17,0,0,51781,983839,31.6
1,candidate,double_quote_runs,17,0,1,51781,983839,31.6
1,candidate,double_quote_runs,17,0,2,51781,983839,31.3
1,candidate,double_quote_runs,17,0,3,51781,983839,31.6
1,candidate,double_quote_runs,17,0,4,51781,983839,32.2
1,candidate,double_quote_runs,17,0,5,51781,983839,31.7
1,candidate,double_quote_runs,17,0,6,51781,983839,31.7
1,candidate,double_quote_runs,17,0,7,51781,983839,31.5
1,candidate,double_quote_runs,17,0,8,51781,983839,32.2
1,candidate,double_quote_runs,17,1,0,51781,983839,26.4
1,candidate,double_quote_runs,17,1,1,51781,983839,27.4
1,candidate,double_quote_runs,17,1,2,51781,983839,26.8
1,candidate,double_quote_runs,17,1,3,51781,983839,27.4
1,candidate,double_quote_runs,17,1,4,51781,983839,28.4
1,candidate,double_quote_runs,17,1,5,51781,983839,26.9
1,candidate,double_quote_runs,17,1,6,51781,983839,26.9
1,candidate,double_quote_runs,17,1,7,51781,983839,28.6
1,candidate,double_quote_runs,17,1,8,51781,983839,27.1
1,candidate,double_quote_runs,17,2,0,51781,1139182,25.7
1,candidate,double_quote_runs,17,2,1,51781,1139182,25.2
1,candidate,double_quote_runs,17,2,2,51781,1139182,25.7
1,candidate,double_quote_runs,17,2,3,51781,1139182,24.6
1,candidate,double_quote_runs,17,2,4,51781,1139182,25.1
1,candidate,double_quote_runs,17,2,5,51781,1139182,28.7
1,candidate,double_quote_runs,17,2,6,51781,1139182,24.4
1,candidate,double_quote_runs,17,2,7,51781,1139182,24.8
1,candidate,double_quote_runs,17,2,8,51781,1139182,28.7
1,candidate,double_quote_runs,17,3,0,51781,983839,26.8
1,candidate,double_quote_runs,17,3,1,51781,983839,27.1
1,candidate,double_quote_runs,17,3,2,51781,983839,26.9
1,candidate,double_quote_runs,17,3,3,51781,983839,27.9
1,candidate,double_quote_runs,17,3,4,51781,983839,27.4
1,candidate,double_quote_runs,17,3,5,51781,983839,27.2
1,candidate,double_quote_runs,17,3,6,51781,983839,28.2
1,candidate,double_quote_runs,17,3,7,51781,983839,27.4
1,candidate,double_quote_runs,17,3,8,51781,983839,27.3
1,candidate,double_quote_runs,68,0,0,31775,2414900,101.8
1,candidate,double_quote_runs,68,0,1,31775,2414900,100.3
1,candidate,double_quote_runs,68,0,2,31775,2414900,101.2
1,candidate,double_quote_runs,68,0,3,31775,2414900,104.9
1,candidate,double_quote_runs,68,0,4,31775,2414900,100.1
1,candidate,double_quote_runs,68,0,5,31775,2414900,100.5
1,candidate,double_quote_runs,68,0,6,31775,2414900,100.3
1,candidate,double_quote_runs,68,0,7,31775,2414900,101.9
1,candidate,double_quote_runs,68,0,8,31775,2414900,103.5
1,candidate,double_quote_runs,68,1,0,31775,2414900,88.2
1,candidate,double_quote_runs,68,1,1,31775,2414900,87.3
1,candidate,double_quote_runs,68,1,2,31775,2414900,88.8
1,candidate,double_quote_runs,68,1,3,31775,2414900,86.9
1,candidate,double_quote_runs,68,1,4,31775,2414900,87.1
1,candidate,double_quote_runs,68,1,5,31775,2414900,87.7
1,candidate,double_quote_runs,68,1,6,31775,2414900,88.2
1,candidate,double_quote_runs,68,1,7,31775,2414900,88.9
1,candidate,double_quote_runs,68,1,8,31775,2414900,87.7
1,candidate,double_quote_runs,68,2,0,31775,2796200,55.4
1,candidate,double_quote_runs,68,2,1,31775,2796200,56.2
1,candidate,double_quote_runs,68,2,2,31775,2796200,60.7
1,candidate,double_quote_runs,68,2,3,31775,2796200,55.6
1,candidate,double_quote_runs,68,2,4,31775,2796200,55.5
1,candidate,double_quote_runs,68,2,5,31775,2796200,56.5
1,candidate,double_quote_runs,68,2,6,31775,2796200,57.3
1,candidate,double_quote_runs,68,2,7,31775,2796200,58.1
1,candidate,double_quote_runs,68,2,8,31775,2796200,59.0
1,candidate,double_quote_runs,68,3,0,31775,2414900,93.2
1,candidate,double_quote_runs,68,3,1,31775,2414900,91.5
1,candidate,double_quote_runs,68,3,2,31775,2414900,91.5
1,candidate,double_quote_runs,68,3,3,31775,2414900,91.3
1,candidate,double_quote_runs,68,3,4,31775,2414900,93.4
1,candidate,double_quote_runs,68,3,5,31775,2414900,92.3
1,candidate,double_quote_runs,68,3,6,31775,2414900,91.8
1,candidate,double_quote_runs,68,3,7,31775,2414900,92.7
1,candidate,double_quote_runs,68,3,8,31775,2414900,92.6
1,candidate,double_quote_runs,4097,0,0,1008,4615632,5865.5
1,candidate,double_quote_runs,4097,0,1,1008,4615632,5920.9
1,candidate,double_quote_runs,4097,0,2,1008,4615632,5700.3
1,candidate,double_quote_runs,4097,0,3,1008,4615632,5523.1
1,candidate,double_quote_runs,4097,0,4,1008,4615632,5621.3
1,candidate,double_quote_runs,4097,0,5,1008,4615632,5521.7
1,candidate,double_quote_runs,4097,0,6,1008,4615632,5556.4
1,candidate,double_quote_runs,4097,0,7,1008,4615632,6044.0
1,candidate,double_quote_runs,4097,0,8,1008,4615632,5775.8
1,candidate,double_quote_runs,4097,1,0,1008,4615632,5155.4
1,candidate,double_quote_runs,4097,1,1,1008,4615632,5234.8
1,candidate,double_quote_runs,4097,1,2,1008,4615632,4937.8
1,candidate,double_quote_runs,4097,1,3,1008,4615632,4946.6
1,candidate,double_quote_runs,4097,1,4,1008,4615632,4975.2
1,candidate,double_quote_runs,4097,1,5,1008,4615632,4960.2
1,candidate,double_quote_runs,4097,1,6,1008,4615632,4926.8
1,candidate,double_quote_runs,4097,1,7,1008,4615632,5045.0
1,candidate,double_quote_runs,4097,1,8,1008,4615632,4921.1
1,candidate,double_quote_runs,4097,2,0,1008,5344416,3296.2
1,candidate,double_quote_runs,4097,2,1,1008,5344416,3286.2
1,candidate,double_quote_runs,4097,2,2,1008,5344416,3307.7
1,candidate,double_quote_runs,4097,2,3,1008,5344416,3314.1
1,candidate,double_quote_runs,4097,2,4,1008,5344416,3299.4
1,candidate,double_quote_runs,4097,2,5,1008,5344416,3321.5
1,candidate,double_quote_runs,4097,2,6,1008,5344416,3329.0
1,candidate,double_quote_runs,4097,2,7,1008,5344416,3323.4
1,candidate,double_quote_runs,4097,2,8,1008,5344416,3333.3
1,candidate,double_quote_runs,4097,3,0,1008,4615632,5076.9
1,candidate,double_quote_runs,4097,3,1,1008,4615632,4818.7
1,candidate,double_quote_runs,4097,3,2,1008,4615632,4801.4
1,candidate,double_quote_runs,4097,3,3,1008,4615632,4842.2
1,candidate,double_quote_runs,4097,3,4,1008,4615632,4803.4
1,candidate,double_quote_runs,4097,3,5,1008,4615632,4804.9
1,candidate,double_quote_runs,4097,3,6,1008,4615632,4869.8
1,candidate,double_quote_runs,4097,3,7,1008,4615632,4831.0
1,candidate,double_quote_runs,4097,3,8,1008,4615632,4805.3
1,candidate,double_quote_runs,65552,0,0,64,4688896,87871.2
1,candidate,double_quote_runs,65552,0,1,64,4688896,88924.2
1,candidate,double_quote_runs,65552,0,2,64,4688896,89351.3
1,candidate,double_quote_runs,65552,0,3,64,4688896,87683.1
1,candidate,double_quote_runs,65552,0,4,64,4688896,90182.9
1,candidate,double_quote_runs,65552,0,5,64,4688896,88196.1
1,candidate,double_quote_runs,65552,0,6,64,4688896,88166.7
1,candidate,double_quote_runs,65552,0,7,64,4688896,88021.2
1,candidate,double_quote_runs,65552,0,8,64,4688896,88291.9
1,candidate,double_quote_runs,65552,1,0,64,4688896,79827.6
1,candidate,double_quote_runs,65552,1,1,64,4688896,80027.1
1,candidate,double_quote_runs,65552,1,2,64,4688896,79063.2
1,candidate,double_quote_runs,65552,1,3,64,4688896,79229.0
1,candidate,double_quote_runs,65552,1,4,64,4688896,79225.4
1,candidate,double_quote_runs,65552,1,5,64,4688896,79027.2
1,candidate,double_quote_runs,65552,1,6,64,4688896,79271.0
1,candidate,double_quote_runs,65552,1,7,64,4688896,79607.1
1,candidate,double_quote_runs,65552,1,8,64,4688896,141173.0
1,candidate,double_quote_runs,65552,2,0,64,5429248,52376.1
1,candidate,double_quote_runs,65552,2,1,64,5429248,52486.4
1,candidate,double_quote_runs,65552,2,2,64,5429248,53742.1
1,candidate,double_quote_runs,65552,2,3,64,5429248,52494.8
1,candidate,double_quote_runs,65552,2,4,64,5429248,52409.8
1,candidate,double_quote_runs,65552,2,5,64,5429248,52622.3
1,candidate,double_quote_runs,65552,2,6,64,5429248,56001.5
1,candidate,double_quote_runs,65552,2,7,64,5429248,56988.0
1,candidate,double_quote_runs,65552,2,8,64,5429248,52412.3
1,candidate,double_quote_runs,65552,3,0,64,4688896,81031.9
1,candidate,double_quote_runs,65552,3,1,64,4688896,78755.7
1,candidate,double_quote_runs,65552,3,2,64,4688896,76080.1
1,candidate,double_quote_runs,65552,3,3,64,4688896,155812.8
1,candidate,double_quote_runs,65552,3,4,64,4688896,76301.3
1,candidate,double_quote_runs,65552,3,5,64,4688896,76471.7
1,candidate,double_quote_runs,65552,3,6,64,4688896,79782.7
1,candidate,double_quote_runs,65552,3,7,64,4688896,81684.1
1,candidate,double_quote_runs,65552,3,8,64,4688896,79314.0
1,candidate,apostrophe_runs,17,0,0,51781,983839,30.7
1,candidate,apostrophe_runs,17,0,1,51781,983839,31.3
1,candidate,apostrophe_runs,17,0,2,51781,983839,30.4
1,candidate,apostrophe_runs,17,0,3,51781,983839,31.4
1,candidate,apostrophe_runs,17,0,4,51781,983839,31.6
1,candidate,apostrophe_runs,17,0,5,51781,983839,32.2
1,candidate,apostrophe_runs,17,0,6,51781,983839,31.8
1,candidate,apostrophe_runs,17,0,7,51781,983839,30.5
1,candidate,apostrophe_runs,17,0,8,51781,983839,30.6
1,candidate,apostrophe_runs,17,1,0,51781,983839,27.7
1,candidate,apostrophe_runs,17,1,1,51781,983839,26.7
1,candidate,apostrophe_runs,17,1,2,51781,983839,27.0
1,candidate,apostrophe_runs,17,1,3,51781,983839,27.1
1,candidate,apostrophe_runs,17,1,4,51781,983839,26.8
1,candidate,apostrophe_runs,17,1,5,51781,983839,26.9
1,candidate,apostrophe_runs,17,1,6,51781,983839,26.8
1,candidate,apostrophe_runs,17,1,7,51781,983839,27.0
1,candidate,apostrophe_runs,17,1,8,51781,983839,28.4
1,candidate,apostrophe_runs,17,2,0,51781,1087401,24.2
1,candidate,apostrophe_runs,17,2,1,51781,1087401,24.1
1,candidate,apostrophe_runs,17,2,2,51781,1087401,23.7
1,candidate,apostrophe_runs,17,2,3,51781,1087401,24.0
1,candidate,apostrophe_runs,17,2,4,51781,1087401,24.3
1,candidate,apostrophe_runs,17,2,5,51781,1087401,24.3
1,candidate,apostrophe_runs,17,2,6,51781,1087401,25.1
1,candidate,apostrophe_runs,17,2,7,51781,1087401,24.4
1,candidate,apostrophe_runs,17,2,8,51781,1087401,27.7
1,candidate,apostrophe_runs,17,3,0,51781,983839,27.4
1,candidate,apostrophe_runs,17,3,1,51781,983839,27.7
1,candidate,apostrophe_runs,17,3,2,51781,983839,27.6
1,candidate,apostrophe_runs,17,3,3,51781,983839,27.5
1,candidate,apostrophe_runs,17,3,4,51781,983839,27.1
1,candidate,apostrophe_runs,17,3,5,51781,983839,29.2
1,candidate,apostrophe_runs,17,3,6,51781,983839,30.1
1,candidate,apostrophe_runs,17,3,7,51781,983839,29.6
1,candidate,apostrophe_runs,17,3,8,51781,983839,27.2
1,candidate,apostrophe_runs,68,0,0,31775,2414900,109.8
1,candidate,apostrophe_runs,68,0,1,31775,2414900,101.6
1,candidate,apostrophe_runs,68,0,2,31775,2414900,101.8
1,candidate,apostrophe_runs,68,0,3,31775,2414900,100.3
1,candidate,apostrophe_runs,68,0,4,31775,2414900,100.4
1,candidate,apostrophe_runs,68,0,5,31775,2414900,102.7
1,candidate,apostrophe_runs,68,0,6,31775,2414900,110.3
1,candidate,apostrophe_runs,68,0,7,31775,2414900,102.7
1,candidate,apostrophe_runs,68,0,8,31775,2414900,100.6
1,candidate,apostrophe_runs,68,1,0,31775,2414900,86.8
1,candidate,apostrophe_runs,68,1,1,31775,2414900,87.2
1,candidate,apostrophe_runs,68,1,2,31775,2414900,86.9
1,candidate,apostrophe_runs,68,1,3,31775,2414900,86.8
1,candidate,apostrophe_runs,68,1,4,31775,2414900,87.2
1,candidate,apostrophe_runs,68,1,5,31775,2414900,92.4
1,candidate,apostrophe_runs,68,1,6,31775,2414900,90.8
1,candidate,apostrophe_runs,68,1,7,31775,2414900,87.3
1,candidate,apostrophe_runs,68,1,8,31775,2414900,87.6
1,candidate,apostrophe_runs,68,2,0,31775,2669100,54.1
1,candidate,apostrophe_runs,68,2,1,31775,2669100,55.4
1,candidate,apostrophe_runs,68,2,2,31775,2669100,60.1
1,candidate,apostrophe_runs,68,2,3,31775,2669100,59.3
1,candidate,apostrophe_runs,68,2,4,31775,2669100,54.5
1,candidate,apostrophe_runs,68,2,5,31775,2669100,55.5
1,candidate,apostrophe_runs,68,2,6,31775,2669100,54.5
1,candidate,apostrophe_runs,68,2,7,31775,2669100,56.0
1,candidate,apostrophe_runs,68,2,8,31775,2669100,58.8
1,candidate,apostrophe_runs,68,3,0,31775,2414900,92.7
1,candidate,apostrophe_runs,68,3,1,31775,2414900,91.4
1,candidate,apostrophe_runs,68,3,2,31775,2414900,91.6
1,candidate,apostrophe_runs,68,3,3,31775,2414900,94.0
1,candidate,apostrophe_runs,68,3,4,31775,2414900,94.3
1,candidate,apostrophe_runs,68,3,5,31775,2414900,91.5
1,candidate,apostrophe_runs,68,3,6,31775,2414900,91.8
1,candidate,apostrophe_runs,68,3,7,31775,2414900,92.5
1,candidate,apostrophe_runs,68,3,8,31775,2414900,92.6
1,candidate,apostrophe_runs,4097,0,0,1008,4615632,5731.9
1,candidate,apostrophe_runs,4097,0,1,1008,4615632,5826.1
1,candidate,apostrophe_runs,4097,0,2,1008,4615632,5718.9
1,candidate,apostrophe_runs,4097,0,3,1008,4615632,5859.5
1,candidate,apostrophe_runs,4097,0,4,1008,4615632,6191.2
1,candidate,apostrophe_runs,4097,0,5,1008,4615632,5678.0
1,candidate,apostrophe_runs,4097,0,6,1008,4615632,5713.6
1,candidate,apostrophe_runs,4097,0,7,1008,4615632,5437.8
1,candidate,apostrophe_runs,4097,0,8,1008,4615632,5487.3
1,candidate,apostrophe_runs,4097,1,0,1008,4615632,4967.2
1,candidate,apostrophe_runs,4097,1,1,1008,4615632,4912.2
1,candidate,apostrophe_runs,4097,1,2,1008,4615632,4930.7
1,candidate,apostrophe_runs,4097,1,3,1008,4615632,4966.1
1,candidate,apostrophe_runs,4097,1,4,1008,4615632,4907.2
1,candidate,apostrophe_runs,4097,1,5,1008,4615632,4940.5
1,candidate,apostrophe_runs,4097,1,6,1008,4615632,4997.2
1,candidate,apostrophe_runs,4097,1,7,1008,4615632,4933.8
1,candidate,apostrophe_runs,4097,1,8,1008,4615632,5071.6
1,candidate,apostrophe_runs,4097,2,0,1008,5101488,3193.1
1,candidate,apostrophe_runs,4097,2,1,1008,5101488,3201.0
1,candidate,apostrophe_runs,4097,2,2,1008,5101488,3253.9
1,candidate,apostrophe_runs,4097,2,3,1008,5101488,3201.1
1,candidate,apostrophe_runs,4097,2,4,1008,5101488,3204.0
1,candidate,apostrophe_runs,4097,2,5,1008,5101488,3190.0
1,candidate,apostrophe_runs,4097,2,6,1008,5101488,3179.2
1,candidate,apostrophe_runs,4097,2,7,1008,5101488,3246.4
1,candidate,apostrophe_runs,4097,2,8,1008,5101488,3228.9
1,candidate,apostrophe_runs,4097,3,0,1008,4615632,4882.3
1,candidate,apostrophe_runs,4097,3,1,1008,4615632,4805.8
1,candidate,apostrophe_runs,4097,3,2,1008,4615632,4820.4
1,candidate,apostrophe_runs,4097,3,3,1008,4615632,4858.9
1,candidate,apostrophe_runs,4097,3,4,1008,4615632,5010.1
1,candidate,apostrophe_runs,4097,3,5,1008,4615632,4803.8
1,candidate,apostrophe_runs,4097,3,6,1008,4615632,4883.8
1,candidate,apostrophe_runs,4097,3,7,1008,4615632,5076.6
1,candidate,apostrophe_runs,4097,3,8,1008,4615632,4816.8
1,candidate,apostrophe_runs,65552,0,0,64,4688896,88666.1
1,candidate,apostrophe_runs,65552,0,1,64,4688896,88286.2
1,candidate,apostrophe_runs,65552,0,2,64,4688896,88281.9
1,candidate,apostrophe_runs,65552,0,3,64,4688896,92967.1
1,candidate,apostrophe_runs,65552,0,4,64,4688896,87376.2
1,candidate,apostrophe_runs,65552,0,5,64,4688896,89203.3
1,candidate,apostrophe_runs,65552,0,6,64,4688896,87748.6
1,candidate,apostrophe_runs,65552,0,7,64,4688896,87302.6
1,candidate,apostrophe_runs,65552,0,8,64,4688896,89699.9
1,candidate,apostrophe_runs,65552,1,0,64,4688896,80586.1
1,candidate,apostrophe_runs,65552,1,1,64,4688896,79279.8
1,candidate,apostrophe_runs,65552,1,2,64,4688896,78841.6
1,candidate,apostrophe_runs,65552,1,3,64,4688896,79607.7
1,candidate,apostrophe_runs,65552,1,4,64,4688896,79218.2
1,candidate,apostrophe_runs,65552,1,5,64,4688896,79017.1
1,candidate,apostrophe_runs,65552,1,6,64,4688896,80030.4
1,candidate,apostrophe_runs,65552,1,7,64,4688896,78738.6
1,candidate,apostrophe_runs,65552,1,8,64,4688896,78962.7
1,candidate,apostrophe_runs,65552,2,0,64,5182464,59698.1
1,candidate,apostrophe_runs,65552,2,1,64,5182464,50876.2
1,candidate,apostrophe_runs,65552,2,2,64,5182464,51222.9
1,candidate,apostrophe_runs,65552,2,3,64,5182464,50947.6
1,candidate,apostrophe_runs,65552,2,4,64,5182464,51902.0
1,candidate,apostrophe_runs,65552,2,5,64,5182464,50779.4
1,candidate,apostrophe_runs,65552,2,6,64,5182464,51430.7
1,candidate,apostrophe_runs,65552,2,7,64,5182464,51311.8
1,candidate,apostrophe_runs,65552,2,8,64,5182464,50981.2
1,candidate,apostrophe_runs,65552,3,0,64,4688896,77083.6
1,candidate,apostrophe_runs,65552,3,1,64,4688896,78004.4
1,candidate,apostrophe_runs,65552,3,2,64,4688896,78705.2
1,candidate,apostrophe_runs,65552,3,3,64,4688896,77453.1
1,candidate,apostrophe_runs,65552,3,4,64,4688896,77597.0
1,candidate,apostrophe_runs,65552,3,5,64,4688896,78201.3
1,candidate,apostrophe_runs,65552,3,6,64,4688896,77036.7
1,candidate,apostrophe_runs,65552,3,7,64,4688896,77466.1
1,candidate,apostrophe_runs,65552,3,8,64,4688896,76888.4
1,candidate,double_quote_offset_runs,34,0,0,42799,1540764,53.5
1,candidate,double_quote_offset_runs,34,0,1,42799,1540764,57.3
1,candidate,double_quote_offset_runs,34,0,2,42799,1540764,57.1
1,candidate,double_quote_offset_runs,34,0,3,42799,1540764,55.7
1,candidate,double_quote_offset_runs,34,0,4,42799,1540764,53.3
1,candidate,double_quote_offset_runs,34,0,5,42799,1540764,53.4
1,candidate,double_quote_offset_runs,34,0,6,42799,1540764,53.4
1,candidate,double_quote_offset_runs,34,0,7,42799,1540764,53.5
1,candidate,double_quote_offset_runs,34,0,8,42799,1540764,55.8
1,candidate,double_quote_offset_runs,34,1,0,42799,1540764,46.0
1,candidate,double_quote_offset_runs,34,1,1,42799,1540764,45.0
1,candidate,double_quote_offset_runs,34,1,2,42799,1540764,45.0
1,candidate,double_quote_offset_runs,34,1,3,42799,1540764,45.2
1,candidate,double_quote_offset_runs,34,1,4,42799,1540764,45.9
1,candidate,double_quote_offset_runs,34,1,5,42799,1540764,44.8
1,candidate,double_quote_offset_runs,34,1,6,42799,1540764,45.9
1,candidate,double_quote_offset_runs,34,1,7,42799,1540764,45.5
1,candidate,double_quote_offset_runs,34,1,8,42799,1540764,45.3
1,candidate,double_quote_offset_runs,34,2,0,42799,1669161,40.0
1,candidate,double_quote_offset_runs,34,2,1,42799,1669161,34.0
1,candidate,double_quote_offset_runs,34,2,2,42799,1669161,33.1
1,candidate,double_quote_offset_runs,34,2,3,42799,1669161,33.9
1,candidate,double_quote_offset_runs,34,2,4,42799,1669161,36.6
1,candidate,double_quote_offset_runs,34,2,5,42799,1669161,34.1
1,candidate,double_quote_offset_runs,34,2,6,42799,1669161,33.3
1,candidate,double_quote_offset_runs,34,2,7,42799,1669161,33.2
1,candidate,double_quote_offset_runs,34,2,8,42799,1669161,33.4
1,candidate,double_quote_offset_runs,34,3,0,42799,1540764,45.9
1,candidate,double_quote_offset_runs,34,3,1,42799,1540764,47.2
1,candidate,double_quote_offset_runs,34,3,2,42799,1540764,46.2
1,candidate,double_quote_offset_runs,34,3,3,42799,1540764,45.6
1,candidate,double_quote_offset_runs,34,3,4,42799,1540764,46.4
1,candidate,double_quote_offset_runs,34,3,5,42799,1540764,47.3
1,candidate,double_quote_offset_runs,34,3,6,42799,1540764,46.0
1,candidate,double_quote_offset_runs,34,3,7,42799,1540764,46.1
1,candidate,double_quote_offset_runs,34,3,8,42799,1540764,46.6
1,candidate,double_quote_offset_runs,68,0,0,31775,2287800,100.8
1,candidate,double_quote_offset_runs,68,0,1,31775,2287800,101.1
1,candidate,double_quote_offset_runs,68,0,2,31775,2287800,99.5
1,candidate,double_quote_offset_runs,68,0,3,31775,2287800,100.5
1,candidate,double_quote_offset_runs,68,0,4,31775,2287800,100.0
1,candidate,double_quote_offset_runs,68,0,5,31775,2287800,120.7
1,candidate,double_quote_offset_runs,68,0,6,31775,2287800,99.6
1,candidate,double_quote_offset_runs,68,0,7,31775,2287800,99.8
1,candidate,double_quote_offset_runs,68,0,8,31775,2287800,99.6
1,candidate,double_quote_offset_runs,68,1,0,31775,2287800,94.2
1,candidate,double_quote_offset_runs,68,1,1,31775,2287800,86.4
1,candidate,double_quote_offset_runs,68,1,2,31775,2287800,84.4
1,candidate,double_quote_offset_runs,68,1,3,31775,2287800,84.3
1,candidate,double_quote_offset_runs,68,1,4,31775,2287800,86.0
1,candidate,double_quote_offset_runs,68,1,5,31775,2287800,84.9
1,candidate,double_quote_offset_runs,68,1,6,31775,2287800,86.3
1,candidate,double_quote_offset_runs,68,1,7,31775,2287800,83.6
1,candidate,double_quote_offset_runs,68,1,8,31775,2287800,84.3
1,candidate,double_quote_offset_runs,68,2,0,31775,2478450,56.5
1,candidate,double_quote_offset_runs,68,2,1,31775,2478450,54.2
1,candidate,double_quote_offset_runs,68,2,2,31775,2478450,56.4
1,candidate,double_quote_offset_runs,68,2,3,31775,2478450,54.5
1,candidate,double_quote_offset_runs,68,2,4,31775,2478450,54.7
1,candidate,double_quote_offset_runs,68,2,5,31775,2478450,55.7
1,candidate,double_quote_offset_runs,68,2,6,31775,2478450,56.6
1,candidate,double_quote_offset_runs,68,2,7,31775,2478450,65.8
1,candidate,double_quote_offset_runs,68,2,8,31775,2478450,63.4
1,candidate,double_quote_offset_runs,68,3,0,31775,2287800,93.0
1,candidate,double_quote_offset_runs,68,3,1,31775,2287800,91.9
1,candidate,double_quote_offset_runs,68,3,2,31775,2287800,97.2
1,candidate,double_quote_offset_runs,68,3,3,31775,2287800,98.0
1,candidate,double_quote_offset_runs,68,3,4,31775,2287800,93.0
1,candidate,double_quote_offset_runs,68,3,5,31775,2287800,95.1
1,candidate,double_quote_offset_runs,68,3,6,31775,2287800,91.4
1,candidate,double_quote_offset_runs,68,3,7,31775,2287800,96.1
1,candidate,double_quote_offset_runs,68,3,8,31775,2287800,90.8
1,candidate,double_quote_offset_runs,4114,0,0,1003,4369068,5935.6
1,candidate,double_quote_offset_runs,4114,0,1,1003,4369068,5771.9
1,candidate,double_quote_offset_runs,4114,0,2,1003,4369068,5716.4
1,candidate,double_quote_offset_runs,4114,0,3,1003,4369068,5589.6
1,candidate,double_quote_offset_runs,4114,0,4,1003,4369068,5784.3
1,candidate,double_quote_offset_runs,4114,0,5,1003,4369068,5509.6
1,candidate,double_quote_offset_runs,4114,0,6,1003,4369068,5574.6
1,candidate,double_quote_offset_runs,4114,0,7,1003,4369068,5455.1
1,candidate,double_quote_offset_runs,4114,0,8,1003,4369068,5789.4
1,candidate,double_quote_offset_runs,4114,1,0,1003,4369068,4795.3
1,candidate,double_quote_offset_runs,4114,1,1,1003,4369068,4855.8
1,candidate,double_quote_offset_runs,4114,1,2,1003,4369068,4854.5
1,candidate,double_quote_offset_runs,4114,1,3,1003,4369068,4791.8
1,candidate,double_quote_offset_runs,4114,1,4,1003,4369068,4819.2
1,candidate,double_quote_offset_runs,4114,1,5,1003,4369068,4816.0
1,candidate,double_quote_offset_runs,4114,1,6,1003,4369068,4805.9
1,candidate,double_quote_offset_runs,4114,1,7,1003,4369068,4801.9
1,candidate,double_quote_offset_runs,4114,1,8,1003,4369068,4841.1
1,candidate,double_quote_offset_runs,4114,2,0,1003,4733157,3894.1
1,candidate,double_quote_offset_runs,4114,2,1,1003,4733157,3812.3
1,candidate,double_quote_offset_runs,4114,2,2,1003,4733157,3830.1
1,candidate,double_quote_offset_runs,4114,2,3,1003,4733157,3816.8
1,candidate,double_quote_offset_runs,4114,2,4,1003,4733157,3863.8
1,candidate,double_quote_offset_runs,4114,2,5,1003,4733157,3972.1
1,candidate,double_quote_offset_runs,4114,2,6,1003,4733157,4002.1
1,candidate,double_quote_offset_runs,4114,2,7,1003,4733157,3923.5
1,candidate,double_quote_offset_runs,4114,2,8,1003,4733157,3823.7
1,candidate,double_quote_offset_runs,4114,3,0,1003,4369068,4981.7
1,candidate,double_quote_offset_runs,4114,3,1,1003,4369068,4885.6
1,candidate,double_quote_offset_runs,4114,3,2,1003,4369068,5256.8
1,candidate,double_quote_offset_runs,4114,3,3,1003,4369068,5038.7
1,candidate,double_quote_offset_runs,4114,3,4,1003,4369068,5258.5
1,candidate,double_quote_offset_runs,4114,3,5,1003,4369068,5460.6
1,candidate,double_quote_offset_runs,4114,3,6,1003,4369068,4869.6
1,candidate,double_quote_offset_runs,4114,3,7,1003,4369068,4772.8
1,candidate,double_quote_offset_runs,4114,3,8,1003,4369068,4879.3
1,candidate,double_quote_offset_runs,65552,0,0,64,4442112,86796.3
1,candidate,double_quote_offset_runs,65552,0,1,64,4442112,86214.2
1,candidate,double_quote_offset_runs,65552,0,2,64,4442112,86302.3
1,candidate,double_quote_offset_runs,65552,0,3,64,4442112,87284.1
1,candidate,double_quote_offset_runs,65552,0,4,64,4442112,87284.0
1,candidate,double_quote_offset_runs,65552,0,5,64,4442112,86279.5
1,candidate,double_quote_offset_runs,65552,0,6,64,4442112,88828.2
1,candidate,double_quote_offset_runs,65552,0,7,64,4442112,85980.8
1,candidate,double_quote_offset_runs,65552,0,8,64,4442112,85859.1
1,candidate,double_quote_offset_runs,65552,1,0,64,4442112,80229.8
1,candidate,double_quote_offset_runs,65552,1,1,64,4442112,79708.2
1,candidate,double_quote_offset_runs,65552,1,2,64,4442112,79842.2
1,candidate,double_quote_offset_runs,65552,1,3,64,4442112,76639.6
1,candidate,double_quote_offset_runs,65552,1,4,64,4442112,76415.2
1,candidate,double_quote_offset_runs,65552,1,5,64,4442112,76218.8
1,candidate,double_quote_offset_runs,65552,1,6,64,4442112,76195.4
1,candidate,double_quote_offset_runs,65552,1,7,64,4442112,76777.8
1,candidate,double_quote_offset_runs,65552,1,8,64,4442112,76523.8
1,candidate,double_quote_offset_runs,65552,2,0,64,4812288,62908.6
1,candidate,double_quote_offset_runs,65552,2,1,64,4812288,63067.7
1,candidate,double_quote_offset_runs,65552,2,2,64,4812288,62986.0
1,candidate,double_quote_offset_runs,65552,2,3,64,4812288,63003.0
1,candidate,double_quote_offset_runs,65552,2,4,64,4812288,69187.6
1,candidate,double_quote_offset_runs,65552,2,5,64,4812288,64393.0
1,candidate,double_quote_offset_runs,65552,2,6,64,4812288,64150.5
1,candidate,double_quote_offset_runs,65552,2,7,64,4812288,62856.0
1,candidate,double_quote_offset_runs,65552,2,8,64,4812288,63430.8
1,candidate,double_quote_offset_runs,65552,3,0,64,4442112,79303.3
1,candidate,double_quote_offset_runs,65552,3,1,64,4442112,83179.3
1,candidate,double_quote_offset_runs,65552,3,2,64,4442112,79652.6
1,candidate,double_quote_offset_runs,65552,3,3,64,4442112,82852.1
1,candidate,double_quote_offset_runs,65552,3,4,64,4442112,80583.7
1,candidate,double_quote_offset_runs,65552,3,5,64,4442112,88406.0
1,candidate,double_quote_offset_runs,65552,3,6,64,4442112,77654.7
1,candidate,double_quote_offset_runs,65552,3,7,64,4442112,83675.4
1,candidate,double_quote_offset_runs,65552,3,8,64,4442112,78027.6
1,candidate,apostrophe_offset_runs,34,0,0,42799,1540764,65.6
1,candidate,apostrophe_offset_runs,34,0,1,42799,1540764,53.6
1,candidate,apostrophe_offset_runs,34,0,2,42799,1540764,54.6
1,candidate,apostrophe_offset_runs,34,0,3,42799,1540764,57.0
1,candidate,apostrophe_offset_runs,34,0,4,42799,1540764,55.4
1,candidate,apostrophe_offset_runs,34,0,5,42799,1540764,53.3
1,candidate,apostrophe_offset_runs,34,0,6,42799,1540764,56.5
1,candidate,apostrophe_offset_runs,34,0,7,42799,1540764,53.4
1,candidate,apostrophe_offset_runs,34,0,8,42799,1540764,55.2
1,candidate,apostrophe_offset_runs,34,1,0,42799,1540764,44.8
1,candidate,apostrophe_offset_runs,34,1,1,42799,1540764,47.4
1,candidate,apostrophe_offset_runs,34,1,2,42799,1540764,46.6
1,candidate,apostrophe_offset_runs,34,1,3,42799,1540764,45.1
1,candidate,apostrophe_offset_runs,34,1,4,42799,1540764,44.9
1,candidate,apostrophe_offset_runs,34,1,5,42799,1540764,47.7
1,candidate,apostrophe_offset_runs,34,1,6,42799,1540764,46.5
1,candidate,apostrophe_offset_runs,34,1,7,42799,1540764,45.3
1,candidate,apostrophe_offset_runs,34,1,8,42799,1540764,45.1
1,candidate,apostrophe_offset_runs,34,2,0,42799,1626362,32.7
1,candidate,apostrophe_offset_runs,34,2,1,42799,1626362,32.5
1,candidate,apostrophe_offset_runs,34,2,2,42799,1626362,33.1
1,candidate,apostrophe_offset_runs,34,2,3,42799,1626362,32.4
1,candidate,apostrophe_offset_runs,34,2,4,42799,1626362,32.6
1,candidate,apostrophe_offset_runs,34,2,5,42799,1626362,33.0
1,candidate,apostrophe_offset_runs,34,2,6,42799,1626362,32.5
1,candidate,apostrophe_offset_runs,34,2,7,42799,1626362,32.7
1,candidate,apostrophe_offset_runs,34,2,8,42799,1626362,44.4
1,candidate,apostrophe_offset_runs,34,3,0,42799,1540764,48.9
1,candidate,apostrophe_offset_runs,34,3,1,42799,1540764,48.9
1,candidate,apostrophe_offset_runs,34,3,2,42799,1540764,47.0
1,candidate,apostrophe_offset_runs,34,3,3,42799,1540764,61.3
1,candidate,apostrophe_offset_runs,34,3,4,42799,1540764,45.6
1,candidate,apostrophe_offset_runs,34,3,5,42799,1540764,45.4
1,candidate,apostrophe_offset_runs,34,3,6,42799,1540764,45.6
1,candidate,apostrophe_offset_runs,34,3,7,42799,1540764,46.2
1,candidate,apostrophe_offset_runs,34,3,8,42799,1540764,45.8
1,candidate,apostrophe_offset_runs,68,0,0,31775,2287800,107.0
1,candidate,apostrophe_offset_runs,68,0,1,31775,2287800,99.7
1,candidate,apostrophe_offset_runs,68,0,2,31775,2287800,100.0
1,candidate,apostrophe_offset_runs,68,0,3,31775,2287800,100.0
1,candidate,apostrophe_offset_runs,68,0,4,31775,2287800,98.9
1,candidate,apostrophe_offset_runs,68,0,5,31775,2287800,98.4
1,candidate,apostrophe_offset_runs,68,0,6,31775,2287800,99.9
1,candidate,apostrophe_offset_runs,68,0,7,31775,2287800,99.7
1,candidate,apostrophe_offset_runs,68,0,8,31775,2287800,102.5
1,candidate,apostrophe_offset_runs,68,1,0,31775,2287800,84.4
1,candidate,apostrophe_offset_runs,68,1,1,31775,2287800,86.0
1,candidate,apostrophe_offset_runs,68,1,2,31775,2287800,85.1
1,candidate,apostrophe_offset_runs,68,1,3,31775,2287800,85.0
1,candidate,apostrophe_offset_runs,68,1,4,31775,2287800,86.7
1,candidate,apostrophe_offset_runs,68,1,5,31775,2287800,84.4
1,candidate,apostrophe_offset_runs,68,1,6,31775,2287800,83.9
1,candidate,apostrophe_offset_runs,68,1,7,31775,2287800,84.4
1,candidate,apostrophe_offset_runs,68,1,8,31775,2287800,83.8
1,candidate,apostrophe_offset_runs,68,2,0,31775,2414900,52.9
1,candidate,apostrophe_offset_runs,68,2,1,31775,2414900,53.0
1,candidate,apostrophe_offset_runs,68,2,2,31775,2414900,53.0
1,candidate,apostrophe_offset_runs,68,2,3,31775,2414900,53.1
1,candidate,apostrophe_offset_runs,68,2,4,31775,2414900,56.6
1,candidate,apostrophe_offset_runs,68,2,5,31775,2414900,68.6
1,candidate,apostrophe_offset_runs,68,2,6,31775,2414900,62.0
1,candidate,apostrophe_offset_runs,68,2,7,31775,2414900,53.3
1,candidate,apostrophe_offset_runs,68,2,8,31775,2414900,53.4
1,candidate,apostrophe_offset_runs,68,3,0,31775,2287800,89.4
1,candidate,apostrophe_offset_runs,68,3,1,31775,2287800,90.3
1,candidate,apostrophe_offset_runs,68,3,2,31775,2287800,89.5
1,candidate,apostrophe_offset_runs,68,3,3,31775,2287800,89.8
1,candidate,apostrophe_offset_runs,68,3,4,31775,2287800,90.5
1,candidate,apostrophe_offset_runs,68,3,5,31775,2287800,91.1
1,candidate,apostrophe_offset_runs,68,3,6,31775,2287800,88.9
1,candidate,apostrophe_offset_runs,68,3,7,31775,2287800,91.6
1,candidate,apostrophe_offset_runs,68,3,8,31775,2287800,89.5
1,candidate,apostrophe_offset_runs,4114,0,0,1003,4369068,6124.4
1,candidate,apostrophe_offset_runs,4114,0,1,1003,4369068,5609.2
1,candidate,apostrophe_offset_runs,4114,0,2,1003,4369068,5745.3
1,candidate,apostrophe_offset_runs,4114,0,3,1003,4369068,5659.5
1,candidate,apostrophe_offset_runs,4114,0,4,1003,4369068,5417.0
1,candidate,apostrophe_offset_runs,4114,0,5,1003,4369068,5536.5
1,candidate,apostrophe_offset_runs,4114,0,6,1003,4369068,5486.1
1,candidate,apostrophe_offset_runs,4114,0,7,1003,4369068,5806.4
1,candidate,apostrophe_offset_runs,4114,0,8,1003,4369068,5577.9
1,candidate,apostrophe_offset_runs,4114,1,0,1003,4369068,4798.7
1,candidate,apostrophe_offset_runs,4114,1,1,1003,4369068,5099.3
1,candidate,apostrophe_offset_runs,4114,1,2,1003,4369068,4836.3
1,candidate,apostrophe_offset_runs,4114,1,3,1003,4369068,5051.8
1,candidate,apostrophe_offset_runs,4114,1,4,1003,4369068,4989.3
1,candidate,apostrophe_offset_runs,4114,1,5,1003,4369068,4842.5
1,candidate,apostrophe_offset_runs,4114,1,6,1003,4369068,4830.7
1,candidate,apostrophe_offset_runs,4114,1,7,1003,4369068,4982.6
1,candidate,apostrophe_offset_runs,4114,1,8,1003,4369068,4828.6
1,candidate,apostrophe_offset_runs,4114,2,0,1003,4611794,3897.7
1,candidate,apostrophe_offset_runs,4114,2,1,1003,4611794,3951.1
1,candidate,apostrophe_offset_runs,4114,2,2,1003,4611794,3841.9
1,candidate,apostrophe_offset_runs,4114,2,3,1003,4611794,3781.6
1,candidate,apostrophe_offset_runs,4114,2,4,1003,4611794,3868.7
1,candidate,apostrophe_offset_runs,4114,2,5,1003,4611794,3768.8
1,candidate,apostrophe_offset_runs,4114,2,6,1003,4611794,3859.3
1,candidate,apostrophe_offset_runs,4114,2,7,1003,4611794,3976.6
1,candidate,apostrophe_offset_runs,4114,2,8,1003,4611794,3947.4
1,candidate,apostrophe_offset_runs,4114,3,0,1003,4369068,4924.1
1,candidate,apostrophe_offset_runs,4114,3,1,1003,4369068,4987.8
1,candidate,apostrophe_offset_runs,4114,3,2,1003,4369068,5412.0
1,candidate,apostrophe_offset_runs,4114,3,3,1003,4369068,5239.7
1,candidate,apostrophe_offset_runs,4114,3,4,1003,4369068,5331.4
1,candidate,apostrophe_offset_runs,4114,3,5,1003,4369068,5066.5
1,candidate,apostrophe_offset_runs,4114,3,6,1003,4369068,5181.2
1,candidate,apostrophe_offset_runs,4114,3,7,1003,4369068,4928.8
1,candidate,apostrophe_offset_runs,4114,3,8,1003,4369068,4891.8
1,candidate,apostrophe_offset_runs,65552,0,0,64,4442112,87312.5
1,candidate,apostrophe_offset_runs,65552,0,1,64,4442112,85851.7
1,candidate,apostrophe_offset_runs,65552,0,2,64,4442112,87667.0
1,candidate,apostrophe_offset_runs,65552,0,3,64,4442112,86765.3
1,candidate,apostrophe_offset_runs,65552,0,4,64,4442112,85785.9
1,candidate,apostrophe_offset_runs,65552,0,5,64,4442112,87028.5
1,candidate,apostrophe_offset_runs,65552,0,6,64,4442112,86628.3
1,candidate,apostrophe_offset_runs,65552,0,7,64,4442112,86456.7
1,candidate,apostrophe_offset_runs,65552,0,8,64,4442112,86276.1
1,candidate,apostrophe_offset_runs,65552,1,0,64,4442112,78731.9
1,candidate,apostrophe_offset_runs,65552,1,1,64,4442112,79335.7
1,candidate,apostrophe_offset_runs,65552,1,2,64,4442112,80334.1
1,candidate,apostrophe_offset_runs,65552,1,3,64,4442112,78898.6
1,candidate,apostrophe_offset_runs,65552,1,4,64,4442112,78953.6
1,candidate,apostrophe_offset_runs,65552,1,5,64,4442112,80324.5
1,candidate,apostrophe_offset_runs,65552,1,6,64,4442112,78697.1
1,candidate,apostrophe_offset_runs,65552,1,7,64,4442112,86717.7
1,candidate,apostrophe_offset_runs,65552,1,8,64,4442112,80590.7
1,candidate,apostrophe_offset_runs,65552,2,0,64,4688896,62168.9
1,candidate,apostrophe_offset_runs,65552,2,1,64,4688896,60607.0
1,candidate,apostrophe_offset_runs,65552,2,2,64,4688896,60139.8
1,candidate,apostrophe_offset_runs,65552,2,3,64,4688896,60156.5
1,candidate,apostrophe_offset_runs,65552,2,4,64,4688896,61769.8
1,candidate,apostrophe_offset_runs,65552,2,5,64,4688896,60141.3
1,candidate,apostrophe_offset_runs,65552,2,6,64,4688896,60518.5
1,candidate,apostrophe_offset_runs,65552,2,7,64,4688896,60266.6
1,candidate,apostrophe_offset_runs,65552,2,8,64,4688896,61523.4
1,candidate,apostrophe_offset_runs,65552,3,0,64,4442112,77296.0
1,candidate,apostrophe_offset_runs,65552,3,1,64,4442112,80723.8
1,candidate,apostrophe_offset_runs,65552,3,2,64,4442112,77401.8
1,candidate,apostrophe_offset_runs,65552,3,3,64,4442112,78196.2
1,candidate,apostrophe_offset_runs,65552,3,4,64,4442112,79930.2
1,candidate,apostrophe_offset_runs,65552,3,5,64,4442112,80931.8
1,candidate,apostrophe_offset_runs,65552,3,6,64,4442112,77834.8
1,candidate,apostrophe_offset_runs,65552,3,7,64,4442112,82548.2
1,candidate,apostrophe_offset_runs,65552,3,8,64,4442112,80006.8
2,candidate,plain,0,0,0,65536,0,3.8
2,candidate,plain,0,0,1,65536,0,3.7
2,candidate,plain,0,0,2,65536,0,3.5
2,candidate,plain,0,0,3,65536,0,3.8
2,candidate,plain,0,0,4,65536,0,3.5
2,candidate,plain,0,0,5,65536,0,3.5
2,candidate,plain,0,0,6,65536,0,3.5
2,candidate,plain,0,0,7,65536,0,3.5
2,candidate,plain,0,0,8,65536,0,3.5
2,candidate,plain,0,1,0,65536,0,3.8
2,candidate,plain,0,1,1,65536,0,3.8
2,candidate,plain,0,1,2,65536,0,4.2
2,candidate,plain,0,1,3,65536,0,3.8
2,candidate,plain,0,1,4,65536,0,3.8
2,candidate,plain,0,1,5,65536,0,3.8
2,candidate,plain,0,1,6,65536,0,3.9
2,candidate,plain,0,1,7,65536,0,4.0
2,candidate,plain,0,1,8,65536,0,3.9
2,candidate,plain,0,2,0,65536,0,6.3
2,candidate,plain,0,2,1,65536,0,6.5
2,candidate,plain,0,2,2,65536,0,6.3
2,candidate,plain,0,2,3,65536,0,6.3
2,candidate,plain,0,2,4,65536,0,6.3
2,candidate,plain,0,2,5,65536,0,6.4
2,candidate,plain,0,2,6,65536,0,6.3
2,candidate,plain,0,2,7,65536,0,6.3
2,candidate,plain,0,2,8,65536,0,6.4
2,candidate,plain,0,3,0,65536,0,3.5
2,candidate,plain,0,3,1,65536,0,3.3
2,candidate,plain,0,3,2,65536,0,3.3
2,candidate,plain,0,3,3,65536,0,3.3
2,candidate,plain,0,3,4,65536,0,3.3
2,candidate,plain,0,3,5,65536,0,3.3
2,candidate,plain,0,3,6,65536,0,3.4
2,candidate,plain,0,3,7,65536,0,3.3
2,candidate,plain,0,3,8,65536,0,3.4
2,candidate,plain,30,0,0,44620,1427840,56.4
2,candidate,plain,30,0,1,44620,1427840,50.3
2,candidate,plain,30,0,2,44620,1427840,48.8
2,candidate,plain,30,0,3,44620,1427840,49.1
2,candidate,plain,30,0,4,44620,1427840,52.7
2,candidate,plain,30,0,5,44620,1427840,49.5
2,candidate,plain,30,0,6,44620,1427840,49.1
2,candidate,plain,30,0,7,44620,1427840,49.4
2,candidate,plain,30,0,8,44620,1427840,48.7
2,candidate,plain,30,1,0,44620,1338600,41.8
2,candidate,plain,30,1,1,44620,1338600,41.6
2,candidate,plain,30,1,2,44620,1338600,41.2
2,candidate,plain,30,1,3,44620,1338600,40.8
2,candidate,plain,30,1,4,44620,1338600,43.9
2,candidate,plain,30,1,5,44620,1338600,42.1
2,candidate,plain,30,1,6,44620,1338600,40.8
2,candidate,plain,30,1,7,44620,1338600,42.3
2,candidate,plain,30,1,8,44620,1338600,41.0
2,candidate,plain,30,2,0,44620,1338600,38.7
2,candidate,plain,30,2,1,44620,1338600,36.3
2,candidate,plain,30,2,2,44620,1338600,35.4
2,candidate,plain,30,2,3,44620,1338600,35.5
2,candidate,plain,30,2,4,44620,1338600,35.4
2,candidate,plain,30,2,5,44620,1338600,35.7
2,candidate,plain,30,2,6,44620,1338600,35.7
2,candidate,plain,30,2,7,44620,1338600,36.7
2,candidate,plain,30,2,8,44620,1338600,36.7
2,candidate,plain,30,3,0,44620,1427840,43.3
2,candidate,plain,30,3,1,44620,1427840,44.5
2,candidate,plain,30,3,2,44620,1427840,43.5
2,candidate,plain,30,3,3,44620,1427840,43.8
2,candidate,plain,30,3,4,44620,1427840,43.6
2,candidate,plain,30,3,5,44620,1427840,46.3
2,candidate,plain,30,3,6,44620,1427840,43.8
2,candidate,plain,30,3,7,44620,1427840,44.3
2,candidate,plain,30,3,8,44620,1427840,43.7
2,candidate,plain,90,0,0,27235,2614560,139.2
2,candidate,plain,90,0,1,27235,2614560,139.7
2,candidate,plain,90,0,2,27235,2614560,138.3
2,candidate,plain,90,0,3,27235,2614560,136.8
2,candidate,plain,90,0,4,27235,2614560,137.1
2,candidate,plain,90,0,5,27235,2614560,141.5
2,candidate,plain,90,0,6,27235,2614560,139.2
2,candidate,plain,90,0,7,27235,2614560,137.5
2,candidate,plain,90,0,8,27235,2614560,136.9
2,candidate,plain,90,1,0,27235,2451150,130.0
2,candidate,plain,90,1,1,27235,2451150,125.4
2,candidate,plain,90,1,2,27235,2451150,123.3
2,candidate,plain,90,1,3,27235,2451150,128.4
2,candidate,plain,90,1,4,27235,2451150,126.6
2,candidate,plain,90,1,5,27235,2451150,122.5
2,candidate,plain,90,1,6,27235,2451150,139.4
2,candidate,plain,90,1,7,27235,2451150,126.7
2,candidate,plain,90,1,8,27235,2451150,137.8
2,candidate,plain,90,2,0,27235,2451150,49.6
2,candidate,plain,90,2,1,27235,2451150,50.4
2,candidate,plain,90,2,2,27235,2451150,50.4
2,candidate,plain,90,2,3,27235,2451150,49.2
2,candidate,plain,90,2,4,27235,2451150,51.3
2,candidate,plain,90,2,5,27235,2451150,56.2
2,candidate,plain,90,2,6,27235,2451150,53.6
2,candidate,plain,90,2,7,27235,2451150,51.5
2,candidate,plain,90,2,8,27235,2451150,53.6
2,candidate,plain,90,3,0,27235,2614560,130.3
2,candidate,plain,90,3,1,27235,2614560,132.9
2,candidate,plain,90,3,2,27235,2614560,128.4
2,candidate,plain,90,3,3,27235,2614560,127.0
2,candidate,plain,90,3,4,27235,2614560,129.6
2,candidate,plain,90,3,5,27235,2614560,137.9
2,candidate,plain,90,3,6,27235,2614560,128.0
2,candidate,plain,90,3,7,27235,2614560,132.7
2,candidate,plain,90,3,8,27235,2614560,151.6
2,candidate,plain,4110,0,0,1004,4401536,5562.6
2,candidate,plain,4110,0,1,1004,4401536,6151.3
2,candidate,plain,4110,0,2,1004,4401536,5782.7
2,candidate,plain,4110,0,3,1004,4401536,5868.5
2,candidate,plain,4110,0,4,1004,4401536,5608.7
2,candidate,plain,4110,0,5,1004,4401536,5630.0
2,candidate,plain,4110,0,6,1004,4401536,5542.0
2,candidate,plain,4110,0,7,1004,4401536,5574.3
2,candidate,plain,4110,0,8,1004,4401536,5549.4
2,candidate,plain,4110,1,0,1004,4126440,4884.8
2,candidate,plain,4110,1,1,1004,4126440,4880.0
2,candidate,plain,4110,1,2,1004,4126440,4876.5
2,candidate,plain,4110,1,3,1004,4126440,4958.2
2,candidate,plain,4110,1,4,1004,4126440,4900.9
2,candidate,plain,4110,1,5,1004,4126440,4920.4
2,candidate,plain,4110,1,6,1004,4126440,4943.2
2,candidate,plain,4110,1,7,1004,4126440,4906.9
2,candidate,plain,4110,1,8,1004,4126440,4912.3
2,candidate,plain,4110,2,0,1004,4126440,777.1
2,candidate,plain,4110,2,1,1004,4126440,773.1
2,candidate,plain,4110,2,2,1004,4126440,769.3
2,candidate,plain,4110,2,3,1004,4126440,758.8
2,candidate,plain,4110,2,4,1004,4126440,742.4
2,candidate,plain,4110,2,5,1004,4126440,760.4
2,candidate,plain,4110,2,6,1004,4126440,740.2
2,candidate,plain,4110,2,7,1004,4126440,769.4
2,candidate,plain,4110,2,8,1004,4126440,894.3
2,candidate,plain,4110,3,0,1004,4401536,5222.1
2,candidate,plain,4110,3,1,1004,4401536,5060.2
2,candidate,plain,4110,3,2,1004,4401536,5064.0
2,candidate,plain,4110,3,3,1004,4401536,5264.9
2,candidate,plain,4110,3,4,1004,4401536,5354.6
2,candidate,plain,4110,3,5,1004,4401536,5158.5
2,candidate,plain,4110,3,6,1004,4401536,5089.3
2,candidate,plain,4110,3,7,1004,4401536,5031.3
2,candidate,plain,4110,3,8,1004,4401536,5006.3
2,candidate,plain,65550,0,0,64,4474880,87889.5
2,candidate,plain,65550,0,1,64,4474880,89678.9
2,candidate,plain,65550,0,2,64,4474880,88274.0
2,candidate,plain,65550,0,3,64,4474880,88403.1
2,candidate,plain,65550,0,4,64,4474880,90431.1
2,candidate,plain,65550,0,5,64,4474880,88288.8
2,candidate,plain,65550,0,6,64,4474880,91380.8
2,candidate,plain,65550,0,7,64,4474880,88513.5
2,candidate,plain,65550,0,8,64,4474880,90282.4
2,candidate,plain,65550,1,0,64,4195200,77048.4
2,candidate,plain,65550,1,1,64,4195200,77734.4
2,candidate,plain,65550,1,2,64,4195200,78069.8
2,candidate,plain,65550,1,3,64,4195200,76979.5
2,candidate,plain,65550,1,4,64,4195200,79064.2
2,candidate,plain,65550,1,5,64,4195200,77461.7
2,candidate,plain,65550,1,6,64,4195200,77092.6
2,candidate,plain,65550,1,7,64,4195200,76899.2
2,candidate,plain,65550,1,8,64,4195200,78312.7
2,candidate,plain,65550,2,0,64,4195200,12032.8
2,candidate,plain,65550,2,1,64,4195200,11777.2
2,candidate,plain,65550,2,2,64,4195200,12006.4
2,candidate,plain,65550,2,3,64,4195200,11776.2
2,candidate,plain,65550,2,4,64,4195200,12176.0
2,candidate,plain,65550,2,5,64,4195200,11829.8
2,candidate,plain,65550,2,6,64,4195200,11827.3
2,candidate,plain,65550,2,7,64,4195200,12658.5
2,candidate,plain,65550,2,8,64,4195200,11837.5
2,candidate,plain,65550,3,0,64,4474880,80494.5
2,candidate,plain,65550,3,1,64,4474880,81160.6
2,candidate,plain,65550,3,2,64,4474880,81493.6
2,candidate,plain,65550,3,3,64,4474880,81158.2
2,candidate,plain,65550,3,4,64,4474880,82231.4
2,candidate,plain,65550,3,5,64,4474880,80220.7
2,candidate,plain,65550,3,6,64,4474880,81903.0
2,candidate,plain,65550,3,7,64,4474880,88424.2
2,candidate,plain,65550,3,8,64,4474880,83040.7
2,candidate,mixed,46,0,0,38130,3660480,85.4
2,candidate,mixed,46,0,1,38130,3660480,84.7
2,candidate,mixed,46,0,2,38130,3660480,85.9
2,candidate,mixed,46,0,3,38130,3660480,85.8
2,candidate,mixed,46,0,4,38130,3660480,87.4
2,candidate,mixed,46,0,5,38130,3660480,85.1
2,candidate,mixed,46,0,6,38130,3660480,85.4
2,candidate,mixed,46,0,7,38130,3660480,85.4
2,candidate,mixed,46,0,8,38130,3660480,87.3
2,candidate,mixed,46,1,0,38130,3507960,89.5
2,candidate,mixed,46,1,1,38130,3507960,90.7
2,candidate,mixed,46,1,2,38130,3507960,90.3
2,candidate,mixed,46,1,3,38130,3507960,90.5
2,candidate,mixed,46,1,4,38130,3507960,89.8
2,candidate,mixed,46,1,5,38130,3507960,90.2
2,candidate,mixed,46,1,6,38130,3507960,90.4
2,candidate,mixed,46,1,7,38130,3507960,87.0
2,candidate,mixed,46,1,8,38130,3507960,87.2
2,candidate,mixed,46,2,0,38130,2897880,72.4
2,candidate,mixed,46,2,1,38130,2897880,69.8
2,candidate,mixed,46,2,2,38130,2897880,71.4
2,candidate,mixed,46,2,3,38130,2897880,72.9
2,candidate,mixed,46,2,4,38130,2897880,70.0
2,candidate,mixed,46,2,5,38130,2897880,68.2
2,candidate,mixed,46,2,6,38130,2897880,71.1
2,candidate,mixed,46,2,7,38130,2897880,66.3
2,candidate,mixed,46,2,8,38130,2897880,71.0
2,candidate,mixed,46,3,0,38130,3355440,81.8
2,candidate,mixed,46,3,1,38130,3355440,85.1
2,candidate,mixed,46,3,2,38130,3355440,82.1
2,candidate,mixed,46,3,3,38130,3355440,93.4
2,candidate,mixed,46,3,4,38130,3355440,81.9
2,candidate,mixed,46,3,5,38130,3355440,83.3
2,candidate,mixed,46,3,6,38130,3355440,82.9
2,candidate,mixed,46,3,7,38130,3355440,82.1
2,candidate,mixed,46,3,8,38130,3355440,82.6
2,candidate,mixed,92,0,0,26886,5162112,184.0
2,candidate,mixed,92,0,1,26886,5162112,170.1
2,candidate,mixed,92,0,2,26886,5162112,174.5
2,candidate,mixed,92,0,3,26886,5162112,170.9
2,candidate,mixed,92,0,4,26886,5162112,169.2
2,candidate,mixed,92,0,5,26886,5162112,169.3
2,candidate,mixed,92,0,6,26886,5162112,180.2
2,candidate,mixed,92,0,7,26886,5162112,181.0
2,candidate,mixed,92,0,8,26886,5162112,171.1
2,candidate,mixed,92,1,0,26886,4947024,177.8
2,candidate,mixed,92,1,1,26886,4947024,172.5
2,candidate,mixed,92,1,2,26886,4947024,173.7
2,candidate,mixed,92,1,3,26886,4947024,185.7
2,candidate,mixed,92,1,4,26886,4947024,173.6
2,candidate,mixed,92,1,5,26886,4947024,175.5
2,candidate,mixed,92,1,6,26886,4947024,172.5
2,candidate,mixed,92,1,7,26886,4947024,174.1
2,candidate,mixed,92,1,8,26886,4947024,171.8
2,candidate,mixed,92,2,0,26886,4086672,126.0
2,candidate,mixed,92,2,1,26886,4086672,113.9
2,candidate,mixed,92,2,2,26886,4086672,114.2
2,candidate,mixed,92,2,3,26886,4086672,114.5
2,candidate,mixed,92,2,4,26886,4086672,117.8
2,candidate,mixed,92,2,5,26886,4086672,113.2
2,candidate,mixed,92,2,6,26886,4086672,115.6
2,candidate,mixed,92,2,7,26886,4086672,107.5
2,candidate,mixed,92,2,8,26886,4086672,114.5
2,candidate,mixed,92,3,0,26886,4731936,163.7
2,candidate,mixed,92,3,1,26886,4731936,169.3
2,candidate,mixed,92,3,2,26886,4731936,160.1
2,candidate,mixed,92,3,3,26886,4731936,161.8
2,candidate,mixed,92,3,4,26886,4731936,161.7
2,candidate,mixed,92,3,5,26886,4731936,159.8
2,candidate,mixed,92,3,6,26886,4731936,163.0
2,candidate,mixed,92,3,7,26886,4731936,161.1
2,candidate,mixed,92,3,8,26886,4731936,159.4
2,candidate,mixed,4140,0,0,997,8614080,7139.8
2,candidate,mixed,4140,0,1,997,8614080,7167.3
2,candidate,mixed,4140,0,2,997,8614080,7156.9
2,candidate,mixed,4140,0,3,997,8614080,7227.6
2,candidate,mixed,4140,0,4,997,8614080,7148.7
2,candidate,mixed,4140,0,5,997,8614080,7148.2
2,candidate,mixed,4140,0,6,997,8614080,7189.5
2,candidate,mixed,4140,0,7,997,8614080,7166.3
2,candidate,mixed,4140,0,8,997,8614080,7217.4
2,candidate,mixed,4140,1,0,997,8255160,7331.0
2,candidate,mixed,4140,1,1,997,8255160,7396.2
2,candidate,mixed,4140,1,2,997,8255160,7327.1
2,candidate,mixed,4140,1,3,997,8255160,7400.2
2,candidate,mixed,4140,1,4,997,8255160,7318.7
2,candidate,mixed,4140,1,5,997,8255160,7422.6
2,candidate,mixed,4140,1,6,997,8255160,7323.3
2,candidate,mixed,4140,1,7,997,8255160,7306.9
2,candidate,mixed,4140,1,8,997,8255160,7329.8
2,candidate,mixed,4140,2,0,997,6819480,3926.6
2,candidate,mixed,4140,2,1,997,6819480,3917.3
2,candidate,mixed,4140,2,2,997,6819480,3974.1
2,candidate,mixed,4140,2,3,997,6819480,3980.3
2,candidate,mixed,4140,2,4,997,6819480,3916.3
2,candidate,mixed,4140,2,5,997,6819480,3913.4
2,candidate,mixed,4140,2,6,997,6819480,4375.3
2,candidate,mixed,4140,2,7,997,6819480,3961.2
2,candidate,mixed,4140,2,8,997,6819480,3974.4
2,candidate,mixed,4140,3,0,997,7896240,6807.3
2,candidate,mixed,4140,3,1,997,7896240,6857.9
2,candidate,mixed,4140,3,2,997,7896240,7182.9
2,candidate,mixed,4140,3,3,997,7896240,6858.1
2,candidate,mixed,4140,3,4,997,7896240,6884.3
2,candidate,mixed,4140,3,5,997,7896240,6687.9
2,candidate,mixed,4140,3,6,997,7896240,7306.1
2,candidate,mixed,4140,3,7,997,7896240,7092.4
2,candidate,mixed,4140,3,8,997,7896240,7059.8
2,candidate,mixed,65550,0,0,64,8755200,111249.8
2,candidate,mixed,65550,0,1,64,8755200,115121.9
2,candidate,mixed,65550,0,2,64,8755200,110351.0
2,candidate,mixed,65550,0,3,64,8755200,110457.8
2,candidate,mixed,65550,0,4,64,8755200,112037.1
2,candidate,mixed,65550,0,5,64,8755200,127172.9
2,candidate,mixed,65550,0,6,64,8755200,111182.7
2,candidate,mixed,65550,0,7,64,8755200,111056.0
2,candidate,mixed,65550,0,8,64,8755200,110238.8
2,candidate,mixed,65550,1,0,64,8390400,117947.8
2,candidate,mixed,65550,1,1,64,8390400,117109.1
2,candidate,mixed,65550,1,2,64,8390400,118836.8
2,candidate,mixed,65550,1,3,64,8390400,120306.7
2,candidate,mixed,65550,1,4,64,8390400,120614.2
2,candidate,mixed,65550,1,5,64,8390400,118740.5
2,candidate,mixed,65550,1,6,64,8390400,115977.6
2,candidate,mixed,65550,1,7,64,8390400,117637.8
2,candidate,mixed,65550,1,8,64,8390400,121465.0
2,candidate,mixed,65550,2,0,64,6931200,61814.0
2,candidate,mixed,65550,2,1,64,6931200,61420.4
2,candidate,mixed,65550,2,2,64,6931200,61854.3
2,candidate,mixed,65550,2,3,64,6931200,61475.6
2,candidate,mixed,65550,2,4,64,6931200,62443.3
2,candidate,mixed,65550,2,5,64,6931200,61698.9
2,candidate,mixed,65550,2,6,64,6931200,62317.5
2,candidate,mixed,65550,2,7,64,6931200,62871.0
2,candidate,mixed,65550,2,8,64,6931200,63231.4
2,candidate,mixed,65550,3,0,64,8025600,105653.3
2,candidate,mixed,65550,3,1,64,8025600,108000.6
2,candidate,mixed,65550,3,2,64,8025600,108725.1
2,candidate,mixed,65550,3,3,64,8025600,105964.1
2,candidate,mixed,65550,3,4,64,8025600,106811.5
2,candidate,mixed,65550,3,5,64,8025600,107235.5
2,candidate,mixed,65550,3,6,64,8025600,114687.5
2,candidate,mixed,65550,3,7,64,8025600,106766.9
2,candidate,mixed,65550,3,8,64,8025600,105527.2
2,candidate,unreserved,1,0,0,64527,64527,10.7
2,candidate,unreserved,1,0,1,64527,64527,9.3
2,candidate,unreserved,1,0,2,64527,64527,9.2
2,candidate,unreserved,1,0,3,64527,64527,9.1
2,candidate,unreserved,1,0,4,64527,64527,9.2
2,candidate,unreserved,1,0,5,64527,64527,9.2
2,candidate,unreserved,1,0,6,64527,64527,9.2
2,candidate,unreserved,1,0,7,64527,64527,9.0
2,candidate,unreserved,1,0,8,64527,64527,9.2
2,candidate,unreserved,1,1,0,64527,64527,10.3
2,candidate,unreserved,1,1,1,64527,64527,8.9
2,candidate,unreserved,1,1,2,64527,64527,8.8
2,candidate,unreserved,1,1,3,64527,64527,8.9
2,candidate,unreserved,1,1,4,64527,64527,9.3
2,candidate,unreserved,1,1,5,64527,64527,9.8
2,candidate,unreserved,1,1,6,64527,64527,9.1
2,candidate,unreserved,1,1,7,64527,64527,9.1
2,candidate,unreserved,1,1,8,64527,64527,9.1
2,candidate,unreserved,1,2,0,64527,64527,14.3
2,candidate,unreserved,1,2,1,64527,64527,15.7
2,candidate,unreserved,1,2,2,64527,64527,14.1
2,candidate,unreserved,1,2,3,64527,64527,14.6
2,candidate,unreserved,1,2,4,64527,64527,14.1
2,candidate,unreserved,1,2,5,64527,64527,14.1
2,candidate,unreserved,1,2,6,64527,64527,15.7
2,candidate,unreserved,1,2,7,64527,64527,17.6
2,candidate,unreserved,1,2,8,64527,64527,17.5
2,candidate,unreserved,1,3,0,64527,64527,9.1
2,candidate,unreserved,1,3,1,64527,64527,9.0
2,candidate,unreserved,1,3,2,64527,64527,9.2
2,candidate,unreserved,1,3,3,64527,64527,9.0
2,candidate,unreserved,1,3,4,64527,64527,9.1
2,candidate,unreserved,1,3,5,64527,64527,9.2
2,candidate,unreserved,1,3,6,64527,64527,9.1
2,candidate,unreserved,1,3,7,64527,64527,9.1
2,candidate,unreserved,1,3,8,64527,64527,9.4
2,candidate,unreserved,8,0,0,58254,466032,19.2
2,candidate,unreserved,8,0,1,58254,466032,19.3
2,candidate,unreserved,8,0,2,58254,466032,19.1
2,candidate,unreserved,8,0,3,58254,466032,19.1
2,candidate,unreserved,8,0,4,58254,466032,19.5
2,candidate,unreserved,8,0,5,58254,466032,19.3
2,candidate,unreserved,8,0,6,58254,466032,19.8
2,candidate,unreserved,8,0,7,58254,466032,19.2
2,candidate,unreserved,8,0,8,58254,466032,19.4
2,candidate,unreserved,8,1,0,58254,466032,18.4
2,candidate,unreserved,8,1,1,58254,466032,16.4
2,candidate,unreserved,8,1,2,58254,466032,15.5
2,candidate,unreserved,8,1,3,58254,466032,16.6
2,candidate,unreserved,8,1,4,58254,466032,15.5
2,candidate,unreserved,8,1,5,58254,466032,16.8
2,candidate,unreserved,8,1,6,58254,466032,15.7
2,candidate,unreserved,8,1,7,58254,466032,16.9
2,candidate,unreserved,8,1,8,58254,466032,15.6
2,candidate,unreserved,8,2,0,58254,466032,19.0
2,candidate,unreserved,8,2,1,58254,466032,18.7
2,candidate,unreserved,8,2,2,58254,466032,19.0
2,candidate,unreserved,8,2,3,58254,466032,18.7
2,candidate,unreserved,8,2,4,58254,466032,25.7
2,candidate,unreserved,8,2,5,58254,466032,23.7
2,candidate,unreserved,8,2,6,58254,466032,18.8
2,candidate,unreserved,8,2,7,58254,466032,18.9
2,candidate,unreserved,8,2,8,58254,466032,19.2
2,candidate,unreserved,8,3,0,58254,466032,17.8
2,candidate,unreserved,8,3,1,58254,466032,17.3
2,candidate,unreserved,8,3,2,58254,466032,17.2
2,candidate,unreserved,8,3,3,58254,466032,17.6
2,candidate,unreserved,8,3,4,58254,466032,17.8
2,candidate,unreserved,8,3,5,58254,466032,17.7
2,candidate,unreserved,8,3,6,58254,466032,17.2
2,candidate,unreserved,8,3,7,58254,466032,18.4
2,candidate,unreserved,8,3,8,58254,466032,17.2
2,candidate,unreserved,64,0,0,32768,2097152,94.6
2,candidate,unreserved,64,0,1,32768,2097152,95.6
2,candidate,unreserved,64,0,2,32768,2097152,94.8
2,candidate,unreserved,64,0,3,32768,2097152,95.1
2,candidate,unreserved,64,0,4,32768,2097152,95.0
2,candidate,unreserved,64,0,5,32768,2097152,95.2
2,candidate,unreserved,64,0,6,32768,2097152,96.5
2,candidate,unreserved,64,0,7,32768,2097152,95.0
2,candidate,unreserved,64,0,8,32768,2097152,95.6
2,candidate,unreserved,64,1,0,32768,2097152,91.0
2,candidate,unreserved,64,1,1,32768,2097152,90.6
2,candidate,unreserved,64,1,2,32768,2097152,105.9
2,candidate,unreserved,64,1,3,32768,2097152,93.8
2,candidate,unreserved,64,1,4,32768,2097152,92.6
2,candidate,unreserved,64,1,5,32768,2097152,91.3
2,candidate,unreserved,64,1,6,32768,2097152,90.6
2,candidate,unreserved,64,1,7,32768,2097152,92.5
2,candidate,unreserved,64,1,8,32768,2097152,91.6
2,candidate,unreserved,64,2,0,32768,2097152,51.5
2,candidate,unreserved,64,2,1,32768,2097152,55.2
2,candidate,unreserved,64,2,2,32768,2097152,51.6
2,candidate,unreserved,64,2,3,32768,2097152,55.1
2,candidate,unreserved,64,2,4,32768,2097152,55.6
2,candidate,unreserved,64,2,5,32768,2097152,52.0
2,candidate,unreserved,64,2,6,32768,2097152,52.6
2,candidate,unreserved,64,2,7,32768,2097152,52.3
2,candidate,unreserved,64,2,8,32768,2097152,52.1
2,candidate,unreserved,64,3,0,32768,2097152,84.0
2,candidate,unreserved,64,3,1,32768,2097152,83.4
2,candidate,unreserved,64,3,2,32768,2097152,86.2
2,candidate,unreserved,64,3,3,32768,2097152,83.7
2,candidate,unreserved,64,3,4,32768,2097152,95.4
2,candidate,unreserved,64,3,5,32768,2097152,89.3
2,candidate,unreserved,64,3,6,32768,2097152,87.8
2,candidate,unreserved,64,3,7,32768,2097152,85.8
2,candidate,unreserved,64,3,8,32768,2097152,84.2
2,candidate,unreserved,4096,0,0,1008,4128768,5388.7
2,candidate,unreserved,4096,0,1,1008,4128768,5289.8
2,candidate,unreserved,4096,0,2,1008,4128768,5619.8
2,candidate,unreserved,4096,0,3,1008,4128768,5297.9
2,candidate,unreserved,4096,0,4,1008,4128768,5274.4
2,candidate,unreserved,4096,0,5,1008,4128768,5417.1
2,candidate,unreserved,4096,0,6,1008,4128768,5251.8
2,candidate,unreserved,4096,0,7,1008,4128768,5369.8
2,candidate,unreserved,4096,0,8,1008,4128768,5480.0
2,candidate,unreserved,4096,1,0,1008,4128768,4814.1
2,candidate,unreserved,4096,1,1,1008,4128768,4742.3
2,candidate,unreserved,4096,1,2,1008,4128768,4651.9
2,candidate,unreserved,4096,1,3,1008,4128768,4712.3
2,candidate,unreserved,4096,1,4,1008,4128768,4950.9
2,candidate,unreserved,4096,1,5,1008,4128768,4914.9
2,candidate,unreserved,4096,1,6,1008,4128768,4728.2
2,candidate,unreserved,4096,1,7,1008,4128768,4775.3
2,candidate,unreserved,4096,1,8,1008,4128768,4680.3
2,candidate,unreserved,4096,2,0,1008,4128768,748.1
2,candidate,unreserved,4096,2,1,1008,4128768,798.6
2,candidate,unreserved,4096,2,2,1008,4128768,801.4
2,candidate,unreserved,4096,2,3,1008,4128768,816.2
2,candidate,unreserved,4096,2,4,1008,4128768,733.1
2,candidate,unreserved,4096,2,5,1008,4128768,797.6
2,candidate,unreserved,4096,2,6,1008,4128768,788.2
2,candidate,unreserved,4096,2,7,1008,4128768,786.8
2,candidate,unreserved,4096,2,8,1008,4128768,859.1
2,candidate,unreserved,4096,3,0,1008,4128768,4752.2
2,candidate,unreserved,4096,3,1,1008,4128768,4711.5
2,candidate,unreserved,4096,3,2,1008,4128768,4697.1
2,candidate,unreserved,4096,3,3,1008,4128768,4627.0
2,candidate,unreserved,4096,3,4,1008,4128768,4958.9
2,candidate,unreserved,4096,3,5,1008,4128768,4627.9
2,candidate,unreserved,4096,3,6,1008,4128768,4613.4
2,candidate,unreserved,4096,3,7,1008,4128768,4756.4
2,candidate,unreserved,4096,3,8,1008,4128768,4784.3
2,candidate,unreserved,65536,0,0,64,4194304,84250.0
2,candidate,unreserved,65536,0,1,64,4194304,83610.0
2,candidate,unreserved,65536,0,2,64,4194304,84005.3
2,candidate,unreserved,65536,0,3,64,4194304,87434.5
2,candidate,unreserved,65536,0,4,64,4194304,84225.0
2,candidate,unreserved,65536,0,5,64,4194304,84299.8
2,candidate,unreserved,65536,0,6,64,4194304,84921.9
2,candidate,unreserved,65536,0,7,64,4194304,84268.3
2,candidate,unreserved,65536,0,8,64,4194304,84026.9
2,candidate,unreserved,65536,1,0,64,4194304,76551.1
2,candidate,unreserved,65536,1,1,64,4194304,75802.4
2,candidate,unreserved,65536,1,2,64,4194304,81151.3
2,candidate,unreserved,65536,1,3,64,4194304,73854.1
2,candidate,unreserved,65536,1,4,64,4194304,74667.9
2,candidate,unreserved,65536,1,5,64,4194304,75065.7
2,candidate,unreserved,65536,1,6,64,4194304,78285.8
2,candidate,unreserved,65536,1,7,64,4194304,76428.9
2,candidate,unreserved,65536,1,8,64,4194304,75394.8
2,candidate,unreserved,65536,2,0,64,4194304,11419.7
2,candidate,unreserved,65536,2,1,64,4194304,11606.5
2,candidate,unreserved,65536,2,2,64,4194304,11628.8
2,candidate,unreserved,65536,2,3,64,4194304,11431.1
2,candidate,unreserved,65536,2,4,64,4194304,11729.0
2,candidate,unreserved,65536,2,5,64,4194304,11422.1
2,candidate,unreserved,65536,2,6,64,4194304,11424.7
2,candidate,unreserved,65536,2,7,64,4194304,11647.2
2,candidate,unreserved,65536,2,8,64,4194304,12385.1
2,candidate,unreserved,65536,3,0,64,4194304,72640.6
2,candidate,unreserved,65536,3,1,64,4194304,70982.5
2,candidate,unreserved,65536,3,2,64,4194304,71869.3
2,candidate,unreserved,65536,3,3,64,4194304,71569.5
2,candidate,unreserved,65536,3,4,64,4194304,71775.1
2,candidate,unreserved,65536,3,5,64,4194304,71485.1
2,candidate,unreserved,65536,3,6,64,4194304,70982.9
2,candidate,unreserved,65536,3,7,64,4194304,71724.3
2,candidate,unreserved,65536,3,8,64,4194304,70913.8
2,candidate,dense,4,0,0,61680,740160,16.9
2,candidate,dense,4,0,1,61680,740160,16.9
2,candidate,dense,4,0,2,61680,740160,17.0
2,candidate,dense,4,0,3,61680,740160,17.0
2,candidate,dense,4,0,4,61680,740160,17.2
2,candidate,dense,4,0,5,61680,740160,17.1
2,candidate,dense,4,0,6,61680,740160,17.1
2,candidate,dense,4,0,7,61680,740160,17.0
2,candidate,dense,4,0,8,61680,740160,17.1
2,candidate,dense,4,1,0,61680,616800,16.6
2,candidate,dense,4,1,1,61680,616800,16.6
2,candidate,dense,4,1,2,61680,616800,16.3
2,candidate,dense,4,1,3,61680,616800,16.4
2,candidate,dense,4,1,4,61680,616800,16.8
2,candidate,dense,4,1,5,61680,616800,16.5
2,candidate,dense,4,1,6,61680,616800,16.4
2,candidate,dense,4,1,7,61680,616800,16.5
2,candidate,dense,4,1,8,61680,616800,18.3
2,candidate,dense,4,2,0,61680,246720,17.3
2,candidate,dense,4,2,1,61680,246720,17.4
2,candidate,dense,4,2,2,61680,246720,17.4
2,candidate,dense,4,2,3,61680,246720,19.2
2,candidate,dense,4,2,4,61680,246720,20.9
2,candidate,dense,4,2,5,61680,246720,17.7
2,candidate,dense,4,2,6,61680,246720,17.8
2,candidate,dense,4,2,7,61680,246720,20.2
2,candidate,dense,4,2,8,61680,246720,20.9
2,candidate,dense,4,3,0,61680,616800,16.9
2,candidate,dense,4,3,1,61680,616800,16.9
2,candidate,dense,4,3,2,61680,616800,16.5
2,candidate,dense,4,3,3,61680,616800,16.5
2,candidate,dense,4,3,4,61680,616800,16.6
2,candidate,dense,4,3,5,61680,616800,16.8
2,candidate,dense,4,3,6,61680,616800,18.0
2,candidate,dense,4,3,7,61680,616800,17.3
2,candidate,dense,4,3,8,61680,616800,18.0
2,candidate,dense,8,0,0,58254,1398096,26.1
2,candidate,dense,8,0,1,58254,1398096,25.7
2,candidate,dense,8,0,2,58254,1398096,27.0
2,candidate,dense,8,0,3,58254,1398096,28.1
2,candidate,dense,8,0,4,58254,1398096,26.5
2,candidate,dense,8,0,5,58254,1398096,26.7
2,candidate,dense,8,0,6,58254,1398096,26.0
2,candidate,dense,8,0,7,58254,1398096,26.2
2,candidate,dense,8,0,8,58254,1398096,26.1
2,candidate,dense,8,1,0,58254,1165080,26.7
2,candidate,dense,8,1,1,58254,1165080,25.3
2,candidate,dense,8,1,2,58254,1165080,26.6
2,candidate,dense,8,1,3,58254,1165080,25.7
2,candidate,dense,8,1,4,58254,1165080,25.1
2,candidate,dense,8,1,5,58254,1165080,25.5
2,candidate,dense,8,1,6,58254,1165080,24.9
2,candidate,dense,8,1,7,58254,1165080,24.6
2,candidate,dense,8,1,8,58254,1165080,24.8
2,candidate,dense,8,2,0,58254,466032,21.8
2,candidate,dense,8,2,1,58254,466032,22.6
2,candidate,dense,8,2,2,58254,466032,23.1
2,candidate,dense,8,2,3,58254,466032,22.9
2,candidate,dense,8,2,4,58254,466032,22.3
2,candidate,dense,8,2,5,58254,466032,22.4
2,candidate,dense,8,2,6,58254,466032,21.7
2,candidate,dense,8,2,7,58254,466032,21.3
2,candidate,dense,8,2,8,58254,466032,21.5
2,candidate,dense,8,3,0,58254,1165080,25.6
2,candidate,dense,8,3,1,58254,1165080,27.5
2,candidate,dense,8,3,2,58254,1165080,24.4
2,candidate,dense,8,3,3,58254,1165080,24.1
2,candidate,dense,8,3,4,58254,1165080,24.2
2,candidate,dense,8,3,5,58254,1165080,24.1
2,candidate,dense,8,3,6,58254,1165080,24.1
2,candidate,dense,8,3,7,58254,1165080,25.2
2,candidate,dense,8,3,8,58254,1165080,24.9
2,candidate,dense,64,0,0,32768,6291456,150.9
2,candidate,dense,64,0,1,32768,6291456,153.2
2,candidate,dense,64,0,2,32768,6291456,151.5
2,candidate,dense,64,0,3,32768,6291456,152.5
2,candidate,dense,64,0,4,32768,6291456,153.4
2,candidate,dense,64,0,5,32768,6291456,163.1
2,candidate,dense,64,0,6,32768,6291456,151.9
2,candidate,dense,64,0,7,32768,6291456,154.8
2,candidate,dense,64,0,8,32768,6291456,152.6
2,candidate,dense,64,1,0,32768,5242880,149.3
2,candidate,dense,64,1,1,32768,5242880,151.0
2,candidate,dense,64,1,2,32768,5242880,151.9
2,candidate,dense,64,1,3,32768,5242880,151.5
2,candidate,dense,64,1,4,32768,5242880,149.3
2,candidate,dense,64,1,5,32768,5242880,150.6
2,candidate,dense,64,1,6,32768,5242880,163.5
2,candidate,dense,64,1,7,32768,5242880,149.6
2,candidate,dense,64,1,8,32768,5242880,151.7
2,candidate,dense,64,2,0,32768,2097152,67.7
2,candidate,dense,64,2,1,32768,2097152,66.4
2,candidate,dense,64,2,2,32768,2097152,66.6
2,candidate,dense,64,2,3,32768,2097152,66.3
2,candidate,dense,64,2,4,32768,2097152,67.8
2,candidate,dense,64,2,5,32768,2097152,66.9
2,candidate,dense,64,2,6,32768,2097152,66.3
2,candidate,dense,64,2,7,32768,2097152,68.3
2,candidate,dense,64,2,8,32768,2097152,67.4
2,candidate,dense,64,3,0,32768,5242880,148.0
2,candidate,dense,64,3,1,32768,5242880,152.3
2,candidate,dense,64,3,2,32768,5242880,145.5
2,candidate,dense,64,3,3,32768,5242880,161.9
2,candidate,dense,64,3,4,32768,5242880,145.7
2,candidate,dense,64,3,5,32768,5242880,146.0
2,candidate,dense,64,3,6,32768,5242880,150.0
2,candidate,dense,64,3,7,32768,5242880,149.3
2,candidate,dense,64,3,8,32768,5242880,145.3
2,candidate,dense,4096,0,0,1008,12386304,8860.0
2,candidate,dense,4096,0,1,1008,12386304,9170.6
2,candidate,dense,4096,0,2,1008,12386304,8821.6
2,candidate,dense,4096,0,3,1008,12386304,8821.4
2,candidate,dense,4096,0,4,1008,12386304,8837.5
2,candidate,dense,4096,0,5,1008,12386304,8924.7
2,candidate,dense,4096,0,6,1008,12386304,8839.6
2,candidate,dense,4096,0,7,1008,12386304,8832.1
2,candidate,dense,4096,0,8,1008,12386304,8812.7
2,candidate,dense,4096,1,0,1008,10321920,8948.7
2,candidate,dense,4096,1,1,1008,10321920,8807.1
2,candidate,dense,4096,1,2,1008,10321920,9055.8
2,candidate,dense,4096,1,3,1008,10321920,8938.3
2,candidate,dense,4096,1,4,1008,10321920,9448.4
2,candidate,dense,4096,1,5,1008,10321920,9214.8
2,candidate,dense,4096,1,6,1008,10321920,9477.0
2,candidate,dense,4096,1,7,1008,10321920,9086.8
2,candidate,dense,4096,1,8,1008,10321920,8879.8
2,candidate,dense,4096,2,0,1008,4128768,798.1
2,candidate,dense,4096,2,1,1008,4128768,765.2
2,candidate,dense,4096,2,2,1008,4128768,810.1
2,candidate,dense,4096,2,3,1008,4128768,752.3
2,candidate,dense,4096,2,4,1008,4128768,761.6
2,candidate,dense,4096,2,5,1008,4128768,816.1
2,candidate,dense,4096,2,6,1008,4128768,761.5
2,candidate,dense,4096,2,7,1008,4128768,777.0
2,candidate,dense,4096,2,8,1008,4128768,805.1
2,candidate,dense,4096,3,0,1008,10321920,8221.2
2,candidate,dense,4096,3,1,1008,10321920,8893.1
2,candidate,dense,4096,3,2,1008,10321920,8581.1
2,candidate,dense,4096,3,3,1008,10321920,8332.6
2,candidate,dense,4096,3,4,1008,10321920,8173.8
2,candidate,dense,4096,3,5,1008,10321920,9077.2
2,candidate,dense,4096,3,6,1008,10321920,8454.6
2,candidate,dense,4096,3,7,1008,10321920,8373.0
2,candidate,dense,4096,3,8,1008,10321920,8207.7
2,candidate,dense,65536,0,0,64,12582912,146189.0
2,candidate,dense,65536,0,1,64,12582912,237087.8
2,candidate,dense,65536,0,2,64,12582912,145153.2
2,candidate,dense,65536,0,3,64,12582912,145329.5
2,candidate,dense,65536,0,4,64,12582912,143739.9
2,candidate,dense,65536,0,5,64,12582912,143690.6
2,candidate,dense,65536,0,6,64,12582912,144001.9
2,candidate,dense,65536,0,7,64,12582912,141541.3
2,candidate,dense,65536,0,8,64,12582912,144141.9
2,candidate,dense,65536,1,0,64,10485760,145820.7
2,candidate,dense,65536,1,1,64,10485760,148262.4
2,candidate,dense,65536,1,2,64,10485760,158888.0
2,candidate,dense,65536,1,3,64,10485760,147093.0
2,candidate,dense,65536,1,4,64,10485760,145902.3
2,candidate,dense,65536,1,5,64,10485760,146892.1
2,candidate,dense,65536,1,6,64,10485760,152233.0
2,candidate,dense,65536,1,7,64,10485760,147803.8
2,candidate,dense,65536,1,8,64,10485760,149748.9
2,candidate,dense,65536,2,0,64,4194304,11951.8
2,candidate,dense,65536,2,1,64,4194304,11953.5
2,candidate,dense,65536,2,2,64,4194304,12390.2
2,candidate,dense,65536,2,3,64,4194304,12042.7
2,candidate,dense,65536,2,4,64,4194304,12033.5
2,candidate,dense,65536,2,5,64,4194304,12757.5
2,candidate,dense,65536,2,6,64,4194304,13480.6
2,candidate,dense,65536,2,7,64,4194304,12383.2
2,candidate,dense,65536,2,8,64,4194304,11817.7
2,candidate,dense,65536,3,0,64,10485760,129242.5
2,candidate,dense,65536,3,1,64,10485760,130343.2
2,candidate,dense,65536,3,2,64,10485760,129691.4
2,candidate,dense,65536,3,3,64,10485760,129758.6
2,candidate,dense,65536,3,4,64,10485760,129131.1
2,candidate,dense,65536,3,5,64,10485760,129661.6
2,candidate,dense,65536,3,6,64,10485760,133412.1
2,candidate,dense,65536,3,7,64,10485760,129751.3
2,candidate,dense,65536,3,8,64,10485760,129326.1
2,candidate,html_dense,5,0,0,60787,911805,20.1
2,candidate,html_dense,5,0,1,60787,911805,18.5
2,candidate,html_dense,5,0,2,60787,911805,18.9
2,candidate,html_dense,5,0,3,60787,911805,18.8
2,candidate,html_dense,5,0,4,60787,911805,18.8
2,candidate,html_dense,5,0,5,60787,911805,18.7
2,candidate,html_dense,5,0,6,60787,911805,19.7
2,candidate,html_dense,5,0,7,60787,911805,20.4
2,candidate,html_dense,5,0,8,60787,911805,18.9
2,candidate,html_dense,5,1,0,60787,911805,19.6
2,candidate,html_dense,5,1,1,60787,911805,20.4
2,candidate,html_dense,5,1,2,60787,911805,19.6
2,candidate,html_dense,5,1,3,60787,911805,19.4
2,candidate,html_dense,5,1,4,60787,911805,20.2
2,candidate,html_dense,5,1,5,60787,911805,19.5
2,candidate,html_dense,5,1,6,60787,911805,22.9
2,candidate,html_dense,5,1,7,60787,911805,22.1
2,candidate,html_dense,5,1,8,60787,911805,19.8
2,candidate,html_dense,5,2,0,60787,1458888,26.8
2,candidate,html_dense,5,2,1,60787,1458888,26.9
2,candidate,html_dense,5,2,2,60787,1458888,26.5
2,candidate,html_dense,5,2,3,60787,1458888,28.9
2,candidate,html_dense,5,2,4,60787,1458888,26.7
2,candidate,html_dense,5,2,5,60787,1458888,26.7
2,candidate,html_dense,5,2,6,60787,1458888,27.6
2,candidate,html_dense,5,2,7,60787,1458888,26.6
2,candidate,html_dense,5,2,8,60787,1458888,26.6
2,candidate,html_dense,5,3,0,60787,911805,21.3
2,candidate,html_dense,5,3,1,60787,911805,20.8
2,candidate,html_dense,5,3,2,60787,911805,19.6
2,candidate,html_dense,5,3,3,60787,911805,19.6
2,candidate,html_dense,5,3,4,60787,911805,19.8
2,candidate,html_dense,5,3,5,60787,911805,19.6
2,candidate,html_dense,5,3,6,60787,911805,19.6
2,candidate,html_dense,5,3,7,60787,911805,19.5
2,candidate,html_dense,5,3,8,60787,911805,19.5
2,candidate,html_dense,10,0,0,56679,1700370,29.9
2,candidate,html_dense,10,0,1,56679,1700370,29.7
2,candidate,html_dense,10,0,2,56679,1700370,30.2
2,candidate,html_dense,10,0,3,56679,1700370,30.2
2,candidate,html_dense,10,0,4,56679,1700370,30.0
2,candidate,html_dense,10,0,5,56679,1700370,31.3
2,candidate,html_dense,10,0,6,56679,1700370,35.2
2,candidate,html_dense,10,0,7,56679,1700370,34.4
2,candidate,html_dense,10,0,8,56679,1700370,32.5
2,candidate,html_dense,10,1,0,56679,1700370,31.3
2,candidate,html_dense,10,1,1,56679,1700370,31.5
2,candidate,html_dense,10,1,2,56679,1700370,31.3
2,candidate,html_dense,10,1,3,56679,1700370,31.3
2,candidate,html_dense,10,1,4,56679,1700370,31.3
2,candidate,html_dense,10,1,5,56679,1700370,31.9
2,candidate,html_dense,10,1,6,56679,1700370,31.4
2,candidate,html_dense,10,1,7,56679,1700370,32.1
2,candidate,html_dense,10,1,8,56679,1700370,31.4
2,candidate,html_dense,10,2,0,56679,2720592,32.5
2,candidate,html_dense,10,2,1,56679,2720592,32.4
2,candidate,html_dense,10,2,2,56679,2720592,33.0
2,candidate,html_dense,10,2,3,56679,2720592,32.6
2,candidate,html_dense,10,2,4,56679,2720592,32.7
2,candidate,html_dense,10,2,5,56679,2720592,32.5
2,candidate,html_dense,10,2,6,56679,2720592,32.6
2,candidate,html_dense,10,2,7,56679,2720592,32.9
2,candidate,html_dense,10,2,8,56679,2720592,32.7
2,candidate,html_dense,10,3,0,56679,1700370,30.5
2,candidate,html_dense,10,3,1,56679,1700370,30.7
2,candidate,html_dense,10,3,2,56679,1700370,30.6
2,candidate,html_dense,10,3,3,56679,1700370,31.1
2,candidate,html_dense,10,3,4,56679,1700370,32.0
2,candidate,html_dense,10,3,5,56679,1700370,31.5
2,candidate,html_dense,10,3,6,56679,1700370,31.5
2,candidate,html_dense,10,3,7,56679,1700370,33.3
2,candidate,html_dense,10,3,8,56679,1700370,31.0
2,candidate,html_dense,65,0,0,32513,6340035,154.9
2,candidate,html_dense,65,0,1,32513,6340035,153.1
2,candidate,html_dense,65,0,2,32513,6340035,156.5
2,candidate,html_dense,65,0,3,32513,6340035,162.3
2,candidate,html_dense,65,0,4,32513,6340035,157.5
2,candidate,html_dense,65,0,5,32513,6340035,155.2
2,candidate,html_dense,65,0,6,32513,6340035,159.5
2,candidate,html_dense,65,0,7,32513,6340035,159.5
2,candidate,html_dense,65,0,8,32513,6340035,159.5
2,candidate,html_dense,65,1,0,32513,6340035,165.7
2,candidate,html_dense,65,1,1,32513,6340035,166.7
2,candidate,html_dense,65,1,2,32513,6340035,174.4
2,candidate,html_dense,65,1,3,32513,6340035,166.1
2,candidate,html_dense,65,1,4,32513,6340035,165.7
2,candidate,html_dense,65,1,5,32513,6340035,181.7
2,candidate,html_dense,65,1,6,32513,6340035,167.3
2,candidate,html_dense,65,1,7,32513,6340035,170.0
2,candidate,html_dense,65,1,8,32513,6340035,171.0
2,candidate,html_dense,65,2,0,32513,10144056,124.1
2,candidate,html_dense,65,2,1,32513,10144056,133.2
2,candidate,html_dense,65,2,2,32513,10144056,131.9
2,candidate,html_dense,65,2,3,32513,10144056,123.4
2,candidate,html_dense,65,2,4,32513,10144056,123.3
2,candidate,html_dense,65,2,5,32513,10144056,122.1
2,candidate,html_dense,65,2,6,32513,10144056,130.7
2,candidate,html_dense,65,2,7,32513,10144056,123.5
2,candidate,html_dense,65,2,8,32513,10144056,135.1
2,candidate,html_dense,65,3,0,32513,6340035,171.3
2,candidate,html_dense,65,3,1,32513,6340035,170.1
2,candidate,html_dense,65,3,2,32513,6340035,160.0
2,candidate,html_dense,65,3,3,32513,6340035,158.4
2,candidate,html_dense,65,3,4,32513,6340035,182.6
2,candidate,html_dense,65,3,5,32513,6340035,165.8
2,candidate,html_dense,65,3,6,32513,6340035,161.7
2,candidate,html_dense,65,3,7,32513,6340035,174.9
2,candidate,html_dense,65,3,8,32513,6340035,159.3
2,candidate,html_dense,4100,0,0,1007,12386100,9112.6
2,candidate,html_dense,4100,0,1,1007,12386100,8939.5
2,candidate,html_dense,4100,0,2,1007,12386100,8866.2
2,candidate,html_dense,4100,0,3,1007,12386100,8950.2
2,candidate,html_dense,4100,0,4,1007,12386100,9017.2
2,candidate,html_dense,4100,0,5,1007,12386100,9083.7
2,candidate,html_dense,4100,0,6,1007,12386100,9223.4
2,candidate,html_dense,4100,0,7,1007,12386100,9084.8
2,candidate,html_dense,4100,0,8,1007,12386100,9178.8
2,candidate,html_dense,4100,1,0,1007,12386100,9741.4
2,candidate,html_dense,4100,1,1,1007,12386100,9835.7
2,candidate,html_dense,4100,1,2,1007,12386100,9728.9
2,candidate,html_dense,4100,1,3,1007,12386100,9726.7
2,candidate,html_dense,4100,1,4,1007,12386100,9764.0
2,candidate,html_dense,4100,1,5,1007,12386100,9777.7
2,candidate,html_dense,4100,1,6,1007,12386100,9744.1
2,candidate,html_dense,4100,1,7,1007,12386100,9799.9
2,candidate,html_dense,4100,1,8,1007,12386100,9750.2
2,candidate,html_dense,4100,2,0,1007,19817760,6886.3
2,candidate,html_dense,4100,2,1,1007,19817760,6746.5
2,candidate,html_dense,4100,2,2,1007,19817760,6893.4
2,candidate,html_dense,4100,2,3,1007,19817760,6776.5
2,candidate,html_dense,4100,2,4,1007,19817760,6876.2
2,candidate,html_dense,4100,2,5,1007,19817760,6820.0
2,candidate,html_dense,4100,2,6,1007,19817760,6970.8
2,candidate,html_dense,4100,2,7,1007,19817760,6820.6
2,candidate,html_dense,4100,2,8,1007,19817760,6836.2
2,candidate,html_dense,4100,3,0,1007,12386100,9293.7
2,candidate,html_dense,4100,3,1,1007,12386100,9201.3
2,candidate,html_dense,4100,3,2,1007,12386100,9237.2
2,candidate,html_dense,4100,3,3,1007,12386100,9303.6
2,candidate,html_dense,4100,3,4,1007,12386100,9240.9
2,candidate,html_dense,4100,3,5,1007,12386100,9225.0
2,candidate,html_dense,4100,3,6,1007,12386100,9428.6
2,candidate,html_dense,4100,3,7,1007,12386100,9533.6
2,candidate,html_dense,4100,3,8,1007,12386100,9275.8
2,candidate,html_dense,65540,0,0,64,12583680,142847.8
2,candidate,html_dense,65540,0,1,64,12583680,142356.7
2,candidate,html_dense,65540,0,2,64,12583680,141405.5
2,candidate,html_dense,65540,0,3,64,12583680,144507.7
2,candidate,html_dense,65540,0,4,64,12583680,141731.2
2,candidate,html_dense,65540,0,5,64,12583680,142488.9
2,candidate,html_dense,65540,0,6,64,12583680,142800.6
2,candidate,html_dense,65540,0,7,64,12583680,141422.3
2,candidate,html_dense,65540,0,8,64,12583680,142848.4
2,candidate,html_dense,65540,1,0,64,12583680,154983.0
2,candidate,html_dense,65540,1,1,64,12583680,155530.7
2,candidate,html_dense,65540,1,2,64,12583680,157218.4
2,candidate,html_dense,65540,1,3,64,12583680,156072.9
2,candidate,html_dense,65540,1,4,64,12583680,155430.7
2,candidate,html_dense,65540,1,5,64,12583680,155929.9
2,candidate,html_dense,65540,1,6,64,12583680,156462.3
2,candidate,html_dense,65540,1,7,64,12583680,155333.8
2,candidate,html_dense,65540,1,8,64,12583680,155698.4
2,candidate,html_dense,65540,2,0,64,20133888,112701.3
2,candidate,html_dense,65540,2,1,64,20133888,111411.7
2,candidate,html_dense,65540,2,2,64,20133888,113403.2
2,candidate,html_dense,65540,2,3,64,20133888,111215.9
2,candidate,html_dense,65540,2,4,64,20133888,110078.4
2,candidate,html_dense,65540,2,5,64,20133888,108773.1
2,candidate,html_dense,65540,2,6,64,20133888,110027.4
2,candidate,html_dense,65540,2,7,64,20133888,108896.3
2,candidate,html_dense,65540,2,8,64,20133888,109155.5
2,candidate,html_dense,65540,3,0,64,12583680,147160.0
2,candidate,html_dense,65540,3,1,64,12583680,147832.6
2,candidate,html_dense,65540,3,2,64,12583680,146862.0
2,candidate,html_dense,65540,3,3,64,12583680,147376.1
2,candidate,html_dense,65540,3,4,64,12583680,147401.8
2,candidate,html_dense,65540,3,5,64,12583680,146958.8
2,candidate,html_dense,65540,3,6,64,12583680,148441.5
2,candidate,html_dense,65540,3,7,64,12583680,147340.5
2,candidate,html_dense,65540,3,8,64,12583680,147520.0
2,candidate,html_sparse,1,0,0,64527,193581,9.5
2,candidate,html_sparse,1,0,1,64527,193581,9.8
2,candidate,html_sparse,1,0,2,64527,193581,9.4
2,candidate,html_sparse,1,0,3,64527,193581,9.3
2,candidate,html_sparse,1,0,4,64527,193581,9.4
2,candidate,html_sparse,1,0,5,64527,193581,9.4
2,candidate,html_sparse,1,0,6,64527,193581,9.4
2,candidate,html_sparse,1,0,7,64527,193581,9.7
2,candidate,html_sparse,1,0,8,64527,193581,9.5
2,candidate,html_sparse,1,1,0,64527,193581,11.7
2,candidate,html_sparse,1,1,1,64527,193581,10.5
2,candidate,html_sparse,1,1,2,64527,193581,10.1
2,candidate,html_sparse,1,1,3,64527,193581,10.1
2,candidate,html_sparse,1,1,4,64527,193581,10.2
2,candidate,html_sparse,1,1,5,64527,193581,10.4
2,candidate,html_sparse,1,1,6,64527,193581,13.9
2,candidate,html_sparse,1,1,7,64527,193581,10.3
2,candidate,html_sparse,1,1,8,64527,193581,10.2
2,candidate,html_sparse,1,2,0,64527,322635,14.9
2,candidate,html_sparse,1,2,1,64527,322635,16.0
2,candidate,html_sparse,1,2,2,64527,322635,15.2
2,candidate,html_sparse,1,2,3,64527,322635,15.1
2,candidate,html_sparse,1,2,4,64527,322635,16.5
2,candidate,html_sparse,1,2,5,64527,322635,16.5
2,candidate,html_sparse,1,2,6,64527,322635,18.2
2,candidate,html_sparse,1,2,7,64527,322635,15.5
2,candidate,html_sparse,1,2,8,64527,322635,15.5
2,candidate,html_sparse,1,3,0,64527,193581,10.2
2,candidate,html_sparse,1,3,1,64527,193581,10.6
2,candidate,html_sparse,1,3,2,64527,193581,10.1
2,candidate,html_sparse,1,3,3,64527,193581,10.1
2,candidate,html_sparse,1,3,4,64527,193581,10.3
2,candidate,html_sparse,1,3,5,64527,193581,10.2
2,candidate,html_sparse,1,3,6,64527,193581,10.4
2,candidate,html_sparse,1,3,7,64527,193581,11.1
2,candidate,html_sparse,1,3,8,64527,193581,10.2
2,candidate,html_sparse,8,0,0,58254,582540,19.2
2,candidate,html_sparse,8,0,1,58254,582540,19.1
2,candidate,html_sparse,8,0,2,58254,582540,19.7
2,candidate,html_sparse,8,0,3,58254,582540,19.6
2,candidate,html_sparse,8,0,4,58254,582540,19.5
2,candidate,html_sparse,8,0,5,58254,582540,20.4
2,candidate,html_sparse,8,0,6,58254,582540,19.3
2,candidate,html_sparse,8,0,7,58254,582540,19.7
2,candidate,html_sparse,8,0,8,58254,582540,19.6
2,candidate,html_sparse,8,1,0,58254,582540,18.0
2,candidate,html_sparse,8,1,1,58254,582540,18.7
2,candidate,html_sparse,8,1,2,58254,582540,17.1
2,candidate,html_sparse,8,1,3,58254,582540,17.0
2,candidate,html_sparse,8,1,4,58254,582540,18.4
2,candidate,html_sparse,8,1,5,58254,582540,18.0
2,candidate,html_sparse,8,1,6,58254,582540,17.3
2,candidate,html_sparse,8,1,7,58254,582540,17.8
2,candidate,html_sparse,8,1,8,58254,582540,18.0
2,candidate,html_sparse,8,2,0,58254,699048,20.0
2,candidate,html_sparse,8,2,1,58254,699048,20.3
2,candidate,html_sparse,8,2,2,58254,699048,20.8
2,candidate,html_sparse,8,2,3,58254,699048,20.1
2,candidate,html_sparse,8,2,4,58254,699048,24.2
2,candidate,html_sparse,8,2,5,58254,699048,21.8
2,candidate,html_sparse,8,2,6,58254,699048,20.8
2,candidate,html_sparse,8,2,7,58254,699048,20.9
2,candidate,html_sparse,8,2,8,58254,699048,20.7
2,candidate,html_sparse,8,3,0,58254,582540,17.9
2,candidate,html_sparse,8,3,1,58254,582540,17.6
2,candidate,html_sparse,8,3,2,58254,582540,17.9
2,candidate,html_sparse,8,3,3,58254,582540,18.3
2,candidate,html_sparse,8,3,4,58254,582540,18.4
2,candidate,html_sparse,8,3,5,58254,582540,17.9
2,candidate,html_sparse,8,3,6,58254,582540,18.5
2,candidate,html_sparse,8,3,7,58254,582540,18.1
2,candidate,html_sparse,8,3,8,58254,582540,17.9
2,candidate,html_sparse,64,0,0,32768,2162688,95.8
2,candidate,html_sparse,64,0,1,32768,2162688,95.9
2,candidate,html_sparse,64,0,2,32768,2162688,96.5
2,candidate,html_sparse,64,0,3,32768,2162688,95.4
2,candidate,html_sparse,64,0,4,32768,2162688,95.3
2,candidate,html_sparse,64,0,5,32768,2162688,96.1
2,candidate,html_sparse,64,0,6,32768,2162688,95.8
2,candidate,html_sparse,64,0,7,32768,2162688,98.1
2,candidate,html_sparse,64,0,8,32768,2162688,95.5
2,candidate,html_sparse,64,1,0,32768,2162688,92.8
2,candidate,html_sparse,64,1,1,32768,2162688,94.2
2,candidate,html_sparse,64,1,2,32768,2162688,91.9
2,candidate,html_sparse,64,1,3,32768,2162688,91.9
2,candidate,html_sparse,64,1,4,32768,2162688,91.7
2,candidate,html_sparse,64,1,5,32768,2162688,94.0
2,candidate,html_sparse,64,1,6,32768,2162688,91.2
2,candidate,html_sparse,64,1,7,32768,2162688,92.2
2,candidate,html_sparse,64,1,8,32768,2162688,91.2
2,candidate,html_sparse,64,2,0,32768,2228224,58.4
2,candidate,html_sparse,64,2,1,32768,2228224,52.7
2,candidate,html_sparse,64,2,2,32768,2228224,53.3
2,candidate,html_sparse,64,2,3,32768,2228224,55.9
2,candidate,html_sparse,64,2,4,32768,2228224,56.1
2,candidate,html_sparse,64,2,5,32768,2228224,52.8
2,candidate,html_sparse,64,2,6,32768,2228224,53.0
2,candidate,html_sparse,64,2,7,32768,2228224,54.8
2,candidate,html_sparse,64,2,8,32768,2228224,58.3
2,candidate,html_sparse,64,3,0,32768,2162688,85.2
2,candidate,html_sparse,64,3,1,32768,2162688,86.0
2,candidate,html_sparse,64,3,2,32768,2162688,86.2
2,candidate,html_sparse,64,3,3,32768,2162688,85.2
2,candidate,html_sparse,64,3,4,32768,2162688,85.2
2,candidate,html_sparse,64,3,5,32768,2162688,86.2
2,candidate,html_sparse,64,3,6,32768,2162688,86.5
2,candidate,html_sparse,64,3,7,32768,2162688,86.4
2,candidate,html_sparse,64,3,8,32768,2162688,85.8
2,candidate,html_sparse,4096,0,0,1008,4161024,5433.4
2,candidate,html_sparse,4096,0,1,1008,4161024,6256.0
2,candidate,html_sparse,4096,0,2,1008,4161024,5701.1
2,candidate,html_sparse,4096,0,3,1008,4161024,5388.9
2,candidate,html_sparse,4096,0,4,1008,4161024,5622.9
2,candidate,html_sparse,4096,0,5,1008,4161024,5484.7
2,candidate,html_sparse,4096,0,6,1008,4161024,5683.4
2,candidate,html_sparse,4096,0,7,1008,4161024,5930.7
2,candidate,html_sparse,4096,0,8,1008,4161024,5437.7
2,candidate,html_sparse,4096,1,0,1008,4161024,4693.0
2,candidate,html_sparse,4096,1,1,1008,4161024,4577.6
2,candidate,html_sparse,4096,1,2,1008,4161024,5073.1
2,candidate,html_sparse,4096,1,3,1008,4161024,4819.8
2,candidate,html_sparse,4096,1,4,1008,4161024,4794.0
2,candidate,html_sparse,4096,1,5,1008,4161024,4583.5
2,candidate,html_sparse,4096,1,6,1008,4161024,4579.8
2,candidate,html_sparse,4096,1,7,1008,4161024,4702.0
2,candidate,html_sparse,4096,1,8,1008,4161024,4552.8
2,candidate,html_sparse,4096,2,0,1008,4190256,1060.4
2,candidate,html_sparse,4096,2,1,1008,4190256,1060.1
2,candidate,html_sparse,4096,2,2,1008,4190256,1066.0
2,candidate,html_sparse,4096,2,3,1008,4190256,1079.3
2,candidate,html_sparse,4096,2,4,1008,4190256,1103.4
2,candidate,html_sparse,4096,2,5,1008,4190256,1063.8
2,candidate,html_sparse,4096,2,6,1008,4190256,1067.3
2,candidate,html_sparse,4096,2,7,1008,4190256,1068.7
2,candidate,html_sparse,4096,2,8,1008,4190256,1066.6
2,candidate,html_sparse,4096,3,0,1008,4161024,4767.0
2,candidate,html_sparse,4096,3,1,1008,4161024,4702.8
2,candidate,html_sparse,4096,3,2,1008,4161024,4722.2
2,candidate,html_sparse,4096,3,3,1008,4161024,4723.3
2,candidate,html_sparse,4096,3,4,1008,4161024,4672.3
2,candidate,html_sparse,4096,3,5,1008,4161024,4716.5
2,candidate,html_sparse,4096,3,6,1008,4161024,4754.9
2,candidate,html_sparse,4096,3,7,1008,4161024,4680.2
2,candidate,html_sparse,4096,3,8,1008,4161024,4680.5
2,candidate,html_sparse,65536,0,0,64,4227072,86092.0
2,candidate,html_sparse,65536,0,1,64,4227072,87580.0
2,candidate,html_sparse,65536,0,2,64,4227072,85964.0
2,candidate,html_sparse,65536,0,3,64,4227072,87223.0
2,candidate,html_sparse,65536,0,4,64,4227072,91804.6
2,candidate,html_sparse,65536,0,5,64,4227072,86465.0
2,candidate,html_sparse,65536,0,6,64,4227072,86952.6
2,candidate,html_sparse,65536,0,7,64,4227072,86537.9
2,candidate,html_sparse,65536,0,8,64,4227072,87539.4
2,candidate,html_sparse,65536,1,0,64,4227072,74675.2
2,candidate,html_sparse,65536,1,1,64,4227072,73587.4
2,candidate,html_sparse,65536,1,2,64,4227072,72784.5
2,candidate,html_sparse,65536,1,3,64,4227072,78059.4
2,candidate,html_sparse,65536,1,4,64,4227072,77382.1
2,candidate,html_sparse,65536,1,5,64,4227072,76781.9
2,candidate,html_sparse,65536,1,6,64,4227072,82675.1
2,candidate,html_sparse,65536,1,7,64,4227072,79015.9
2,candidate,html_sparse,65536,1,8,64,4227072,79341.7
2,candidate,html_sparse,65536,2,0,64,4256576,16095.6
2,candidate,html_sparse,65536,2,1,64,4256576,15961.6
2,candidate,html_sparse,65536,2,2,64,4256576,16314.6
2,candidate,html_sparse,65536,2,3,64,4256576,16441.2
2,candidate,html_sparse,65536,2,4,64,4256576,16047.3
2,candidate,html_sparse,65536,2,5,64,4256576,16209.8
2,candidate,html_sparse,65536,2,6,64,4256576,16248.4
2,candidate,html_sparse,65536,2,7,64,4256576,16371.8
2,candidate,html_sparse,65536,2,8,64,4256576,16027.4
2,candidate,html_sparse,65536,3,0,64,4227072,75976.5
2,candidate,html_sparse,65536,3,1,64,4227072,75952.6
2,candidate,html_sparse,65536,3,2,64,4227072,75899.6
2,candidate,html_sparse,65536,3,3,64,4227072,75480.2
2,candidate,html_sparse,65536,3,4,64,4227072,75874.3
2,candidate,html_sparse,65536,3,5,64,4227072,76477.3
2,candidate,html_sparse,65536,3,6,64,4227072,78254.1
2,candidate,html_sparse,65536,3,7,64,4227072,76140.4
2,candidate,html_sparse,65536,3,8,64,4227072,75844.0
2,candidate,html_late,1,0,0,64527,193581,9.6
2,candidate,html_late,1,0,1,64527,193581,9.5
2,candidate,html_late,1,0,2,64527,193581,9.8
2,candidate,html_late,1,0,3,64527,193581,9.5
2,candidate,html_late,1,0,4,64527,193581,9.5
2,candidate,html_late,1,0,5,64527,193581,9.7
2,candidate,html_late,1,0,6,64527,193581,9.5
2,candidate,html_late,1,0,7,64527,193581,10.0
2,candidate,html_late,1,0,8,64527,193581,10.8
2,candidate,html_late,1,1,0,64527,193581,10.6
2,candidate,html_late,1,1,1,64527,193581,10.1
2,candidate,html_late,1,1,2,64527,193581,10.1
2,candidate,html_late,1,1,3,64527,193581,10.3
2,candidate,html_late,1,1,4,64527,193581,10.2
2,candidate,html_late,1,1,5,64527,193581,10.3
2,candidate,html_late,1,1,6,64527,193581,11.8
2,candidate,html_late,1,1,7,64527,193581,10.2
2,candidate,html_late,1,1,8,64527,193581,13.6
2,candidate,html_late,1,2,0,64527,322635,15.3
2,candidate,html_late,1,2,1,64527,322635,15.6
2,candidate,html_late,1,2,2,64527,322635,17.8
2,candidate,html_late,1,2,3,64527,322635,15.5
2,candidate,html_late,1,2,4,64527,322635,15.6
2,candidate,html_late,1,2,5,64527,322635,15.5
2,candidate,html_late,1,2,6,64527,322635,15.5
2,candidate,html_late,1,2,7,64527,322635,15.5
2,candidate,html_late,1,2,8,64527,322635,15.7
2,candidate,html_late,1,3,0,64527,193581,10.2
2,candidate,html_late,1,3,1,64527,193581,10.1
2,candidate,html_late,1,3,2,64527,193581,10.2
2,candidate,html_late,1,3,3,64527,193581,10.1
2,candidate,html_late,1,3,4,64527,193581,10.1
2,candidate,html_late,1,3,5,64527,193581,10.3
2,candidate,html_late,1,3,6,64527,193581,10.3
2,candidate,html_late,1,3,7,64527,193581,10.2
2,candidate,html_late,1,3,8,64527,193581,10.3
2,candidate,html_late,8,0,0,58254,582540,19.0
2,candidate,html_late,8,0,1,58254,582540,19.2
2,candidate,html_late,8,0,2,58254,582540,19.2
2,candidate,html_late,8,0,3,58254,582540,19.3
2,candidate,html_late,8,0,4,58254,582540,18.9
2,candidate,html_late,8,0,5,58254,582540,19.4
2,candidate,html_late,8,0,6,58254,582540,20.1
2,candidate,html_late,8,0,7,58254,582540,19.1
2,candidate,html_late,8,0,8,58254,582540,19.4
2,candidate,html_late,8,1,0,58254,582540,20.6
2,candidate,html_late,8,1,1,58254,582540,18.3
2,candidate,html_late,8,1,2,58254,582540,18.5
2,candidate,html_late,8,1,3,58254,582540,19.6
2,candidate,html_late,8,1,4,58254,582540,17.1
2,candidate,html_late,8,1,5,58254,582540,17.1
2,candidate,html_late,8,1,6,58254,582540,17.3
2,candidate,html_late,8,1,7,58254,582540,17.1
2,candidate,html_late,8,1,8,58254,582540,17.6
2,candidate,html_late,8,2,0,58254,699048,20.9
2,candidate,html_late,8,2,1,58254,699048,21.1
2,candidate,html_late,8,2,2,58254,699048,24.0
2,candidate,html_late,8,2,3,58254,699048,21.0
2,candidate,html_late,8,2,4,58254,699048,21.3
2,candidate,html_late,8,2,5,58254,699048,22.0
2,candidate,html_late,8,2,6,58254,699048,21.2
2,candidate,html_late,8,2,7,58254,699048,23.8
2,candidate,html_late,8,2,8,58254,699048,20.2
2,candidate,html_late,8,3,0,58254,582540,20.5
2,candidate,html_late,8,3,1,58254,582540,17.7
2,candidate,html_late,8,3,2,58254,582540,18.0
2,candidate,html_late,8,3,3,58254,582540,18.2
2,candidate,html_late,8,3,4,58254,582540,20.2
2,candidate,html_late,8,3,5,58254,582540,17.8
2,candidate,html_late,8,3,6,58254,582540,18.0
2,candidate,html_late,8,3,7,58254,582540,17.8
2,candidate,html_late,8,3,8,58254,582540,18.8
2,candidate,html_late,64,0,0,32768,2162688,97.5
2,candidate,html_late,64,0,1,32768,2162688,95.9
2,candidate,html_late,64,0,2,32768,2162688,95.9
2,candidate,html_late,64,0,3,32768,2162688,96.8
2,candidate,html_late,64,0,4,32768,2162688,96.9
2,candidate,html_late,64,0,5,32768,2162688,110.6
2,candidate,html_late,64,0,6,32768,2162688,97.0
2,candidate,html_late,64,0,7,32768,2162688,96.3
2,candidate,html_late,64,0,8,32768,2162688,96.0
2,candidate,html_late,64,1,0,32768,2162688,93.5
2,candidate,html_late,64,1,1,32768,2162688,93.1
2,candidate,html_late,64,1,2,32768,2162688,95.2
2,candidate,html_late,64,1,3,32768,2162688,94.3
2,candidate,html_late,64,1,4,32768,2162688,93.5
2,candidate,html_late,64,1,5,32768,2162688,93.9
2,candidate,html_late,64,1,6,32768,2162688,93.0
2,candidate,html_late,64,1,7,32768,2162688,105.9
2,candidate,html_late,64,1,8,32768,2162688,93.9
2,candidate,html_late,64,2,0,32768,2228224,48.6
2,candidate,html_late,64,2,1,32768,2228224,48.0
2,candidate,html_late,64,2,2,32768,2228224,47.3
2,candidate,html_late,64,2,3,32768,2228224,47.0
2,candidate,html_late,64,2,4,32768,2228224,46.8
2,candidate,html_late,64,2,5,32768,2228224,47.1
2,candidate,html_late,64,2,6,32768,2228224,47.0
2,candidate,html_late,64,2,7,32768,2228224,46.8
2,candidate,html_late,64,2,8,32768,2228224,48.1
2,candidate,html_late,64,3,0,32768,2162688,85.7
2,candidate,html_late,64,3,1,32768,2162688,88.4
2,candidate,html_late,64,3,2,32768,2162688,86.8
2,candidate,html_late,64,3,3,32768,2162688,87.3
2,candidate,html_late,64,3,4,32768,2162688,86.1
2,candidate,html_late,64,3,5,32768,2162688,86.8
2,candidate,html_late,64,3,6,32768,2162688,93.7
2,candidate,html_late,64,3,7,32768,2162688,88.6
2,candidate,html_late,64,3,8,32768,2162688,90.7
2,candidate,html_late,4096,0,0,1008,4130784,5260.6
2,candidate,html_late,4096,0,1,1008,4130784,5415.1
2,candidate,html_late,4096,0,2,1008,4130784,5433.6
2,candidate,html_late,4096,0,3,1008,4130784,5494.2
2,candidate,html_late,4096,0,4,1008,4130784,5385.8
2,candidate,html_late,4096,0,5,1008,4130784,5360.8
2,candidate,html_late,4096,0,6,1008,4130784,5320.3
2,candidate,html_late,4096,0,7,1008,4130784,5343.6
2,candidate,html_late,4096,0,8,1008,4130784,5421.6
2,candidate,html_late,4096,1,0,1008,4130784,4991.5
2,candidate,html_late,4096,1,1,1008,4130784,4627.3
2,candidate,html_late,4096,1,2,1008,4130784,4675.3
2,candidate,html_late,4096,1,3,1008,4130784,4863.0
2,candidate,html_late,4096,1,4,1008,4130784,4741.2
2,candidate,html_late,4096,1,5,1008,4130784,4798.3
2,candidate,html_late,4096,1,6,1008,4130784,4714.6
2,candidate,html_late,4096,1,7,1008,4130784,4801.8
2,candidate,html_late,4096,1,8,1008,4130784,4654.1
2,candidate,html_late,4096,2,0,1008,4132800,777.9
2,candidate,html_late,4096,2,1,1008,4132800,761.9
2,candidate,html_late,4096,2,2,1008,4132800,777.0
2,candidate,html_late,4096,2,3,1008,4132800,764.8
2,candidate,html_late,4096,2,4,1008,4132800,776.0
2,candidate,html_late,4096,2,5,1008,4132800,797.4
2,candidate,html_late,4096,2,6,1008,4132800,770.7
2,candidate,html_late,4096,2,7,1008,4132800,787.5
2,candidate,html_late,4096,2,8,1008,4132800,782.8
2,candidate,html_late,4096,3,0,1008,4130784,4428.9
2,candidate,html_late,4096,3,1,1008,4130784,4525.3
2,candidate,html_late,4096,3,2,1008,4130784,4455.0
2,candidate,html_late,4096,3,3,1008,4130784,4478.1
2,candidate,html_late,4096,3,4,1008,4130784,4611.4
2,candidate,html_late,4096,3,5,1008,4130784,4445.1
2,candidate,html_late,4096,3,6,1008,4130784,4516.3
2,candidate,html_late,4096,3,7,1008,4130784,4472.7
2,candidate,html_late,4096,3,8,1008,4130784,4429.6
2,candidate,html_late,65536,0,0,64,4194432,87522.8
2,candidate,html_late,65536,0,1,64,4194432,84937.5
2,candidate,html_late,65536,0,2,64,4194432,84007.7
2,candidate,html_late,65536,0,3,64,4194432,83767.2
2,candidate,html_late,65536,0,4,64,4194432,87224.5
2,candidate,html_late,65536,0,5,64,4194432,85557.2
2,candidate,html_late,65536,0,6,64,4194432,83649.5
2,candidate,html_late,65536,0,7,64,4194432,86817.6
2,candidate,html_late,65536,0,8,64,4194432,89257.0
2,candidate,html_late,65536,1,0,64,4194432,74586.6
2,candidate,html_late,65536,1,1,64,4194432,74485.8
2,candidate,html_late,65536,1,2,64,4194432,76060.9
2,candidate,html_late,65536,1,3,64,4194432,77217.4
2,candidate,html_late,65536,1,4,64,4194432,74109.9
2,candidate,html_late,65536,1,5,64,4194432,74692.9
2,candidate,html_late,65536,1,6,64,4194432,74542.2
2,candidate,html_late,65536,1,7,64,4194432,74131.3
2,candidate,html_late,65536,1,8,64,4194432,74487.4
2,candidate,html_late,65536,2,0,64,4194560,11928.8
2,candidate,html_late,65536,2,1,64,4194560,12029.5
2,candidate,html_late,65536,2,2,64,4194560,11823.0
2,candidate,html_late,65536,2,3,64,4194560,12039.1
2,candidate,html_late,65536,2,4,64,4194560,12215.9
2,candidate,html_late,65536,2,5,64,4194560,11870.8
2,candidate,html_late,65536,2,6,64,4194560,12052.3
2,candidate,html_late,65536,2,7,64,4194560,12390.5
2,candidate,html_late,65536,2,8,64,4194560,11873.8
2,candidate,html_late,65536,3,0,64,4194432,71519.9
2,candidate,html_late,65536,3,1,64,4194432,70770.5
2,candidate,html_late,65536,3,2,64,4194432,81655.8
2,candidate,html_late,65536,3,3,64,4194432,80690.8
2,candidate,html_late,65536,3,4,64,4194432,72565.0
2,candidate,html_late,65536,3,5,64,4194432,71780.1
2,candidate,html_late,65536,3,6,64,4194432,70752.1
2,candidate,html_late,65536,3,7,64,4194432,71968.5
2,candidate,html_late,65536,3,8,64,4194432,71627.0
2,candidate,double_quote_runs,17,0,0,51781,983839,30.9
2,candidate,double_quote_runs,17,0,1,51781,983839,31.6
2,candidate,double_quote_runs,17,0,2,51781,983839,31.6
2,candidate,double_quote_runs,17,0,3,51781,983839,31.9
2,candidate,double_quote_runs,17,0,4,51781,983839,32.0
2,candidate,double_quote_runs,17,0,5,51781,983839,32.5
2,candidate,double_quote_runs,17,0,6,51781,983839,40.2
2,candidate,double_quote_runs,17,0,7,51781,983839,32.7
2,candidate,double_quote_runs,17,0,8,51781,983839,32.3
2,candidate,double_quote_runs,17,1,0,51781,983839,27.3
2,candidate,double_quote_runs,17,1,1,51781,983839,28.0
2,candidate,double_quote_runs,17,1,2,51781,983839,26.6
2,candidate,double_quote_runs,17,1,3,51781,983839,28.5
2,candidate,double_quote_runs,17,1,4,51781,983839,29.8
2,candidate,double_quote_runs,17,1,5,51781,983839,27.9
2,candidate,double_quote_runs,17,1,6,51781,983839,26.9
2,candidate,double_quote_runs,17,1,7,51781,983839,29.0
2,candidate,double_quote_runs,17,1,8,51781,983839,26.9
2,candidate,double_quote_runs,17,2,0,51781,1139182,33.4
2,candidate,double_quote_runs,17,2,1,51781,1139182,30.3
2,candidate,double_quote_runs,17,2,2,51781,1139182,26.3
2,candidate,double_quote_runs,17,2,3,51781,1139182,27.3
2,candidate,double_quote_runs,17,2,4,51781,1139182,26.1
2,candidate,double_quote_runs,17,2,5,51781,1139182,27.3
2,candidate,double_quote_runs,17,2,6,51781,1139182,26.7
2,candidate,double_quote_runs,17,2,7,51781,1139182,24.6
2,candidate,double_quote_runs,17,2,8,51781,1139182,24.5
2,candidate,double_quote_runs,17,3,0,51781,983839,29.3
2,candidate,double_quote_runs,17,3,1,51781,983839,28.0
2,candidate,double_quote_runs,17,3,2,51781,983839,26.9
2,candidate,double_quote_runs,17,3,3,51781,983839,27.8
2,candidate,double_quote_runs,17,3,4,51781,983839,29.0
2,candidate,double_quote_runs,17,3,5,51781,983839,27.6
2,candidate,double_quote_runs,17,3,6,51781,983839,26.9
2,candidate,double_quote_runs,17,3,7,51781,983839,29.4
2,candidate,double_quote_runs,17,3,8,51781,983839,27.7
2,candidate,double_quote_runs,68,0,0,31775,2414900,100.5
2,candidate,double_quote_runs,68,0,1,31775,2414900,105.9
2,candidate,double_quote_runs,68,0,2,31775,2414900,102.9
2,candidate,double_quote_runs,68,0,3,31775,2414900,105.7
2,candidate,double_quote_runs,68,0,4,31775,2414900,102.9
2,candidate,double_quote_runs,68,0,5,31775,2414900,101.7
2,candidate,double_quote_runs,68,0,6,31775,2414900,124.7
2,candidate,double_quote_runs,68,0,7,31775,2414900,107.9
2,candidate,double_quote_runs,68,0,8,31775,2414900,101.0
2,candidate,double_quote_runs,68,1,0,31775,2414900,90.4
2,candidate,double_quote_runs,68,1,1,31775,2414900,92.0
2,candidate,double_quote_runs,68,1,2,31775,2414900,87.9
2,candidate,double_quote_runs,68,1,3,31775,2414900,89.0
2,candidate,double_quote_runs,68,1,4,31775,2414900,87.1
2,candidate,double_quote_runs,68,1,5,31775,2414900,90.8
2,candidate,double_quote_runs,68,1,6,31775,2414900,91.7
2,candidate,double_quote_runs,68,1,7,31775,2414900,87.3
2,candidate,double_quote_runs,68,1,8,31775,2414900,88.6
2,candidate,double_quote_runs,68,2,0,31775,2796200,57.7
2,candidate,double_quote_runs,68,2,1,31775,2796200,58.0
2,candidate,double_quote_runs,68,2,2,31775,2796200,61.5
2,candidate,double_quote_runs,68,2,3,31775,2796200,57.3
2,candidate,double_quote_runs,68,2,4,31775,2796200,60.2
2,candidate,double_quote_runs,68,2,5,31775,2796200,60.2
2,candidate,double_quote_runs,68,2,6,31775,2796200,64.5
2,candidate,double_quote_runs,68,2,7,31775,2796200,60.3
2,candidate,double_quote_runs,68,2,8,31775,2796200,59.4
2,candidate,double_quote_runs,68,3,0,31775,2414900,91.9
2,candidate,double_quote_runs,68,3,1,31775,2414900,91.7
2,candidate,double_quote_runs,68,3,2,31775,2414900,93.7
2,candidate,double_quote_runs,68,3,3,31775,2414900,97.1
2,candidate,double_quote_runs,68,3,4,31775,2414900,97.2
2,candidate,double_quote_runs,68,3,5,31775,2414900,99.1
2,candidate,double_quote_runs,68,3,6,31775,2414900,91.2
2,candidate,double_quote_runs,68,3,7,31775,2414900,92.1
2,candidate,double_quote_runs,68,3,8,31775,2414900,95.3
2,candidate,double_quote_runs,4097,0,0,1008,4615632,5512.8
2,candidate,double_quote_runs,4097,0,1,1008,4615632,5513.6
2,candidate,double_quote_runs,4097,0,2,1008,4615632,5513.8
2,candidate,double_quote_runs,4097,0,3,1008,4615632,5493.4
2,candidate,double_quote_runs,4097,0,4,1008,4615632,5561.0
2,candidate,double_quote_runs,4097,0,5,1008,4615632,5538.3
2,candidate,double_quote_runs,4097,0,6,1008,4615632,5504.5
2,candidate,double_quote_runs,4097,0,7,1008,4615632,5509.3
2,candidate,double_quote_runs,4097,0,8,1008,4615632,5563.9
2,candidate,double_quote_runs,4097,1,0,1008,4615632,4948.5
2,candidate,double_quote_runs,4097,1,1,1008,4615632,4932.1
2,candidate,double_quote_runs,4097,1,2,1008,4615632,4975.6
2,candidate,double_quote_runs,4097,1,3,1008,4615632,5108.4
2,candidate,double_quote_runs,4097,1,4,1008,4615632,4904.2
2,candidate,double_quote_runs,4097,1,5,1008,4615632,5248.0
2,candidate,double_quote_runs,4097,1,6,1008,4615632,4957.9
2,candidate,double_quote_runs,4097,1,7,1008,4615632,4927.7
2,candidate,double_quote_runs,4097,1,8,1008,4615632,5022.1
2,candidate,double_quote_runs,4097,2,0,1008,5344416,3521.5
2,candidate,double_quote_runs,4097,2,1,1008,5344416,3443.1
2,candidate,double_quote_runs,4097,2,2,1008,5344416,3759.4
2,candidate,double_quote_runs,4097,2,3,1008,5344416,3535.2
2,candidate,double_quote_runs,4097,2,4,1008,5344416,3311.0
2,candidate,double_quote_runs,4097,2,5,1008,5344416,3297.8
2,candidate,double_quote_runs,4097,2,6,1008,5344416,3344.3
2,candidate,double_quote_runs,4097,2,7,1008,5344416,3610.8
2,candidate,double_quote_runs,4097,2,8,1008,5344416,3721.6
2,candidate,double_quote_runs,4097,3,0,1008,4615632,5161.4
2,candidate,double_quote_runs,4097,3,1,1008,4615632,4937.6
2,candidate,double_quote_runs,4097,3,2,1008,4615632,4805.6
2,candidate,double_quote_runs,4097,3,3,1008,4615632,4799.5
2,candidate,double_quote_runs,4097,3,4,1008,4615632,4862.8
2,candidate,double_quote_runs,4097,3,5,1008,4615632,4828.2
2,candidate,double_quote_runs,4097,3,6,1008,4615632,5311.3
2,candidate,double_quote_runs,4097,3,7,1008,4615632,4801.2
2,candidate,double_quote_runs,4097,3,8,1008,4615632,4798.3
2,candidate,double_quote_runs,65552,0,0,64,4688896,88613.0
2,candidate,double_quote_runs,65552,0,1,64,4688896,89355.1
2,candidate,double_quote_runs,65552,0,2,64,4688896,90402.7
2,candidate,double_quote_runs,65552,0,3,64,4688896,89106.6
2,candidate,double_quote_runs,65552,0,4,64,4688896,87995.8
2,candidate,double_quote_runs,65552,0,5,64,4688896,96726.0
2,candidate,double_quote_runs,65552,0,6,64,4688896,91885.1
2,candidate,double_quote_runs,65552,0,7,64,4688896,88813.8
2,candidate,double_quote_runs,65552,0,8,64,4688896,88751.3
2,candidate,double_quote_runs,65552,1,0,64,4688896,79951.7
2,candidate,double_quote_runs,65552,1,1,64,4688896,85109.4
2,candidate,double_quote_runs,65552,1,2,64,4688896,80365.8
2,candidate,double_quote_runs,65552,1,3,64,4688896,80035.3
2,candidate,double_quote_runs,65552,1,4,64,4688896,80194.7
2,candidate,double_quote_runs,65552,1,5,64,4688896,81416.3
2,candidate,double_quote_runs,65552,1,6,64,4688896,80871.4
2,candidate,double_quote_runs,65552,1,7,64,4688896,86832.2
2,candidate,double_quote_runs,65552,1,8,64,4688896,80263.9
2,candidate,double_quote_runs,65552,2,0,64,5429248,52441.7
2,candidate,double_quote_runs,65552,2,1,64,5429248,52500.6
2,candidate,double_quote_runs,65552,2,2,64,5429248,52336.1
2,candidate,double_quote_runs,65552,2,3,64,5429248,53254.4
2,candidate,double_quote_runs,65552,2,4,64,5429248,55595.9
2,candidate,double_quote_runs,65552,2,5,64,5429248,53248.2
2,candidate,double_quote_runs,65552,2,6,64,5429248,53491.8
2,candidate,double_quote_runs,65552,2,7,64,5429248,52516.1
2,candidate,double_quote_runs,65552,2,8,64,5429248,54156.8
2,candidate,double_quote_runs,65552,3,0,64,4688896,76456.5
2,candidate,double_quote_runs,65552,3,1,64,4688896,77150.9
2,candidate,double_quote_runs,65552,3,2,64,4688896,75482.1
2,candidate,double_quote_runs,65552,3,3,64,4688896,76444.2
2,candidate,double_quote_runs,65552,3,4,64,4688896,76924.2
2,candidate,double_quote_runs,65552,3,5,64,4688896,75735.0
2,candidate,double_quote_runs,65552,3,6,64,4688896,75599.3
2,candidate,double_quote_runs,65552,3,7,64,4688896,79799.9
2,candidate,double_quote_runs,65552,3,8,64,4688896,76992.1
2,candidate,apostrophe_runs,17,0,0,51781,983839,30.8
2,candidate,apostrophe_runs,17,0,1,51781,983839,31.9
2,candidate,apostrophe_runs,17,0,2,51781,983839,30.5
2,candidate,apostrophe_runs,17,0,3,51781,983839,30.6
2,candidate,apostrophe_runs,17,0,4,51781,983839,30.8
2,candidate,apostrophe_runs,17,0,5,51781,983839,30.5
2,candidate,apostrophe_runs,17,0,6,51781,983839,31.7
2,candidate,apostrophe_runs,17,0,7,51781,983839,30.8
2,candidate,apostrophe_runs,17,0,8,51781,983839,30.6
2,candidate,apostrophe_runs,17,1,0,51781,983839,26.9
2,candidate,apostrophe_runs,17,1,1,51781,983839,26.7
2,candidate,apostrophe_runs,17,1,2,51781,983839,28.5
2,candidate,apostrophe_runs,17,1,3,51781,983839,28.7
2,candidate,apostrophe_runs,17,1,4,51781,983839,27.2
2,candidate,apostrophe_runs,17,1,5,51781,983839,26.9
2,candidate,apostrophe_runs,17,1,6,51781,983839,26.8
2,candidate,apostrophe_runs,17,1,7,51781,983839,29.4
2,candidate,apostrophe_runs,17,1,8,51781,983839,26.7
2,candidate,apostrophe_runs,17,2,0,51781,1087401,24.2
2,candidate,apostrophe_runs,17,2,1,51781,1087401,26.5
2,candidate,apostrophe_runs,17,2,2,51781,1087401,23.9
2,candidate,apostrophe_runs,17,2,3,51781,1087401,24.1
2,candidate,apostrophe_runs,17,2,4,51781,1087401,24.3
2,candidate,apostrophe_runs,17,2,5,51781,1087401,24.5
2,candidate,apostrophe_runs,17,2,6,51781,1087401,27.1
2,candidate,apostrophe_runs,17,2,7,51781,1087401,24.6
2,candidate,apostrophe_runs,17,2,8,51781,1087401,24.3
2,candidate,apostrophe_runs,17,3,0,51781,983839,26.6
2,candidate,apostrophe_runs,17,3,1,51781,983839,28.4
2,candidate,apostrophe_runs,17,3,2,51781,983839,26.9
2,candidate,apostrophe_runs,17,3,3,51781,983839,27.3
2,candidate,apostrophe_runs,17,3,4,51781,983839,27.5
2,candidate,apostrophe_runs,17,3,5,51781,983839,31.8
2,candidate,apostrophe_runs,17,3,6,51781,983839,28.6
2,candidate,apostrophe_runs,17,3,7,51781,983839,27.8
2,candidate,apostrophe_runs,17,3,8,51781,983839,27.7
2,candidate,apostrophe_runs,68,0,0,31775,2414900,101.4
2,candidate,apostrophe_runs,68,0,1,31775,2414900,105.6
2,candidate,apostrophe_runs,68,0,2,31775,2414900,102.4
2,candidate,apostrophe_runs,68,0,3,31775,2414900,101.7
2,candidate,apostrophe_runs,68,0,4,31775,2414900,108.0
2,candidate,apostrophe_runs,68,0,5,31775,2414900,101.2
2,candidate,apostrophe_runs,68,0,6,31775,2414900,101.6
2,candidate,apostrophe_runs,68,0,7,31775,2414900,100.2
2,candidate,apostrophe_runs,68,0,8,31775,2414900,101.4
2,candidate,apostrophe_runs,68,1,0,31775,2414900,89.1
2,candidate,apostrophe_runs,68,1,1,31775,2414900,87.0
2,candidate,apostrophe_runs,68,1,2,31775,2414900,88.1
2,candidate,apostrophe_runs,68,1,3,31775,2414900,92.3
2,candidate,apostrophe_runs,68,1,4,31775,2414900,90.0
2,candidate,apostrophe_runs,68,1,5,31775,2414900,91.8
2,candidate,apostrophe_runs,68,1,6,31775,2414900,90.1
2,candidate,apostrophe_runs,68,1,7,31775,2414900,89.6
2,candidate,apostrophe_runs,68,1,8,31775,2414900,89.8
2,candidate,apostrophe_runs,68,2,0,31775,2669100,59.5
2,candidate,apostrophe_runs,68,2,1,31775,2669100,58.9
2,candidate,apostrophe_runs,68,2,2,31775,2669100,59.9
2,candidate,apostrophe_runs,68,2,3,31775,2669100,53.6
2,candidate,apostrophe_runs,68,2,4,31775,2669100,54.6
2,candidate,apostrophe_runs,68,2,5,31775,2669100,54.7
2,candidate,apostrophe_runs,68,2,6,31775,2669100,54.6
2,candidate,apostrophe_runs,68,2,7,31775,2669100,61.5
2,candidate,apostrophe_runs,68,2,8,31775,2669100,55.9
2,candidate,apostrophe_runs,68,3,0,31775,2414900,93.8
2,candidate,apostrophe_runs,68,3,1,31775,2414900,91.6
2,candidate,apostrophe_runs,68,3,2,31775,2414900,92.1
2,candidate,apostrophe_runs,68,3,3,31775,2414900,92.3
2,candidate,apostrophe_runs,68,3,4,31775,2414900,92.3
2,candidate,apostrophe_runs,68,3,5,31775,2414900,90.9
2,candidate,apostrophe_runs,68,3,6,31775,2414900,92.8
2,candidate,apostrophe_runs,68,3,7,31775,2414900,92.7
2,candidate,apostrophe_runs,68,3,8,31775,2414900,92.3
2,candidate,apostrophe_runs,4097,0,0,1008,4615632,5525.4
2,candidate,apostrophe_runs,4097,0,1,1008,4615632,5484.9
2,candidate,apostrophe_runs,4097,0,2,1008,4615632,5553.7
2,candidate,apostrophe_runs,4097,0,3,1008,4615632,5656.3
2,candidate,apostrophe_runs,4097,0,4,1008,4615632,5880.9
2,candidate,apostrophe_runs,4097,0,5,1008,4615632,5535.4
2,candidate,apostrophe_runs,4097,0,6,1008,4615632,5595.5
2,candidate,apostrophe_runs,4097,0,7,1008,4615632,5531.2
2,candidate,apostrophe_runs,4097,0,8,1008,4615632,5531.9
2,candidate,apostrophe_runs,4097,1,0,1008,4615632,4971.6
2,candidate,apostrophe_runs,4097,1,1,1008,4615632,4986.3
2,candidate,apostrophe_runs,4097,1,2,1008,4615632,4918.8
2,candidate,apostrophe_runs,4097,1,3,1008,4615632,4972.5
2,candidate,apostrophe_runs,4097,1,4,1008,4615632,4981.0
2,candidate,apostrophe_runs,4097,1,5,1008,4615632,4944.2
2,candidate,apostrophe_runs,4097,1,6,1008,4615632,4941.4
2,candidate,apostrophe_runs,4097,1,7,1008,4615632,5016.2
2,candidate,apostrophe_runs,4097,1,8,1008,4615632,4921.7
2,candidate,apostrophe_runs,4097,2,0,1008,5101488,3213.8
2,candidate,apostrophe_runs,4097,2,1,1008,5101488,3200.3
2,candidate,apostrophe_runs,4097,2,2,1008,5101488,3202.5
2,candidate,apostrophe_runs,4097,2,3,1008,5101488,3198.3
2,candidate,apostrophe_runs,4097,2,4,1008,5101488,3222.2
2,candidate,apostrophe_runs,4097,2,5,1008,5101488,3219.3
2,candidate,apostrophe_runs,4097,2,6,1008,5101488,3188.5
2,candidate,apostrophe_runs,4097,2,7,1008,5101488,3215.1
2,candidate,apostrophe_runs,4097,2,8,1008,5101488,3192.1
2,candidate,apostrophe_runs,4097,3,0,1008,4615632,4762.1
2,candidate,apostrophe_runs,4097,3,1,1008,4615632,4786.4
2,candidate,apostrophe_runs,4097,3,2,1008,4615632,4835.5
2,candidate,apostrophe_runs,4097,3,3,1008,4615632,4907.8
2,candidate,apostrophe_runs,4097,3,4,1008,4615632,4829.1
2,candidate,apostrophe_runs,4097,3,5,1008,4615632,4800.6
2,candidate,apostrophe_runs,4097,3,6,1008,4615632,4862.1
2,candidate,apostrophe_runs,4097,3,7,1008,4615632,4827.8
2,candidate,apostrophe_runs,4097,3,8,1008,4615632,4773.9
2,candidate,apostrophe_runs,65552,0,0,64,4688896,88115.5
2,candidate,apostrophe_runs,65552,0,1,64,4688896,88483.2
2,candidate,apostrophe_runs,65552,0,2,64,4688896,88119.9
2,candidate,apostrophe_runs,65552,0,3,64,4688896,89980.8
2,candidate,apostrophe_runs,65552,0,4,64,4688896,90669.1
2,candidate,apostrophe_runs,65552,0,5,64,4688896,88471.5
2,candidate,apostrophe_runs,65552,0,6,64,4688896,89829.5
2,candidate,apostrophe_runs,65552,0,7,64,4688896,88155.5
2,candidate,apostrophe_runs,65552,0,8,64,4688896,88005.3
2,candidate,apostrophe_runs,65552,1,0,64,4688896,86991.7
2,candidate,apostrophe_runs,65552,1,1,64,4688896,86284.8
2,candidate,apostrophe_runs,65552,1,2,64,4688896,85726.6
2,candidate,apostrophe_runs,65552,1,3,64,4688896,81849.0
2,candidate,apostrophe_runs,65552,1,4,64,4688896,82933.9
2,candidate,apostrophe_runs,65552,1,5,64,4688896,78881.7
2,candidate,apostrophe_runs,65552,1,6,64,4688896,81819.0
2,candidate,apostrophe_runs,65552,1,7,64,4688896,78378.5
2,candidate,apostrophe_runs,65552,1,8,64,4688896,78261.8
2,candidate,apostrophe_runs,65552,2,0,64,5182464,51100.3
2,candidate,apostrophe_runs,65552,2,1,64,5182464,50885.9
2,candidate,apostrophe_runs,65552,2,2,64,5182464,51686.6
2,candidate,apostrophe_runs,65552,2,3,64,5182464,51231.6
2,candidate,apostrophe_runs,65552,2,4,64,5182464,52124.3
2,candidate,apostrophe_runs,65552,2,5,64,5182464,50494.5
2,candidate,apostrophe_runs,65552,2,6,64,5182464,51430.3
2,candidate,apostrophe_runs,65552,2,7,64,5182464,51027.2
2,candidate,apostrophe_runs,65552,2,8,64,5182464,50993.9
2,candidate,apostrophe_runs,65552,3,0,64,4688896,75289.0
2,candidate,apostrophe_runs,65552,3,1,64,4688896,76679.7
2,candidate,apostrophe_runs,65552,3,2,64,4688896,80614.7
2,candidate,apostrophe_runs,65552,3,3,64,4688896,75743.2
2,candidate,apostrophe_runs,65552,3,4,64,4688896,76088.0
2,candidate,apostrophe_runs,65552,3,5,64,4688896,76989.4
2,candidate,apostrophe_runs,65552,3,6,64,4688896,75370.4
2,candidate,apostrophe_runs,65552,3,7,64,4688896,82904.5
2,candidate,apostrophe_runs,65552,3,8,64,4688896,79943.3
2,candidate,double_quote_offset_runs,34,0,0,42799,1540764,53.5
2,candidate,double_quote_offset_runs,34,0,1,42799,1540764,54.0
2,candidate,double_quote_offset_runs,34,0,2,42799,1540764,53.4
2,candidate,double_quote_offset_runs,34,0,3,42799,1540764,55.4
2,candidate,double_quote_offset_runs,34,0,4,42799,1540764,53.3
2,candidate,double_quote_offset_runs,34,0,5,42799,1540764,54.0
2,candidate,double_quote_offset_runs,34,0,6,42799,1540764,54.7
2,candidate,double_quote_offset_runs,34,0,7,42799,1540764,57.0
2,candidate,double_quote_offset_runs,34,0,8,42799,1540764,53.5
2,candidate,double_quote_offset_runs,34,1,0,42799,1540764,48.2
2,candidate,double_quote_offset_runs,34,1,1,42799,1540764,46.7
2,candidate,double_quote_offset_runs,34,1,2,42799,1540764,45.0
2,candidate,double_quote_offset_runs,34,1,3,42799,1540764,44.8
2,candidate,double_quote_offset_runs,34,1,4,42799,1540764,45.2
2,candidate,double_quote_offset_runs,34,1,5,42799,1540764,45.2
2,candidate,double_quote_offset_runs,34,1,6,42799,1540764,45.0
2,candidate,double_quote_offset_runs,34,1,7,42799,1540764,45.3
2,candidate,double_quote_offset_runs,34,1,8,42799,1540764,46.6
2,candidate,double_quote_offset_runs,34,2,0,42799,1669161,33.4
2,candidate,double_quote_offset_runs,34,2,1,42799,1669161,43.6
2,candidate,double_quote_offset_runs,34,2,2,42799,1669161,36.0
2,candidate,double_quote_offset_runs,34,2,3,42799,1669161,33.1
2,candidate,double_quote_offset_runs,34,2,4,42799,1669161,33.4
2,candidate,double_quote_offset_runs,34,2,5,42799,1669161,33.3
2,candidate,double_quote_offset_runs,34,2,6,42799,1669161,35.0
2,candidate,double_quote_offset_runs,34,2,7,42799,1669161,33.0
2,candidate,double_quote_offset_runs,34,2,8,42799,1669161,33.3
2,candidate,double_quote_offset_runs,34,3,0,42799,1540764,45.9
2,candidate,double_quote_offset_runs,34,3,1,42799,1540764,45.5
2,candidate,double_quote_offset_runs,34,3,2,42799,1540764,46.0
2,candidate,double_quote_offset_runs,34,3,3,42799,1540764,46.8
2,candidate,double_quote_offset_runs,34,3,4,42799,1540764,45.9
2,candidate,double_quote_offset_runs,34,3,5,42799,1540764,46.9
2,candidate,double_quote_offset_runs,34,3,6,42799,1540764,50.3
2,candidate,double_quote_offset_runs,34,3,7,42799,1540764,47.7
2,candidate,double_quote_offset_runs,34,3,8,42799,1540764,46.7
2,candidate,double_quote_offset_runs,68,0,0,31775,2287800,101.1
2,candidate,double_quote_offset_runs,68,0,1,31775,2287800,100.1
2,candidate,double_quote_offset_runs,68,0,2,31775,2287800,103.8
2,candidate,double_quote_offset_runs,68,0,3,31775,2287800,110.5
2,candidate,double_quote_offset_runs,68,0,4,31775,2287800,102.4
2,candidate,double_quote_offset_runs,68,0,5,31775,2287800,99.4
2,candidate,double_quote_offset_runs,68,0,6,31775,2287800,110.4
2,candidate,double_quote_offset_runs,68,0,7,31775,2287800,103.0
2,candidate,double_quote_offset_runs,68,0,8,31775,2287800,117.0
2,candidate,double_quote_offset_runs,68,1,0,31775,2287800,87.0
2,candidate,double_quote_offset_runs,68,1,1,31775,2287800,85.3
2,candidate,double_quote_offset_runs,68,1,2,31775,2287800,89.7
2,candidate,double_quote_offset_runs,68,1,3,31775,2287800,83.9
2,candidate,double_quote_offset_runs,68,1,4,31775,2287800,83.3
2,candidate,double_quote_offset_runs,68,1,5,31775,2287800,83.8
2,candidate,double_quote_offset_runs,68,1,6,31775,2287800,86.1
2,candidate,double_quote_offset_runs,68,1,7,31775,2287800,98.2
2,candidate,double_quote_offset_runs,68,1,8,31775,2287800,84.4
2,candidate,double_quote_offset_runs,68,2,0,31775,2478450,53.9
2,candidate,double_quote_offset_runs,68,2,1,31775,2478450,54.8
2,candidate,double_quote_offset_runs,68,2,2,31775,2478450,59.8
2,candidate,double_quote_offset_runs,68,2,3,31775,2478450,54.0
2,candidate,double_quote_offset_runs,68,2,4,31775,2478450,54.3
2,candidate,double_quote_offset_runs,68,2,5,31775,2478450,53.9
2,candidate,double_quote_offset_runs,68,2,6,31775,2478450,57.1
2,candidate,double_quote_offset_runs,68,2,7,31775,2478450,54.8
2,candidate,double_quote_offset_runs,68,2,8,31775,2478450,57.9
2,candidate,double_quote_offset_runs,68,3,0,31775,2287800,89.9
2,candidate,double_quote_offset_runs,68,3,1,31775,2287800,89.4
2,candidate,double_quote_offset_runs,68,3,2,31775,2287800,90.4
2,candidate,double_quote_offset_runs,68,3,3,31775,2287800,87.6
2,candidate,double_quote_offset_runs,68,3,4,31775,2287800,89.4
2,candidate,double_quote_offset_runs,68,3,5,31775,2287800,90.7
2,candidate,double_quote_offset_runs,68,3,6,31775,2287800,90.5
2,candidate,double_quote_offset_runs,68,3,7,31775,2287800,89.6
2,candidate,double_quote_offset_runs,68,3,8,31775,2287800,90.8
2,candidate,double_quote_offset_runs,4114,0,0,1003,4369068,5427.4
2,candidate,double_quote_offset_runs,4114,0,1,1003,4369068,5471.7
2,candidate,double_quote_offset_runs,4114,0,2,1003,4369068,5663.3
2,candidate,double_quote_offset_runs,4114,0,3,1003,4369068,5390.6
2,candidate,double_quote_offset_runs,4114,0,4,1003,4369068,5796.3
2,candidate,double_quote_offset_runs,4114,0,5,1003,4369068,5833.9
2,candidate,double_quote_offset_runs,4114,0,6,1003,4369068,5408.8
2,candidate,double_quote_offset_runs,4114,0,7,1003,4369068,5642.0
2,candidate,double_quote_offset_runs,4114,0,8,1003,4369068,5418.0
2,candidate,double_quote_offset_runs,4114,1,0,1003,4369068,5083.3
2,candidate,double_quote_offset_runs,4114,1,1,1003,4369068,5071.4
2,candidate,double_quote_offset_runs,4114,1,2,1003,4369068,5302.8
2,candidate,double_quote_offset_runs,4114,1,3,1003,4369068,4852.7
2,candidate,double_quote_offset_runs,4114,1,4,1003,4369068,4793.2
2,candidate,double_quote_offset_runs,4114,1,5,1003,4369068,4985.5
2,candidate,double_quote_offset_runs,4114,1,6,1003,4369068,5617.0
2,candidate,double_quote_offset_runs,4114,1,7,1003,4369068,4934.2
2,candidate,double_quote_offset_runs,4114,1,8,1003,4369068,4856.4
2,candidate,double_quote_offset_runs,4114,2,0,1003,4733157,3847.7
2,candidate,double_quote_offset_runs,4114,2,1,1003,4733157,3809.1
2,candidate,double_quote_offset_runs,4114,2,2,1003,4733157,3818.8
2,candidate,double_quote_offset_runs,4114,2,3,1003,4733157,3850.7
2,candidate,double_quote_offset_runs,4114,2,4,1003,4733157,3900.3
2,candidate,double_quote_offset_runs,4114,2,5,1003,4733157,3822.0
2,candidate,double_quote_offset_runs,4114,2,6,1003,4733157,3819.7
2,candidate,double_quote_offset_runs,4114,2,7,1003,4733157,3868.8
2,candidate,double_quote_offset_runs,4114,2,8,1003,4733157,3884.0
2,candidate,double_quote_offset_runs,4114,3,0,1003,4369068,4816.0
2,candidate,double_quote_offset_runs,4114,3,1,1003,4369068,5244.0
2,candidate,double_quote_offset_runs,4114,3,2,1003,4369068,4747.6
2,candidate,double_quote_offset_runs,4114,3,3,1003,4369068,5102.9
2,candidate,double_quote_offset_runs,4114,3,4,1003,4369068,5014.6
2,candidate,double_quote_offset_runs,4114,3,5,1003,4369068,5068.1
2,candidate,double_quote_offset_runs,4114,3,6,1003,4369068,4865.8
2,candidate,double_quote_offset_runs,4114,3,7,1003,4369068,5017.2
2,candidate,double_quote_offset_runs,4114,3,8,1003,4369068,5173.4
2,candidate,double_quote_offset_runs,65552,0,0,64,4442112,91155.2
2,candidate,double_quote_offset_runs,65552,0,1,64,4442112,93849.5
2,candidate,double_quote_offset_runs,65552,0,2,64,4442112,97157.1
2,candidate,double_quote_offset_runs,65552,0,3,64,4442112,96547.5
2,candidate,double_quote_offset_runs,65552,0,4,64,4442112,89278.7
2,candidate,double_quote_offset_runs,65552,0,5,64,4442112,91286.1
2,candidate,double_quote_offset_runs,65552,0,6,64,4442112,93991.2
2,candidate,double_quote_offset_runs,65552,0,7,64,4442112,90754.8
2,candidate,double_quote_offset_runs,65552,0,8,64,4442112,93244.3
2,candidate,double_quote_offset_runs,65552,1,0,64,4442112,77696.6
2,candidate,double_quote_offset_runs,65552,1,1,64,4442112,76274.7
2,candidate,double_quote_offset_runs,65552,1,2,64,4442112,80326.0
2,candidate,double_quote_offset_runs,65552,1,3,64,4442112,78455.7
2,candidate,double_quote_offset_runs,65552,1,4,64,4442112,76148.0
2,candidate,double_quote_offset_runs,65552,1,5,64,4442112,76393.1
2,candidate,double_quote_offset_runs,65552,1,6,64,4442112,79132.8
2,candidate,double_quote_offset_runs,65552,1,7,64,4442112,77095.4
2,candidate,double_quote_offset_runs,65552,1,8,64,4442112,76107.8
2,candidate,double_quote_offset_runs,65552,2,0,64,4812288,61688.1
2,candidate,double_quote_offset_runs,65552,2,1,64,4812288,61871.1
2,candidate,double_quote_offset_runs,65552,2,2,64,4812288,61701.1
2,candidate,double_quote_offset_runs,65552,2,3,64,4812288,62459.2
2,candidate,double_quote_offset_runs,65552,2,4,64,4812288,63216.9
2,candidate,double_quote_offset_runs,65552,2,5,64,4812288,63328.7
2,candidate,double_quote_offset_runs,65552,2,6,64,4812288,61062.0
2,candidate,double_quote_offset_runs,65552,2,7,64,4812288,61204.0
2,candidate,double_quote_offset_runs,65552,2,8,64,4812288,61526.9
2,candidate,double_quote_offset_runs,65552,3,0,64,4442112,76931.4
2,candidate,double_quote_offset_runs,65552,3,1,64,4442112,79406.1
2,candidate,double_quote_offset_runs,65552,3,2,64,4442112,80254.6
2,candidate,double_quote_offset_runs,65552,3,3,64,4442112,81260.0
2,candidate,double_quote_offset_runs,65552,3,4,64,4442112,76431.7
2,candidate,double_quote_offset_runs,65552,3,5,64,4442112,78315.1
2,candidate,double_quote_offset_runs,65552,3,6,64,4442112,79267.9
2,candidate,double_quote_offset_runs,65552,3,7,64,4442112,77283.0
2,candidate,double_quote_offset_runs,65552,3,8,64,4442112,79554.1
2,candidate,apostrophe_offset_runs,34,0,0,42799,1540764,65.1
2,candidate,apostrophe_offset_runs,34,0,1,42799,1540764,56.4
2,candidate,apostrophe_offset_runs,34,0,2,42799,1540764,56.9
2,candidate,apostrophe_offset_runs,34,0,3,42799,1540764,57.3
2,candidate,apostrophe_offset_runs,34,0,4,42799,1540764,54.5
2,candidate,apostrophe_offset_runs,34,0,5,42799,1540764,54.6
2,candidate,apostrophe_offset_runs,34,0,6,42799,1540764,56.2
2,candidate,apostrophe_offset_runs,34,0,7,42799,1540764,56.7
2,candidate,apostrophe_offset_runs,34,0,8,42799,1540764,57.0
2,candidate,apostrophe_offset_runs,34,1,0,42799,1540764,45.3
2,candidate,apostrophe_offset_runs,34,1,1,42799,1540764,46.8
2,candidate,apostrophe_offset_runs,34,1,2,42799,1540764,45.3
2,candidate,apostrophe_offset_runs,34,1,3,42799,1540764,45.7
2,candidate,apostrophe_offset_runs,34,1,4,42799,1540764,50.4
2,candidate,apostrophe_offset_runs,34,1,5,42799,1540764,45.6
2,candidate,apostrophe_offset_runs,34,1,6,42799,1540764,44.5
2,candidate,apostrophe_offset_runs,34,1,7,42799,1540764,45.0
2,candidate,apostrophe_offset_runs,34,1,8,42799,1540764,45.4
2,candidate,apostrophe_offset_runs,34,2,0,42799,1626362,32.2
2,candidate,apostrophe_offset_runs,34,2,1,42799,1626362,32.7
2,candidate,apostrophe_offset_runs,34,2,2,42799,1626362,32.6
2,candidate,apostrophe_offset_runs,34,2,3,42799,1626362,37.0
2,candidate,apostrophe_offset_runs,34,2,4,42799,1626362,33.1
2,candidate,apostrophe_offset_runs,34,2,5,42799,1626362,32.8
2,candidate,apostrophe_offset_runs,34,2,6,42799,1626362,33.9
2,candidate,apostrophe_offset_runs,34,2,7,42799,1626362,33.3
2,candidate,apostrophe_offset_runs,34,2,8,42799,1626362,33.1
2,candidate,apostrophe_offset_runs,34,3,0,42799,1540764,45.5
2,candidate,apostrophe_offset_runs,34,3,1,42799,1540764,46.7
2,candidate,apostrophe_offset_runs,34,3,2,42799,1540764,47.7
2,candidate,apostrophe_offset_runs,34,3,3,42799,1540764,46.0
2,candidate,apostrophe_offset_runs,34,3,4,42799,1540764,46.4
2,candidate,apostrophe_offset_runs,34,3,5,42799,1540764,46.0
2,candidate,apostrophe_offset_runs,34,3,6,42799,1540764,48.0
2,candidate,apostrophe_offset_runs,34,3,7,42799,1540764,46.0
2,candidate,apostrophe_offset_runs,34,3,8,42799,1540764,46.6
2,candidate,apostrophe_offset_runs,68,0,0,31775,2287800,110.2
2,candidate,apostrophe_offset_runs,68,0,1,31775,2287800,103.7
2,candidate,apostrophe_offset_runs,68,0,2,31775,2287800,102.4
2,candidate,apostrophe_offset_runs,68,0,3,31775,2287800,100.7
2,candidate,apostrophe_offset_runs,68,0,4,31775,2287800,98.9
2,candidate,apostrophe_offset_runs,68,0,5,31775,2287800,100.5
2,candidate,apostrophe_offset_runs,68,0,6,31775,2287800,98.8
2,candidate,apostrophe_offset_runs,68,0,7,31775,2287800,99.1
2,candidate,apostrophe_offset_runs,68,0,8,31775,2287800,99.3
2,candidate,apostrophe_offset_runs,68,1,0,31775,2287800,83.9
2,candidate,apostrophe_offset_runs,68,1,1,31775,2287800,84.2
2,candidate,apostrophe_offset_runs,68,1,2,31775,2287800,84.6
2,candidate,apostrophe_offset_runs,68,1,3,31775,2287800,85.0
2,candidate,apostrophe_offset_runs,68,1,4,31775,2287800,85.4
2,candidate,apostrophe_offset_runs,68,1,5,31775,2287800,84.2
2,candidate,apostrophe_offset_runs,68,1,6,31775,2287800,84.9
2,candidate,apostrophe_offset_runs,68,1,7,31775,2287800,85.2
2,candidate,apostrophe_offset_runs,68,1,8,31775,2287800,84.8
2,candidate,apostrophe_offset_runs,68,2,0,31775,2414900,52.9
2,candidate,apostrophe_offset_runs,68,2,1,31775,2414900,52.8
2,candidate,apostrophe_offset_runs,68,2,2,31775,2414900,52.6
2,candidate,apostrophe_offset_runs,68,2,3,31775,2414900,56.6
2,candidate,apostrophe_offset_runs,68,2,4,31775,2414900,57.5
2,candidate,apostrophe_offset_runs,68,2,5,31775,2414900,52.8
2,candidate,apostrophe_offset_runs,68,2,6,31775,2414900,52.4
2,candidate,apostrophe_offset_runs,68,2,7,31775,2414900,53.4
2,candidate,apostrophe_offset_runs,68,2,8,31775,2414900,53.4
2,candidate,apostrophe_offset_runs,68,3,0,31775,2287800,93.3
2,candidate,apostrophe_offset_runs,68,3,1,31775,2287800,89.1
2,candidate,apostrophe_offset_runs,68,3,2,31775,2287800,90.4
2,candidate,apostrophe_offset_runs,68,3,3,31775,2287800,90.0
2,candidate,apostrophe_offset_runs,68,3,4,31775,2287800,90.5
2,candidate,apostrophe_offset_runs,68,3,5,31775,2287800,90.8
2,candidate,apostrophe_offset_runs,68,3,6,31775,2287800,89.3
2,candidate,apostrophe_offset_runs,68,3,7,31775,2287800,90.1
2,candidate,apostrophe_offset_runs,68,3,8,31775,2287800,92.5
2,candidate,apostrophe_offset_runs,4114,0,0,1003,4369068,5473.8
2,candidate,apostrophe_offset_runs,4114,0,1,1003,4369068,5482.8
2,candidate,apostrophe_offset_runs,4114,0,2,1003,4369068,5417.5
2,candidate,apostrophe_offset_runs,4114,0,3,1003,4369068,5489.9
2,candidate,apostrophe_offset_runs,4114,0,4,1003,4369068,5420.5
2,candidate,apostrophe_offset_runs,4114,0,5,1003,4369068,5554.6
2,candidate,apostrophe_offset_runs,4114,0,6,1003,4369068,5661.0
2,candidate,apostrophe_offset_runs,4114,0,7,1003,4369068,5447.7
2,candidate,apostrophe_offset_runs,4114,0,8,1003,4369068,5423.6
2,candidate,apostrophe_offset_runs,4114,1,0,1003,4369068,5020.8
2,candidate,apostrophe_offset_runs,4114,1,1,1003,4369068,4857.1
2,candidate,apostrophe_offset_runs,4114,1,2,1003,4369068,5403.5
2,candidate,apostrophe_offset_runs,4114,1,3,1003,4369068,4845.9
2,candidate,apostrophe_offset_runs,4114,1,4,1003,4369068,4807.5
2,candidate,apostrophe_offset_runs,4114,1,5,1003,4369068,4851.2
2,candidate,apostrophe_offset_runs,4114,1,6,1003,4369068,4815.1
2,candidate,apostrophe_offset_runs,4114,1,7,1003,4369068,4823.7
2,candidate,apostrophe_offset_runs,4114,1,8,1003,4369068,5211.9
2,candidate,apostrophe_offset_runs,4114,2,0,1003,4611794,3815.6
2,candidate,apostrophe_offset_runs,4114,2,1,1003,4611794,3837.3
2,candidate,apostrophe_offset_runs,4114,2,2,1003,4611794,3839.9
2,candidate,apostrophe_offset_runs,4114,2,3,1003,4611794,3756.8
2,candidate,apostrophe_offset_runs,4114,2,4,1003,4611794,3950.1
2,candidate,apostrophe_offset_runs,4114,2,5,1003,4611794,5028.8
2,candidate,apostrophe_offset_runs,4114,2,6,1003,4611794,3826.7
2,candidate,apostrophe_offset_runs,4114,2,7,1003,4611794,3774.3
2,candidate,apostrophe_offset_runs,4114,2,8,1003,4611794,3792.3
2,candidate,apostrophe_offset_runs,4114,3,0,1003,4369068,5005.5
2,candidate,apostrophe_offset_runs,4114,3,1,1003,4369068,5333.6
2,candidate,apostrophe_offset_runs,4114,3,2,1003,4369068,5223.1
2,candidate,apostrophe_offset_runs,4114,3,3,1003,4369068,5163.3
2,candidate,apostrophe_offset_runs,4114,3,4,1003,4369068,4865.8
2,candidate,apostrophe_offset_runs,4114,3,5,1003,4369068,4796.6
2,candidate,apostrophe_offset_runs,4114,3,6,1003,4369068,4733.5
2,candidate,apostrophe_offset_runs,4114,3,7,1003,4369068,4767.5
2,candidate,apostrophe_offset_runs,4114,3,8,1003,4369068,4763.3
2,candidate,apostrophe_offset_runs,65552,0,0,64,4442112,87144.7
2,candidate,apostrophe_offset_runs,65552,0,1,64,4442112,86866.7
2,candidate,apostrophe_offset_runs,65552,0,2,64,4442112,86379.0
2,candidate,apostrophe_offset_runs,65552,0,3,64,4442112,86515.3
2,candidate,apostrophe_offset_runs,65552,0,4,64,4442112,86015.7
2,candidate,apostrophe_offset_runs,65552,0,5,64,4442112,86322.5
2,candidate,apostrophe_offset_runs,65552,0,6,64,4442112,86580.1
2,candidate,apostrophe_offset_runs,65552,0,7,64,4442112,86001.7
2,candidate,apostrophe_offset_runs,65552,0,8,64,4442112,88457.2
2,candidate,apostrophe_offset_runs,65552,1,0,64,4442112,78693.7
2,candidate,apostrophe_offset_runs,65552,1,1,64,4442112,75930.1
2,candidate,apostrophe_offset_runs,65552,1,2,64,4442112,81332.3
2,candidate,apostrophe_offset_runs,65552,1,3,64,4442112,78215.4
2,candidate,apostrophe_offset_runs,65552,1,4,64,4442112,78020.1
2,candidate,apostrophe_offset_runs,65552,1,5,64,4442112,83833.9
2,candidate,apostrophe_offset_runs,65552,1,6,64,4442112,76791.0
2,candidate,apostrophe_offset_runs,65552,1,7,64,4442112,76509.7
2,candidate,apostrophe_offset_runs,65552,1,8,64,4442112,77033.5
2,candidate,apostrophe_offset_runs,65552,2,0,64,4688896,59826.0
2,candidate,apostrophe_offset_runs,65552,2,1,64,4688896,60694.0
2,candidate,apostrophe_offset_runs,65552,2,2,64,4688896,60082.7
2,candidate,apostrophe_offset_runs,65552,2,3,64,4688896,60192.9
2,candidate,apostrophe_offset_runs,65552,2,4,64,4688896,60665.4
2,candidate,apostrophe_offset_runs,65552,2,5,64,4688896,62274.9
2,candidate,apostrophe_offset_runs,65552,2,6,64,4688896,62914.5
2,candidate,apostrophe_offset_runs,65552,2,7,64,4688896,60809.3
2,candidate,apostrophe_offset_runs,65552,2,8,64,4688896,65564.7
2,candidate,apostrophe_offset_runs,65552,3,0,64,4442112,85161.3
2,candidate,apostrophe_offset_runs,65552,3,1,64,4442112,79257.2
2,candidate,apostrophe_offset_runs,65552,3,2,64,4442112,77463.5
2,candidate,apostrophe_offset_runs,65552,3,3,64,4442112,79537.5
2,candidate,apostrophe_offset_runs,65552,3,4,64,4442112,83668.0
2,candidate,apostrophe_offset_runs,65552,3,5,64,4442112,85193.5
2,candidate,apostrophe_offset_runs,65552,3,6,64,4442112,80051.2
2,candidate,apostrophe_offset_runs,65552,3,7,64,4442112,80048.3
2,candidate,apostrophe_offset_runs,65552,3,8,64,4442112,77052.5
3,baseline,plain,0,0,0,65536,0,3.5
3,baseline,plain,0,0,1,65536,0,3.3
3,baseline,plain,0,0,2,65536,0,3.3
3,baseline,plain,0,0,3,65536,0,3.3
3,baseline,plain,0,0,4,65536,0,3.3
3,baseline,plain,0,0,5,65536,0,3.3
3,baseline,plain,0,0,6,65536,0,3.3
3,baseline,plain,0,0,7,65536,0,3.3
3,baseline,plain,0,0,8,65536,0,3.5
3,baseline,plain,0,1,0,65536,0,3.5
3,baseline,plain,0,1,1,65536,0,3.5
3,baseline,plain,0,1,2,65536,0,3.8
3,baseline,plain,0,1,3,65536,0,3.7
3,baseline,plain,0,1,4,65536,0,3.7
3,baseline,plain,0,1,5,65536,0,3.6
3,baseline,plain,0,1,6,65536,0,3.8
3,baseline,plain,0,1,7,65536,0,3.5
3,baseline,plain,0,1,8,65536,0,3.7
3,baseline,plain,0,2,0,65536,0,6.3
3,baseline,plain,0,2,1,65536,0,6.3
3,baseline,plain,0,2,2,65536,0,6.5
3,baseline,plain,0,2,3,65536,0,6.6
3,baseline,plain,0,2,4,65536,0,6.6
3,baseline,plain,0,2,5,65536,0,6.3
3,baseline,plain,0,2,6,65536,0,6.3
3,baseline,plain,0,2,7,65536,0,7.2
3,baseline,plain,0,2,8,65536,0,6.3
3,baseline,plain,0,3,0,65536,0,3.4
3,baseline,plain,0,3,1,65536,0,3.3
3,baseline,plain,0,3,2,65536,0,3.6
3,baseline,plain,0,3,3,65536,0,3.3
3,baseline,plain,0,3,4,65536,0,3.3
3,baseline,plain,0,3,5,65536,0,3.5
3,baseline,plain,0,3,6,65536,0,3.3
3,baseline,plain,0,3,7,65536,0,3.3
3,baseline,plain,0,3,8,65536,0,3.5
3,baseline,plain,30,0,0,44620,1427840,48.8
3,baseline,plain,30,0,1,44620,1427840,47.7
3,baseline,plain,30,0,2,44620,1427840,50.2
3,baseline,plain,30,0,3,44620,1427840,47.5
3,baseline,plain,30,0,4,44620,1427840,48.2
3,baseline,plain,30,0,5,44620,1427840,49.8
3,baseline,plain,30,0,6,44620,1427840,50.7
3,baseline,plain,30,0,7,44620,1427840,49.3
3,baseline,plain,30,0,8,44620,1427840,47.5
3,baseline,plain,30,1,0,44620,1338600,40.5
3,baseline,plain,30,1,1,44620,1338600,41.2
3,baseline,plain,30,1,2,44620,1338600,40.7
3,baseline,plain,30,1,3,44620,1338600,41.4
3,baseline,plain,30,1,4,44620,1338600,40.7
3,baseline,plain,30,1,5,44620,1338600,41.5
3,baseline,plain,30,1,6,44620,1338600,41.1
3,baseline,plain,30,1,7,44620,1338600,40.8
3,baseline,plain,30,1,8,44620,1338600,40.5
3,baseline,plain,30,2,0,44620,1338600,41.1
3,baseline,plain,30,2,1,44620,1338600,39.7
3,baseline,plain,30,2,2,44620,1338600,41.5
3,baseline,plain,30,2,3,44620,1338600,39.3
3,baseline,plain,30,2,4,44620,1338600,39.4
3,baseline,plain,30,2,5,44620,1338600,39.6
3,baseline,plain,30,2,6,44620,1338600,39.4
3,baseline,plain,30,2,7,44620,1338600,39.5
3,baseline,plain,30,2,8,44620,1338600,39.4
3,baseline,plain,30,3,0,44620,1427840,43.3
3,baseline,plain,30,3,1,44620,1427840,45.5
3,baseline,plain,30,3,2,44620,1427840,46.3
3,baseline,plain,30,3,3,44620,1427840,45.4
3,baseline,plain,30,3,4,44620,1427840,45.3
3,baseline,plain,30,3,5,44620,1427840,45.9
3,baseline,plain,30,3,6,44620,1427840,46.5
3,baseline,plain,30,3,7,44620,1427840,45.6
3,baseline,plain,30,3,8,44620,1427840,43.6
3,baseline,plain,90,0,0,27235,2614560,145.3
3,baseline,plain,90,0,1,27235,2614560,137.0
3,baseline,plain,90,0,2,27235,2614560,142.6
3,baseline,plain,90,0,3,27235,2614560,147.2
3,baseline,plain,90,0,4,27235,2614560,151.9
3,baseline,plain,90,0,5,27235,2614560,139.1
3,baseline,plain,90,0,6,27235,2614560,138.6
3,baseline,plain,90,0,7,27235,2614560,138.7
3,baseline,plain,90,0,8,27235,2614560,146.1
3,baseline,plain,90,1,0,27235,2451150,139.8
3,baseline,plain,90,1,1,27235,2451150,134.8
3,baseline,plain,90,1,2,27235,2451150,132.3
3,baseline,plain,90,1,3,27235,2451150,124.2
3,baseline,plain,90,1,4,27235,2451150,125.3
3,baseline,plain,90,1,5,27235,2451150,123.6
3,baseline,plain,90,1,6,27235,2451150,130.5
3,baseline,plain,90,1,7,27235,2451150,127.8
3,baseline,plain,90,1,8,27235,2451150,128.5
3,baseline,plain,90,2,0,27235,2451150,86.8
3,baseline,plain,90,2,1,27235,2451150,82.6
3,baseline,plain,90,2,2,27235,2451150,82.8
3,baseline,plain,90,2,3,27235,2451150,84.8
3,baseline,plain,90,2,4,27235,2451150,82.9
3,baseline,plain,90,2,5,27235,2451150,82.8
3,baseline,plain,90,2,6,27235,2451150,107.3
3,baseline,plain,90,2,7,27235,2451150,83.9
3,baseline,plain,90,2,8,27235,2451150,84.0
3,baseline,plain,90,3,0,27235,2614560,141.4
3,baseline,plain,90,3,1,27235,2614560,131.4
3,baseline,plain,90,3,2,27235,2614560,132.3
3,baseline,plain,90,3,3,27235,2614560,132.5
3,baseline,plain,90,3,4,27235,2614560,131.9
3,baseline,plain,90,3,5,27235,2614560,135.0
3,baseline,plain,90,3,6,27235,2614560,132.4
3,baseline,plain,90,3,7,27235,2614560,138.6
3,baseline,plain,90,3,8,27235,2614560,132.9
3,baseline,plain,4110,0,0,1004,4401536,5509.2
3,baseline,plain,4110,0,1,1004,4401536,5553.5
3,baseline,plain,4110,0,2,1004,4401536,5563.4
3,baseline,plain,4110,0,3,1004,4401536,5550.8
3,baseline,plain,4110,0,4,1004,4401536,5584.1
3,baseline,plain,4110,0,5,1004,4401536,5559.8
3,baseline,plain,4110,0,6,1004,4401536,5525.2
3,baseline,plain,4110,0,7,1004,4401536,5499.9
3,baseline,plain,4110,0,8,1004,4401536,5557.5
3,baseline,plain,4110,1,0,1004,4126440,4897.4
3,baseline,plain,4110,1,1,1004,4126440,4843.6
3,baseline,plain,4110,1,2,1004,4126440,4845.9
3,baseline,plain,4110,1,3,1004,4126440,4898.7
3,baseline,plain,4110,1,4,1004,4126440,4860.2
3,baseline,plain,4110,1,5,1004,4126440,4879.2
3,baseline,plain,4110,1,6,1004,4126440,4885.4
3,baseline,plain,4110,1,7,1004,4126440,4856.2
3,baseline,plain,4110,1,8,1004,4126440,4857.3
3,baseline,plain,4110,2,0,1004,4126440,3148.0
3,baseline,plain,4110,2,1,1004,4126440,3161.6
3,baseline,plain,4110,2,2,1004,4126440,3321.1
3,baseline,plain,4110,2,3,1004,4126440,3223.3
3,baseline,plain,4110,2,4,1004,4126440,3258.3
3,baseline,plain,4110,2,5,1004,4126440,3149.8
3,baseline,plain,4110,2,6,1004,4126440,3167.2
3,baseline,plain,4110,2,7,1004,4126440,3145.8
3,baseline,plain,4110,2,8,1004,4126440,3123.3
3,baseline,plain,4110,3,0,1004,4401536,5266.8
3,baseline,plain,4110,3,1,1004,4401536,5104.3
3,baseline,plain,4110,3,2,1004,4401536,5307.6
3,baseline,plain,4110,3,3,1004,4401536,5081.4
3,baseline,plain,4110,3,4,1004,4401536,5144.2
3,baseline,plain,4110,3,5,1004,4401536,5214.0
3,baseline,plain,4110,3,6,1004,4401536,5180.5
3,baseline,plain,4110,3,7,1004,4401536,6177.7
3,baseline,plain,4110,3,8,1004,4401536,5176.2
3,baseline,plain,65550,0,0,64,4474880,94647.7
3,baseline,plain,65550,0,1,64,4474880,89976.8
3,baseline,plain,65550,0,2,64,4474880,94908.9
3,baseline,plain,65550,0,3,64,4474880,92838.4
3,baseline,plain,65550,0,4,64,4474880,88259.6
3,baseline,plain,65550,0,5,64,4474880,94566.7
3,baseline,plain,65550,0,6,64,4474880,88521.3
3,baseline,plain,65550,0,7,64,4474880,96509.1
3,baseline,plain,65550,0,8,64,4474880,91339.7
3,baseline,plain,65550,1,0,64,4195200,77661.5
3,baseline,plain,65550,1,1,64,4195200,82449.2
3,baseline,plain,65550,1,2,64,4195200,82086.7
3,baseline,plain,65550,1,3,64,4195200,78396.0
3,baseline,plain,65550,1,4,64,4195200,81625.9
3,baseline,plain,65550,1,5,64,4195200,80922.7
3,baseline,plain,65550,1,6,64,4195200,79753.1
3,baseline,plain,65550,1,7,64,4195200,85260.5
3,baseline,plain,65550,1,8,64,4195200,81993.5
3,baseline,plain,65550,2,0,64,4195200,57540.8
3,baseline,plain,65550,2,1,64,4195200,51052.8
3,baseline,plain,65550,2,2,64,4195200,51760.2
3,baseline,plain,65550,2,3,64,4195200,52283.8
3,baseline,plain,65550,2,4,64,4195200,54628.3
3,baseline,plain,65550,2,5,64,4195200,51161.4
3,baseline,plain,65550,2,6,64,4195200,53618.9
3,baseline,plain,65550,2,7,64,4195200,54547.7
3,baseline,plain,65550,2,8,64,4195200,56391.0
3,baseline,plain,65550,3,0,64,4474880,84931.1
3,baseline,plain,65550,3,1,64,4474880,84024.6
3,baseline,plain,65550,3,2,64,4474880,82479.3
3,baseline,plain,65550,3,3,64,4474880,84167.2
3,baseline,plain,65550,3,4,64,4474880,82085.4
3,baseline,plain,65550,3,5,64,4474880,82492.6
3,baseline,plain,65550,3,6,64,4474880,84432.7
3,baseline,plain,65550,3,7,64,4474880,83803.0
3,baseline,plain,65550,3,8,64,4474880,82056.2
3,baseline,mixed,46,0,0,38130,3660480,87.0
3,baseline,mixed,46,0,1,38130,3660480,86.5
3,baseline,mixed,46,0,2,38130,3660480,84.8
3,baseline,mixed,46,0,3,38130,3660480,85.2
3,baseline,mixed,46,0,4,38130,3660480,86.7
3,baseline,mixed,46,0,5,38130,3660480,85.7
3,baseline,mixed,46,0,6,38130,3660480,84.8
3,baseline,mixed,46,0,7,38130,3660480,86.0
3,baseline,mixed,46,0,8,38130,3660480,90.1
3,baseline,mixed,46,1,0,38130,3507960,86.4
3,baseline,mixed,46,1,1,38130,3507960,87.0
3,baseline,mixed,46,1,2,38130,3507960,87.3
3,baseline,mixed,46,1,3,38130,3507960,89.9
3,baseline,mixed,46,1,4,38130,3507960,86.9
3,baseline,mixed,46,1,5,38130,3507960,87.1
3,baseline,mixed,46,1,6,38130,3507960,86.7
3,baseline,mixed,46,1,7,38130,3507960,88.2
3,baseline,mixed,46,1,8,38130,3507960,87.0
3,baseline,mixed,46,2,0,38130,2897880,73.9
3,baseline,mixed,46,2,1,38130,2897880,74.1
3,baseline,mixed,46,2,2,38130,2897880,72.1
3,baseline,mixed,46,2,3,38130,2897880,75.4
3,baseline,mixed,46,2,4,38130,2897880,73.6
3,baseline,mixed,46,2,5,38130,2897880,75.0
3,baseline,mixed,46,2,6,38130,2897880,76.5
3,baseline,mixed,46,2,7,38130,2897880,74.4
3,baseline,mixed,46,2,8,38130,2897880,80.6
3,baseline,mixed,46,3,0,38130,3355440,81.6
3,baseline,mixed,46,3,1,38130,3355440,82.3
3,baseline,mixed,46,3,2,38130,3355440,81.4
3,baseline,mixed,46,3,3,38130,3355440,81.7
3,baseline,mixed,46,3,4,38130,3355440,81.9
3,baseline,mixed,46,3,5,38130,3355440,82.0
3,baseline,mixed,46,3,6,38130,3355440,82.1
3,baseline,mixed,46,3,7,38130,3355440,86.0
3,baseline,mixed,46,3,8,38130,3355440,86.4
3,baseline,mixed,92,0,0,26886,5162112,171.6
3,baseline,mixed,92,0,1,26886,5162112,168.2
3,baseline,mixed,92,0,2,26886,5162112,171.1
3,baseline,mixed,92,0,3,26886,5162112,173.5
3,baseline,mixed,92,0,4,26886,5162112,168.6
3,baseline,mixed,92,0,5,26886,5162112,168.2
3,baseline,mixed,92,0,6,26886,5162112,168.2
3,baseline,mixed,92,0,7,26886,5162112,168.5
3,baseline,mixed,92,0,8,26886,5162112,167.4
3,baseline,mixed,92,1,0,26886,4947024,187.9
3,baseline,mixed,92,1,1,26886,4947024,174.4
3,baseline,mixed,92,1,2,26886,4947024,174.5
3,baseline,mixed,92,1,3,26886,4947024,172.3
3,baseline,mixed,92,1,4,26886,4947024,173.4
3,baseline,mixed,92,1,5,26886,4947024,175.4
3,baseline,mixed,92,1,6,26886,4947024,176.3
3,baseline,mixed,92,1,7,26886,4947024,179.0
3,baseline,mixed,92,1,8,26886,4947024,178.5
3,baseline,mixed,92,2,0,26886,4086672,129.9
3,baseline,mixed,92,2,1,26886,4086672,127.5
3,baseline,mixed,92,2,2,26886,4086672,130.3
3,baseline,mixed,92,2,3,26886,4086672,127.6
3,baseline,mixed,92,2,4,26886,4086672,129.8
3,baseline,mixed,92,2,5,26886,4086672,126.6
3,baseline,mixed,92,2,6,26886,4086672,126.6
3,baseline,mixed,92,2,7,26886,4086672,127.3
3,baseline,mixed,92,2,8,26886,4086672,127.1
3,baseline,mixed,92,3,0,26886,4731936,162.3
3,baseline,mixed,92,3,1,26886,4731936,167.8
3,baseline,mixed,92,3,2,26886,4731936,164.7
3,baseline,mixed,92,3,3,26886,4731936,162.8
3,baseline,mixed,92,3,4,26886,4731936,164.1
3,baseline,mixed,92,3,5,26886,4731936,162.0
3,baseline,mixed,92,3,6,26886,4731936,160.7
3,baseline,mixed,92,3,7,26886,4731936,166.3
3,baseline,mixed,92,3,8,26886,4731936,171.5
3,baseline,mixed,4140,0,0,997,8614080,6937.7
3,baseline,mixed,4140,0,1,997,8614080,6918.3
3,baseline,mixed,4140,0,2,997,8614080,6978.9
3,baseline,mixed,4140,0,3,997,8614080,7066.8
3,baseline,mixed,4140,0,4,997,8614080,6865.9
3,baseline,mixed,4140,0,5,997,8614080,6934.9
3,baseline,mixed,4140,0,6,997,8614080,6902.1
3,baseline,mixed,4140,0,7,997,8614080,7628.5
3,baseline,mixed,4140,0,8,997,8614080,7101.8
3,baseline,mixed,4140,1,0,997,8255160,7466.0
3,baseline,mixed,4140,1,1,997,8255160,7457.1
3,baseline,mixed,4140,1,2,997,8255160,7658.5
3,baseline,mixed,4140,1,3,997,8255160,7302.1
3,baseline,mixed,4140,1,4,997,8255160,7668.2
3,baseline,mixed,4140,1,5,997,8255160,7370.3
3,baseline,mixed,4140,1,6,997,8255160,7501.3
3,baseline,mixed,4140,1,7,997,8255160,7353.8
3,baseline,mixed,4140,1,8,997,8255160,7466.7
3,baseline,mixed,4140,2,0,997,6819480,5166.0
3,baseline,mixed,4140,2,1,997,6819480,4887.5
3,baseline,mixed,4140,2,2,997,6819480,4980.4
3,baseline,mixed,4140,2,3,997,6819480,5004.2
3,baseline,mixed,4140,2,4,997,6819480,5549.1
3,baseline,mixed,4140,2,5,997,6819480,5281.3
3,baseline,mixed,4140,2,6,997,6819480,5495.2
3,baseline,mixed,4140,2,7,997,6819480,5140.6
3,baseline,mixed,4140,2,8,997,6819480,4952.4
3,baseline,mixed,4140,3,0,997,7896240,6746.9
3,baseline,mixed,4140,3,1,997,7896240,6934.4
3,baseline,mixed,4140,3,2,997,7896240,6823.0
3,baseline,mixed,4140,3,3,997,7896240,6660.2
3,baseline,mixed,4140,3,4,997,7896240,6813.4
3,baseline,mixed,4140,3,5,997,7896240,6723.3
3,baseline,mixed,4140,3,6,997,7896240,7014.9
3,baseline,mixed,4140,3,7,997,7896240,6711.2
3,baseline,mixed,4140,3,8,997,7896240,6917.0
3,baseline,mixed,65550,0,0,64,8755200,115377.5
3,baseline,mixed,65550,0,1,64,8755200,120577.1
3,baseline,mixed,65550,0,2,64,8755200,114275.3
3,baseline,mixed,65550,0,3,64,8755200,119699.9
3,baseline,mixed,65550,0,4,64,8755200,113947.3
3,baseline,mixed,65550,0,5,64,8755200,121956.1
3,baseline,mixed,65550,0,6,64,8755200,114448.6
3,baseline,mixed,65550,0,7,64,8755200,116203.8
3,baseline,mixed,65550,0,8,64,8755200,113952.5
3,baseline,mixed,65550,1,0,64,8390400,122929.7
3,baseline,mixed,65550,1,1,64,8390400,118904.4
3,baseline,mixed,65550,1,2,64,8390400,120098.5
3,baseline,mixed,65550,1,3,64,8390400,122053.3
3,baseline,mixed,65550,1,4,64,8390400,118276.7
3,baseline,mixed,65550,1,5,64,8390400,117660.3
3,baseline,mixed,65550,1,6,64,8390400,116821.2
3,baseline,mixed,65550,1,7,64,8390400,119572.2
3,baseline,mixed,65550,1,8,64,8390400,120547.3
3,baseline,mixed,65550,2,0,64,6931200,77849.3
3,baseline,mixed,65550,2,1,64,6931200,76822.3
3,baseline,mixed,65550,2,2,64,6931200,79741.4
3,baseline,mixed,65550,2,3,64,6931200,78570.0
3,baseline,mixed,65550,2,4,64,6931200,77382.9
3,baseline,mixed,65550,2,5,64,6931200,76946.8
3,baseline,mixed,65550,2,6,64,6931200,81037.4
3,baseline,mixed,65550,2,7,64,6931200,76384.9
3,baseline,mixed,65550,2,8,64,6931200,76403.8
3,baseline,mixed,65550,3,0,64,8025600,109418.7
3,baseline,mixed,65550,3,1,64,8025600,111542.7
3,baseline,mixed,65550,3,2,64,8025600,105902.7
3,baseline,mixed,65550,3,3,64,8025600,117657.3
3,baseline,mixed,65550,3,4,64,8025600,105465.5
3,baseline,mixed,65550,3,5,64,8025600,108595.2
3,baseline,mixed,65550,3,6,64,8025600,106346.0
3,baseline,mixed,65550,3,7,64,8025600,106849.4
3,baseline,mixed,65550,3,8,64,8025600,113869.8
3,baseline,unreserved,1,0,0,64527,64527,8.9
3,baseline,unreserved,1,0,1,64527,64527,9.0
3,baseline,unreserved,1,0,2,64527,64527,8.8
3,baseline,unreserved,1,0,3,64527,64527,8.8
3,baseline,unreserved,1,0,4,64527,64527,9.6
3,baseline,unreserved,1,0,5,64527,64527,9.3
3,baseline,unreserved,1,0,6,64527,64527,8.8
3,baseline,unreserved,1,0,7,64527,64527,9.0
3,baseline,unreserved,1,0,8,64527,64527,13.2
3,baseline,unreserved,1,1,0,64527,64527,10.1
3,baseline,unreserved,1,1,1,64527,64527,9.4
3,baseline,unreserved,1,1,2,64527,64527,9.0
3,baseline,unreserved,1,1,3,64527,64527,8.8
3,baseline,unreserved,1,1,4,64527,64527,9.0
3,baseline,unreserved,1,1,5,64527,64527,9.0
3,baseline,unreserved,1,1,6,64527,64527,8.8
3,baseline,unreserved,1,1,7,64527,64527,8.8
3,baseline,unreserved,1,1,8,64527,64527,8.9
3,baseline,unreserved,1,2,0,64527,64527,18.7
3,baseline,unreserved,1,2,1,64527,64527,17.5
3,baseline,unreserved,1,2,2,64527,64527,19.2
3,baseline,unreserved,1,2,3,64527,64527,15.4
3,baseline,unreserved,1,2,4,64527,64527,13.8
3,baseline,unreserved,1,2,5,64527,64527,13.8
3,baseline,unreserved,1,2,6,64527,64527,13.7
3,baseline,unreserved,1,2,7,64527,64527,14.4
3,baseline,unreserved,1,2,8,64527,64527,15.4
3,baseline,unreserved,1,3,0,64527,64527,9.6
3,baseline,unreserved,1,3,1,64527,64527,9.2
3,baseline,unreserved,1,3,2,64527,64527,9.0
3,baseline,unreserved,1,3,3,64527,64527,9.1
3,baseline,unreserved,1,3,4,64527,64527,9.1
3,baseline,unreserved,1,3,5,64527,64527,9.9
3,baseline,unreserved,1,3,6,64527,64527,9.2
3,baseline,unreserved,1,3,7,64527,64527,9.1
3,baseline,unreserved,1,3,8,64527,64527,9.3
3,baseline,unreserved,8,0,0,58254,466032,19.8
3,baseline,unreserved,8,0,1,58254,466032,19.6
3,baseline,unreserved,8,0,2,58254,466032,20.2
3,baseline,unreserved,8,0,3,58254,466032,19.5
3,baseline,unreserved,8,0,4,58254,466032,19.2
3,baseline,unreserved,8,0,5,58254,466032,19.5
3,baseline,unreserved,8,0,6,58254,466032,19.4
3,baseline,unreserved,8,0,7,58254,466032,19.3
3,baseline,unreserved,8,0,8,58254,466032,19.2
3,baseline,unreserved,8,1,0,58254,466032,16.2
3,baseline,unreserved,8,1,1,58254,466032,16.2
3,baseline,unreserved,8,1,2,58254,466032,16.4
3,baseline,unreserved,8,1,3,58254,466032,16.2
3,baseline,unreserved,8,1,4,58254,466032,16.4
3,baseline,unreserved,8,1,5,58254,466032,16.9
3,baseline,unreserved,8,1,6,58254,466032,16.4
3,baseline,unreserved,8,1,7,58254,466032,15.7
3,baseline,unreserved,8,1,8,58254,466032,15.9
3,baseline,unreserved,8,2,0,58254,466032,20.2
3,baseline,unreserved,8,2,1,58254,466032,19.8
3,baseline,unreserved,8,2,2,58254,466032,19.9
3,baseline,unreserved,8,2,3,58254,466032,19.9
3,baseline,unreserved,8,2,4,58254,466032,19.7
3,baseline,unreserved,8,2,5,58254,466032,19.9
3,baseline,unreserved,8,2,6,58254,466032,20.2
3,baseline,unreserved,8,2,7,58254,466032,20.4
3,baseline,unreserved,8,2,8,58254,466032,19.7
3,baseline,unreserved,8,3,0,58254,466032,16.8
3,baseline,unreserved,8,3,1,58254,466032,16.9
3,baseline,unreserved,8,3,2,58254,466032,16.9
3,baseline,unreserved,8,3,3,58254,466032,17.3
3,baseline,unreserved,8,3,4,58254,466032,16.9
3,baseline,unreserved,8,3,5,58254,466032,17.2
3,baseline,unreserved,8,3,6,58254,466032,17.0
3,baseline,unreserved,8,3,7,58254,466032,16.8
3,baseline,unreserved,8,3,8,58254,466032,17.0
3,baseline,unreserved,64,0,0,32768,2097152,96.5
3,baseline,unreserved,64,0,1,32768,2097152,97.6
3,baseline,unreserved,64,0,2,32768,2097152,94.9
3,baseline,unreserved,64,0,3,32768,2097152,104.4
3,baseline,unreserved,64,0,4,32768,2097152,95.1
3,baseline,unreserved,64,0,5,32768,2097152,94.3
3,baseline,unreserved,64,0,6,32768,2097152,94.3
3,baseline,unreserved,64,0,7,32768,2097152,94.4
3,baseline,unreserved,64,0,8,32768,2097152,100.8
3,baseline,unreserved,64,1,0,32768,2097152,88.7
3,baseline,unreserved,64,1,1,32768,2097152,89.6
3,baseline,unreserved,64,1,2,32768,2097152,93.9
3,baseline,unreserved,64,1,3,32768,2097152,91.3
3,baseline,unreserved,64,1,4,32768,2097152,89.2
3,baseline,unreserved,64,1,5,32768,2097152,90.5
3,baseline,unreserved,64,1,6,32768,2097152,91.0
3,baseline,unreserved,64,1,7,32768,2097152,92.4
3,baseline,unreserved,64,1,8,32768,2097152,89.7
3,baseline,unreserved,64,2,0,32768,2097152,63.6
3,baseline,unreserved,64,2,1,32768,2097152,62.4
3,baseline,unreserved,64,2,2,32768,2097152,62.2
3,baseline,unreserved,64,2,3,32768,2097152,75.2
3,baseline,unreserved,64,2,4,32768,2097152,70.2
3,baseline,unreserved,64,2,5,32768,2097152,61.6
3,baseline,unreserved,64,2,6,32768,2097152,63.5
3,baseline,unreserved,64,2,7,32768,2097152,61.6
3,baseline,unreserved,64,2,8,32768,2097152,62.1
3,baseline,unreserved,64,3,0,32768,2097152,90.8
3,baseline,unreserved,64,3,1,32768,2097152,87.6
3,baseline,unreserved,64,3,2,32768,2097152,84.5
3,baseline,unreserved,64,3,3,32768,2097152,85.3
3,baseline,unreserved,64,3,4,32768,2097152,87.0
3,baseline,unreserved,64,3,5,32768,2097152,87.4
3,baseline,unreserved,64,3,6,32768,2097152,84.9
3,baseline,unreserved,64,3,7,32768,2097152,84.9
3,baseline,unreserved,64,3,8,32768,2097152,84.4
3,baseline,unreserved,4096,0,0,1008,4128768,5437.1
3,baseline,unreserved,4096,0,1,1008,4128768,5489.2
3,baseline,unreserved,4096,0,2,1008,4128768,5964.2
3,baseline,unreserved,4096,0,3,1008,4128768,5425.5
3,baseline,unreserved,4096,0,4,1008,4128768,5437.9
3,baseline,unreserved,4096,0,5,1008,4128768,5621.7
3,baseline,unreserved,4096,0,6,1008,4128768,5431.6
3,baseline,unreserved,4096,0,7,1008,4128768,5581.6
3,baseline,unreserved,4096,0,8,1008,4128768,5450.7
3,baseline,unreserved,4096,1,0,1008,4128768,5065.8
3,baseline,unreserved,4096,1,1,1008,4128768,4657.2
3,baseline,unreserved,4096,1,2,1008,4128768,4655.3
3,baseline,unreserved,4096,1,3,1008,4128768,4645.9
3,baseline,unreserved,4096,1,4,1008,4128768,4640.2
3,baseline,unreserved,4096,1,5,1008,4128768,4668.5
3,baseline,unreserved,4096,1,6,1008,4128768,4631.5
3,baseline,unreserved,4096,1,7,1008,4128768,4692.8
3,baseline,unreserved,4096,1,8,1008,4128768,4667.1
3,baseline,unreserved,4096,2,0,1008,4128768,3010.4
3,baseline,unreserved,4096,2,1,1008,4128768,3031.0
3,baseline,unreserved,4096,2,2,1008,4128768,3011.7
3,baseline,unreserved,4096,2,3,1008,4128768,3026.5
3,baseline,unreserved,4096,2,4,1008,4128768,3031.2
3,baseline,unreserved,4096,2,5,1008,4128768,3023.4
3,baseline,unreserved,4096,2,6,1008,4128768,3022.9
3,baseline,unreserved,4096,2,7,1008,4128768,3023.2
3,baseline,unreserved,4096,2,8,1008,4128768,3011.1
3,baseline,unreserved,4096,3,0,1008,4128768,4495.5
3,baseline,unreserved,4096,3,1,1008,4128768,4579.0
3,baseline,unreserved,4096,3,2,1008,4128768,4636.5
3,baseline,unreserved,4096,3,3,1008,4128768,4667.9
3,baseline,unreserved,4096,3,4,1008,4128768,4511.3
3,baseline,unreserved,4096,3,5,1008,4128768,4489.8
3,baseline,unreserved,4096,3,6,1008,4128768,4509.3
3,baseline,unreserved,4096,3,7,1008,4128768,4466.1
3,baseline,unreserved,4096,3,8,1008,4128768,4513.8
3,baseline,unreserved,65536,0,0,64,4194304,83897.1
3,baseline,unreserved,65536,0,1,64,4194304,83948.7
3,baseline,unreserved,65536,0,2,64,4194304,85144.3
3,baseline,unreserved,65536,0,3,64,4194304,85029.6
3,baseline,unreserved,65536,0,4,64,4194304,83723.8
3,baseline,unreserved,65536,0,5,64,4194304,89422.2
3,baseline,unreserved,65536,0,6,64,4194304,84975.8
3,baseline,unreserved,65536,0,7,64,4194304,83771.6
3,baseline,unreserved,65536,0,8,64,4194304,85438.0
3,baseline,unreserved,65536,1,0,64,4194304,74868.9
3,baseline,unreserved,65536,1,1,64,4194304,74635.4
3,baseline,unreserved,65536,1,2,64,4194304,77234.6
3,baseline,unreserved,65536,1,3,64,4194304,78752.8
3,baseline,unreserved,65536,1,4,64,4194304,74024.8
3,baseline,unreserved,65536,1,5,64,4194304,80852.1
3,baseline,unreserved,65536,1,6,64,4194304,78841.6
3,baseline,unreserved,65536,1,7,64,4194304,77470.1
3,baseline,unreserved,65536,1,8,64,4194304,78909.5
3,baseline,unreserved,65536,2,0,64,4194304,48075.4
3,baseline,unreserved,65536,2,1,64,4194304,48108.5
3,baseline,unreserved,65536,2,2,64,4194304,48264.5
3,baseline,unreserved,65536,2,3,64,4194304,48069.6
3,baseline,unreserved,65536,2,4,64,4194304,48866.4
3,baseline,unreserved,65536,2,5,64,4194304,48211.8
3,baseline,unreserved,65536,2,6,64,4194304,50595.3
3,baseline,unreserved,65536,2,7,64,4194304,49268.9
3,baseline,unreserved,65536,2,8,64,4194304,48036.2
3,baseline,unreserved,65536,3,0,64,4194304,73566.3
3,baseline,unreserved,65536,3,1,64,4194304,73702.0
3,baseline,unreserved,65536,3,2,64,4194304,74770.8
3,baseline,unreserved,65536,3,3,64,4194304,73469.9
3,baseline,unreserved,65536,3,4,64,4194304,73607.0
3,baseline,unreserved,65536,3,5,64,4194304,73967.3
3,baseline,unreserved,65536,3,6,64,4194304,74133.4
3,baseline,unreserved,65536,3,7,64,4194304,75845.8
3,baseline,unreserved,65536,3,8,64,4194304,74275.7
3,baseline,dense,4,0,0,61680,740160,17.0
3,baseline,dense,4,0,1,61680,740160,17.0
3,baseline,dense,4,0,2,61680,740160,17.1
3,baseline,dense,4,0,3,61680,740160,16.9
3,baseline,dense,4,0,4,61680,740160,17.1
3,baseline,dense,4,0,5,61680,740160,17.1
3,baseline,dense,4,0,6,61680,740160,18.0
3,baseline,dense,4,0,7,61680,740160,17.6
3,baseline,dense,4,0,8,61680,740160,17.1
3,baseline,dense,4,1,0,61680,616800,16.3
3,baseline,dense,4,1,1,61680,616800,16.4
3,baseline,dense,4,1,2,61680,616800,16.2
3,baseline,dense,4,1,3,61680,616800,17.0
3,baseline,dense,4,1,4,61680,616800,16.4
3,baseline,dense,4,1,5,61680,616800,16.4
3,baseline,dense,4,1,6,61680,616800,16.3
3,baseline,dense,4,1,7,61680,616800,17.0
3,baseline,dense,4,1,8,61680,616800,16.5
3,baseline,dense,4,2,0,61680,246720,17.5
3,baseline,dense,4,2,1,61680,246720,17.7
3,baseline,dense,4,2,2,61680,246720,17.6
3,baseline,dense,4,2,3,61680,246720,17.7
3,baseline,dense,4,2,4,61680,246720,17.6
3,baseline,dense,4,2,5,61680,246720,17.8
3,baseline,dense,4,2,6,61680,246720,18.3
3,baseline,dense,4,2,7,61680,246720,17.6
3,baseline,dense,4,2,8,61680,246720,17.7
3,baseline,dense,4,3,0,61680,616800,15.9
3,baseline,dense,4,3,1,61680,616800,16.3
3,baseline,dense,4,3,2,61680,616800,15.9
3,baseline,dense,4,3,3,61680,616800,16.0
3,baseline,dense,4,3,4,61680,616800,16.1
3,baseline,dense,4,3,5,61680,616800,15.9
3,baseline,dense,4,3,6,61680,616800,16.7
3,baseline,dense,4,3,7,61680,616800,16.0
3,baseline,dense,4,3,8,61680,616800,16.3
3,baseline,dense,8,0,0,58254,1398096,25.7
3,baseline,dense,8,0,1,58254,1398096,25.1
3,baseline,dense,8,0,2,58254,1398096,26.5
3,baseline,dense,8,0,3,58254,1398096,25.7
3,baseline,dense,8,0,4,58254,1398096,26.0
3,baseline,dense,8,0,5,58254,1398096,26.4
3,baseline,dense,8,0,6,58254,1398096,25.7
3,baseline,dense,8,0,7,58254,1398096,25.4
3,baseline,dense,8,0,8,58254,1398096,25.7
3,baseline,dense,8,1,0,58254,1165080,25.0
3,baseline,dense,8,1,1,58254,1165080,24.9
3,baseline,dense,8,1,2,58254,1165080,25.1
3,baseline,dense,8,1,3,58254,1165080,24.8
3,baseline,dense,8,1,4,58254,1165080,24.8
3,baseline,dense,8,1,5,58254,1165080,25.6
3,baseline,dense,8,1,6,58254,1165080,25.1
3,baseline,dense,8,1,7,58254,1165080,26.5
3,baseline,dense,8,1,8,58254,1165080,25.2
3,baseline,dense,8,2,0,58254,466032,20.5
3,baseline,dense,8,2,1,58254,466032,20.3
3,baseline,dense,8,2,2,58254,466032,20.2
3,baseline,dense,8,2,3,58254,466032,21.1
3,baseline,dense,8,2,4,58254,466032,20.3
3,baseline,dense,8,2,5,58254,466032,20.3
3,baseline,dense,8,2,6,58254,466032,20.1
3,baseline,dense,8,2,7,58254,466032,20.5
3,baseline,dense,8,2,8,58254,466032,20.2
3,baseline,dense,8,3,0,58254,1165080,24.1
3,baseline,dense,8,3,1,58254,1165080,24.2
3,baseline,dense,8,3,2,58254,1165080,24.1
3,baseline,dense,8,3,3,58254,1165080,24.3
3,baseline,dense,8,3,4,58254,1165080,24.4
3,baseline,dense,8,3,5,58254,1165080,24.6
3,baseline,dense,8,3,6,58254,1165080,24.4
3,baseline,dense,8,3,7,58254,1165080,24.1
3,baseline,dense,8,3,8,58254,1165080,24.1
3,baseline,dense,64,0,0,32768,6291456,151.2
3,baseline,dense,64,0,1,32768,6291456,152.5
3,baseline,dense,64,0,2,32768,6291456,152.9
3,baseline,dense,64,0,3,32768,6291456,157.2
3,baseline,dense,64,0,4,32768,6291456,152.9
3,baseline,dense,64,0,5,32768,6291456,167.0
3,baseline,dense,64,0,6,32768,6291456,152.6
3,baseline,dense,64,0,7,32768,6291456,152.2
3,baseline,dense,64,0,8,32768,6291456,153.9
3,baseline,dense,64,1,0,32768,5242880,150.0
3,baseline,dense,64,1,1,32768,5242880,151.1
3,baseline,dense,64,1,2,32768,5242880,149.1
3,baseline,dense,64,1,3,32768,5242880,149.1
3,baseline,dense,64,1,4,32768,5242880,150.7
3,baseline,dense,64,1,5,32768,5242880,149.4
3,baseline,dense,64,1,6,32768,5242880,148.9
3,baseline,dense,64,1,7,32768,5242880,150.6
3,baseline,dense,64,1,8,32768,5242880,148.7
3,baseline,dense,64,2,0,32768,2097152,59.6
3,baseline,dense,64,2,1,32768,2097152,58.8
3,baseline,dense,64,2,2,32768,2097152,59.3
3,baseline,dense,64,2,3,32768,2097152,58.9
3,baseline,dense,64,2,4,32768,2097152,59.6
3,baseline,dense,64,2,5,32768,2097152,59.0
3,baseline,dense,64,2,6,32768,2097152,59.9
3,baseline,dense,64,2,7,32768,2097152,61.5
3,baseline,dense,64,2,8,32768,2097152,59.1
3,baseline,dense,64,3,0,32768,5242880,140.2
3,baseline,dense,64,3,1,32768,5242880,139.8
3,baseline,dense,64,3,2,32768,5242880,139.6
3,baseline,dense,64,3,3,32768,5242880,142.1
3,baseline,dense,64,3,4,32768,5242880,141.5
3,baseline,dense,64,3,5,32768,5242880,142.4
3,baseline,dense,64,3,6,32768,5242880,139.7
3,baseline,dense,64,3,7,32768,5242880,139.8
3,baseline,dense,64,3,8,32768,5242880,140.5
3,baseline,dense,4096,0,0,1008,12386304,8982.2
3,baseline,dense,4096,0,1,1008,12386304,8819.7
3,baseline,dense,4096,0,2,1008,12386304,9093.3
3,baseline,dense,4096,0,3,1008,12386304,9254.8
3,baseline,dense,4096,0,4,1008,12386304,8880.4
3,baseline,dense,4096,0,5,1008,12386304,8834.1
3,baseline,dense,4096,0,6,1008,12386304,8873.2
3,baseline,dense,4096,0,7,1008,12386304,8923.1
3,baseline,dense,4096,0,8,1008,12386304,8837.9
3,baseline,dense,4096,1,0,1008,10321920,9117.8
3,baseline,dense,4096,1,1,1008,10321920,8959.1
3,baseline,dense,4096,1,2,1008,10321920,8913.0
3,baseline,dense,4096,1,3,1008,10321920,9342.3
3,baseline,dense,4096,1,4,1008,10321920,9833.0
3,baseline,dense,4096,1,5,1008,10321920,9231.9
3,baseline,dense,4096,1,6,1008,10321920,8961.3
3,baseline,dense,4096,1,7,1008,10321920,8983.1
3,baseline,dense,4096,1,8,1008,10321920,9273.4
3,baseline,dense,4096,2,0,1008,4128768,3073.7
3,baseline,dense,4096,2,1,1008,4128768,3078.3
3,baseline,dense,4096,2,2,1008,4128768,3096.7
3,baseline,dense,4096,2,3,1008,4128768,3045.5
3,baseline,dense,4096,2,4,1008,4128768,3088.8
3,baseline,dense,4096,2,5,1008,4128768,3060.3
3,baseline,dense,4096,2,6,1008,4128768,3063.8
3,baseline,dense,4096,2,7,1008,4128768,3094.4
3,baseline,dense,4096,2,8,1008,4128768,3081.3
3,baseline,dense,4096,3,0,1008,10321920,8404.2
3,baseline,dense,4096,3,1,1008,10321920,8384.5
3,baseline,dense,4096,3,2,1008,10321920,8108.1
3,baseline,dense,4096,3,3,1008,10321920,8262.1
3,baseline,dense,4096,3,4,1008,10321920,8197.4
3,baseline,dense,4096,3,5,1008,10321920,8143.3
3,baseline,dense,4096,3,6,1008,10321920,8206.7
3,baseline,dense,4096,3,7,1008,10321920,8086.6
3,baseline,dense,4096,3,8,1008,10321920,8136.2
3,baseline,dense,65536,0,0,64,12582912,141505.5
3,baseline,dense,65536,0,1,64,12582912,141049.6
3,baseline,dense,65536,0,2,64,12582912,146838.1
3,baseline,dense,65536,0,3,64,12582912,141544.0
3,baseline,dense,65536,0,4,64,12582912,141170.5
3,baseline,dense,65536,0,5,64,12582912,140707.9
3,baseline,dense,65536,0,6,64,12582912,148530.3
3,baseline,dense,65536,0,7,64,12582912,140431.0
3,baseline,dense,65536,0,8,64,12582912,144535.6
3,baseline,dense,65536,1,0,64,10485760,142737.6
3,baseline,dense,65536,1,1,64,10485760,143111.9
3,baseline,dense,65536,1,2,64,10485760,144870.8
3,baseline,dense,65536,1,3,64,10485760,144791.0
3,baseline,dense,65536,1,4,64,10485760,145712.5
3,baseline,dense,65536,1,5,64,10485760,142031.7
3,baseline,dense,65536,1,6,64,10485760,142862.2
3,baseline,dense,65536,1,7,64,10485760,142624.5
3,baseline,dense,65536,1,8,64,10485760,143260.5
3,baseline,dense,65536,2,0,64,4194304,96141.5
3,baseline,dense,65536,2,1,64,4194304,227221.6
3,baseline,dense,65536,2,2,64,4194304,158487.1
3,baseline,dense,65536,2,3,64,4194304,49773.0
3,baseline,dense,65536,2,4,64,4194304,48030.8
3,baseline,dense,65536,2,5,64,4194304,164124.8
3,baseline,dense,65536,2,6,64,4194304,207217.3
3,baseline,dense,65536,2,7,64,4194304,97289.9
3,baseline,dense,65536,2,8,64,4194304,47943.3
3,baseline,dense,65536,3,0,64,10485760,131301.8
3,baseline,dense,65536,3,1,64,10485760,135002.5
3,baseline,dense,65536,3,2,64,10485760,134899.0
3,baseline,dense,65536,3,3,64,10485760,132869.2
3,baseline,dense,65536,3,4,64,10485760,138814.0
3,baseline,dense,65536,3,5,64,10485760,136897.2
3,baseline,dense,65536,3,6,64,10485760,131359.0
3,baseline,dense,65536,3,7,64,10485760,131130.6
3,baseline,dense,65536,3,8,64,10485760,133040.8
3,baseline,html_dense,5,0,0,60787,911805,21.2
3,baseline,html_dense,5,0,1,60787,911805,19.3
3,baseline,html_dense,5,0,2,60787,911805,19.2
3,baseline,html_dense,5,0,3,60787,911805,19.6
3,baseline,html_dense,5,0,4,60787,911805,18.7
3,baseline,html_dense,5,0,5,60787,911805,18.8
3,baseline,html_dense,5,0,6,60787,911805,18.6
3,baseline,html_dense,5,0,7,60787,911805,18.8
3,baseline,html_dense,5,0,8,60787,911805,20.0
3,baseline,html_dense,5,1,0,60787,911805,20.3
3,baseline,html_dense,5,1,1,60787,911805,20.7
3,baseline,html_dense,5,1,2,60787,911805,20.5
3,baseline,html_dense,5,1,3,60787,911805,21.5
3,baseline,html_dense,5,1,4,60787,911805,20.8
3,baseline,html_dense,5,1,5,60787,911805,22.5
3,baseline,html_dense,5,1,6,60787,911805,21.0
3,baseline,html_dense,5,1,7,60787,911805,20.3
3,baseline,html_dense,5,1,8,60787,911805,21.1
3,baseline,html_dense,5,2,0,60787,1458888,30.8
3,baseline,html_dense,5,2,1,60787,1458888,29.6
3,baseline,html_dense,5,2,2,60787,1458888,28.7
3,baseline,html_dense,5,2,3,60787,1458888,29.5
3,baseline,html_dense,5,2,4,60787,1458888,30.7
3,baseline,html_dense,5,2,5,60787,1458888,29.3
3,baseline,html_dense,5,2,6,60787,1458888,29.2
3,baseline,html_dense,5,2,7,60787,1458888,29.7
3,baseline,html_dense,5,2,8,60787,1458888,28.8
3,baseline,html_dense,5,3,0,60787,911805,20.5
3,baseline,html_dense,5,3,1,60787,911805,20.2
3,baseline,html_dense,5,3,2,60787,911805,19.8
3,baseline,html_dense,5,3,3,60787,911805,19.4
3,baseline,html_dense,5,3,4,60787,911805,19.6
3,baseline,html_dense,5,3,5,60787,911805,19.5
3,baseline,html_dense,5,3,6,60787,911805,19.4
3,baseline,html_dense,5,3,7,60787,911805,19.3
3,baseline,html_dense,5,3,8,60787,911805,19.5
3,baseline,html_dense,10,0,0,56679,1700370,29.8
3,baseline,html_dense,10,0,1,56679,1700370,30.0
3,baseline,html_dense,10,0,2,56679,1700370,29.6
3,baseline,html_dense,10,0,3,56679,1700370,29.8
3,baseline,html_dense,10,0,4,56679,1700370,30.1
3,baseline,html_dense,10,0,5,56679,1700370,29.6
3,baseline,html_dense,10,0,6,56679,1700370,31.4
3,baseline,html_dense,10,0,7,56679,1700370,31.0
3,baseline,html_dense,10,0,8,56679,1700370,31.2
3,baseline,html_dense,10,1,0,56679,1700370,31.0
3,baseline,html_dense,10,1,1,56679,1700370,30.5
3,baseline,html_dense,10,1,2,56679,1700370,31.0
3,baseline,html_dense,10,1,3,56679,1700370,30.6
3,baseline,html_dense,10,1,4,56679,1700370,30.7
3,baseline,html_dense,10,1,5,56679,1700370,37.8
3,baseline,html_dense,10,1,6,56679,1700370,30.7
3,baseline,html_dense,10,1,7,56679,1700370,30.6
3,baseline,html_dense,10,1,8,56679,1700370,32.3
3,baseline,html_dense,10,2,0,56679,2720592,36.5
3,baseline,html_dense,10,2,1,56679,2720592,47.0
3,baseline,html_dense,10,2,2,56679,2720592,37.3
3,baseline,html_dense,10,2,3,56679,2720592,36.6
3,baseline,html_dense,10,2,4,56679,2720592,36.4
3,baseline,html_dense,10,2,5,56679,2720592,36.6
3,baseline,html_dense,10,2,6,56679,2720592,36.7
3,baseline,html_dense,10,2,7,56679,2720592,37.4
3,baseline,html_dense,10,2,8,56679,2720592,39.3
3,baseline,html_dense,10,3,0,56679,1700370,30.4
3,baseline,html_dense,10,3,1,56679,1700370,31.1
3,baseline,html_dense,10,3,2,56679,1700370,33.7
3,baseline,html_dense,10,3,3,56679,1700370,31.6
3,baseline,html_dense,10,3,4,56679,1700370,33.0
3,baseline,html_dense,10,3,5,56679,1700370,30.5
3,baseline,html_dense,10,3,6,56679,1700370,32.8
3,baseline,html_dense,10,3,7,56679,1700370,30.6
3,baseline,html_dense,10,3,8,56679,1700370,31.0
3,baseline,html_dense,65,0,0,32513,6340035,155.7
3,baseline,html_dense,65,0,1,32513,6340035,154.9
3,baseline,html_dense,65,0,2,32513,6340035,156.2
3,baseline,html_dense,65,0,3,32513,6340035,163.5
3,baseline,html_dense,65,0,4,32513,6340035,154.2
3,baseline,html_dense,65,0,5,32513,6340035,153.9
3,baseline,html_dense,65,0,6,32513,6340035,156.3
3,baseline,html_dense,65,0,7,32513,6340035,154.2
3,baseline,html_dense,65,0,8,32513,6340035,156.5
3,baseline,html_dense,65,1,0,32513,6340035,165.6
3,baseline,html_dense,65,1,1,32513,6340035,166.0
3,baseline,html_dense,65,1,2,32513,6340035,174.2
3,baseline,html_dense,65,1,3,32513,6340035,166.6
3,baseline,html_dense,65,1,4,32513,6340035,180.4
3,baseline,html_dense,65,1,5,32513,6340035,168.2
3,baseline,html_dense,65,1,6,32513,6340035,167.0
3,baseline,html_dense,65,1,7,32513,6340035,172.3
3,baseline,html_dense,65,1,8,32513,6340035,166.9
3,baseline,html_dense,65,2,0,32513,10144056,147.5
3,baseline,html_dense,65,2,1,32513,10144056,144.2
3,baseline,html_dense,65,2,2,32513,10144056,144.9
3,baseline,html_dense,65,2,3,32513,10144056,147.2
3,baseline,html_dense,65,2,4,32513,10144056,147.0
3,baseline,html_dense,65,2,5,32513,10144056,144.0
3,baseline,html_dense,65,2,6,32513,10144056,146.7
3,baseline,html_dense,65,2,7,32513,10144056,143.7
3,baseline,html_dense,65,2,8,32513,10144056,144.0
3,baseline,html_dense,65,3,0,32513,6340035,159.0
3,baseline,html_dense,65,3,1,32513,6340035,159.4
3,baseline,html_dense,65,3,2,32513,6340035,158.9
3,baseline,html_dense,65,3,3,32513,6340035,169.6
3,baseline,html_dense,65,3,4,32513,6340035,158.8
3,baseline,html_dense,65,3,5,32513,6340035,159.2
3,baseline,html_dense,65,3,6,32513,6340035,158.5
3,baseline,html_dense,65,3,7,32513,6340035,158.0
3,baseline,html_dense,65,3,8,32513,6340035,168.0
3,baseline,html_dense,4100,0,0,1007,12386100,8962.3
3,baseline,html_dense,4100,0,1,1007,12386100,8753.0
3,baseline,html_dense,4100,0,2,1007,12386100,9131.3
3,baseline,html_dense,4100,0,3,1007,12386100,8728.6
3,baseline,html_dense,4100,0,4,1007,12386100,8823.4
3,baseline,html_dense,4100,0,5,1007,12386100,8730.8
3,baseline,html_dense,4100,0,6,1007,12386100,8978.0
3,baseline,html_dense,4100,0,7,1007,12386100,9188.4
3,baseline,html_dense,4100,0,8,1007,12386100,8798.7
3,baseline,html_dense,4100,1,0,1007,12386100,9761.1
3,baseline,html_dense,4100,1,1,1007,12386100,9728.3
3,baseline,html_dense,4100,1,2,1007,12386100,9857.4
3,baseline,html_dense,4100,1,3,1007,12386100,9788.4
3,baseline,html_dense,4100,1,4,1007,12386100,10206.9
3,baseline,html_dense,4100,1,5,1007,12386100,9752.3
3,baseline,html_dense,4100,1,6,1007,12386100,9806.3
3,baseline,html_dense,4100,1,7,1007,12386100,10188.8
3,baseline,html_dense,4100,1,8,1007,12386100,9764.2
3,baseline,html_dense,4100,2,0,1007,19817760,8323.8
3,baseline,html_dense,4100,2,1,1007,19817760,8591.9
3,baseline,html_dense,4100,2,2,1007,19817760,8484.6
3,baseline,html_dense,4100,2,3,1007,19817760,8802.3
3,baseline,html_dense,4100,2,4,1007,19817760,8328.7
3,baseline,html_dense,4100,2,5,1007,19817760,8331.9
3,baseline,html_dense,4100,2,6,1007,19817760,8344.8
3,baseline,html_dense,4100,2,7,1007,19817760,8337.5
3,baseline,html_dense,4100,2,8,1007,19817760,8342.5
3,baseline,html_dense,4100,3,0,1007,12386100,9585.7
3,baseline,html_dense,4100,3,1,1007,12386100,9540.4
3,baseline,html_dense,4100,3,2,1007,12386100,9544.1
3,baseline,html_dense,4100,3,3,1007,12386100,9647.9
3,baseline,html_dense,4100,3,4,1007,12386100,9831.8
3,baseline,html_dense,4100,3,5,1007,12386100,9531.0
3,baseline,html_dense,4100,3,6,1007,12386100,9547.0
3,baseline,html_dense,4100,3,7,1007,12386100,9856.4
3,baseline,html_dense,4100,3,8,1007,12386100,9433.3
3,baseline,html_dense,65540,0,0,64,12583680,141906.3
3,baseline,html_dense,65540,0,1,64,12583680,141812.2
3,baseline,html_dense,65540,0,2,64,12583680,141566.1
3,baseline,html_dense,65540,0,3,64,12583680,140935.6
3,baseline,html_dense,65540,0,4,64,12583680,142358.7
3,baseline,html_dense,65540,0,5,64,12583680,141661.3
3,baseline,html_dense,65540,0,6,64,12583680,141332.7
3,baseline,html_dense,65540,0,7,64,12583680,142238.2
3,baseline,html_dense,65540,0,8,64,12583680,141289.1
3,baseline,html_dense,65540,1,0,64,12583680,154944.9
3,baseline,html_dense,65540,1,1,64,12583680,155767.4
3,baseline,html_dense,65540,1,2,64,12583680,156602.0
3,baseline,html_dense,65540,1,3,64,12583680,158602.0
3,baseline,html_dense,65540,1,4,64,12583680,157458.1
3,baseline,html_dense,65540,1,5,64,12583680,157480.3
3,baseline,html_dense,65540,1,6,64,12583680,158346.6
3,baseline,html_dense,65540,1,7,64,12583680,163249.9
3,baseline,html_dense,65540,1,8,64,12583680,158596.6
3,baseline,html_dense,65540,2,0,64,20133888,132056.6
3,baseline,html_dense,65540,2,1,64,20133888,132204.1
3,baseline,html_dense,65540,2,2,64,20133888,132371.0
3,baseline,html_dense,65540,2,3,64,20133888,132537.6
3,baseline,html_dense,65540,2,4,64,20133888,133574.4
3,baseline,html_dense,65540,2,5,64,20133888,131795.7
3,baseline,html_dense,65540,2,6,64,20133888,134212.8
3,baseline,html_dense,65540,2,7,64,20133888,132261.0
3,baseline,html_dense,65540,2,8,64,20133888,139207.4
3,baseline,html_dense,65540,3,0,64,12583680,147514.8
3,baseline,html_dense,65540,3,1,64,12583680,149118.8
3,baseline,html_dense,65540,3,2,64,12583680,150778.6
3,baseline,html_dense,65540,3,3,64,12583680,147283.7
3,baseline,html_dense,65540,3,4,64,12583680,148224.1
3,baseline,html_dense,65540,3,5,64,12583680,147401.1
3,baseline,html_dense,65540,3,6,64,12583680,148448.3
3,baseline,html_dense,65540,3,7,64,12583680,147731.2
3,baseline,html_dense,65540,3,8,64,12583680,148267.4
3,baseline,html_sparse,1,0,0,64527,193581,9.4
3,baseline,html_sparse,1,0,1,64527,193581,9.6
3,baseline,html_sparse,1,0,2,64527,193581,9.4
3,baseline,html_sparse,1,0,3,64527,193581,9.5
3,baseline,html_sparse,1,0,4,64527,193581,10.9
3,baseline,html_sparse,1,0,5,64527,193581,9.6
3,baseline,html_sparse,1,0,6,64527,193581,11.9
3,baseline,html_sparse,1,0,7,64527,193581,9.7
3,baseline,html_sparse,1,0,8,64527,193581,9.5
3,baseline,html_sparse,1,1,0,64527,193581,10.4
3,baseline,html_sparse,1,1,1,64527,193581,10.4
3,baseline,html_sparse,1,1,2,64527,193581,10.8
3,baseline,html_sparse,1,1,3,64527,193581,10.4
3,baseline,html_sparse,1,1,4,64527,193581,10.4
3,baseline,html_sparse,1,1,5,64527,193581,10.6
3,baseline,html_sparse,1,1,6,64527,193581,10.4
3,baseline,html_sparse,1,1,7,64527,193581,10.5
3,baseline,html_sparse,1,1,8,64527,193581,11.6
3,baseline,html_sparse,1,2,0,64527,322635,15.1
3,baseline,html_sparse,1,2,1,64527,322635,19.4
3,baseline,html_sparse,1,2,2,64527,322635,15.1
3,baseline,html_sparse,1,2,3,64527,322635,15.2
3,baseline,html_sparse,1,2,4,64527,322635,17.3
3,baseline,html_sparse,1,2,5,64527,322635,15.7
3,baseline,html_sparse,1,2,6,64527,322635,15.2
3,baseline,html_sparse,1,2,7,64527,322635,15.2
3,baseline,html_sparse,1,2,8,64527,322635,15.6
3,baseline,html_sparse,1,3,0,64527,193581,10.2
3,baseline,html_sparse,1,3,1,64527,193581,10.2
3,baseline,html_sparse,1,3,2,64527,193581,10.6
3,baseline,html_sparse,1,3,3,64527,193581,10.3
3,baseline,html_sparse,1,3,4,64527,193581,10.1
3,baseline,html_sparse,1,3,5,64527,193581,10.1
3,baseline,html_sparse,1,3,6,64527,193581,10.3
3,baseline,html_sparse,1,3,7,64527,193581,11.6
3,baseline,html_sparse,1,3,8,64527,193581,10.3
3,baseline,html_sparse,8,0,0,58254,582540,20.0
3,baseline,html_sparse,8,0,1,58254,582540,19.4
3,baseline,html_sparse,8,0,2,58254,582540,19.3
3,baseline,html_sparse,8,0,3,58254,582540,19.6
3,baseline,html_sparse,8,0,4,58254,582540,19.1
3,baseline,html_sparse,8,0,5,58254,582540,19.2
3,baseline,html_sparse,8,0,6,58254,582540,19.2
3,baseline,html_sparse,8,0,7,58254,582540,19.8
3,baseline,html_sparse,8,0,8,58254,582540,18.9
3,baseline,html_sparse,8,1,0,58254,582540,17.5
3,baseline,html_sparse,8,1,1,58254,582540,17.3
3,baseline,html_sparse,8,1,2,58254,582540,17.6
3,baseline,html_sparse,8,1,3,58254,582540,17.5
3,baseline,html_sparse,8,1,4,58254,582540,17.0
3,baseline,html_sparse,8,1,5,58254,582540,17.4
3,baseline,html_sparse,8,1,6,58254,582540,17.5
3,baseline,html_sparse,8,1,7,58254,582540,18.1
3,baseline,html_sparse,8,1,8,58254,582540,17.7
3,baseline,html_sparse,8,2,0,58254,699048,21.4
3,baseline,html_sparse,8,2,1,58254,699048,22.0
3,baseline,html_sparse,8,2,2,58254,699048,21.0
3,baseline,html_sparse,8,2,3,58254,699048,20.9
3,baseline,html_sparse,8,2,4,58254,699048,22.1
3,baseline,html_sparse,8,2,5,58254,699048,21.1
3,baseline,html_sparse,8,2,6,58254,699048,20.8
3,baseline,html_sparse,8,2,7,58254,699048,21.1
3,baseline,html_sparse,8,2,8,58254,699048,20.9
3,baseline,html_sparse,8,3,0,58254,582540,17.8
3,baseline,html_sparse,8,3,1,58254,582540,18.2
3,baseline,html_sparse,8,3,2,58254,582540,18.0
3,baseline,html_sparse,8,3,3,58254,582540,17.8
3,baseline,html_sparse,8,3,4,58254,582540,17.9
3,baseline,html_sparse,8,3,5,58254,582540,18.1
3,baseline,html_sparse,8,3,6,58254,582540,18.1
3,baseline,html_sparse,8,3,7,58254,582540,17.8
3,baseline,html_sparse,8,3,8,58254,582540,18.0
3,baseline,html_sparse,64,0,0,32768,2162688,96.3
3,baseline,html_sparse,64,0,1,32768,2162688,95.2
3,baseline,html_sparse,64,0,2,32768,2162688,96.2
3,baseline,html_sparse,64,0,3,32768,2162688,115.8
3,baseline,html_sparse,64,0,4,32768,2162688,94.9
3,baseline,html_sparse,64,0,5,32768,2162688,95.1
3,baseline,html_sparse,64,0,6,32768,2162688,95.0
3,baseline,html_sparse,64,0,7,32768,2162688,96.7
3,baseline,html_sparse,64,0,8,32768,2162688,107.5
3,baseline,html_sparse,64,1,0,32768,2162688,93.0
3,baseline,html_sparse,64,1,1,32768,2162688,92.2
3,baseline,html_sparse,64,1,2,32768,2162688,91.9
3,baseline,html_sparse,64,1,3,32768,2162688,91.4
3,baseline,html_sparse,64,1,4,32768,2162688,91.5
3,baseline,html_sparse,64,1,5,32768,2162688,93.1
3,baseline,html_sparse,64,1,6,32768,2162688,92.3
3,baseline,html_sparse,64,1,7,32768,2162688,93.1
3,baseline,html_sparse,64,1,8,32768,2162688,99.1
3,baseline,html_sparse,64,2,0,32768,2228224,63.9
3,baseline,html_sparse,64,2,1,32768,2228224,64.4
3,baseline,html_sparse,64,2,2,32768,2228224,63.4
3,baseline,html_sparse,64,2,3,32768,2228224,68.0
3,baseline,html_sparse,64,2,4,32768,2228224,63.7
3,baseline,html_sparse,64,2,5,32768,2228224,64.6
3,baseline,html_sparse,64,2,6,32768,2228224,63.3
3,baseline,html_sparse,64,2,7,32768,2228224,64.4
3,baseline,html_sparse,64,2,8,32768,2228224,64.6
3,baseline,html_sparse,64,3,0,32768,2162688,84.4
3,baseline,html_sparse,64,3,1,32768,2162688,85.5
3,baseline,html_sparse,64,3,2,32768,2162688,84.4
3,baseline,html_sparse,64,3,3,32768,2162688,87.1
3,baseline,html_sparse,64,3,4,32768,2162688,85.5
3,baseline,html_sparse,64,3,5,32768,2162688,85.6
3,baseline,html_sparse,64,3,6,32768,2162688,85.4
3,baseline,html_sparse,64,3,7,32768,2162688,85.7
3,baseline,html_sparse,64,3,8,32768,2162688,85.9
3,baseline,html_sparse,4096,0,0,1008,4161024,5450.3
3,baseline,html_sparse,4096,0,1,1008,4161024,5442.6
3,baseline,html_sparse,4096,0,2,1008,4161024,5374.5
3,baseline,html_sparse,4096,0,3,1008,4161024,5424.6
3,baseline,html_sparse,4096,0,4,1008,4161024,5704.9
3,baseline,html_sparse,4096,0,5,1008,4161024,5439.1
3,baseline,html_sparse,4096,0,6,1008,4161024,5434.9
3,baseline,html_sparse,4096,0,7,1008,4161024,5482.4
3,baseline,html_sparse,4096,0,8,1008,4161024,5424.2
3,baseline,html_sparse,4096,1,0,1008,4161024,4918.8
3,baseline,html_sparse,4096,1,1,1008,4161024,4653.9
3,baseline,html_sparse,4096,1,2,1008,4161024,4581.1
3,baseline,html_sparse,4096,1,3,1008,4161024,4640.3
3,baseline,html_sparse,4096,1,4,1008,4161024,4619.0
3,baseline,html_sparse,4096,1,5,1008,4161024,4625.1
3,baseline,html_sparse,4096,1,6,1008,4161024,4679.3
3,baseline,html_sparse,4096,1,7,1008,4161024,4675.4
3,baseline,html_sparse,4096,1,8,1008,4161024,4571.3
3,baseline,html_sparse,4096,2,0,1008,4190256,3175.9
3,baseline,html_sparse,4096,2,1,1008,4190256,3146.9
3,baseline,html_sparse,4096,2,2,1008,4190256,3166.9
3,baseline,html_sparse,4096,2,3,1008,4190256,3150.3
3,baseline,html_sparse,4096,2,4,1008,4190256,3201.9
3,baseline,html_sparse,4096,2,5,1008,4190256,3170.6
3,baseline,html_sparse,4096,2,6,1008,4190256,3155.9
3,baseline,html_sparse,4096,2,7,1008,4190256,3159.5
3,baseline,html_sparse,4096,2,8,1008,4190256,3236.0
3,baseline,html_sparse,4096,3,0,1008,4161024,4728.1
3,baseline,html_sparse,4096,3,1,1008,4161024,4729.1
3,baseline,html_sparse,4096,3,2,1008,4161024,4816.1
3,baseline,html_sparse,4096,3,3,1008,4161024,4718.9
3,baseline,html_sparse,4096,3,4,1008,4161024,4713.5
3,baseline,html_sparse,4096,3,5,1008,4161024,4841.8
3,baseline,html_sparse,4096,3,6,1008,4161024,4745.6
3,baseline,html_sparse,4096,3,7,1008,4161024,4708.8
3,baseline,html_sparse,4096,3,8,1008,4161024,4751.9
3,baseline,html_sparse,65536,0,0,64,4227072,86111.3
3,baseline,html_sparse,65536,0,1,64,4227072,88662.2
3,baseline,html_sparse,65536,0,2,64,4227072,86202.9
3,baseline,html_sparse,65536,0,3,64,4227072,86574.5
3,baseline,html_sparse,65536,0,4,64,4227072,87798.6
3,baseline,html_sparse,65536,0,5,64,4227072,86649.2
3,baseline,html_sparse,65536,0,6,64,4227072,87430.9
3,baseline,html_sparse,65536,0,7,64,4227072,91901.0
3,baseline,html_sparse,65536,0,8,64,4227072,90951.4
3,baseline,html_sparse,65536,1,0,64,4227072,80962.7
3,baseline,html_sparse,65536,1,1,64,4227072,75027.4
3,baseline,html_sparse,65536,1,2,64,4227072,76644.7
3,baseline,html_sparse,65536,1,3,64,4227072,75412.9
3,baseline,html_sparse,65536,1,4,64,4227072,78559.3
3,baseline,html_sparse,65536,1,5,64,4227072,81578.3
3,baseline,html_sparse,65536,1,6,64,4227072,80272.0
3,baseline,html_sparse,65536,1,7,64,4227072,79872.9
3,baseline,html_sparse,65536,1,8,64,4227072,76759.7
3,baseline,html_sparse,65536,2,0,64,4256576,50836.8
3,baseline,html_sparse,65536,2,1,64,4256576,50642.2
3,baseline,html_sparse,65536,2,2,64,4256576,51645.1
3,baseline,html_sparse,65536,2,3,64,4256576,52241.4
3,baseline,html_sparse,65536,2,4,64,4256576,51988.4
3,baseline,html_sparse,65536,2,5,64,4256576,50534.9
3,baseline,html_sparse,65536,2,6,64,4256576,50772.7
3,baseline,html_sparse,65536,2,7,64,4256576,61192.4
3,baseline,html_sparse,65536,2,8,64,4256576,51275.7
3,baseline,html_sparse,65536,3,0,64,4227072,80898.4
3,baseline,html_sparse,65536,3,1,64,4227072,78335.9
3,baseline,html_sparse,65536,3,2,64,4227072,74645.8
3,baseline,html_sparse,65536,3,3,64,4227072,75959.6
3,baseline,html_sparse,65536,3,4,64,4227072,79084.9
3,baseline,html_sparse,65536,3,5,64,4227072,76275.4
3,baseline,html_sparse,65536,3,6,64,4227072,77877.0
3,baseline,html_sparse,65536,3,7,64,4227072,76230.4
3,baseline,html_sparse,65536,3,8,64,4227072,75144.4
3,baseline,html_late,1,0,0,64527,193581,9.4
3,baseline,html_late,1,0,1,64527,193581,9.4
3,baseline,html_late,1,0,2,64527,193581,9.6
3,baseline,html_late,1,0,3,64527,193581,9.4
3,baseline,html_late,1,0,4,64527,193581,9.4
3,baseline,html_late,1,0,5,64527,193581,10.4
3,baseline,html_late,1,0,6,64527,193581,9.7
3,baseline,html_late,1,0,7,64527,193581,9.5
3,baseline,html_late,1,0,8,64527,193581,9.6
3,baseline,html_late,1,1,0,64527,193581,10.1
3,baseline,html_late,1,1,1,64527,193581,10.4
3,baseline,html_late,1,1,2,64527,193581,10.1
3,baseline,html_late,1,1,3,64527,193581,11.8
3,baseline,html_late,1,1,4,64527,193581,10.2
3,baseline,html_late,1,1,5,64527,193581,12.0
3,baseline,html_late,1,1,6,64527,193581,12.1
3,baseline,html_late,1,1,7,64527,193581,10.1
3,baseline,html_late,1,1,8,64527,193581,10.2
3,baseline,html_late,1,2,0,64527,322635,19.9
3,baseline,html_late,1,2,1,64527,322635,14.8
3,baseline,html_late,1,2,2,64527,322635,14.7
3,baseline,html_late,1,2,3,64527,322635,16.2
3,baseline,html_late,1,2,4,64527,322635,14.7
3,baseline,html_late,1,2,5,64527,322635,17.2
3,baseline,html_late,1,2,6,64527,322635,18.2
3,baseline,html_late,1,2,7,64527,322635,15.7
3,baseline,html_late,1,2,8,64527,322635,15.1
3,baseline,html_late,1,3,0,64527,193581,10.2
3,baseline,html_late,1,3,1,64527,193581,10.1
3,baseline,html_late,1,3,2,64527,193581,10.1
3,baseline,html_late,1,3,3,64527,193581,10.5
3,baseline,html_late,1,3,4,64527,193581,10.2
3,baseline,html_late,1,3,5,64527,193581,10.9
3,baseline,html_late,1,3,6,64527,193581,10.6
3,baseline,html_late,1,3,7,64527,193581,10.2
3,baseline,html_late,1,3,8,64527,193581,10.2
3,baseline,html_late,8,0,0,58254,582540,19.3
3,baseline,html_late,8,0,1,58254,582540,18.9
3,baseline,html_late,8,0,2,58254,582540,19.0
3,baseline,html_late,8,0,3,58254,582540,19.0
3,baseline,html_late,8,0,4,58254,582540,22.0
3,baseline,html_late,8,0,5,58254,582540,19.2
3,baseline,html_late,8,0,6,58254,582540,18.8
3,baseline,html_late,8,0,7,58254,582540,19.8
3,baseline,html_late,8,0,8,58254,582540,19.0
3,baseline,html_late,8,1,0,58254,582540,17.4
3,baseline,html_late,8,1,1,58254,582540,17.5
3,baseline,html_late,8,1,2,58254,582540,17.6
3,baseline,html_late,8,1,3,58254,582540,17.8
3,baseline,html_late,8,1,4,58254,582540,17.4
3,baseline,html_late,8,1,5,58254,582540,17.6
3,baseline,html_late,8,1,6,58254,582540,17.9
3,baseline,html_late,8,1,7,58254,582540,18.2
3,baseline,html_late,8,1,8,58254,582540,17.5
3,baseline,html_late,8,2,0,58254,699048,21.8
3,baseline,html_late,8,2,1,58254,699048,26.6
3,baseline,html_late,8,2,2,58254,699048,21.8
3,baseline,html_late,8,2,3,58254,699048,21.7
3,baseline,html_late,8,2,4,58254,699048,21.6
3,baseline,html_late,8,2,5,58254,699048,22.1
3,baseline,html_late,8,2,6,58254,699048,22.1
3,baseline,html_late,8,2,7,58254,699048,21.8
3,baseline,html_late,8,2,8,58254,699048,21.9
3,baseline,html_late,8,3,0,58254,582540,18.4
3,baseline,html_late,8,3,1,58254,582540,20.2
3,baseline,html_late,8,3,2,58254,582540,17.7
3,baseline,html_late,8,3,3,58254,582540,17.7
3,baseline,html_late,8,3,4,58254,582540,18.1
3,baseline,html_late,8,3,5,58254,582540,18.3
3,baseline,html_late,8,3,6,58254,582540,17.6
3,baseline,html_late,8,3,7,58254,582540,18.5
3,baseline,html_late,8,3,8,58254,582540,18.0
3,baseline,html_late,64,0,0,32768,2162688,95.6
3,baseline,html_late,64,0,1,32768,2162688,96.6
3,baseline,html_late,64,0,2,32768,2162688,96.7
3,baseline,html_late,64,0,3,32768,2162688,97.1
3,baseline,html_late,64,0,4,32768,2162688,96.9
3,baseline,html_late,64,0,5,32768,2162688,95.4
3,baseline,html_late,64,0,6,32768,2162688,96.3
3,baseline,html_late,64,0,7,32768,2162688,96.1
3,baseline,html_late,64,0,8,32768,2162688,97.5
3,baseline,html_late,64,1,0,32768,2162688,92.7
3,baseline,html_late,64,1,1,32768,2162688,94.9
3,baseline,html_late,64,1,2,32768,2162688,92.6
3,baseline,html_late,64,1,3,32768,2162688,92.8
3,baseline,html_late,64,1,4,32768,2162688,92.9
3,baseline,html_late,64,1,5,32768,2162688,93.9
3,baseline,html_late,64,1,6,32768,2162688,92.9
3,baseline,html_late,64,1,7,32768,2162688,94.4
3,baseline,html_late,64,1,8,32768,2162688,92.5
3,baseline,html_late,64,2,0,32768,2228224,59.2
3,baseline,html_late,64,2,1,32768,2228224,59.8
3,baseline,html_late,64,2,2,32768,2228224,59.2
3,baseline,html_late,64,2,3,32768,2228224,61.2
3,baseline,html_late,64,2,4,32768,2228224,61.6
3,baseline,html_late,64,2,5,32768,2228224,60.5
3,baseline,html_late,64,2,6,32768,2228224,59.2
3,baseline,html_late,64,2,7,32768,2228224,60.1
3,baseline,html_late,64,2,8,32768,2228224,59.5
3,baseline,html_late,64,3,0,32768,2162688,86.1
3,baseline,html_late,64,3,1,32768,2162688,85.7
3,baseline,html_late,64,3,2,32768,2162688,87.5
3,baseline,html_late,64,3,3,32768,2162688,86.4
3,baseline,html_late,64,3,4,32768,2162688,88.1
3,baseline,html_late,64,3,5,32768,2162688,85.1
3,baseline,html_late,64,3,6,32768,2162688,86.4
3,baseline,html_late,64,3,7,32768,2162688,86.8
3,baseline,html_late,64,3,8,32768,2162688,86.0
3,baseline,html_late,4096,0,0,1008,4130784,5407.0
3,baseline,html_late,4096,0,1,1008,4130784,5431.7
3,baseline,html_late,4096,0,2,1008,4130784,5264.5
3,baseline,html_late,4096,0,3,1008,4130784,5356.6
3,baseline,html_late,4096,0,4,1008,4130784,5267.5
3,baseline,html_late,4096,0,5,1008,4130784,5296.3
3,baseline,html_late,4096,0,6,1008,4130784,5326.2
3,baseline,html_late,4096,0,7,1008,4130784,5278.0
3,baseline,html_late,4096,0,8,1008,4130784,5266.6
3,baseline,html_late,4096,1,0,1008,4130784,4667.4
3,baseline,html_late,4096,1,1,1008,4130784,4715.4
3,baseline,html_late,4096,1,2,1008,4130784,4881.5
3,baseline,html_late,4096,1,3,1008,4130784,4640.6
3,baseline,html_late,4096,1,4,1008,4130784,4688.2
3,baseline,html_late,4096,1,5,1008,4130784,4731.1
3,baseline,html_late,4096,1,6,1008,4130784,4801.1
3,baseline,html_late,4096,1,7,1008,4130784,4737.3
3,baseline,html_late,4096,1,8,1008,4130784,4812.3
3,baseline,html_late,4096,2,0,1008,4132800,3117.3
3,baseline,html_late,4096,2,1,1008,4132800,3043.3
3,baseline,html_late,4096,2,2,1008,4132800,3033.5
3,baseline,html_late,4096,2,3,1008,4132800,3054.2
3,baseline,html_late,4096,2,4,1008,4132800,3097.7
3,baseline,html_late,4096,2,5,1008,4132800,3032.1
3,baseline,html_late,4096,2,6,1008,4132800,3035.3
3,baseline,html_late,4096,2,7,1008,4132800,3013.9
3,baseline,html_late,4096,2,8,1008,4132800,3081.0
3,baseline,html_late,4096,3,0,1008,4130784,4461.3
3,baseline,html_late,4096,3,1,1008,4130784,4499.0
3,baseline,html_late,4096,3,2,1008,4130784,4477.5
3,baseline,html_late,4096,3,3,1008,4130784,4453.9
3,baseline,html_late,4096,3,4,1008,4130784,4448.9
3,baseline,html_late,4096,3,5,1008,4130784,4474.2
3,baseline,html_late,4096,3,6,1008,4130784,4435.2
3,baseline,html_late,4096,3,7,1008,4130784,4415.3
3,baseline,html_late,4096,3,8,1008,4130784,4555.6
3,baseline,html_late,65536,0,0,64,4194432,85836.2
3,baseline,html_late,65536,0,1,64,4194432,84218.9
3,baseline,html_late,65536,0,2,64,4194432,83972.5
3,baseline,html_late,65536,0,3,64,4194432,85008.5
3,baseline,html_late,65536,0,4,64,4194432,83952.5
3,baseline,html_late,65536,0,5,64,4194432,86523.4
3,baseline,html_late,65536,0,6,64,4194432,84071.2
3,baseline,html_late,65536,0,7,64,4194432,83485.3
3,baseline,html_late,65536,0,8,64,4194432,84650.8
3,baseline,html_late,65536,1,0,64,4194432,79675.8
3,baseline,html_late,65536,1,1,64,4194432,77792.4
3,baseline,html_late,65536,1,2,64,4194432,75229.7
3,baseline,html_late,65536,1,3,64,4194432,74515.8
3,baseline,html_late,65536,1,4,64,4194432,74314.7
3,baseline,html_late,65536,1,5,64,4194432,73750.6
3,baseline,html_late,65536,1,6,64,4194432,75429.3
3,baseline,html_late,65536,1,7,64,4194432,78524.9
3,baseline,html_late,65536,1,8,64,4194432,74924.1
3,baseline,html_late,65536,2,0,64,4194560,48119.0
3,baseline,html_late,65536,2,1,64,4194560,48082.6
3,baseline,html_late,65536,2,2,64,4194560,48336.0
3,baseline,html_late,65536,2,3,64,4194560,48514.7
3,baseline,html_late,65536,2,4,64,4194560,48611.5
3,baseline,html_late,65536,2,5,64,4194560,47748.7
3,baseline,html_late,65536,2,6,64,4194560,48027.0
3,baseline,html_late,65536,2,7,64,4194560,48888.6
3,baseline,html_late,65536,2,8,64,4194560,49291.6
3,baseline,html_late,65536,3,0,64,4194432,71326.3
3,baseline,html_late,65536,3,1,64,4194432,71562.7
3,baseline,html_late,65536,3,2,64,4194432,70347.7
3,baseline,html_late,65536,3,3,64,4194432,72252.1
3,baseline,html_late,65536,3,4,64,4194432,71216.6
3,baseline,html_late,65536,3,5,64,4194432,74666.1
3,baseline,html_late,65536,3,6,64,4194432,71260.5
3,baseline,html_late,65536,3,7,64,4194432,70756.7
3,baseline,html_late,65536,3,8,64,4194432,74427.8
3,baseline,double_quote_runs,17,0,0,51781,983839,30.3
3,baseline,double_quote_runs,17,0,1,51781,983839,30.7
3,baseline,double_quote_runs,17,0,2,51781,983839,31.0
3,baseline,double_quote_runs,17,0,3,51781,983839,30.4
3,baseline,double_quote_runs,17,0,4,51781,983839,31.0
3,baseline,double_quote_runs,17,0,5,51781,983839,30.5
3,baseline,double_quote_runs,17,0,6,51781,983839,31.5
3,baseline,double_quote_runs,17,0,7,51781,983839,30.5
3,baseline,double_quote_runs,17,0,8,51781,983839,30.8
3,baseline,double_quote_runs,17,1,0,51781,983839,28.0
3,baseline,double_quote_runs,17,1,1,51781,983839,27.2
3,baseline,double_quote_runs,17,1,2,51781,983839,31.2
3,baseline,double_quote_runs,17,1,3,51781,983839,31.7
3,baseline,double_quote_runs,17,1,4,51781,983839,29.1
3,baseline,double_quote_runs,17,1,5,51781,983839,28.1
3,baseline,double_quote_runs,17,1,6,51781,983839,28.3
3,baseline,double_quote_runs,17,1,7,51781,983839,33.9
3,baseline,double_quote_runs,17,1,8,51781,983839,27.4
3,baseline,double_quote_runs,17,2,0,51781,1139182,27.3
3,baseline,double_quote_runs,17,2,1,51781,1139182,32.6
3,baseline,double_quote_runs,17,2,2,51781,1139182,27.0
3,baseline,double_quote_runs,17,2,3,51781,1139182,29.0
3,baseline,double_quote_runs,17,2,4,51781,1139182,27.2
3,baseline,double_quote_runs,17,2,5,51781,1139182,27.1
3,baseline,double_quote_runs,17,2,6,51781,1139182,31.6
3,baseline,double_quote_runs,17,2,7,51781,1139182,27.3
3,baseline,double_quote_runs,17,2,8,51781,1139182,29.7
3,baseline,double_quote_runs,17,3,0,51781,983839,27.6
3,baseline,double_quote_runs,17,3,1,51781,983839,27.0
3,baseline,double_quote_runs,17,3,2,51781,983839,27.1
3,baseline,double_quote_runs,17,3,3,51781,983839,27.6
3,baseline,double_quote_runs,17,3,4,51781,983839,27.0
3,baseline,double_quote_runs,17,3,5,51781,983839,27.3
3,baseline,double_quote_runs,17,3,6,51781,983839,27.7
3,baseline,double_quote_runs,17,3,7,51781,983839,29.8
3,baseline,double_quote_runs,17,3,8,51781,983839,31.0
3,baseline,double_quote_runs,68,0,0,31775,2414900,100.0
3,baseline,double_quote_runs,68,0,1,31775,2414900,102.5
3,baseline,double_quote_runs,68,0,2,31775,2414900,101.5
3,baseline,double_quote_runs,68,0,3,31775,2414900,101.6
3,baseline,double_quote_runs,68,0,4,31775,2414900,100.3
3,baseline,double_quote_runs,68,0,5,31775,2414900,100.2
3,baseline,double_quote_runs,68,0,6,31775,2414900,101.0
3,baseline,double_quote_runs,68,0,7,31775,2414900,100.6
3,baseline,double_quote_runs,68,0,8,31775,2414900,100.1
3,baseline,double_quote_runs,68,1,0,31775,2414900,86.8
3,baseline,double_quote_runs,68,1,1,31775,2414900,98.6
3,baseline,double_quote_runs,68,1,2,31775,2414900,99.4
3,baseline,double_quote_runs,68,1,3,31775,2414900,87.9
3,baseline,double_quote_runs,68,1,4,31775,2414900,86.8
3,baseline,double_quote_runs,68,1,5,31775,2414900,86.5
3,baseline,double_quote_runs,68,1,6,31775,2414900,91.5
3,baseline,double_quote_runs,68,1,7,31775,2414900,87.1
3,baseline,double_quote_runs,68,1,8,31775,2414900,89.1
3,baseline,double_quote_runs,68,2,0,31775,2796200,68.9
3,baseline,double_quote_runs,68,2,1,31775,2796200,71.6
3,baseline,double_quote_runs,68,2,2,31775,2796200,75.8
3,baseline,double_quote_runs,68,2,3,31775,2796200,67.0
3,baseline,double_quote_runs,68,2,4,31775,2796200,66.8
3,baseline,double_quote_runs,68,2,5,31775,2796200,67.2
3,baseline,double_quote_runs,68,2,6,31775,2796200,67.0
3,baseline,double_quote_runs,68,2,7,31775,2796200,68.5
3,baseline,double_quote_runs,68,2,8,31775,2796200,66.9
3,baseline,double_quote_runs,68,3,0,31775,2414900,91.7
3,baseline,double_quote_runs,68,3,1,31775,2414900,91.2
3,baseline,double_quote_runs,68,3,2,31775,2414900,93.8
3,baseline,double_quote_runs,68,3,3,31775,2414900,91.6
3,baseline,double_quote_runs,68,3,4,31775,2414900,94.9
3,baseline,double_quote_runs,68,3,5,31775,2414900,95.2
3,baseline,double_quote_runs,68,3,6,31775,2414900,94.6
3,baseline,double_quote_runs,68,3,7,31775,2414900,97.5
3,baseline,double_quote_runs,68,3,8,31775,2414900,94.9
3,baseline,double_quote_runs,4097,0,0,1008,4615632,5488.0
3,baseline,double_quote_runs,4097,0,1,1008,4615632,5530.0
3,baseline,double_quote_runs,4097,0,2,1008,4615632,5558.2
3,baseline,double_quote_runs,4097,0,3,1008,4615632,5540.2
3,baseline,double_quote_runs,4097,0,4,1008,4615632,5547.1
3,baseline,double_quote_runs,4097,0,5,1008,4615632,5493.0
3,baseline,double_quote_runs,4097,0,6,1008,4615632,5540.9
3,baseline,double_quote_runs,4097,0,7,1008,4615632,5550.5
3,baseline,double_quote_runs,4097,0,8,1008,4615632,5504.2
3,baseline,double_quote_runs,4097,1,0,1008,4615632,5086.9
3,baseline,double_quote_runs,4097,1,1,1008,4615632,5107.1
3,baseline,double_quote_runs,4097,1,2,1008,4615632,5135.1
3,baseline,double_quote_runs,4097,1,3,1008,4615632,5116.3
3,baseline,double_quote_runs,4097,1,4,1008,4615632,5091.5
3,baseline,double_quote_runs,4097,1,5,1008,4615632,5140.9
3,baseline,double_quote_runs,4097,1,6,1008,4615632,5101.1
3,baseline,double_quote_runs,4097,1,7,1008,4615632,5119.0
3,baseline,double_quote_runs,4097,1,8,1008,4615632,5579.4
3,baseline,double_quote_runs,4097,2,0,1008,5344416,3325.1
3,baseline,double_quote_runs,4097,2,1,1008,5344416,3533.3
3,baseline,double_quote_runs,4097,2,2,1008,5344416,3602.1
3,baseline,double_quote_runs,4097,2,3,1008,5344416,3223.6
3,baseline,double_quote_runs,4097,2,4,1008,5344416,3292.1
3,baseline,double_quote_runs,4097,2,5,1008,5344416,3244.2
3,baseline,double_quote_runs,4097,2,6,1008,5344416,3528.3
3,baseline,double_quote_runs,4097,2,7,1008,5344416,3256.0
3,baseline,double_quote_runs,4097,2,8,1008,5344416,3264.4
3,baseline,double_quote_runs,4097,3,0,1008,4615632,4789.4
3,baseline,double_quote_runs,4097,3,1,1008,4615632,4901.3
3,baseline,double_quote_runs,4097,3,2,1008,4615632,4935.9
3,baseline,double_quote_runs,4097,3,3,1008,4615632,4889.6
3,baseline,double_quote_runs,4097,3,4,1008,4615632,4861.3
3,baseline,double_quote_runs,4097,3,5,1008,4615632,4790.2
3,baseline,double_quote_runs,4097,3,6,1008,4615632,4833.1
3,baseline,double_quote_runs,4097,3,7,1008,4615632,4949.8
3,baseline,double_quote_runs,4097,3,8,1008,4615632,4831.2
3,baseline,double_quote_runs,65552,0,0,64,4688896,87232.2
3,baseline,double_quote_runs,65552,0,1,64,4688896,89582.0
3,baseline,double_quote_runs,65552,0,2,64,4688896,88549.4
3,baseline,double_quote_runs,65552,0,3,64,4688896,86924.2
3,baseline,double_quote_runs,65552,0,4,64,4688896,88030.1
3,baseline,double_quote_runs,65552,0,5,64,4688896,88262.0
3,baseline,double_quote_runs,65552,0,6,64,4688896,88829.4
3,baseline,double_quote_runs,65552,0,7,64,4688896,87149.0
3,baseline,double_quote_runs,65552,0,8,64,4688896,90054.7
3,baseline,double_quote_runs,65552,1,0,64,4688896,92377.5
3,baseline,double_quote_runs,65552,1,1,64,4688896,80503.9
3,baseline,double_quote_runs,65552,1,2,64,4688896,80808.7
3,baseline,double_quote_runs,65552,1,3,64,4688896,80693.6
3,baseline,double_quote_runs,65552,1,4,64,4688896,82508.2
3,baseline,double_quote_runs,65552,1,5,64,4688896,80028.8
3,baseline,double_quote_runs,65552,1,6,64,4688896,78904.0
3,baseline,double_quote_runs,65552,1,7,64,4688896,82710.1
3,baseline,double_quote_runs,65552,1,8,64,4688896,77902.5
3,baseline,double_quote_runs,65552,2,0,64,5429248,51426.3
3,baseline,double_quote_runs,65552,2,1,64,5429248,51206.6
3,baseline,double_quote_runs,65552,2,2,64,5429248,51974.5
3,baseline,double_quote_runs,65552,2,3,64,5429248,51495.2
3,baseline,double_quote_runs,65552,2,4,64,5429248,52088.7
3,baseline,double_quote_runs,65552,2,5,64,5429248,51344.6
3,baseline,double_quote_runs,65552,2,6,64,5429248,51452.6
3,baseline,double_quote_runs,65552,2,7,64,5429248,54524.3
3,baseline,double_quote_runs,65552,2,8,64,5429248,52997.7
3,baseline,double_quote_runs,65552,3,0,64,4688896,77859.7
3,baseline,double_quote_runs,65552,3,1,64,4688896,76405.1
3,baseline,double_quote_runs,65552,3,2,64,4688896,76211.3
3,baseline,double_quote_runs,65552,3,3,64,4688896,77548.6
3,baseline,double_quote_runs,65552,3,4,64,4688896,76095.2
3,baseline,double_quote_runs,65552,3,5,64,4688896,76495.6
3,baseline,double_quote_runs,65552,3,6,64,4688896,77860.2
3,baseline,double_quote_runs,65552,3,7,64,4688896,76236.7
3,baseline,double_quote_runs,65552,3,8,64,4688896,76142.6
3,baseline,apostrophe_runs,17,0,0,51781,983839,32.1
3,baseline,apostrophe_runs,17,0,1,51781,983839,31.1
3,baseline,apostrophe_runs,17,0,2,51781,983839,30.8
3,baseline,apostrophe_runs,17,0,3,51781,983839,32.8
3,baseline,apostrophe_runs,17,0,4,51781,983839,31.0
3,baseline,apostrophe_runs,17,0,5,51781,983839,32.9
3,baseline,apostrophe_runs,17,0,6,51781,983839,30.6
3,baseline,apostrophe_runs,17,0,7,51781,983839,31.4
3,baseline,apostrophe_runs,17,0,8,51781,983839,31.0
3,baseline,apostrophe_runs,17,1,0,51781,983839,26.3
3,baseline,apostrophe_runs,17,1,1,51781,983839,26.9
3,baseline,apostrophe_runs,17,1,2,51781,983839,26.7
3,baseline,apostrophe_runs,17,1,3,51781,983839,26.6
3,baseline,apostrophe_runs,17,1,4,51781,983839,27.4
3,baseline,apostrophe_runs,17,1,5,51781,983839,26.8
3,baseline,apostrophe_runs,17,1,6,51781,983839,26.6
3,baseline,apostrophe_runs,17,1,7,51781,983839,28.1
3,baseline,apostrophe_runs,17,1,8,51781,983839,27.1
3,baseline,apostrophe_runs,17,2,0,51781,1087401,27.0
3,baseline,apostrophe_runs,17,2,1,51781,1087401,27.1
3,baseline,apostrophe_runs,17,2,2,51781,1087401,27.1
3,baseline,apostrophe_runs,17,2,3,51781,1087401,28.9
3,baseline,apostrophe_runs,17,2,4,51781,1087401,31.3
3,baseline,apostrophe_runs,17,2,5,51781,1087401,27.9
3,baseline,apostrophe_runs,17,2,6,51781,1087401,27.8
3,baseline,apostrophe_runs,17,2,7,51781,1087401,29.2
3,baseline,apostrophe_runs,17,2,8,51781,1087401,34.1
3,baseline,apostrophe_runs,17,3,0,51781,983839,29.8
3,baseline,apostrophe_runs,17,3,1,51781,983839,27.2
3,baseline,apostrophe_runs,17,3,2,51781,983839,29.1
3,baseline,apostrophe_runs,17,3,3,51781,983839,28.5
3,baseline,apostrophe_runs,17,3,4,51781,983839,27.6
3,baseline,apostrophe_runs,17,3,5,51781,983839,27.4
3,baseline,apostrophe_runs,17,3,6,51781,983839,27.3
3,baseline,apostrophe_runs,17,3,7,51781,983839,26.9
3,baseline,apostrophe_runs,17,3,8,51781,983839,30.1
3,baseline,apostrophe_runs,68,0,0,31775,2414900,103.0
3,baseline,apostrophe_runs,68,0,1,31775,2414900,102.7
3,baseline,apostrophe_runs,68,0,2,31775,2414900,100.1
3,baseline,apostrophe_runs,68,0,3,31775,2414900,102.1
3,baseline,apostrophe_runs,68,0,4,31775,2414900,102.5
3,baseline,apostrophe_runs,68,0,5,31775,2414900,102.6
3,baseline,apostrophe_runs,68,0,6,31775,2414900,101.5
3,baseline,apostrophe_runs,68,0,7,31775,2414900,100.9
3,baseline,apostrophe_runs,68,0,8,31775,2414900,104.0
3,baseline,apostrophe_runs,68,1,0,31775,2414900,86.5
3,baseline,apostrophe_runs,68,1,1,31775,2414900,86.4
3,baseline,apostrophe_runs,68,1,2,31775,2414900,86.9
3,baseline,apostrophe_runs,68,1,3,31775,2414900,87.6
3,baseline,apostrophe_runs,68,1,4,31775,2414900,86.1
3,baseline,apostrophe_runs,68,1,5,31775,2414900,86.3
3,baseline,apostrophe_runs,68,1,6,31775,2414900,87.1
3,baseline,apostrophe_runs,68,1,7,31775,2414900,87.0
3,baseline,apostrophe_runs,68,1,8,31775,2414900,88.9
3,baseline,apostrophe_runs,68,2,0,31775,2669100,71.5
3,baseline,apostrophe_runs,68,2,1,31775,2669100,76.4
3,baseline,apostrophe_runs,68,2,2,31775,2669100,72.6
3,baseline,apostrophe_runs,68,2,3,31775,2669100,68.9
3,baseline,apostrophe_runs,68,2,4,31775,2669100,68.3
3,baseline,apostrophe_runs,68,2,5,31775,2669100,67.6
3,baseline,apostrophe_runs,68,2,6,31775,2669100,67.0
3,baseline,apostrophe_runs,68,2,7,31775,2669100,68.6
3,baseline,apostrophe_runs,68,2,8,31775,2669100,67.8
3,baseline,apostrophe_runs,68,3,0,31775,2414900,91.3
3,baseline,apostrophe_runs,68,3,1,31775,2414900,93.9
3,baseline,apostrophe_runs,68,3,2,31775,2414900,93.8
3,baseline,apostrophe_runs,68,3,3,31775,2414900,95.6
3,baseline,apostrophe_runs,68,3,4,31775,2414900,95.3
3,baseline,apostrophe_runs,68,3,5,31775,2414900,93.3
3,baseline,apostrophe_runs,68,3,6,31775,2414900,92.4
3,baseline,apostrophe_runs,68,3,7,31775,2414900,92.2
3,baseline,apostrophe_runs,68,3,8,31775,2414900,94.6
3,baseline,apostrophe_runs,4097,0,0,1008,4615632,5608.9
3,baseline,apostrophe_runs,4097,0,1,1008,4615632,5560.2
3,baseline,apostrophe_runs,4097,0,2,1008,4615632,5775.9
3,baseline,apostrophe_runs,4097,0,3,1008,4615632,5835.5
3,baseline,apostrophe_runs,4097,0,4,1008,4615632,5883.4
3,baseline,apostrophe_runs,4097,0,5,1008,4615632,5858.6
3,baseline,apostrophe_runs,4097,0,6,1008,4615632,5795.1
3,baseline,apostrophe_runs,4097,0,7,1008,4615632,5764.2
3,baseline,apostrophe_runs,4097,0,8,1008,4615632,5681.2
3,baseline,apostrophe_runs,4097,1,0,1008,4615632,4985.8
3,baseline,apostrophe_runs,4097,1,1,1008,4615632,4951.0
3,baseline,apostrophe_runs,4097,1,2,1008,4615632,4985.0
3,baseline,apostrophe_runs,4097,1,3,1008,4615632,4992.1
3,baseline,apostrophe_runs,4097,1,4,1008,4615632,4934.0
3,baseline,apostrophe_runs,4097,1,5,1008,4615632,4994.5
3,baseline,apostrophe_runs,4097,1,6,1008,4615632,5019.5
3,baseline,apostrophe_runs,4097,1,7,1008,4615632,5129.5
3,baseline,apostrophe_runs,4097,1,8,1008,4615632,4999.2
3,baseline,apostrophe_runs,4097,2,0,1008,5101488,3266.0
3,baseline,apostrophe_runs,4097,2,1,1008,5101488,3256.8
3,baseline,apostrophe_runs,4097,2,2,1008,5101488,3244.5
3,baseline,apostrophe_runs,4097,2,3,1008,5101488,3365.5
3,baseline,apostrophe_runs,4097,2,4,1008,5101488,3350.5
3,baseline,apostrophe_runs,4097,2,5,1008,5101488,3288.2
3,baseline,apostrophe_runs,4097,2,6,1008,5101488,3237.3
3,baseline,apostrophe_runs,4097,2,7,1008,5101488,3230.5
3,baseline,apostrophe_runs,4097,2,8,1008,5101488,3392.7
3,baseline,apostrophe_runs,4097,3,0,1008,4615632,4746.9
3,baseline,apostrophe_runs,4097,3,1,1008,4615632,4806.7
3,baseline,apostrophe_runs,4097,3,2,1008,4615632,4765.8
3,baseline,apostrophe_runs,4097,3,3,1008,4615632,4775.6
3,baseline,apostrophe_runs,4097,3,4,1008,4615632,5279.2
3,baseline,apostrophe_runs,4097,3,5,1008,4615632,4821.4
3,baseline,apostrophe_runs,4097,3,6,1008,4615632,4766.8
3,baseline,apostrophe_runs,4097,3,7,1008,4615632,4867.7
3,baseline,apostrophe_runs,4097,3,8,1008,4615632,4778.8
3,baseline,apostrophe_runs,65552,0,0,64,4688896,87333.2
3,baseline,apostrophe_runs,65552,0,1,64,4688896,87536.2
3,baseline,apostrophe_runs,65552,0,2,64,4688896,87535.4
3,baseline,apostrophe_runs,65552,0,3,64,4688896,88251.6
3,baseline,apostrophe_runs,65552,0,4,64,4688896,87640.1
3,baseline,apostrophe_runs,65552,0,5,64,4688896,87475.3
3,baseline,apostrophe_runs,65552,0,6,64,4688896,87916.8
3,baseline,apostrophe_runs,65552,0,7,64,4688896,87321.4
3,baseline,apostrophe_runs,65552,0,8,64,4688896,87418.2
3,baseline,apostrophe_runs,65552,1,0,64,4688896,81452.7
3,baseline,apostrophe_runs,65552,1,1,64,4688896,82716.9
3,baseline,apostrophe_runs,65552,1,2,64,4688896,82537.2
3,baseline,apostrophe_runs,65552,1,3,64,4688896,81707.2
3,baseline,apostrophe_runs,65552,1,4,64,4688896,81986.0
3,baseline,apostrophe_runs,65552,1,5,64,4688896,79554.8
3,baseline,apostrophe_runs,65552,1,6,64,4688896,82466.3
3,baseline,apostrophe_runs,65552,1,7,64,4688896,84543.9
3,baseline,apostrophe_runs,65552,1,8,64,4688896,81943.8
3,baseline,apostrophe_runs,65552,2,0,64,5182464,51720.4
3,baseline,apostrophe_runs,65552,2,1,64,5182464,52170.3
3,baseline,apostrophe_runs,65552,2,2,64,5182464,51909.5
3,baseline,apostrophe_runs,65552,2,3,64,5182464,51768.9
3,baseline,apostrophe_runs,65552,2,4,64,5182464,52871.9
3,baseline,apostrophe_runs,65552,2,5,64,5182464,51308.5
3,baseline,apostrophe_runs,65552,2,6,64,5182464,59015.2
3,baseline,apostrophe_runs,65552,2,7,64,5182464,52182.2
3,baseline,apostrophe_runs,65552,2,8,64,5182464,53440.9
3,baseline,apostrophe_runs,65552,3,0,64,4688896,76224.6
3,baseline,apostrophe_runs,65552,3,1,64,4688896,76254.0
3,baseline,apostrophe_runs,65552,3,2,64,4688896,80677.2
3,baseline,apostrophe_runs,65552,3,3,64,4688896,80017.1
3,baseline,apostrophe_runs,65552,3,4,64,4688896,78724.1
3,baseline,apostrophe_runs,65552,3,5,64,4688896,78921.3
3,baseline,apostrophe_runs,65552,3,6,64,4688896,79851.3
3,baseline,apostrophe_runs,65552,3,7,64,4688896,85966.0
3,baseline,apostrophe_runs,65552,3,8,64,4688896,81968.8
3,baseline,double_quote_offset_runs,34,0,0,42799,1540764,53.4
3,baseline,double_quote_offset_runs,34,0,1,42799,1540764,53.3
3,baseline,double_quote_offset_runs,34,0,2,42799,1540764,55.0
3,baseline,double_quote_offset_runs,34,0,3,42799,1540764,54.7
3,baseline,double_quote_offset_runs,34,0,4,42799,1540764,209.1
3,baseline,double_quote_offset_runs,34,0,5,42799,1540764,54.0
3,baseline,double_quote_offset_runs,34,0,6,42799,1540764,55.2
3,baseline,double_quote_offset_runs,34,0,7,42799,1540764,53.8
3,baseline,double_quote_offset_runs,34,0,8,42799,1540764,53.1
3,baseline,double_quote_offset_runs,34,1,0,42799,1540764,46.2
3,baseline,double_quote_offset_runs,34,1,1,42799,1540764,45.3
3,baseline,double_quote_offset_runs,34,1,2,42799,1540764,45.1
3,baseline,double_quote_offset_runs,34,1,3,42799,1540764,45.0
3,baseline,double_quote_offset_runs,34,1,4,42799,1540764,45.0
3,baseline,double_quote_offset_runs,34,1,5,42799,1540764,45.6
3,baseline,double_quote_offset_runs,34,1,6,42799,1540764,48.9
3,baseline,double_quote_offset_runs,34,1,7,42799,1540764,45.8
3,baseline,double_quote_offset_runs,34,1,8,42799,1540764,44.6
3,baseline,double_quote_offset_runs,34,2,0,42799,1669161,39.0
3,baseline,double_quote_offset_runs,34,2,1,42799,1669161,39.0
3,baseline,double_quote_offset_runs,34,2,2,42799,1669161,39.3
3,baseline,double_quote_offset_runs,34,2,3,42799,1669161,39.1
3,baseline,double_quote_offset_runs,34,2,4,42799,1669161,39.0
3,baseline,double_quote_offset_runs,34,2,5,42799,1669161,40.0
3,baseline,double_quote_offset_runs,34,2,6,42799,1669161,38.8
3,baseline,double_quote_offset_runs,34,2,7,42799,1669161,39.5
3,baseline,double_quote_offset_runs,34,2,8,42799,1669161,43.6
3,baseline,double_quote_offset_runs,34,3,0,42799,1540764,46.7
3,baseline,double_quote_offset_runs,34,3,1,42799,1540764,45.7
3,baseline,double_quote_offset_runs,34,3,2,42799,1540764,47.6
3,baseline,double_quote_offset_runs,34,3,3,42799,1540764,46.2
3,baseline,double_quote_offset_runs,34,3,4,42799,1540764,47.2
3,baseline,double_quote_offset_runs,34,3,5,42799,1540764,45.8
3,baseline,double_quote_offset_runs,34,3,6,42799,1540764,46.7
3,baseline,double_quote_offset_runs,34,3,7,42799,1540764,46.1
3,baseline,double_quote_offset_runs,34,3,8,42799,1540764,47.4
3,baseline,double_quote_offset_runs,68,0,0,31775,2287800,101.1
3,baseline,double_quote_offset_runs,68,0,1,31775,2287800,98.1
3,baseline,double_quote_offset_runs,68,0,2,31775,2287800,101.3
3,baseline,double_quote_offset_runs,68,0,3,31775,2287800,103.6
3,baseline,double_quote_offset_runs,68,0,4,31775,2287800,99.3
3,baseline,double_quote_offset_runs,68,0,5,31775,2287800,98.7
3,baseline,double_quote_offset_runs,68,0,6,31775,2287800,100.6
3,baseline,double_quote_offset_runs,68,0,7,31775,2287800,99.8
3,baseline,double_quote_offset_runs,68,0,8,31775,2287800,99.7
3,baseline,double_quote_offset_runs,68,1,0,31775,2287800,84.6
3,baseline,double_quote_offset_runs,68,1,1,31775,2287800,87.1
3,baseline,double_quote_offset_runs,68,1,2,31775,2287800,85.0
3,baseline,double_quote_offset_runs,68,1,3,31775,2287800,84.9
3,baseline,double_quote_offset_runs,68,1,4,31775,2287800,87.4
3,baseline,double_quote_offset_runs,68,1,5,31775,2287800,85.0
3,baseline,double_quote_offset_runs,68,1,6,31775,2287800,84.1
3,baseline,double_quote_offset_runs,68,1,7,31775,2287800,86.2
3,baseline,double_quote_offset_runs,68,1,8,31775,2287800,84.4
3,baseline,double_quote_offset_runs,68,2,0,31775,2478450,68.4
3,baseline,double_quote_offset_runs,68,2,1,31775,2478450,67.4
3,baseline,double_quote_offset_runs,68,2,2,31775,2478450,70.3
3,baseline,double_quote_offset_runs,68,2,3,31775,2478450,72.1
3,baseline,double_quote_offset_runs,68,2,4,31775,2478450,75.3
3,baseline,double_quote_offset_runs,68,2,5,31775,2478450,74.5
3,baseline,double_quote_offset_runs,68,2,6,31775,2478450,67.5
3,baseline,double_quote_offset_runs,68,2,7,31775,2478450,67.3
3,baseline,double_quote_offset_runs,68,2,8,31775,2478450,67.6
3,baseline,double_quote_offset_runs,68,3,0,31775,2287800,94.8
3,baseline,double_quote_offset_runs,68,3,1,31775,2287800,88.5
3,baseline,double_quote_offset_runs,68,3,2,31775,2287800,87.5
3,baseline,double_quote_offset_runs,68,3,3,31775,2287800,93.9
3,baseline,double_quote_offset_runs,68,3,4,31775,2287800,93.2
3,baseline,double_quote_offset_runs,68,3,5,31775,2287800,95.7
3,baseline,double_quote_offset_runs,68,3,6,31775,2287800,91.3
3,baseline,double_quote_offset_runs,68,3,7,31775,2287800,92.9
3,baseline,double_quote_offset_runs,68,3,8,31775,2287800,94.2
3,baseline,double_quote_offset_runs,4114,0,0,1003,4369068,5612.2
3,baseline,double_quote_offset_runs,4114,0,1,1003,4369068,5482.5
3,baseline,double_quote_offset_runs,4114,0,2,1003,4369068,5415.1
3,baseline,double_quote_offset_runs,4114,0,3,1003,4369068,5466.3
3,baseline,double_quote_offset_runs,4114,0,4,1003,4369068,5480.5
3,baseline,double_quote_offset_runs,4114,0,5,1003,4369068,5639.8
3,baseline,double_quote_offset_runs,4114,0,6,1003,4369068,5407.1
3,baseline,double_quote_offset_runs,4114,0,7,1003,4369068,5733.5
3,baseline,double_quote_offset_runs,4114,0,8,1003,4369068,5408.4
3,baseline,double_quote_offset_runs,4114,1,0,1003,4369068,4852.7
3,baseline,double_quote_offset_runs,4114,1,1,1003,4369068,5437.9
3,baseline,double_quote_offset_runs,4114,1,2,1003,4369068,4973.7
3,baseline,double_quote_offset_runs,4114,1,3,1003,4369068,4826.4
3,baseline,double_quote_offset_runs,4114,1,4,1003,4369068,4784.5
3,baseline,double_quote_offset_runs,4114,1,5,1003,4369068,4845.1
3,baseline,double_quote_offset_runs,4114,1,6,1003,4369068,4816.0
3,baseline,double_quote_offset_runs,4114,1,7,1003,4369068,4944.7
3,baseline,double_quote_offset_runs,4114,1,8,1003,4369068,4804.3
3,baseline,double_quote_offset_runs,4114,2,0,1003,4733157,3230.6
3,baseline,double_quote_offset_runs,4114,2,1,1003,4733157,3200.2
3,baseline,double_quote_offset_runs,4114,2,2,1003,4733157,3263.3
3,baseline,double_quote_offset_runs,4114,2,3,1003,4733157,3202.5
3,baseline,double_quote_offset_runs,4114,2,4,1003,4733157,3215.4
3,baseline,double_quote_offset_runs,4114,2,5,1003,4733157,3341.5
3,baseline,double_quote_offset_runs,4114,2,6,1003,4733157,3302.2
3,baseline,double_quote_offset_runs,4114,2,7,1003,4733157,3244.1
3,baseline,double_quote_offset_runs,4114,2,8,1003,4733157,3398.4
3,baseline,double_quote_offset_runs,4114,3,0,1003,4369068,4904.5
3,baseline,double_quote_offset_runs,4114,3,1,1003,4369068,4676.9
3,baseline,double_quote_offset_runs,4114,3,2,1003,4369068,5077.3
3,baseline,double_quote_offset_runs,4114,3,3,1003,4369068,4971.0
3,baseline,double_quote_offset_runs,4114,3,4,1003,4369068,4726.8
3,baseline,double_quote_offset_runs,4114,3,5,1003,4369068,4933.4
3,baseline,double_quote_offset_runs,4114,3,6,1003,4369068,4771.3
3,baseline,double_quote_offset_runs,4114,3,7,1003,4369068,4988.6
3,baseline,double_quote_offset_runs,4114,3,8,1003,4369068,4977.5
3,baseline,double_quote_offset_runs,65552,0,0,64,4442112,87727.0
3,baseline,double_quote_offset_runs,65552,0,1,64,4442112,85849.8
3,baseline,double_quote_offset_runs,65552,0,2,64,4442112,88409.4
3,baseline,double_quote_offset_runs,65552,0,3,64,4442112,87409.5
3,baseline,double_quote_offset_runs,65552,0,4,64,4442112,86216.2
3,baseline,double_quote_offset_runs,65552,0,5,64,4442112,87856.5
3,baseline,double_quote_offset_runs,65552,0,6,64,4442112,86462.4
3,baseline,double_quote_offset_runs,65552,0,7,64,4442112,87632.8
3,baseline,double_quote_offset_runs,65552,0,8,64,4442112,87944.0
3,baseline,double_quote_offset_runs,65552,1,0,64,4442112,79199.8
3,baseline,double_quote_offset_runs,65552,1,1,64,4442112,77078.9
3,baseline,double_quote_offset_runs,65552,1,2,64,4442112,82916.6
3,baseline,double_quote_offset_runs,65552,1,3,64,4442112,78667.4
3,baseline,double_quote_offset_runs,65552,1,4,64,4442112,84015.7
3,baseline,double_quote_offset_runs,65552,1,5,64,4442112,81389.1
3,baseline,double_quote_offset_runs,65552,1,6,64,4442112,82211.3
3,baseline,double_quote_offset_runs,65552,1,7,64,4442112,79760.6
3,baseline,double_quote_offset_runs,65552,1,8,64,4442112,79551.2
3,baseline,double_quote_offset_runs,65552,2,0,64,4812288,51070.2
3,baseline,double_quote_offset_runs,65552,2,1,64,4812288,51823.1
3,baseline,double_quote_offset_runs,65552,2,2,64,4812288,52470.0
3,baseline,double_quote_offset_runs,65552,2,3,64,4812288,52808.7
3,baseline,double_quote_offset_runs,65552,2,4,64,4812288,50846.3
3,baseline,double_quote_offset_runs,65552,2,5,64,4812288,54093.5
3,baseline,double_quote_offset_runs,65552,2,6,64,4812288,53733.3
3,baseline,double_quote_offset_runs,65552,2,7,64,4812288,53234.1
3,baseline,double_quote_offset_runs,65552,2,8,64,4812288,53409.7
3,baseline,double_quote_offset_runs,65552,3,0,64,4442112,87033.5
3,baseline,double_quote_offset_runs,65552,3,1,64,4442112,80745.6
3,baseline,double_quote_offset_runs,65552,3,2,64,4442112,79587.3
3,baseline,double_quote_offset_runs,65552,3,3,64,4442112,78330.2
3,baseline,double_quote_offset_runs,65552,3,4,64,4442112,81851.3
3,baseline,double_quote_offset_runs,65552,3,5,64,4442112,80059.0
3,baseline,double_quote_offset_runs,65552,3,6,64,4442112,85116.3
3,baseline,double_quote_offset_runs,65552,3,7,64,4442112,82569.9
3,baseline,double_quote_offset_runs,65552,3,8,64,4442112,80028.4
3,baseline,apostrophe_offset_runs,34,0,0,42799,1540764,53.2
3,baseline,apostrophe_offset_runs,34,0,1,42799,1540764,55.0
3,baseline,apostrophe_offset_runs,34,0,2,42799,1540764,53.4
3,baseline,apostrophe_offset_runs,34,0,3,42799,1540764,53.6
3,baseline,apostrophe_offset_runs,34,0,4,42799,1540764,53.2
3,baseline,apostrophe_offset_runs,34,0,5,42799,1540764,56.9
3,baseline,apostrophe_offset_runs,34,0,6,42799,1540764,56.8
3,baseline,apostrophe_offset_runs,34,0,7,42799,1540764,56.8
3,baseline,apostrophe_offset_runs,34,0,8,42799,1540764,54.0
3,baseline,apostrophe_offset_runs,34,1,0,42799,1540764,44.4
3,baseline,apostrophe_offset_runs,34,1,1,42799,1540764,45.6
3,baseline,apostrophe_offset_runs,34,1,2,42799,1540764,45.1
3,baseline,apostrophe_offset_runs,34,1,3,42799,1540764,45.4
3,baseline,apostrophe_offset_runs,34,1,4,42799,1540764,44.5
3,baseline,apostrophe_offset_runs,34,1,5,42799,1540764,44.9
3,baseline,apostrophe_offset_runs,34,1,6,42799,1540764,47.5
3,baseline,apostrophe_offset_runs,34,1,7,42799,1540764,46.8
3,baseline,apostrophe_offset_runs,34,1,8,42799,1540764,45.9
3,baseline,apostrophe_offset_runs,34,2,0,42799,1626362,40.7
3,baseline,apostrophe_offset_runs,34,2,1,42799,1626362,39.8
3,baseline,apostrophe_offset_runs,34,2,2,42799,1626362,39.8
3,baseline,apostrophe_offset_runs,34,2,3,42799,1626362,40.2
3,baseline,apostrophe_offset_runs,34,2,4,42799,1626362,39.2
3,baseline,apostrophe_offset_runs,34,2,5,42799,1626362,44.3
3,baseline,apostrophe_offset_runs,34,2,6,42799,1626362,46.0
3,baseline,apostrophe_offset_runs,34,2,7,42799,1626362,43.6
3,baseline,apostrophe_offset_runs,34,2,8,42799,1626362,40.4
3,baseline,apostrophe_offset_runs,34,3,0,42799,1540764,45.8
3,baseline,apostrophe_offset_runs,34,3,1,42799,1540764,45.9
3,baseline,apostrophe_offset_runs,34,3,2,42799,1540764,47.0
3,baseline,apostrophe_offset_runs,34,3,3,42799,1540764,47.7
3,baseline,apostrophe_offset_runs,34,3,4,42799,1540764,46.7
3,baseline,apostrophe_offset_runs,34,3,5,42799,1540764,46.4
3,baseline,apostrophe_offset_runs,34,3,6,42799,1540764,52.7
3,baseline,apostrophe_offset_runs,34,3,7,42799,1540764,48.7
3,baseline,apostrophe_offset_runs,34,3,8,42799,1540764,45.3
3,baseline,apostrophe_offset_runs,68,0,0,31775,2287800,100.3
3,baseline,apostrophe_offset_runs,68,0,1,31775,2287800,99.1
3,baseline,apostrophe_offset_runs,68,0,2,31775,2287800,102.5
3,baseline,apostrophe_offset_runs,68,0,3,31775,2287800,103.0
3,baseline,apostrophe_offset_runs,68,0,4,31775,2287800,100.6
3,baseline,apostrophe_offset_runs,68,0,5,31775,2287800,102.2
3,baseline,apostrophe_offset_runs,68,0,6,31775,2287800,100.2
3,baseline,apostrophe_offset_runs,68,0,7,31775,2287800,98.6
3,baseline,apostrophe_offset_runs,68,0,8,31775,2287800,99.0
3,baseline,apostrophe_offset_runs,68,1,0,31775,2287800,83.4
3,baseline,apostrophe_offset_runs,68,1,1,31775,2287800,85.7
3,baseline,apostrophe_offset_runs,68,1,2,31775,2287800,87.1
3,baseline,apostrophe_offset_runs,68,1,3,31775,2287800,93.2
3,baseline,apostrophe_offset_runs,68,1,4,31775,2287800,85.3
3,baseline,apostrophe_offset_runs,68,1,5,31775,2287800,84.4
3,baseline,apostrophe_offset_runs,68,1,6,31775,2287800,84.2
3,baseline,apostrophe_offset_runs,68,1,7,31775,2287800,84.0
3,baseline,apostrophe_offset_runs,68,1,8,31775,2287800,83.8
3,baseline,apostrophe_offset_runs,68,2,0,31775,2414900,73.5
3,baseline,apostrophe_offset_runs,68,2,1,31775,2414900,70.7
3,baseline,apostrophe_offset_runs,68,2,2,31775,2414900,73.5
3,baseline,apostrophe_offset_runs,68,2,3,31775,2414900,69.7
3,baseline,apostrophe_offset_runs,68,2,4,31775,2414900,68.0
3,baseline,apostrophe_offset_runs,68,2,5,31775,2414900,69.0
3,baseline,apostrophe_offset_runs,68,2,6,31775,2414900,69.5
3,baseline,apostrophe_offset_runs,68,2,7,31775,2414900,70.4
3,baseline,apostrophe_offset_runs,68,2,8,31775,2414900,70.5
3,baseline,apostrophe_offset_runs,68,3,0,31775,2287800,93.1
3,baseline,apostrophe_offset_runs,68,3,1,31775,2287800,94.7
3,baseline,apostrophe_offset_runs,68,3,2,31775,2287800,95.1
3,baseline,apostrophe_offset_runs,68,3,3,31775,2287800,96.0
3,baseline,apostrophe_offset_runs,68,3,4,31775,2287800,93.1
3,baseline,apostrophe_offset_runs,68,3,5,31775,2287800,95.0
3,baseline,apostrophe_offset_runs,68,3,6,31775,2287800,89.8
3,baseline,apostrophe_offset_runs,68,3,7,31775,2287800,95.4
3,baseline,apostrophe_offset_runs,68,3,8,31775,2287800,90.0
3,baseline,apostrophe_offset_runs,4114,0,0,1003,4369068,5397.8
3,baseline,apostrophe_offset_runs,4114,0,1,1003,4369068,5548.4
3,baseline,apostrophe_offset_runs,4114,0,2,1003,4369068,5537.9
3,baseline,apostrophe_offset_runs,4114,0,3,1003,4369068,5437.5
3,baseline,apostrophe_offset_runs,4114,0,4,1003,4369068,5521.1
3,baseline,apostrophe_offset_runs,4114,0,5,1003,4369068,5496.1
3,baseline,apostrophe_offset_runs,4114,0,6,1003,4369068,5455.9
3,baseline,apostrophe_offset_runs,4114,0,7,1003,4369068,5708.9
3,baseline,apostrophe_offset_runs,4114,0,8,1003,4369068,5708.6
3,baseline,apostrophe_offset_runs,4114,1,0,1003,4369068,4822.3
3,baseline,apostrophe_offset_runs,4114,1,1,1003,4369068,4817.8
3,baseline,apostrophe_offset_runs,4114,1,2,1003,4369068,4847.9
3,baseline,apostrophe_offset_runs,4114,1,3,1003,4369068,4904.7
3,baseline,apostrophe_offset_runs,4114,1,4,1003,4369068,4807.6
3,baseline,apostrophe_offset_runs,4114,1,5,1003,4369068,4786.9
3,baseline,apostrophe_offset_runs,4114,1,6,1003,4369068,4814.5
3,baseline,apostrophe_offset_runs,4114,1,7,1003,4369068,4845.4
3,baseline,apostrophe_offset_runs,4114,1,8,1003,4369068,4849.8
3,baseline,apostrophe_offset_runs,4114,2,0,1003,4611794,3340.9
3,baseline,apostrophe_offset_runs,4114,2,1,1003,4611794,3196.5
3,baseline,apostrophe_offset_runs,4114,2,2,1003,4611794,3293.7
3,baseline,apostrophe_offset_runs,4114,2,3,1003,4611794,3212.5
3,baseline,apostrophe_offset_runs,4114,2,4,1003,4611794,3292.5
3,baseline,apostrophe_offset_runs,4114,2,5,1003,4611794,3252.6
3,baseline,apostrophe_offset_runs,4114,2,6,1003,4611794,3241.5
3,baseline,apostrophe_offset_runs,4114,2,7,1003,4611794,3204.1
3,baseline,apostrophe_offset_runs,4114,2,8,1003,4611794,3357.5
3,baseline,apostrophe_offset_runs,4114,3,0,1003,4369068,5182.1
3,baseline,apostrophe_offset_runs,4114,3,1,1003,4369068,4959.9
3,baseline,apostrophe_offset_runs,4114,3,2,1003,4369068,4948.1
3,baseline,apostrophe_offset_runs,4114,3,3,1003,4369068,4687.8
3,baseline,apostrophe_offset_runs,4114,3,4,1003,4369068,5072.7
3,baseline,apostrophe_offset_runs,4114,3,5,1003,4369068,5168.5
3,baseline,apostrophe_offset_runs,4114,3,6,1003,4369068,4972.4
3,baseline,apostrophe_offset_runs,4114,3,7,1003,4369068,5007.2
3,baseline,apostrophe_offset_runs,4114,3,8,1003,4369068,4890.6
3,baseline,apostrophe_offset_runs,65552,0,0,64,4442112,89712.7
3,baseline,apostrophe_offset_runs,65552,0,1,64,4442112,86339.3
3,baseline,apostrophe_offset_runs,65552,0,2,64,4442112,85311.9
3,baseline,apostrophe_offset_runs,65552,0,3,64,4442112,86380.2
3,baseline,apostrophe_offset_runs,65552,0,4,64,4442112,87490.9
3,baseline,apostrophe_offset_runs,65552,0,5,64,4442112,86173.7
3,baseline,apostrophe_offset_runs,65552,0,6,64,4442112,95643.0
3,baseline,apostrophe_offset_runs,65552,0,7,64,4442112,93317.6
3,baseline,apostrophe_offset_runs,65552,0,8,64,4442112,86082.1
3,baseline,apostrophe_offset_runs,65552,1,0,64,4442112,81830.5
3,baseline,apostrophe_offset_runs,65552,1,1,64,4442112,84030.6
3,baseline,apostrophe_offset_runs,65552,1,2,64,4442112,84387.8
3,baseline,apostrophe_offset_runs,65552,1,3,64,4442112,83593.8
3,baseline,apostrophe_offset_runs,65552,1,4,64,4442112,77431.2
3,baseline,apostrophe_offset_runs,65552,1,5,64,4442112,76507.5
3,baseline,apostrophe_offset_runs,65552,1,6,64,4442112,83575.5
3,baseline,apostrophe_offset_runs,65552,1,7,64,4442112,83270.6
3,baseline,apostrophe_offset_runs,65552,1,8,64,4442112,80741.1
3,baseline,apostrophe_offset_runs,65552,2,0,64,4688896,53301.0
3,baseline,apostrophe_offset_runs,65552,2,1,64,4688896,54468.3
3,baseline,apostrophe_offset_runs,65552,2,2,64,4688896,54081.9
3,baseline,apostrophe_offset_runs,65552,2,3,64,4688896,53937.9
3,baseline,apostrophe_offset_runs,65552,2,4,64,4688896,51496.5
3,baseline,apostrophe_offset_runs,65552,2,5,64,4688896,56871.7
3,baseline,apostrophe_offset_runs,65552,2,6,64,4688896,54269.4
3,baseline,apostrophe_offset_runs,65552,2,7,64,4688896,54575.9
3,baseline,apostrophe_offset_runs,65552,2,8,64,4688896,51892.6
3,baseline,apostrophe_offset_runs,65552,3,0,64,4442112,79383.2
3,baseline,apostrophe_offset_runs,65552,3,1,64,4442112,76793.7
3,baseline,apostrophe_offset_runs,65552,3,2,64,4442112,81310.2
3,baseline,apostrophe_offset_runs,65552,3,3,64,4442112,80050.6
3,baseline,apostrophe_offset_runs,65552,3,4,64,4442112,76324.8
3,baseline,apostrophe_offset_runs,65552,3,5,64,4442112,79293.4
3,baseline,apostrophe_offset_runs,65552,3,6,64,4442112,80763.7
3,baseline,apostrophe_offset_runs,65552,3,7,64,4442112,78992.5
3,baseline,apostrophe_offset_runs,65552,3,8,64,4442112,78243.3
