run,arm,input,input_bytes,kind,trial,calls,output_bytes,ns_per_call
0,baseline,plain,0,0,0,65536,0,3.6
0,baseline,plain,0,0,1,65536,0,3.5
0,baseline,plain,0,0,2,65536,0,3.7
0,baseline,plain,0,0,3,65536,0,3.6
0,baseline,plain,0,0,4,65536,0,3.5
0,baseline,plain,0,0,5,65536,0,3.5
0,baseline,plain,0,0,6,65536,0,3.5
0,baseline,plain,0,0,7,65536,0,3.5
0,baseline,plain,0,0,8,65536,0,3.5
0,baseline,plain,0,1,0,65536,0,3.7
0,baseline,plain,0,1,1,65536,0,3.7
0,baseline,plain,0,1,2,65536,0,3.7
0,baseline,plain,0,1,3,65536,0,3.7
0,baseline,plain,0,1,4,65536,0,3.7
0,baseline,plain,0,1,5,65536,0,4.0
0,baseline,plain,0,1,6,65536,0,3.7
0,baseline,plain,0,1,7,65536,0,3.7
0,baseline,plain,0,1,8,65536,0,3.7
0,baseline,plain,0,2,0,65536,0,6.7
0,baseline,plain,0,2,1,65536,0,5.6
0,baseline,plain,0,2,2,65536,0,5.4
0,baseline,plain,0,2,3,65536,0,5.5
0,baseline,plain,0,2,4,65536,0,5.4
0,baseline,plain,0,2,5,65536,0,5.4
0,baseline,plain,0,2,6,65536,0,5.6
0,baseline,plain,0,2,7,65536,0,5.4
0,baseline,plain,0,2,8,65536,0,5.4
0,baseline,plain,0,3,0,65536,0,3.5
0,baseline,plain,0,3,1,65536,0,3.5
0,baseline,plain,0,3,2,65536,0,3.5
0,baseline,plain,0,3,3,65536,0,3.5
0,baseline,plain,0,3,4,65536,0,3.7
0,baseline,plain,0,3,5,65536,0,3.7
0,baseline,plain,0,3,6,65536,0,3.5
0,baseline,plain,0,3,7,65536,0,3.8
0,baseline,plain,0,3,8,65536,0,3.8
0,baseline,plain,30,0,0,44620,1427840,41.6
0,baseline,plain,30,0,1,44620,1427840,42.8
0,baseline,plain,30,0,2,44620,1427840,42.2
0,baseline,plain,30,0,3,44620,1427840,47.1
0,baseline,plain,30,0,4,44620,1427840,43.6
0,baseline,plain,30,0,5,44620,1427840,43.7
0,baseline,plain,30,0,6,44620,1427840,42.2
0,baseline,plain,30,0,7,44620,1427840,42.4
0,baseline,plain,30,0,8,44620,1427840,42.3
0,baseline,plain,30,1,0,44620,1338600,48.7
0,baseline,plain,30,1,1,44620,1338600,47.2
0,baseline,plain,30,1,2,44620,1338600,47.8
0,baseline,plain,30,1,3,44620,1338600,48.4
0,baseline,plain,30,1,4,44620,1338600,47.6
0,baseline,plain,30,1,5,44620,1338600,47.2
0,baseline,plain,30,1,6,44620,1338600,48.8
0,baseline,plain,30,1,7,44620,1338600,50.1
0,baseline,plain,30,1,8,44620,1338600,49.9
0,baseline,plain,30,2,0,44620,1338600,37.0
0,baseline,plain,30,2,1,44620,1338600,37.8
0,baseline,plain,30,2,2,44620,1338600,36.8
0,baseline,plain,30,2,3,44620,1338600,39.6
0,baseline,plain,30,2,4,44620,1338600,39.1
0,baseline,plain,30,2,5,44620,1338600,37.3
0,baseline,plain,30,2,6,44620,1338600,37.2
0,baseline,plain,30,2,7,44620,1338600,37.1
0,baseline,plain,30,2,8,44620,1338600,38.9
0,baseline,plain,30,3,0,44620,1427840,49.9
0,baseline,plain,30,3,1,44620,1427840,50.1
0,baseline,plain,30,3,2,44620,1427840,49.1
0,baseline,plain,30,3,3,44620,1427840,50.3
0,baseline,plain,30,3,4,44620,1427840,49.4
0,baseline,plain,30,3,5,44620,1427840,50.2
0,baseline,plain,30,3,6,44620,1427840,52.7
0,baseline,plain,30,3,7,44620,1427840,63.5
0,baseline,plain,30,3,8,44620,1427840,50.7
0,baseline,plain,90,0,0,27235,2614560,123.3
0,baseline,plain,90,0,1,27235,2614560,125.9
0,baseline,plain,90,0,2,27235,2614560,121.8
0,baseline,plain,90,0,3,27235,2614560,126.4
0,baseline,plain,90,0,4,27235,2614560,122.7
0,baseline,plain,90,0,5,27235,2614560,131.7
0,baseline,plain,90,0,6,27235,2614560,122.9
0,baseline,plain,90,0,7,27235,2614560,124.3
0,baseline,plain,90,0,8,27235,2614560,123.2
0,baseline,plain,90,1,0,27235,2451150,141.7
0,baseline,plain,90,1,1,27235,2451150,139.8
0,baseline,plain,90,1,2,27235,2451150,139.2
0,baseline,plain,90,1,3,27235,2451150,159.9
0,baseline,plain,90,1,4,27235,2451150,141.6
0,baseline,plain,90,1,5,27235,2451150,139.6
0,baseline,plain,90,1,6,27235,2451150,141.9
0,baseline,plain,90,1,7,27235,2451150,141.5
0,baseline,plain,90,1,8,27235,2451150,142.7
0,baseline,plain,90,2,0,27235,2451150,91.5
0,baseline,plain,90,2,1,27235,2451150,90.6
0,baseline,plain,90,2,2,27235,2451150,89.2
0,baseline,plain,90,2,3,27235,2451150,92.7
0,baseline,plain,90,2,4,27235,2451150,88.7
0,baseline,plain,90,2,5,27235,2451150,88.5
0,baseline,plain,90,2,6,27235,2451150,93.9
0,baseline,plain,90,2,7,27235,2451150,97.9
0,baseline,plain,90,2,8,27235,2451150,103.3
0,baseline,plain,90,3,0,27235,2614560,143.9
0,baseline,plain,90,3,1,27235,2614560,145.8
0,baseline,plain,90,3,2,27235,2614560,137.3
0,baseline,plain,90,3,3,27235,2614560,139.4
0,baseline,plain,90,3,4,27235,2614560,137.8
0,baseline,plain,90,3,5,27235,2614560,159.0
0,baseline,plain,90,3,6,27235,2614560,156.6
0,baseline,plain,90,3,7,27235,2614560,141.0
0,baseline,plain,90,3,8,27235,2614560,154.5
0,baseline,plain,4110,0,0,1004,4401536,4706.5
0,baseline,plain,4110,0,1,1004,4401536,4698.6
0,baseline,plain,4110,0,2,1004,4401536,5140.9
0,baseline,plain,4110,0,3,1004,4401536,4857.7
0,baseline,plain,4110,0,4,1004,4401536,4877.2
0,baseline,plain,4110,0,5,1004,4401536,4780.8
0,baseline,plain,4110,0,6,1004,4401536,4676.5
0,baseline,plain,4110,0,7,1004,4401536,4692.2
0,baseline,plain,4110,0,8,1004,4401536,5308.6
0,baseline,plain,4110,1,0,1004,4126440,5862.7
0,baseline,plain,4110,1,1,1004,4126440,6039.0
0,baseline,plain,4110,1,2,1004,4126440,6064.5
0,baseline,plain,4110,1,3,1004,4126440,6048.7
0,baseline,plain,4110,1,4,1004,4126440,6147.4
0,baseline,plain,4110,1,5,1004,4126440,5777.4
0,baseline,plain,4110,1,6,1004,4126440,5806.5
0,baseline,plain,4110,1,7,1004,4126440,5764.6
0,baseline,plain,4110,1,8,1004,4126440,5825.5
0,baseline,plain,4110,2,0,1004,4126440,3673.2
0,baseline,plain,4110,2,1,1004,4126440,3674.4
0,baseline,plain,4110,2,2,1004,4126440,3610.7
0,baseline,plain,4110,2,3,1004,4126440,3569.8
0,baseline,plain,4110,2,4,1004,4126440,3635.8
0,baseline,plain,4110,2,5,1004,4126440,3572.2
0,baseline,plain,4110,2,6,1004,4126440,3592.6
0,baseline,plain,4110,2,7,1004,4126440,3706.7
0,baseline,plain,4110,2,8,1004,4126440,3653.5
0,baseline,plain,4110,3,0,1004,4401536,5829.5
0,baseline,plain,4110,3,1,1004,4401536,5812.8
0,baseline,plain,4110,3,2,1004,4401536,6044.4
0,baseline,plain,4110,3,3,1004,4401536,5775.5
0,baseline,plain,4110,3,4,1004,4401536,5755.6
0,baseline,plain,4110,3,5,1004,4401536,5838.4
0,baseline,plain,4110,3,6,1004,4401536,5775.7
0,baseline,plain,4110,3,7,1004,4401536,5707.3
0,baseline,plain,4110,3,8,1004,4401536,5877.7
0,baseline,plain,65550,0,0,64,4474880,76995.7
0,baseline,plain,65550,0,1,64,4474880,78233.6
0,baseline,plain,65550,0,2,64,4474880,74036.7
0,baseline,plain,65550,0,3,64,4474880,73968.7
0,baseline,plain,65550,0,4,64,4474880,74327.3
0,baseline,plain,65550,0,5,64,4474880,74200.3
0,baseline,plain,65550,0,6,64,4474880,74671.5
0,baseline,plain,65550,0,7,64,4474880,75152.4
0,baseline,plain,65550,0,8,64,4474880,74067.6
0,baseline,plain,65550,1,0,64,4195200,95720.2
0,baseline,plain,65550,1,1,64,4195200,95309.0
0,baseline,plain,65550,1,2,64,4195200,95143.4
0,baseline,plain,65550,1,3,64,4195200,95934.4
0,baseline,plain,65550,1,4,64,4195200,94965.6
0,baseline,plain,65550,1,5,64,4195200,96392.7
0,baseline,plain,65550,1,6,64,4195200,95075.1
0,baseline,plain,65550,1,7,64,4195200,95161.4
0,baseline,plain,65550,1,8,64,4195200,96236.0
0,baseline,plain,65550,2,0,64,4195200,56825.5
0,baseline,plain,65550,2,1,64,4195200,59478.2
0,baseline,plain,65550,2,2,64,4195200,58140.3
0,baseline,plain,65550,2,3,64,4195200,57367.8
0,baseline,plain,65550,2,4,64,4195200,56609.4
0,baseline,plain,65550,2,5,64,4195200,57151.8
0,baseline,plain,65550,2,6,64,4195200,56625.3
0,baseline,plain,65550,2,7,64,4195200,56498.5
0,baseline,plain,65550,2,8,64,4195200,57693.4
0,baseline,plain,65550,3,0,64,4474880,95201.5
0,baseline,plain,65550,3,1,64,4474880,92454.0
0,baseline,plain,65550,3,2,64,4474880,93226.7
0,baseline,plain,65550,3,3,64,4474880,92370.7
0,baseline,plain,65550,3,4,64,4474880,92608.8
0,baseline,plain,65550,3,5,64,4474880,93684.5
0,baseline,plain,65550,3,6,64,4474880,92464.9
0,baseline,plain,65550,3,7,64,4474880,94010.5
0,baseline,plain,65550,3,8,64,4474880,93788.3
0,baseline,mixed,46,0,0,38130,3660480,87.7
0,baseline,mixed,46,0,1,38130,3660480,90.9
0,baseline,mixed,46,0,2,38130,3660480,86.3
0,baseline,mixed,46,0,3,38130,3660480,82.2
0,baseline,mixed,46,0,4,38130,3660480,84.2
0,baseline,mixed,46,0,5,38130,3660480,82.6
0,baseline,mixed,46,0,6,38130,3660480,82.7
0,baseline,mixed,46,0,7,38130,3660480,82.8
0,baseline,mixed,46,0,8,38130,3660480,84.1
0,baseline,mixed,46,1,0,38130,3507960,90.5
0,baseline,mixed,46,1,1,38130,3507960,92.6
0,baseline,mixed,46,1,2,38130,3507960,92.2
0,baseline,mixed,46,1,3,38130,3507960,91.9
0,baseline,mixed,46,1,4,38130,3507960,89.7
0,baseline,mixed,46,1,5,38130,3507960,91.6
0,baseline,mixed,46,1,6,38130,3507960,91.7
0,baseline,mixed,46,1,7,38130,3507960,96.1
0,baseline,mixed,46,1,8,38130,3507960,91.4
0,baseline,mixed,46,2,0,38130,2897880,79.6
0,baseline,mixed,46,2,1,38130,2897880,79.6
0,baseline,mixed,46,2,2,38130,2897880,78.7
0,baseline,mixed,46,2,3,38130,2897880,77.0
0,baseline,mixed,46,2,4,38130,2897880,77.4
0,baseline,mixed,46,2,5,38130,2897880,78.1
0,baseline,mixed,46,2,6,38130,2897880,78.0
0,baseline,mixed,46,2,7,38130,2897880,76.8
0,baseline,mixed,46,2,8,38130,2897880,77.2
0,baseline,mixed,46,3,0,38130,3355440,83.2
0,baseline,mixed,46,3,1,38130,3355440,81.7
0,baseline,mixed,46,3,2,38130,3355440,83.9
0,baseline,mixed,46,3,3,38130,3355440,80.9
0,baseline,mixed,46,3,4,38130,3355440,83.0
0,baseline,mixed,46,3,5,38130,3355440,89.2
0,baseline,mixed,46,3,6,38130,3355440,86.7
0,baseline,mixed,46,3,7,38130,3355440,81.2
0,baseline,mixed,46,3,8,38130,3355440,83.0
0,baseline,mixed,92,0,0,26886,5162112,166.3
0,baseline,mixed,92,0,1,26886,5162112,166.0
0,baseline,mixed,92,0,2,26886,5162112,164.0
0,baseline,mixed,92,0,3,26886,5162112,166.0
0,baseline,mixed,92,0,4,26886,5162112,165.9
0,baseline,mixed,92,0,5,26886,5162112,168.8
0,baseline,mixed,92,0,6,26886,5162112,173.6
0,baseline,mixed,92,0,7,26886,5162112,168.2
0,baseline,mixed,92,0,8,26886,5162112,171.6
0,baseline,mixed,92,1,0,26886,4947024,186.1
0,baseline,mixed,92,1,1,26886,4947024,183.7
0,baseline,mixed,92,1,2,26886,4947024,183.3
0,baseline,mixed,92,1,3,26886,4947024,183.8
0,baseline,mixed,92,1,4,26886,4947024,181.8
0,baseline,mixed,92,1,5,26886,4947024,185.7
0,baseline,mixed,92,1,6,26886,4947024,187.3
0,baseline,mixed,92,1,7,26886,4947024,183.5
0,baseline,mixed,92,1,8,26886,4947024,186.6
0,baseline,mixed,92,2,0,26886,4086672,134.5
0,baseline,mixed,92,2,1,26886,4086672,134.8
0,baseline,mixed,92,2,2,26886,4086672,143.7
0,baseline,mixed,92,2,3,26886,4086672,137.7
0,baseline,mixed,92,2,4,26886,4086672,132.2
0,baseline,mixed,92,2,5,26886,4086672,133.6
0,baseline,mixed,92,2,6,26886,4086672,136.2
0,baseline,mixed,92,2,7,26886,4086672,134.8
0,baseline,mixed,92,2,8,26886,4086672,133.0
0,baseline,mixed,92,3,0,26886,4731936,171.6
0,baseline,mixed,92,3,1,26886,4731936,165.8
0,baseline,mixed,92,3,2,26886,4731936,174.2
0,baseline,mixed,92,3,3,26886,4731936,169.0
0,baseline,mixed,92,3,4,26886,4731936,165.7
0,baseline,mixed,92,3,5,26886,4731936,169.9
0,baseline,mixed,92,3,6,26886,4731936,166.4
0,baseline,mixed,92,3,7,26886,4731936,169.3
0,baseline,mixed,92,3,8,26886,4731936,168.5
0,baseline,mixed,4140,0,0,997,8614080,6810.7
0,baseline,mixed,4140,0,1,997,8614080,6812.4
0,baseline,mixed,4140,0,2,997,8614080,6760.3
0,baseline,mixed,4140,0,3,997,8614080,6833.1
0,baseline,mixed,4140,0,4,997,8614080,6858.2
0,baseline,mixed,4140,0,5,997,8614080,6846.8
0,baseline,mixed,4140,0,6,997,8614080,6818.3
0,baseline,mixed,4140,0,7,997,8614080,6812.3
0,baseline,mixed,4140,0,8,997,8614080,6863.5
0,baseline,mixed,4140,1,0,997,8255160,7653.6
0,baseline,mixed,4140,1,1,997,8255160,7685.3
0,baseline,mixed,4140,1,2,997,8255160,7895.5
0,baseline,mixed,4140,1,3,997,8255160,7731.8
0,baseline,mixed,4140,1,4,997,8255160,7642.5
0,baseline,mixed,4140,1,5,997,8255160,7939.5
0,baseline,mixed,4140,1,6,997,8255160,7825.8
0,baseline,mixed,4140,1,7,997,8255160,7863.0
0,baseline,mixed,4140,1,8,997,8255160,7670.9
0,baseline,mixed,4140,2,0,997,6819480,5211.0
0,baseline,mixed,4140,2,1,997,6819480,5174.6
0,baseline,mixed,4140,2,2,997,6819480,5214.7
0,baseline,mixed,4140,2,3,997,6819480,5188.6
0,baseline,mixed,4140,2,4,997,6819480,5191.2
0,baseline,mixed,4140,2,5,997,6819480,5216.4
0,baseline,mixed,4140,2,6,997,6819480,5208.7
0,baseline,mixed,4140,2,7,997,6819480,5193.9
0,baseline,mixed,4140,2,8,997,6819480,5588.0
0,baseline,mixed,4140,3,0,997,7896240,7006.6
0,baseline,mixed,4140,3,1,997,7896240,7054.0
0,baseline,mixed,4140,3,2,997,7896240,7129.0
0,baseline,mixed,4140,3,3,997,7896240,7021.7
0,baseline,mixed,4140,3,4,997,7896240,7002.5
0,baseline,mixed,4140,3,5,997,7896240,7143.7
0,baseline,mixed,4140,3,6,997,7896240,7051.9
0,baseline,mixed,4140,3,7,997,7896240,7121.5
0,baseline,mixed,4140,3,8,997,7896240,6852.7
0,baseline,mixed,65550,0,0,64,8755200,110421.1
0,baseline,mixed,65550,0,1,64,8755200,108021.1
0,baseline,mixed,65550,0,2,64,8755200,108300.5
0,baseline,mixed,65550,0,3,64,8755200,107722.6
0,baseline,mixed,65550,0,4,64,8755200,109584.2
0,baseline,mixed,65550,0,5,64,8755200,108612.1
0,baseline,mixed,65550,0,6,64,8755200,108714.3
0,baseline,mixed,65550,0,7,64,8755200,106764.1
0,baseline,mixed,65550,0,8,64,8755200,108198.5
0,baseline,mixed,65550,1,0,64,8390400,123413.5
0,baseline,mixed,65550,1,1,64,8390400,122957.2
0,baseline,mixed,65550,1,2,64,8390400,127022.4
0,baseline,mixed,65550,1,3,64,8390400,125463.7
0,baseline,mixed,65550,1,4,64,8390400,130286.5
0,baseline,mixed,65550,1,5,64,8390400,121878.1
0,baseline,mixed,65550,1,6,64,8390400,129938.1
0,baseline,mixed,65550,1,7,64,8390400,128993.6
0,baseline,mixed,65550,1,8,64,8390400,122665.8
0,baseline,mixed,65550,2,0,64,6931200,81954.9
0,baseline,mixed,65550,2,1,64,6931200,89066.9
0,baseline,mixed,65550,2,2,64,6931200,82994.8
0,baseline,mixed,65550,2,3,64,6931200,81852.3
0,baseline,mixed,65550,2,4,64,6931200,82386.0
0,baseline,mixed,65550,2,5,64,6931200,81660.2
0,baseline,mixed,65550,2,6,64,6931200,81707.7
0,baseline,mixed,65550,2,7,64,6931200,84865.1
0,baseline,mixed,65550,2,8,64,6931200,81567.2
0,baseline,mixed,65550,3,0,64,8025600,107316.2
0,baseline,mixed,65550,3,1,64,8025600,107859.5
0,baseline,mixed,65550,3,2,64,8025600,108572.4
0,baseline,mixed,65550,3,3,64,8025600,107268.8
0,baseline,mixed,65550,3,4,64,8025600,110264.5
0,baseline,mixed,65550,3,5,64,8025600,107873.3
0,baseline,mixed,65550,3,6,64,8025600,108392.7
0,baseline,mixed,65550,3,7,64,8025600,107591.4
0,baseline,mixed,65550,3,8,64,8025600,109150.2
0,baseline,unreserved,1,0,0,64527,64527,8.6
0,baseline,unreserved,1,0,1,64527,64527,8.7
0,baseline,unreserved,1,0,2,64527,64527,8.7
0,baseline,unreserved,1,0,3,64527,64527,8.6
0,baseline,unreserved,1,0,4,64527,64527,10.8
0,baseline,unreserved,1,0,5,64527,64527,8.6
0,baseline,unreserved,1,0,6,64527,64527,8.6
0,baseline,unreserved,1,0,7,64527,64527,8.6
0,baseline,unreserved,1,0,8,64527,64527,9.5
0,baseline,unreserved,1,1,0,64527,64527,9.3
0,baseline,unreserved,1,1,1,64527,64527,9.2
0,baseline,unreserved,1,1,2,64527,64527,9.2
0,baseline,unreserved,1,1,3,64527,64527,9.4
0,baseline,unreserved,1,1,4,64527,64527,11.4
0,baseline,unreserved,1,1,5,64527,64527,9.2
0,baseline,unreserved,1,1,6,64527,64527,9.5
0,baseline,unreserved,1,1,7,64527,64527,9.2
0,baseline,unreserved,1,1,8,64527,64527,9.3
0,baseline,unreserved,1,2,0,64527,64527,12.5
0,baseline,unreserved,1,2,1,64527,64527,12.4
0,baseline,unreserved,1,2,2,64527,64527,12.4
0,baseline,unreserved,1,2,3,64527,64527,15.6
0,baseline,unreserved,1,2,4,64527,64527,13.1
0,baseline,unreserved,1,2,5,64527,64527,14.0
0,baseline,unreserved,1,2,6,64527,64527,17.3
0,baseline,unreserved,1,2,7,64527,64527,14.9
0,baseline,unreserved,1,2,8,64527,64527,12.4
0,baseline,unreserved,1,3,0,64527,64527,8.7
0,baseline,unreserved,1,3,1,64527,64527,8.6
0,baseline,unreserved,1,3,2,64527,64527,11.1
0,baseline,unreserved,1,3,3,64527,64527,8.9
0,baseline,unreserved,1,3,4,64527,64527,8.7
0,baseline,unreserved,1,3,5,64527,64527,8.7
0,baseline,unreserved,1,3,6,64527,64527,8.7
0,baseline,unreserved,1,3,7,64527,64527,8.6
0,baseline,unreserved,1,3,8,64527,64527,8.9
0,baseline,unreserved,8,0,0,58254,466032,16.2
0,baseline,unreserved,8,0,1,58254,466032,18.2
0,baseline,unreserved,8,0,2,58254,466032,16.2
0,baseline,unreserved,8,0,3,58254,466032,16.4
0,baseline,unreserved,8,0,4,58254,466032,16.2
0,baseline,unreserved,8,0,5,58254,466032,16.8
0,baseline,unreserved,8,0,6,58254,466032,16.3
0,baseline,unreserved,8,0,7,58254,466032,16.4
0,baseline,unreserved,8,0,8,58254,466032,16.3
0,baseline,unreserved,8,1,0,58254,466032,18.4
0,baseline,unreserved,8,1,1,58254,466032,18.1
0,baseline,unreserved,8,1,2,58254,466032,18.4
0,baseline,unreserved,8,1,3,58254,466032,18.1
0,baseline,unreserved,8,1,4,58254,466032,18.8
0,baseline,unreserved,8,1,5,58254,466032,18.1
0,baseline,unreserved,8,1,6,58254,466032,18.4
0,baseline,unreserved,8,1,7,58254,466032,18.1
0,baseline,unreserved,8,1,8,58254,466032,18.5
0,baseline,unreserved,8,2,0,58254,466032,18.6
0,baseline,unreserved,8,2,1,58254,466032,20.6
0,baseline,unreserved,8,2,2,58254,466032,19.2
0,baseline,unreserved,8,2,3,58254,466032,18.6
0,baseline,unreserved,8,2,4,58254,466032,18.7
0,baseline,unreserved,8,2,5,58254,466032,18.7
0,baseline,unreserved,8,2,6,58254,466032,19.5
0,baseline,unreserved,8,2,7,58254,466032,19.9
0,baseline,unreserved,8,2,8,58254,466032,18.8
0,baseline,unreserved,8,3,0,58254,466032,18.1
0,baseline,unreserved,8,3,1,58254,466032,18.6
0,baseline,unreserved,8,3,2,58254,466032,18.6
0,baseline,unreserved,8,3,3,58254,466032,17.9
0,baseline,unreserved,8,3,4,58254,466032,18.5
0,baseline,unreserved,8,3,5,58254,466032,19.2
0,baseline,unreserved,8,3,6,58254,466032,20.2
0,baseline,unreserved,8,3,7,58254,466032,19.1
0,baseline,unreserved,8,3,8,58254,466032,19.4
0,baseline,unreserved,64,0,0,32768,2097152,82.2
0,baseline,unreserved,64,0,1,32768,2097152,81.6
0,baseline,unreserved,64,0,2,32768,2097152,82.5
0,baseline,unreserved,64,0,3,32768,2097152,81.3
0,baseline,unreserved,64,0,4,32768,2097152,81.6
0,baseline,unreserved,64,0,5,32768,2097152,82.3
0,baseline,unreserved,64,0,6,32768,2097152,81.1
0,baseline,unreserved,64,0,7,32768,2097152,81.8
0,baseline,unreserved,64,0,8,32768,2097152,90.5
0,baseline,unreserved,64,1,0,32768,2097152,103.3
0,baseline,unreserved,64,1,1,32768,2097152,103.2
0,baseline,unreserved,64,1,2,32768,2097152,103.7
0,baseline,unreserved,64,1,3,32768,2097152,103.2
0,baseline,unreserved,64,1,4,32768,2097152,104.8
0,baseline,unreserved,64,1,5,32768,2097152,102.3
0,baseline,unreserved,64,1,6,32768,2097152,102.3
0,baseline,unreserved,64,1,7,32768,2097152,105.3
0,baseline,unreserved,64,1,8,32768,2097152,103.6
0,baseline,unreserved,64,2,0,32768,2097152,71.0
0,baseline,unreserved,64,2,1,32768,2097152,70.7
0,baseline,unreserved,64,2,2,32768,2097152,70.7
0,baseline,unreserved,64,2,3,32768,2097152,70.1
0,baseline,unreserved,64,2,4,32768,2097152,70.7
0,baseline,unreserved,64,2,5,32768,2097152,71.3
0,baseline,unreserved,64,2,6,32768,2097152,70.9
0,baseline,unreserved,64,2,7,32768,2097152,69.9
0,baseline,unreserved,64,2,8,32768,2097152,73.2
0,baseline,unreserved,64,3,0,32768,2097152,97.3
0,baseline,unreserved,64,3,1,32768,2097152,97.7
0,baseline,unreserved,64,3,2,32768,2097152,95.2
0,baseline,unreserved,64,3,3,32768,2097152,93.6
0,baseline,unreserved,64,3,4,32768,2097152,95.8
0,baseline,unreserved,64,3,5,32768,2097152,93.7
0,baseline,unreserved,64,3,6,32768,2097152,93.9
0,baseline,unreserved,64,3,7,32768,2097152,98.0
0,baseline,unreserved,64,3,8,32768,2097152,96.3
0,baseline,unreserved,4096,0,0,1008,4128768,4423.1
0,baseline,unreserved,4096,0,1,1008,4128768,4388.3
0,baseline,unreserved,4096,0,2,1008,4128768,4392.7
0,baseline,unreserved,4096,0,3,1008,4128768,4377.3
0,baseline,unreserved,4096,0,4,1008,4128768,4902.0
0,baseline,unreserved,4096,0,5,1008,4128768,4372.0
0,baseline,unreserved,4096,0,6,1008,4128768,4374.5
0,baseline,unreserved,4096,0,7,1008,4128768,4432.1
0,baseline,unreserved,4096,0,8,1008,4128768,4546.3
0,baseline,unreserved,4096,1,0,1008,4128768,5568.7
0,baseline,unreserved,4096,1,1,1008,4128768,5515.1
0,baseline,unreserved,4096,1,2,1008,4128768,5553.4
0,baseline,unreserved,4096,1,3,1008,4128768,5597.7
0,baseline,unreserved,4096,1,4,1008,4128768,5535.0
0,baseline,unreserved,4096,1,5,1008,4128768,5632.0
0,baseline,unreserved,4096,1,6,1008,4128768,5654.9
0,baseline,unreserved,4096,1,7,1008,4128768,5543.0
0,baseline,unreserved,4096,1,8,1008,4128768,5590.3
0,baseline,unreserved,4096,2,0,1008,4128768,3138.6
0,baseline,unreserved,4096,2,1,1008,4128768,3186.2
0,baseline,unreserved,4096,2,2,1008,4128768,3225.8
0,baseline,unreserved,4096,2,3,1008,4128768,3215.0
0,baseline,unreserved,4096,2,4,1008,4128768,3138.1
0,baseline,unreserved,4096,2,5,1008,4128768,3138.4
0,baseline,unreserved,4096,2,6,1008,4128768,3142.9
0,baseline,unreserved,4096,2,7,1008,4128768,3246.9
0,baseline,unreserved,4096,2,8,1008,4128768,3199.1
0,baseline,unreserved,4096,3,0,1008,4128768,5400.9
0,baseline,unreserved,4096,3,1,1008,4128768,5357.7
0,baseline,unreserved,4096,3,2,1008,4128768,5294.3
0,baseline,unreserved,4096,3,3,1008,4128768,5263.6
0,baseline,unreserved,4096,3,4,1008,4128768,5223.6
0,baseline,unreserved,4096,3,5,1008,4128768,5218.5
0,baseline,unreserved,4096,3,6,1008,4128768,5416.6
0,baseline,unreserved,4096,3,7,1008,4128768,5333.2
0,baseline,unreserved,4096,3,8,1008,4128768,5219.3
0,baseline,unreserved,65536,0,0,64,4194304,69473.2
0,baseline,unreserved,65536,0,1,64,4194304,70188.2
0,baseline,unreserved,65536,0,2,64,4194304,71229.9
0,baseline,unreserved,65536,0,3,64,4194304,69567.2
0,baseline,unreserved,65536,0,4,64,4194304,70371.2
0,baseline,unreserved,65536,0,5,64,4194304,70204.8
0,baseline,unreserved,65536,0,6,64,4194304,69653.3
0,baseline,unreserved,65536,0,7,64,4194304,69563.5
0,baseline,unreserved,65536,0,8,64,4194304,69574.0
0,baseline,unreserved,65536,1,0,64,4194304,87382.8
0,baseline,unreserved,65536,1,1,64,4194304,89293.9
0,baseline,unreserved,65536,1,2,64,4194304,88505.0
0,baseline,unreserved,65536,1,3,64,4194304,87587.6
0,baseline,unreserved,65536,1,4,64,4194304,93144.2
0,baseline,unreserved,65536,1,5,64,4194304,89178.0
0,baseline,unreserved,65536,1,6,64,4194304,90030.1
0,baseline,unreserved,65536,1,7,64,4194304,89615.8
0,baseline,unreserved,65536,1,8,64,4194304,90199.0
0,baseline,unreserved,65536,2,0,64,4194304,51403.2
0,baseline,unreserved,65536,2,1,64,4194304,50991.3
0,baseline,unreserved,65536,2,2,64,4194304,50396.1
0,baseline,unreserved,65536,2,3,64,4194304,50911.0
0,baseline,unreserved,65536,2,4,64,4194304,50900.0
0,baseline,unreserved,65536,2,5,64,4194304,50628.6
0,baseline,unreserved,65536,2,6,64,4194304,50452.8
0,baseline,unreserved,65536,2,7,64,4194304,49649.2
0,baseline,unreserved,65536,2,8,64,4194304,49999.2
0,baseline,unreserved,65536,3,0,64,4194304,83534.6
0,baseline,unreserved,65536,3,1,64,4194304,86097.1
0,baseline,unreserved,65536,3,2,64,4194304,83630.1
0,baseline,unreserved,65536,3,3,64,4194304,84713.2
0,baseline,unreserved,65536,3,4,64,4194304,83822.1
0,baseline,unreserved,65536,3,5,64,4194304,89431.8
0,baseline,unreserved,65536,3,6,64,4194304,84421.7
0,baseline,unreserved,65536,3,7,64,4194304,84211.2
0,baseline,unreserved,65536,3,8,64,4194304,83867.2
0,baseline,dense,4,0,0,61680,740160,16.9
0,baseline,dense,4,0,1,61680,740160,16.8
0,baseline,dense,4,0,2,61680,740160,17.2
0,baseline,dense,4,0,3,61680,740160,17.0
0,baseline,dense,4,0,4,61680,740160,17.0
0,baseline,dense,4,0,5,61680,740160,17.7
0,baseline,dense,4,0,6,61680,740160,17.0
0,baseline,dense,4,0,7,61680,740160,17.6
0,baseline,dense,4,0,8,61680,740160,17.0
0,baseline,dense,4,1,0,61680,616800,17.2
0,baseline,dense,4,1,1,61680,616800,16.5
0,baseline,dense,4,1,2,61680,616800,17.1
0,baseline,dense,4,1,3,61680,616800,16.6
0,baseline,dense,4,1,4,61680,616800,16.5
0,baseline,dense,4,1,5,61680,616800,16.6
0,baseline,dense,4,1,6,61680,616800,16.6
0,baseline,dense,4,1,7,61680,616800,16.7
0,baseline,dense,4,1,8,61680,616800,16.5
0,baseline,dense,4,2,0,61680,246720,17.9
0,baseline,dense,4,2,1,61680,246720,16.5
0,baseline,dense,4,2,2,61680,246720,16.7
0,baseline,dense,4,2,3,61680,246720,15.5
0,baseline,dense,4,2,4,61680,246720,15.9
0,baseline,dense,4,2,5,61680,246720,16.5
0,baseline,dense,4,2,6,61680,246720,18.8
0,baseline,dense,4,2,7,61680,246720,15.6
0,baseline,dense,4,2,8,61680,246720,15.8
0,baseline,dense,4,3,0,61680,616800,15.6
0,baseline,dense,4,3,1,61680,616800,15.5
0,baseline,dense,4,3,2,61680,616800,15.7
0,baseline,dense,4,3,3,61680,616800,15.7
0,baseline,dense,4,3,4,61680,616800,15.9
0,baseline,dense,4,3,5,61680,616800,15.6
0,baseline,dense,4,3,6,61680,616800,15.8
0,baseline,dense,4,3,7,61680,616800,16.9
0,baseline,dense,4,3,8,61680,616800,15.9
0,baseline,dense,8,0,0,58254,1398096,26.2
0,baseline,dense,8,0,1,58254,1398096,25.7
0,baseline,dense,8,0,2,58254,1398096,25.9
0,baseline,dense,8,0,3,58254,1398096,26.0
0,baseline,dense,8,0,4,58254,1398096,25.7
0,baseline,dense,8,0,5,58254,1398096,25.9
0,baseline,dense,8,0,6,58254,1398096,25.8
0,baseline,dense,8,0,7,58254,1398096,26.4
0,baseline,dense,8,0,8,58254,1398096,26.7
0,baseline,dense,8,1,0,58254,1165080,25.2
0,baseline,dense,8,1,1,58254,1165080,25.4
0,baseline,dense,8,1,2,58254,1165080,25.3
0,baseline,dense,8,1,3,58254,1165080,25.1
0,baseline,dense,8,1,4,58254,1165080,25.5
0,baseline,dense,8,1,5,58254,1165080,25.4
0,baseline,dense,8,1,6,58254,1165080,26.1
0,baseline,dense,8,1,7,58254,1165080,26.0
0,baseline,dense,8,1,8,58254,1165080,26.0
0,baseline,dense,8,2,0,58254,466032,23.0
0,baseline,dense,8,2,1,58254,466032,22.8
0,baseline,dense,8,2,2,58254,466032,24.4
0,baseline,dense,8,2,3,58254,466032,23.9
0,baseline,dense,8,2,4,58254,466032,23.6
0,baseline,dense,8,2,5,58254,466032,23.7
0,baseline,dense,8,2,6,58254,466032,23.5
0,baseline,dense,8,2,7,58254,466032,23.5
0,baseline,dense,8,2,8,58254,466032,23.6
0,baseline,dense,8,3,0,58254,1165080,23.2
0,baseline,dense,8,3,1,58254,1165080,23.5
0,baseline,dense,8,3,2,58254,1165080,24.0
0,baseline,dense,8,3,3,58254,1165080,23.2
0,baseline,dense,8,3,4,58254,1165080,23.6
0,baseline,dense,8,3,5,58254,1165080,23.7
0,baseline,dense,8,3,6,58254,1165080,25.1
0,baseline,dense,8,3,7,58254,1165080,24.1
0,baseline,dense,8,3,8,58254,1165080,23.9
0,baseline,dense,64,0,0,32768,6291456,151.1
0,baseline,dense,64,0,1,32768,6291456,159.4
0,baseline,dense,64,0,2,32768,6291456,150.4
0,baseline,dense,64,0,3,32768,6291456,151.1
0,baseline,dense,64,0,4,32768,6291456,154.9
0,baseline,dense,64,0,5,32768,6291456,152.5
0,baseline,dense,64,0,6,32768,6291456,151.9
0,baseline,dense,64,0,7,32768,6291456,151.1
0,baseline,dense,64,0,8,32768,6291456,151.5
0,baseline,dense,64,1,0,32768,5242880,155.9
0,baseline,dense,64,1,1,32768,5242880,153.1
0,baseline,dense,64,1,2,32768,5242880,153.0
0,baseline,dense,64,1,3,32768,5242880,151.4
0,baseline,dense,64,1,4,32768,5242880,155.2
0,baseline,dense,64,1,5,32768,5242880,154.8
0,baseline,dense,64,1,6,32768,5242880,156.0
0,baseline,dense,64,1,7,32768,5242880,153.6
0,baseline,dense,64,1,8,32768,5242880,152.4
0,baseline,dense,64,2,0,32768,2097152,96.3
0,baseline,dense,64,2,1,32768,2097152,95.0
0,baseline,dense,64,2,2,32768,2097152,95.0
0,baseline,dense,64,2,3,32768,2097152,96.6
0,baseline,dense,64,2,4,32768,2097152,97.1
0,baseline,dense,64,2,5,32768,2097152,95.0
0,baseline,dense,64,2,6,32768,2097152,95.6
0,baseline,dense,64,2,7,32768,2097152,224.6
0,baseline,dense,64,2,8,32768,2097152,94.6
0,baseline,dense,64,3,0,32768,5242880,136.9
0,baseline,dense,64,3,1,32768,5242880,138.9
0,baseline,dense,64,3,2,32768,5242880,138.9
0,baseline,dense,64,3,3,32768,5242880,136.6
0,baseline,dense,64,3,4,32768,5242880,136.4
0,baseline,dense,64,3,5,32768,5242880,136.9
0,baseline,dense,64,3,6,32768,5242880,137.8
0,baseline,dense,64,3,7,32768,5242880,137.7
0,baseline,dense,64,3,8,32768,5242880,138.5
0,baseline,dense,4096,0,0,1008,12386304,8815.5
0,baseline,dense,4096,0,1,1008,12386304,8844.7
0,baseline,dense,4096,0,2,1008,12386304,8889.5
0,baseline,dense,4096,0,3,1008,12386304,8816.4
0,baseline,dense,4096,0,4,1008,12386304,8830.9
0,baseline,dense,4096,0,5,1008,12386304,8850.6
0,baseline,dense,4096,0,6,1008,12386304,8880.2
0,baseline,dense,4096,0,7,1008,12386304,8872.6
0,baseline,dense,4096,0,8,1008,12386304,8824.5
0,baseline,dense,4096,1,0,1008,10321920,8923.8
0,baseline,dense,4096,1,1,1008,10321920,8856.7
0,baseline,dense,4096,1,2,1008,10321920,8899.2
0,baseline,dense,4096,1,3,1008,10321920,8893.2
0,baseline,dense,4096,1,4,1008,10321920,9135.9
0,baseline,dense,4096,1,5,1008,10321920,9194.7
0,baseline,dense,4096,1,6,1008,10321920,9142.8
0,baseline,dense,4096,1,7,1008,10321920,9191.7
0,baseline,dense,4096,1,8,1008,10321920,9136.1
0,baseline,dense,4096,2,0,1008,4128768,5264.0
0,baseline,dense,4096,2,1,1008,4128768,6692.0
0,baseline,dense,4096,2,2,1008,4128768,5297.7
0,baseline,dense,4096,2,3,1008,4128768,5368.2
0,baseline,dense,4096,2,4,1008,4128768,5329.5
0,baseline,dense,4096,2,5,1008,4128768,5240.2
0,baseline,dense,4096,2,6,1008,4128768,5685.4
0,baseline,dense,4096,2,7,1008,4128768,5096.6
0,baseline,dense,4096,2,8,1008,4128768,5319.3
0,baseline,dense,4096,3,0,1008,10321920,8092.8
0,baseline,dense,4096,3,1,1008,10321920,8059.4
0,baseline,dense,4096,3,2,1008,10321920,8085.3
0,baseline,dense,4096,3,3,1008,10321920,8052.0
0,baseline,dense,4096,3,4,1008,10321920,8046.8
0,baseline,dense,4096,3,5,1008,10321920,8172.8
0,baseline,dense,4096,3,6,1008,10321920,8083.7
0,baseline,dense,4096,3,7,1008,10321920,8110.2
0,baseline,dense,4096,3,8,1008,10321920,8140.5
0,baseline,dense,65536,0,0,64,12582912,140900.0
0,baseline,dense,65536,0,1,64,12582912,158577.7
0,baseline,dense,65536,0,2,64,12582912,144557.7
0,baseline,dense,65536,0,3,64,12582912,140688.8
0,baseline,dense,65536,0,4,64,12582912,142113.5
0,baseline,dense,65536,0,5,64,12582912,143458.4
0,baseline,dense,65536,0,6,64,12582912,141664.7
0,baseline,dense,65536,0,7,64,12582912,141677.2
0,baseline,dense,65536,0,8,64,12582912,141889.4
0,baseline,dense,65536,1,0,64,10485760,142054.7
0,baseline,dense,65536,1,1,64,10485760,145888.0
0,baseline,dense,65536,1,2,64,10485760,150029.1
0,baseline,dense,65536,1,3,64,10485760,140929.0
0,baseline,dense,65536,1,4,64,10485760,145535.1
0,baseline,dense,65536,1,5,64,10485760,141050.3
0,baseline,dense,65536,1,6,64,10485760,146195.0
0,baseline,dense,65536,1,7,64,10485760,149575.8
0,baseline,dense,65536,1,8,64,10485760,140705.7
0,baseline,dense,65536,2,0,64,4194304,83373.0
0,baseline,dense,65536,2,1,64,4194304,83637.5
0,baseline,dense,65536,2,2,64,4194304,84233.4
0,baseline,dense,65536,2,3,64,4194304,83895.5
0,baseline,dense,65536,2,4,64,4194304,83473.5
0,baseline,dense,65536,2,5,64,4194304,84835.9
0,baseline,dense,65536,2,6,64,4194304,85437.1
0,baseline,dense,65536,2,7,64,4194304,83506.6
0,baseline,dense,65536,2,8,64,4194304,83853.7
0,baseline,dense,65536,3,0,64,10485760,127867.4
0,baseline,dense,65536,3,1,64,10485760,128832.3
0,baseline,dense,65536,3,2,64,10485760,133528.0
0,baseline,dense,65536,3,3,64,10485760,130893.5
0,baseline,dense,65536,3,4,64,10485760,134319.0
0,baseline,dense,65536,3,5,64,10485760,130927.8
0,baseline,dense,65536,3,6,64,10485760,132389.8
0,baseline,dense,65536,3,7,64,10485760,132231.8
0,baseline,dense,65536,3,8,64,10485760,131050.6
0,baseline,html_dense,5,0,0,60787,911805,20.0
0,baseline,html_dense,5,0,1,60787,911805,19.9
0,baseline,html_dense,5,0,2,60787,911805,19.0
0,baseline,html_dense,5,0,3,60787,911805,19.3
0,baseline,html_dense,5,0,4,60787,911805,18.7
0,baseline,html_dense,5,0,5,60787,911805,19.1
0,baseline,html_dense,5,0,6,60787,911805,19.3
0,baseline,html_dense,5,0,7,60787,911805,18.8
0,baseline,html_dense,5,0,8,60787,911805,19.3
0,baseline,html_dense,5,1,0,60787,911805,21.7
0,baseline,html_dense,5,1,1,60787,911805,20.7
0,baseline,html_dense,5,1,2,60787,911805,20.1
0,baseline,html_dense,5,1,3,60787,911805,20.3
0,baseline,html_dense,5,1,4,60787,911805,20.9
0,baseline,html_dense,5,1,5,60787,911805,19.7
0,baseline,html_dense,5,1,6,60787,911805,20.5
0,baseline,html_dense,5,1,7,60787,911805,19.7
0,baseline,html_dense,5,1,8,60787,911805,20.2
0,baseline,html_dense,5,2,0,60787,1458888,26.7
0,baseline,html_dense,5,2,1,60787,1458888,25.7
0,baseline,html_dense,5,2,2,60787,1458888,27.1
0,baseline,html_dense,5,2,3,60787,1458888,26.7
0,baseline,html_dense,5,2,4,60787,1458888,27.2
0,baseline,html_dense,5,2,5,60787,1458888,27.0
0,baseline,html_dense,5,2,6,60787,1458888,27.3
0,baseline,html_dense,5,2,7,60787,1458888,30.5
0,baseline,html_dense,5,2,8,60787,1458888,27.5
0,baseline,html_dense,5,3,0,60787,911805,19.3
0,baseline,html_dense,5,3,1,60787,911805,20.0
0,baseline,html_dense,5,3,2,60787,911805,19.3
0,baseline,html_dense,5,3,3,60787,911805,20.0
0,baseline,html_dense,5,3,4,60787,911805,20.3
0,baseline,html_dense,5,3,5,60787,911805,19.7
0,baseline,html_dense,5,3,6,60787,911805,19.5
0,baseline,html_dense,5,3,7,60787,911805,19.4
0,baseline,html_dense,5,3,8,60787,911805,19.5
0,baseline,html_dense,10,0,0,56679,1700370,29.8
0,baseline,html_dense,10,0,1,56679,1700370,30.0
0,baseline,html_dense,10,0,2,56679,1700370,29.6
0,baseline,html_dense,10,0,3,56679,1700370,29.8
0,baseline,html_dense,10,0,4,56679,1700370,29.6
0,baseline,html_dense,10,0,5,56679,1700370,29.7
0,baseline,html_dense,10,0,6,56679,1700370,30.1
0,baseline,html_dense,10,0,7,56679,1700370,29.8
0,baseline,html_dense,10,0,8,56679,1700370,30.3
0,baseline,html_dense,10,1,0,56679,1700370,31.3
0,baseline,html_dense,10,1,1,56679,1700370,31.8
0,baseline,html_dense,10,1,2,56679,1700370,31.6
0,baseline,html_dense,10,1,3,56679,1700370,31.3
0,baseline,html_dense,10,1,4,56679,1700370,31.4
0,baseline,html_dense,10,1,5,56679,1700370,32.1
0,baseline,html_dense,10,1,6,56679,1700370,31.7
0,baseline,html_dense,10,1,7,56679,1700370,31.4
0,baseline,html_dense,10,1,8,56679,1700370,31.5
0,baseline,html_dense,10,2,0,56679,2720592,38.0
0,baseline,html_dense,10,2,1,56679,2720592,46.9
0,baseline,html_dense,10,2,2,56679,2720592,40.4
0,baseline,html_dense,10,2,3,56679,2720592,39.7
0,baseline,html_dense,10,2,4,56679,2720592,39.6
0,baseline,html_dense,10,2,5,56679,2720592,37.7
0,baseline,html_dense,10,2,6,56679,2720592,38.9
0,baseline,html_dense,10,2,7,56679,2720592,37.9
0,baseline,html_dense,10,2,8,56679,2720592,41.5
0,baseline,html_dense,10,3,0,56679,1700370,30.2
0,baseline,html_dense,10,3,1,56679,1700370,30.6
0,baseline,html_dense,10,3,2,56679,1700370,30.5
0,baseline,html_dense,10,3,3,56679,1700370,31.9
0,baseline,html_dense,10,3,4,56679,1700370,30.6
0,baseline,html_dense,10,3,5,56679,1700370,30.9
0,baseline,html_dense,10,3,6,56679,1700370,31.4
0,baseline,html_dense,10,3,7,56679,1700370,30.7
0,baseline,html_dense,10,3,8,56679,1700370,30.5
0,baseline,html_dense,65,0,0,32513,6340035,153.2
0,baseline,html_dense,65,0,1,32513,6340035,152.9
0,baseline,html_dense,65,0,2,32513,6340035,155.3
0,baseline,html_dense,65,0,3,32513,6340035,156.2
0,baseline,html_dense,65,0,4,32513,6340035,153.6
0,baseline,html_dense,65,0,5,32513,6340035,155.3
0,baseline,html_dense,65,0,6,32513,6340035,154.7
0,baseline,html_dense,65,0,7,32513,6340035,154.1
0,baseline,html_dense,65,0,8,32513,6340035,155.6
0,baseline,html_dense,65,1,0,32513,6340035,168.2
0,baseline,html_dense,65,1,1,32513,6340035,167.2
0,baseline,html_dense,65,1,2,32513,6340035,169.5
0,baseline,html_dense,65,1,3,32513,6340035,167.0
0,baseline,html_dense,65,1,4,32513,6340035,167.2
0,baseline,html_dense,65,1,5,32513,6340035,171.6
0,baseline,html_dense,65,1,6,32513,6340035,167.1
0,baseline,html_dense,65,1,7,32513,6340035,167.6
0,baseline,html_dense,65,1,8,32513,6340035,167.4
0,baseline,html_dense,65,2,0,32513,10144056,169.4
0,baseline,html_dense,65,2,1,32513,10144056,163.3
0,baseline,html_dense,65,2,2,32513,10144056,163.4
0,baseline,html_dense,65,2,3,32513,10144056,165.3
0,baseline,html_dense,65,2,4,32513,10144056,163.2
0,baseline,html_dense,65,2,5,32513,10144056,167.0
0,baseline,html_dense,65,2,6,32513,10144056,167.0
0,baseline,html_dense,65,2,7,32513,10144056,163.7
0,baseline,html_dense,65,2,8,32513,10144056,165.4
0,baseline,html_dense,65,3,0,32513,6340035,158.9
0,baseline,html_dense,65,3,1,32513,6340035,158.5
0,baseline,html_dense,65,3,2,32513,6340035,159.5
0,baseline,html_dense,65,3,3,32513,6340035,160.4
0,baseline,html_dense,65,3,4,32513,6340035,158.6
0,baseline,html_dense,65,3,5,32513,6340035,159.4
0,baseline,html_dense,65,3,6,32513,6340035,159.8
0,baseline,html_dense,65,3,7,32513,6340035,159.2
0,baseline,html_dense,65,3,8,32513,6340035,158.1
0,baseline,html_dense,4100,0,0,1007,12386100,8934.7
0,baseline,html_dense,4100,0,1,1007,12386100,9170.9
0,baseline,html_dense,4100,0,2,1007,12386100,8812.7
0,baseline,html_dense,4100,0,3,1007,12386100,8981.3
0,baseline,html_dense,4100,0,4,1007,12386100,8764.2
0,baseline,html_dense,4100,0,5,1007,12386100,9367.9
0,baseline,html_dense,4100,0,6,1007,12386100,8769.5
0,baseline,html_dense,4100,0,7,1007,12386100,8844.6
0,baseline,html_dense,4100,0,8,1007,12386100,8820.6
0,baseline,html_dense,4100,1,0,1007,12386100,9720.9
0,baseline,html_dense,4100,1,1,1007,12386100,9729.8
0,baseline,html_dense,4100,1,2,1007,12386100,9831.0
0,baseline,html_dense,4100,1,3,1007,12386100,9717.2
0,baseline,html_dense,4100,1,4,1007,12386100,9714.7
0,baseline,html_dense,4100,1,5,1007,12386100,9780.2
0,baseline,html_dense,4100,1,6,1007,12386100,9792.6
0,baseline,html_dense,4100,1,7,1007,12386100,9737.0
0,baseline,html_dense,4100,1,8,1007,12386100,9752.8
0,baseline,html_dense,4100,2,0,1007,19817760,9633.5
0,baseline,html_dense,4100,2,1,1007,19817760,9468.9
0,baseline,html_dense,4100,2,2,1007,19817760,9815.4
0,baseline,html_dense,4100,2,3,1007,19817760,9426.6
0,baseline,html_dense,4100,2,4,1007,19817760,9322.1
0,baseline,html_dense,4100,2,5,1007,19817760,9498.2
0,baseline,html_dense,4100,2,6,1007,19817760,9120.0
0,baseline,html_dense,4100,2,7,1007,19817760,9179.0
0,baseline,html_dense,4100,2,8,1007,19817760,9356.8
0,baseline,html_dense,4100,3,0,1007,12386100,9316.9
0,baseline,html_dense,4100,3,1,1007,12386100,9212.4
0,baseline,html_dense,4100,3,2,1007,12386100,9298.4
0,baseline,html_dense,4100,3,3,1007,12386100,9248.8
0,baseline,html_dense,4100,3,4,1007,12386100,9216.1
0,baseline,html_dense,4100,3,5,1007,12386100,9281.2
0,baseline,html_dense,4100,3,6,1007,12386100,9272.4
0,baseline,html_dense,4100,3,7,1007,12386100,9342.2
0,baseline,html_dense,4100,3,8,1007,12386100,9202.3
0,baseline,html_dense,65540,0,0,64,12583680,141737.2
0,baseline,html_dense,65540,0,1,64,12583680,142856.4
0,baseline,html_dense,65540,0,2,64,12583680,140914.8
0,baseline,html_dense,65540,0,3,64,12583680,143552.2
0,baseline,html_dense,65540,0,4,64,12583680,141703.6
0,baseline,html_dense,65540,0,5,64,12583680,142256.6
0,baseline,html_dense,65540,0,6,64,12583680,144521.0
0,baseline,html_dense,65540,0,7,64,12583680,141130.1
0,baseline,html_dense,65540,0,8,64,12583680,142170.5
0,baseline,html_dense,65540,1,0,64,12583680,157645.7
0,baseline,html_dense,65540,1,1,64,12583680,157169.0
0,baseline,html_dense,65540,1,2,64,12583680,154242.1
0,baseline,html_dense,65540,1,3,64,12583680,169640.3
0,baseline,html_dense,65540,1,4,64,12583680,158792.3
0,baseline,html_dense,65540,1,5,64,12583680,155580.5
0,baseline,html_dense,65540,1,6,64,12583680,155494.2
0,baseline,html_dense,65540,1,7,64,12583680,155711.7
0,baseline,html_dense,65540,1,8,64,12583680,155268.9
0,baseline,html_dense,65540,2,0,64,20133888,147983.5
0,baseline,html_dense,65540,2,1,64,20133888,149254.8
0,baseline,html_dense,65540,2,2,64,20133888,147056.2
0,baseline,html_dense,65540,2,3,64,20133888,147886.4
0,baseline,html_dense,65540,2,4,64,20133888,146392.7
0,baseline,html_dense,65540,2,5,64,20133888,147740.2
0,baseline,html_dense,65540,2,6,64,20133888,149360.8
0,baseline,html_dense,65540,2,7,64,20133888,147315.8
0,baseline,html_dense,65540,2,8,64,20133888,147141.5
0,baseline,html_dense,65540,3,0,64,12583680,146491.3
0,baseline,html_dense,65540,3,1,64,12583680,146821.5
0,baseline,html_dense,65540,3,2,64,12583680,147263.2
0,baseline,html_dense,65540,3,3,64,12583680,147088.7
0,baseline,html_dense,65540,3,4,64,12583680,151651.2
0,baseline,html_dense,65540,3,5,64,12583680,146505.8
0,baseline,html_dense,65540,3,6,64,12583680,156563.4
0,baseline,html_dense,65540,3,7,64,12583680,148108.5
0,baseline,html_dense,65540,3,8,64,12583680,147167.3
1,candidate,plain,0,0,0,65536,0,3.3
1,candidate,plain,0,0,1,65536,0,3.3
1,candidate,plain,0,0,2,65536,0,3.8
1,candidate,plain,0,0,3,65536,0,3.3
1,candidate,plain,0,0,4,65536,0,3.5
1,candidate,plain,0,0,5,65536,0,3.3
1,candidate,plain,0,0,6,65536,0,3.3
1,candidate,plain,0,0,7,65536,0,3.4
1,candidate,plain,0,0,8,65536,0,3.3
1,candidate,plain,0,1,0,65536,0,3.4
1,candidate,plain,0,1,1,65536,0,3.3
1,candidate,plain,0,1,2,65536,0,3.3
1,candidate,plain,0,1,3,65536,0,3.6
1,candidate,plain,0,1,4,65536,0,3.3
1,candidate,plain,0,1,5,65536,0,3.5
1,candidate,plain,0,1,6,65536,0,3.3
1,candidate,plain,0,1,7,65536,0,3.3
1,candidate,plain,0,1,8,65536,0,3.3
1,candidate,plain,0,2,0,65536,0,6.1
1,candidate,plain,0,2,1,65536,0,6.5
1,candidate,plain,0,2,2,65536,0,6.1
1,candidate,plain,0,2,3,65536,0,6.1
1,candidate,plain,0,2,4,65536,0,6.0
1,candidate,plain,0,2,5,65536,0,6.0
1,candidate,plain,0,2,6,65536,0,6.3
1,candidate,plain,0,2,7,65536,0,6.0
1,candidate,plain,0,2,8,65536,0,6.1
1,candidate,plain,0,3,0,65536,0,3.5
1,candidate,plain,0,3,1,65536,0,3.5
1,candidate,plain,0,3,2,65536,0,3.5
1,candidate,plain,0,3,3,65536,0,3.7
1,candidate,plain,0,3,4,65536,0,3.7
1,candidate,plain,0,3,5,65536,0,3.9
1,candidate,plain,0,3,6,65536,0,3.8
1,candidate,plain,0,3,7,65536,0,3.5
1,candidate,plain,0,3,8,65536,0,3.5
1,candidate,plain,30,0,0,44620,1427840,42.7
1,candidate,plain,30,0,1,44620,1427840,51.0
1,candidate,plain,30,0,2,44620,1427840,50.5
1,candidate,plain,30,0,3,44620,1427840,42.9
1,candidate,plain,30,0,4,44620,1427840,43.4
1,candidate,plain,30,0,5,44620,1427840,44.9
1,candidate,plain,30,0,6,44620,1427840,43.1
1,candidate,plain,30,0,7,44620,1427840,42.6
1,candidate,plain,30,0,8,44620,1427840,42.6
1,candidate,plain,30,1,0,44620,1338600,48.4
1,candidate,plain,30,1,1,44620,1338600,48.4
1,candidate,plain,30,1,2,44620,1338600,48.2
1,candidate,plain,30,1,3,44620,1338600,48.1
1,candidate,plain,30,1,4,44620,1338600,48.9
1,candidate,plain,30,1,5,44620,1338600,49.6
1,candidate,plain,30,1,6,44620,1338600,49.8
1,candidate,plain,30,1,7,44620,1338600,48.0
1,candidate,plain,30,1,8,44620,1338600,48.7
1,candidate,plain,30,2,0,44620,1338600,33.0
1,candidate,plain,30,2,1,44620,1338600,33.3
1,candidate,plain,30,2,2,44620,1338600,33.6
1,candidate,plain,30,2,3,44620,1338600,33.4
1,candidate,plain,30,2,4,44620,1338600,33.1
1,candidate,plain,30,2,5,44620,1338600,33.3
1,candidate,plain,30,2,6,44620,1338600,33.6
1,candidate,plain,30,2,7,44620,1338600,33.8
1,candidate,plain,30,2,8,44620,1338600,33.0
1,candidate,plain,30,3,0,44620,1427840,50.1
1,candidate,plain,30,3,1,44620,1427840,50.4
1,candidate,plain,30,3,2,44620,1427840,51.8
1,candidate,plain,30,3,3,44620,1427840,49.3
1,candidate,plain,30,3,4,44620,1427840,62.7
1,candidate,plain,30,3,5,44620,1427840,51.3
1,candidate,plain,30,3,6,44620,1427840,53.1
1,candidate,plain,30,3,7,44620,1427840,50.3
1,candidate,plain,30,3,8,44620,1427840,50.6
1,candidate,plain,90,0,0,27235,2614560,125.8
1,candidate,plain,90,0,1,27235,2614560,129.8
1,candidate,plain,90,0,2,27235,2614560,128.5
1,candidate,plain,90,0,3,27235,2614560,127.9
1,candidate,plain,90,0,4,27235,2614560,128.7
1,candidate,plain,90,0,5,27235,2614560,128.9
1,candidate,plain,90,0,6,27235,2614560,124.0
1,candidate,plain,90,0,7,27235,2614560,125.6
1,candidate,plain,90,0,8,27235,2614560,129.2
1,candidate,plain,90,1,0,27235,2451150,140.1
1,candidate,plain,90,1,1,27235,2451150,142.0
1,candidate,plain,90,1,2,27235,2451150,140.2
1,candidate,plain,90,1,3,27235,2451150,138.9
1,candidate,plain,90,1,4,27235,2451150,140.3
1,candidate,plain,90,1,5,27235,2451150,141.5
1,candidate,plain,90,1,6,27235,2451150,145.7
1,candidate,plain,90,1,7,27235,2451150,138.9
1,candidate,plain,90,1,8,27235,2451150,139.6
1,candidate,plain,90,2,0,27235,2451150,67.5
1,candidate,plain,90,2,1,27235,2451150,68.4
1,candidate,plain,90,2,2,27235,2451150,69.2
1,candidate,plain,90,2,3,27235,2451150,67.9
1,candidate,plain,90,2,4,27235,2451150,70.5
1,candidate,plain,90,2,5,27235,2451150,68.5
1,candidate,plain,90,2,6,27235,2451150,67.8
1,candidate,plain,90,2,7,27235,2451150,68.2
1,candidate,plain,90,2,8,27235,2451150,69.4
1,candidate,plain,90,3,0,27235,2614560,139.8
1,candidate,plain,90,3,1,27235,2614560,140.1
1,candidate,plain,90,3,2,27235,2614560,146.6
1,candidate,plain,90,3,3,27235,2614560,140.6
1,candidate,plain,90,3,4,27235,2614560,139.7
1,candidate,plain,90,3,5,27235,2614560,138.9
1,candidate,plain,90,3,6,27235,2614560,140.3
1,candidate,plain,90,3,7,27235,2614560,139.9
1,candidate,plain,90,3,8,27235,2614560,138.8
1,candidate,plain,4110,0,0,1004,4401536,4790.1
1,candidate,plain,4110,0,1,1004,4401536,4628.7
1,candidate,plain,4110,0,2,1004,4401536,4742.5
1,candidate,plain,4110,0,3,1004,4401536,4663.8
1,candidate,plain,4110,0,4,1004,4401536,4688.9
1,candidate,plain,4110,0,5,1004,4401536,4726.8
1,candidate,plain,4110,0,6,1004,4401536,4987.8
1,candidate,plain,4110,0,7,1004,4401536,4659.2
1,candidate,plain,4110,0,8,1004,4401536,4688.6
1,candidate,plain,4110,1,0,1004,4126440,5774.0
1,candidate,plain,4110,1,1,1004,4126440,5726.0
1,candidate,plain,4110,1,2,1004,4126440,5749.5
1,candidate,plain,4110,1,3,1004,4126440,5768.9
1,candidate,plain,4110,1,4,1004,4126440,5740.7
1,candidate,plain,4110,1,5,1004,4126440,5738.8
1,candidate,plain,4110,1,6,1004,4126440,5726.1
1,candidate,plain,4110,1,7,1004,4126440,5925.1
1,candidate,plain,4110,1,8,1004,4126440,5761.6
1,candidate,plain,4110,2,0,1004,4126440,2505.8
1,candidate,plain,4110,2,1,1004,4126440,2515.3
1,candidate,plain,4110,2,2,1004,4126440,2445.0
1,candidate,plain,4110,2,3,1004,4126440,2451.6
1,candidate,plain,4110,2,4,1004,4126440,2434.7
1,candidate,plain,4110,2,5,1004,4126440,2562.2
1,candidate,plain,4110,2,6,1004,4126440,2592.0
1,candidate,plain,4110,2,7,1004,4126440,2593.3
1,candidate,plain,4110,2,8,1004,4126440,2460.8
1,candidate,plain,4110,3,0,1004,4401536,5811.3
1,candidate,plain,4110,3,1,1004,4401536,5779.7
1,candidate,plain,4110,3,2,1004,4401536,5838.5
1,candidate,plain,4110,3,3,1004,4401536,5897.7
1,candidate,plain,4110,3,4,1004,4401536,5859.7
1,candidate,plain,4110,3,5,1004,4401536,6033.7
1,candidate,plain,4110,3,6,1004,4401536,6016.4
1,candidate,plain,4110,3,7,1004,4401536,6035.5
1,candidate,plain,4110,3,8,1004,4401536,6138.4
1,candidate,plain,65550,0,0,64,4474880,73709.5
1,candidate,plain,65550,0,1,64,4474880,73325.6
1,candidate,plain,65550,0,2,64,4474880,74184.6
1,candidate,plain,65550,0,3,64,4474880,73626.4
1,candidate,plain,65550,0,4,64,4474880,78117.5
1,candidate,plain,65550,0,5,64,4474880,73761.8
1,candidate,plain,65550,0,6,64,4474880,72783.2
1,candidate,plain,65550,0,7,64,4474880,74907.6
1,candidate,plain,65550,0,8,64,4474880,74041.0
1,candidate,plain,65550,1,0,64,4195200,92838.7
1,candidate,plain,65550,1,1,64,4195200,97479.5
1,candidate,plain,65550,1,2,64,4195200,92157.8
1,candidate,plain,65550,1,3,64,4195200,96114.2
1,candidate,plain,65550,1,4,64,4195200,91406.5
1,candidate,plain,65550,1,5,64,4195200,93212.8
1,candidate,plain,65550,1,6,64,4195200,91893.4
1,candidate,plain,65550,1,7,64,4195200,92266.6
1,candidate,plain,65550,1,8,64,4195200,100884.6
1,candidate,plain,65550,2,0,64,4195200,39016.7
1,candidate,plain,65550,2,1,64,4195200,38816.7
1,candidate,plain,65550,2,2,64,4195200,39517.2
1,candidate,plain,65550,2,3,64,4195200,38690.3
1,candidate,plain,65550,2,4,64,4195200,38869.5
1,candidate,plain,65550,2,5,64,4195200,39806.6
1,candidate,plain,65550,2,6,64,4195200,38621.4
1,candidate,plain,65550,2,7,64,4195200,38812.3
1,candidate,plain,65550,2,8,64,4195200,39177.7
1,candidate,plain,65550,3,0,64,4474880,93056.0
1,candidate,plain,65550,3,1,64,4474880,92812.1
1,candidate,plain,65550,3,2,64,4474880,92080.8
1,candidate,plain,65550,3,3,64,4474880,92849.8
1,candidate,plain,65550,3,4,64,4474880,93725.3
1,candidate,plain,65550,3,5,64,4474880,92144.4
1,candidate,plain,65550,3,6,64,4474880,99381.0
1,candidate,plain,65550,3,7,64,4474880,91411.2
1,candidate,plain,65550,3,8,64,4474880,91323.2
1,candidate,mixed,46,0,0,38130,3660480,84.0
1,candidate,mixed,46,0,1,38130,3660480,83.0
1,candidate,mixed,46,0,2,38130,3660480,85.9
1,candidate,mixed,46,0,3,38130,3660480,83.8
1,candidate,mixed,46,0,4,38130,3660480,85.8
1,candidate,mixed,46,0,5,38130,3660480,85.0
1,candidate,mixed,46,0,6,38130,3660480,84.3
1,candidate,mixed,46,0,7,38130,3660480,85.5
1,candidate,mixed,46,0,8,38130,3660480,85.1
1,candidate,mixed,46,1,0,38130,3507960,89.4
1,candidate,mixed,46,1,1,38130,3507960,96.0
1,candidate,mixed,46,1,2,38130,3507960,94.2
1,candidate,mixed,46,1,3,38130,3507960,90.8
1,candidate,mixed,46,1,4,38130,3507960,90.0
1,candidate,mixed,46,1,5,38130,3507960,90.3
1,candidate,mixed,46,1,6,38130,3507960,92.8
1,candidate,mixed,46,1,7,38130,3507960,91.8
1,candidate,mixed,46,1,8,38130,3507960,90.8
1,candidate,mixed,46,2,0,38130,2897880,63.9
1,candidate,mixed,46,2,1,38130,2897880,62.0
1,candidate,mixed,46,2,2,38130,2897880,62.9
1,candidate,mixed,46,2,3,38130,2897880,61.5
1,candidate,mixed,46,2,4,38130,2897880,62.4
1,candidate,mixed,46,2,5,38130,2897880,62.7
1,candidate,mixed,46,2,6,38130,2897880,62.7
1,candidate,mixed,46,2,7,38130,2897880,64.0
1,candidate,mixed,46,2,8,38130,2897880,61.8
1,candidate,mixed,46,3,0,38130,3355440,82.3
1,candidate,mixed,46,3,1,38130,3355440,82.6
1,candidate,mixed,46,3,2,38130,3355440,81.6
1,candidate,mixed,46,3,3,38130,3355440,81.9
1,candidate,mixed,46,3,4,38130,3355440,82.4
1,candidate,mixed,46,3,5,38130,3355440,82.4
1,candidate,mixed,46,3,6,38130,3355440,82.9
1,candidate,mixed,46,3,7,38130,3355440,82.6
1,candidate,mixed,46,3,8,38130,3355440,82.4
1,candidate,mixed,92,0,0,26886,5162112,173.8
1,candidate,mixed,92,0,1,26886,5162112,169.7
1,candidate,mixed,92,0,2,26886,5162112,173.1
1,candidate,mixed,92,0,3,26886,5162112,172.2
1,candidate,mixed,92,0,4,26886,5162112,175.8
1,candidate,mixed,92,0,5,26886,5162112,166.0
1,candidate,mixed,92,0,6,26886,5162112,172.4
1,candidate,mixed,92,0,7,26886,5162112,169.3
1,candidate,mixed,92,0,8,26886,5162112,170.1
1,candidate,mixed,92,1,0,26886,4947024,181.4
1,candidate,mixed,92,1,1,26886,4947024,181.9
1,candidate,mixed,92,1,2,26886,4947024,181.6
1,candidate,mixed,92,1,3,26886,4947024,183.2
1,candidate,mixed,92,1,4,26886,4947024,180.0
1,candidate,mixed,92,1,5,26886,4947024,183.1
1,candidate,mixed,92,1,6,26886,4947024,184.7
1,candidate,mixed,92,1,7,26886,4947024,183.6
1,candidate,mixed,92,1,8,26886,4947024,182.0
1,candidate,mixed,92,2,0,26886,4086672,107.6
1,candidate,mixed,92,2,1,26886,4086672,109.7
1,candidate,mixed,92,2,2,26886,4086672,107.1
1,candidate,mixed,92,2,3,26886,4086672,110.1
1,candidate,mixed,92,2,4,26886,4086672,110.4
1,candidate,mixed,92,2,5,26886,4086672,105.1
1,candidate,mixed,92,2,6,26886,4086672,108.1
1,candidate,mixed,92,2,7,26886,4086672,111.3
1,candidate,mixed,92,2,8,26886,4086672,106.7
1,candidate,mixed,92,3,0,26886,4731936,170.3
1,candidate,mixed,92,3,1,26886,4731936,173.5
1,candidate,mixed,92,3,2,26886,4731936,171.2
1,candidate,mixed,92,3,3,26886,4731936,168.2
1,candidate,mixed,92,3,4,26886,4731936,171.8
1,candidate,mixed,92,3,5,26886,4731936,170.1
1,candidate,mixed,92,3,6,26886,4731936,173.7
1,candidate,mixed,92,3,7,26886,4731936,168.4
1,candidate,mixed,92,3,8,26886,4731936,165.1
1,candidate,mixed,4140,0,0,997,8614080,6851.5
1,candidate,mixed,4140,0,1,997,8614080,7171.3
1,candidate,mixed,4140,0,2,997,8614080,6898.4
1,candidate,mixed,4140,0,3,997,8614080,6918.5
1,candidate,mixed,4140,0,4,997,8614080,6837.1
1,candidate,mixed,4140,0,5,997,8614080,7068.8
1,candidate,mixed,4140,0,6,997,8614080,6984.9
1,candidate,mixed,4140,0,7,997,8614080,6978.2
1,candidate,mixed,4140,0,8,997,8614080,6867.7
1,candidate,mixed,4140,1,0,997,8255160,8045.7
1,candidate,mixed,4140,1,1,997,8255160,7584.3
1,candidate,mixed,4140,1,2,997,8255160,7641.9
1,candidate,mixed,4140,1,3,997,8255160,7627.9
1,candidate,mixed,4140,1,4,997,8255160,7708.3
1,candidate,mixed,4140,1,5,997,8255160,7627.8
1,candidate,mixed,4140,1,6,997,8255160,7626.4
1,candidate,mixed,4140,1,7,997,8255160,7645.9
1,candidate,mixed,4140,1,8,997,8255160,7722.1
1,candidate,mixed,4140,2,0,997,6819480,4049.4
1,candidate,mixed,4140,2,1,997,6819480,4099.9
1,candidate,mixed,4140,2,2,997,6819480,4010.7
1,candidate,mixed,4140,2,3,997,6819480,4014.4
1,candidate,mixed,4140,2,4,997,6819480,4075.2
1,candidate,mixed,4140,2,5,997,6819480,4198.3
1,candidate,mixed,4140,2,6,997,6819480,4014.1
1,candidate,mixed,4140,2,7,997,6819480,4124.6
1,candidate,mixed,4140,2,8,997,6819480,4033.9
1,candidate,mixed,4140,3,0,997,7896240,7041.1
1,candidate,mixed,4140,3,1,997,7896240,6881.6
1,candidate,mixed,4140,3,2,997,7896240,6954.0
1,candidate,mixed,4140,3,3,997,7896240,6968.0
1,candidate,mixed,4140,3,4,997,7896240,6846.8
1,candidate,mixed,4140,3,5,997,7896240,6868.0
1,candidate,mixed,4140,3,6,997,7896240,6920.5
1,candidate,mixed,4140,3,7,997,7896240,7024.0
1,candidate,mixed,4140,3,8,997,7896240,6830.9
1,candidate,mixed,65550,0,0,64,8755200,109767.2
1,candidate,mixed,65550,0,1,64,8755200,109832.9
1,candidate,mixed,65550,0,2,64,8755200,109210.1
1,candidate,mixed,65550,0,3,64,8755200,109781.2
1,candidate,mixed,65550,0,4,64,8755200,110016.5
1,candidate,mixed,65550,0,5,64,8755200,112555.0
1,candidate,mixed,65550,0,6,64,8755200,109270.7
1,candidate,mixed,65550,0,7,64,8755200,110802.2
1,candidate,mixed,65550,0,8,64,8755200,109110.5
1,candidate,mixed,65550,1,0,64,8390400,121060.0
1,candidate,mixed,65550,1,1,64,8390400,121847.1
1,candidate,mixed,65550,1,2,64,8390400,120875.7
1,candidate,mixed,65550,1,3,64,8390400,122832.5
1,candidate,mixed,65550,1,4,64,8390400,121398.7
1,candidate,mixed,65550,1,5,64,8390400,123483.0
1,candidate,mixed,65550,1,6,64,8390400,120718.9
1,candidate,mixed,65550,1,7,64,8390400,121785.1
1,candidate,mixed,65550,1,8,64,8390400,120931.8
1,candidate,mixed,65550,2,0,64,6931200,62730.4
1,candidate,mixed,65550,2,1,64,6931200,62991.4
1,candidate,mixed,65550,2,2,64,6931200,63479.1
1,candidate,mixed,65550,2,3,64,6931200,65109.7
1,candidate,mixed,65550,2,4,64,6931200,63664.6
1,candidate,mixed,65550,2,5,64,6931200,63010.3
1,candidate,mixed,65550,2,6,64,6931200,62901.4
1,candidate,mixed,65550,2,7,64,6931200,62456.2
1,candidate,mixed,65550,2,8,64,6931200,63307.7
1,candidate,mixed,65550,3,0,64,8025600,109196.8
1,candidate,mixed,65550,3,1,64,8025600,115142.2
1,candidate,mixed,65550,3,2,64,8025600,107160.1
1,candidate,mixed,65550,3,3,64,8025600,106529.7
1,candidate,mixed,65550,3,4,64,8025600,117074.9
1,candidate,mixed,65550,3,5,64,8025600,108050.8
1,candidate,mixed,65550,3,6,64,8025600,109094.9
1,candidate,mixed,65550,3,7,64,8025600,109695.3
1,candidate,mixed,65550,3,8,64,8025600,110767.7
1,candidate,unreserved,1,0,0,64527,64527,10.5
1,candidate,unreserved,1,0,1,64527,64527,9.2
1,candidate,unreserved,1,0,2,64527,64527,9.1
1,candidate,unreserved,1,0,3,64527,64527,9.4
1,candidate,unreserved,1,0,4,64527,64527,9.1
1,candidate,unreserved,1,0,5,64527,64527,11.0
1,candidate,unreserved,1,0,6,64527,64527,9.4
1,candidate,unreserved,1,0,7,64527,64527,9.1
1,candidate,unreserved,1,0,8,64527,64527,9.1
1,candidate,unreserved,1,1,0,64527,64527,9.0
1,candidate,unreserved,1,1,1,64527,64527,9.1
1,candidate,unreserved,1,1,2,64527,64527,9.0
1,candidate,unreserved,1,1,3,64527,64527,9.0
1,candidate,unreserved,1,1,4,64527,64527,10.4
1,candidate,unreserved,1,1,5,64527,64527,9.0
1,candidate,unreserved,1,1,6,64527,64527,10.9
1,candidate,unreserved,1,1,7,64527,64527,9.3
1,candidate,unreserved,1,1,8,64527,64527,9.0
1,candidate,unreserved,1,2,0,64527,64527,13.2
1,candidate,unreserved,1,2,1,64527,64527,13.6
1,candidate,unreserved,1,2,2,64527,64527,13.9
1,candidate,unreserved,1,2,3,64527,64527,16.5
1,candidate,unreserved,1,2,4,64527,64527,13.5
1,candidate,unreserved,1,2,5,64527,64527,13.2
1,candidate,unreserved,1,2,6,64527,64527,13.4
1,candidate,unreserved,1,2,7,64527,64527,13.4
1,candidate,unreserved,1,2,8,64527,64527,13.4
1,candidate,unreserved,1,3,0,64527,64527,8.6
1,candidate,unreserved,1,3,1,64527,64527,8.7
1,candidate,unreserved,1,3,2,64527,64527,8.9
1,candidate,unreserved,1,3,3,64527,64527,8.7
1,candidate,unreserved,1,3,4,64527,64527,8.6
1,candidate,unreserved,1,3,5,64527,64527,10.6
1,candidate,unreserved,1,3,6,64527,64527,8.6
1,candidate,unreserved,1,3,7,64527,64527,8.6
1,candidate,unreserved,1,3,8,64527,64527,9.0
1,candidate,unreserved,8,0,0,58254,466032,15.6
1,candidate,unreserved,8,0,1,58254,466032,16.6
1,candidate,unreserved,8,0,2,58254,466032,16.2
1,candidate,unreserved,8,0,3,58254,466032,16.3
1,candidate,unreserved,8,0,4,58254,466032,15.6
1,candidate,unreserved,8,0,5,58254,466032,15.9
1,candidate,unreserved,8,0,6,58254,466032,16.5
1,candidate,unreserved,8,0,7,58254,466032,16.7
1,candidate,unreserved,8,0,8,58254,466032,15.9
1,candidate,unreserved,8,1,0,58254,466032,17.8
1,candidate,unreserved,8,1,1,58254,466032,19.4
1,candidate,unreserved,8,1,2,58254,466032,17.7
1,candidate,unreserved,8,1,3,58254,466032,17.8
1,candidate,unreserved,8,1,4,58254,466032,17.8
1,candidate,unreserved,8,1,5,58254,466032,18.3
1,candidate,unreserved,8,1,6,58254,466032,18.0
1,candidate,unreserved,8,1,7,58254,466032,19.3
1,candidate,unreserved,8,1,8,58254,466032,18.6
1,candidate,unreserved,8,2,0,58254,466032,18.4
1,candidate,unreserved,8,2,1,58254,466032,18.6
1,candidate,unreserved,8,2,2,58254,466032,18.6
1,candidate,unreserved,8,2,3,58254,466032,21.3
1,candidate,unreserved,8,2,4,58254,466032,20.3
1,candidate,unreserved,8,2,5,58254,466032,21.2
1,candidate,unreserved,8,2,6,58254,466032,19.4
1,candidate,unreserved,8,2,7,58254,466032,21.5
1,candidate,unreserved,8,2,8,58254,466032,19.8
1,candidate,unreserved,8,3,0,58254,466032,22.3
1,candidate,unreserved,8,3,1,58254,466032,17.9
1,candidate,unreserved,8,3,2,58254,466032,19.2
1,candidate,unreserved,8,3,3,58254,466032,19.4
1,candidate,unreserved,8,3,4,58254,466032,18.8
1,candidate,unreserved,8,3,5,58254,466032,20.3
1,candidate,unreserved,8,3,6,58254,466032,18.4
1,candidate,unreserved,8,3,7,58254,466032,17.8
1,candidate,unreserved,8,3,8,58254,466032,18.5
1,candidate,unreserved,64,0,0,32768,2097152,80.4
1,candidate,unreserved,64,0,1,32768,2097152,80.9
1,candidate,unreserved,64,0,2,32768,2097152,80.6
1,candidate,unreserved,64,0,3,32768,2097152,80.3
1,candidate,unreserved,64,0,4,32768,2097152,81.7
1,candidate,unreserved,64,0,5,32768,2097152,80.4
1,candidate,unreserved,64,0,6,32768,2097152,81.5
1,candidate,unreserved,64,0,7,32768,2097152,80.8
1,candidate,unreserved,64,0,8,32768,2097152,80.6
1,candidate,unreserved,64,1,0,32768,2097152,105.4
1,candidate,unreserved,64,1,1,32768,2097152,102.7
1,candidate,unreserved,64,1,2,32768,2097152,107.1
1,candidate,unreserved,64,1,3,32768,2097152,104.4
1,candidate,unreserved,64,1,4,32768,2097152,103.9
1,candidate,unreserved,64,1,5,32768,2097152,106.6
1,candidate,unreserved,64,1,6,32768,2097152,106.1
1,candidate,unreserved,64,1,7,32768,2097152,104.0
1,candidate,unreserved,64,1,8,32768,2097152,103.4
1,candidate,unreserved,64,2,0,32768,2097152,52.9
1,candidate,unreserved,64,2,1,32768,2097152,50.7
1,candidate,unreserved,64,2,2,32768,2097152,51.9
1,candidate,unreserved,64,2,3,32768,2097152,50.4
1,candidate,unreserved,64,2,4,32768,2097152,51.5
1,candidate,unreserved,64,2,5,32768,2097152,50.4
1,candidate,unreserved,64,2,6,32768,2097152,51.8
1,candidate,unreserved,64,2,7,32768,2097152,50.9
1,candidate,unreserved,64,2,8,32768,2097152,50.6
1,candidate,unreserved,64,3,0,32768,2097152,94.5
1,candidate,unreserved,64,3,1,32768,2097152,93.6
1,candidate,unreserved,64,3,2,32768,2097152,97.2
1,candidate,unreserved,64,3,3,32768,2097152,94.1
1,candidate,unreserved,64,3,4,32768,2097152,95.5
1,candidate,unreserved,64,3,5,32768,2097152,93.9
1,candidate,unreserved,64,3,6,32768,2097152,93.9
1,candidate,unreserved,64,3,7,32768,2097152,94.2
1,candidate,unreserved,64,3,8,32768,2097152,94.2
1,candidate,unreserved,4096,0,0,1008,4128768,4393.1
1,candidate,unreserved,4096,0,1,1008,4128768,4390.4
1,candidate,unreserved,4096,0,2,1008,4128768,4445.7
1,candidate,unreserved,4096,0,3,1008,4128768,4587.4
1,candidate,unreserved,4096,0,4,1008,4128768,4849.0
1,candidate,unreserved,4096,0,5,1008,4128768,4422.8
1,candidate,unreserved,4096,0,6,1008,4128768,4402.8
1,candidate,unreserved,4096,0,7,1008,4128768,4427.2
1,candidate,unreserved,4096,0,8,1008,4128768,4453.3
1,candidate,unreserved,4096,1,0,1008,4128768,5339.5
1,candidate,unreserved,4096,1,1,1008,4128768,5249.3
1,candidate,unreserved,4096,1,2,1008,4128768,5288.1
1,candidate,unreserved,4096,1,3,1008,4128768,5336.3
1,candidate,unreserved,4096,1,4,1008,4128768,5254.5
1,candidate,unreserved,4096,1,5,1008,4128768,5314.7
1,candidate,unreserved,4096,1,6,1008,4128768,5275.1
1,candidate,unreserved,4096,1,7,1008,4128768,5248.9
1,candidate,unreserved,4096,1,8,1008,4128768,5381.6
1,candidate,unreserved,4096,2,0,1008,4128768,2137.7
1,candidate,unreserved,4096,2,1,1008,4128768,2199.8
1,candidate,unreserved,4096,2,2,1008,4128768,2134.0
1,candidate,unreserved,4096,2,3,1008,4128768,2176.2
1,candidate,unreserved,4096,2,4,1008,4128768,2349.4
1,candidate,unreserved,4096,2,5,1008,4128768,2106.4
1,candidate,unreserved,4096,2,6,1008,4128768,2095.3
1,candidate,unreserved,4096,2,7,1008,4128768,2114.7
1,candidate,unreserved,4096,2,8,1008,4128768,2175.4
1,candidate,unreserved,4096,3,0,1008,4128768,5270.6
1,candidate,unreserved,4096,3,1,1008,4128768,5232.4
1,candidate,unreserved,4096,3,2,1008,4128768,5312.0
1,candidate,unreserved,4096,3,3,1008,4128768,5300.3
1,candidate,unreserved,4096,3,4,1008,4128768,5250.9
1,candidate,unreserved,4096,3,5,1008,4128768,5256.9
1,candidate,unreserved,4096,3,6,1008,4128768,5290.0
1,candidate,unreserved,4096,3,7,1008,4128768,5240.8
1,candidate,unreserved,4096,3,8,1008,4128768,5279.9
1,candidate,unreserved,65536,0,0,64,4194304,70402.1
1,candidate,unreserved,65536,0,1,64,4194304,71816.6
1,candidate,unreserved,65536,0,2,64,4194304,69312.7
1,candidate,unreserved,65536,0,3,64,4194304,73603.9
1,candidate,unreserved,65536,0,4,64,4194304,69664.4
1,candidate,unreserved,65536,0,5,64,4194304,69308.7
1,candidate,unreserved,65536,0,6,64,4194304,69196.4
1,candidate,unreserved,65536,0,7,64,4194304,69661.9
1,candidate,unreserved,65536,0,8,64,4194304,69317.0
1,candidate,unreserved,65536,1,0,64,4194304,88258.8
1,candidate,unreserved,65536,1,1,64,4194304,86798.7
1,candidate,unreserved,65536,1,2,64,4194304,87492.8
1,candidate,unreserved,65536,1,3,64,4194304,87449.7
1,candidate,unreserved,65536,1,4,64,4194304,86868.0
1,candidate,unreserved,65536,1,5,64,4194304,87398.2
1,candidate,unreserved,65536,1,6,64,4194304,87803.6
1,candidate,unreserved,65536,1,7,64,4194304,87369.7
1,candidate,unreserved,65536,1,8,64,4194304,88130.8
1,candidate,unreserved,65536,2,0,64,4194304,34259.5
1,candidate,unreserved,65536,2,1,64,4194304,33610.4
1,candidate,unreserved,65536,2,2,64,4194304,37281.5
1,candidate,unreserved,65536,2,3,64,4194304,38201.8
1,candidate,unreserved,65536,2,4,64,4194304,34396.2
1,candidate,unreserved,65536,2,5,64,4194304,33556.8
1,candidate,unreserved,65536,2,6,64,4194304,34197.8
1,candidate,unreserved,65536,2,7,64,4194304,33753.1
1,candidate,unreserved,65536,2,8,64,4194304,33713.5
1,candidate,unreserved,65536,3,0,64,4194304,85037.0
1,candidate,unreserved,65536,3,1,64,4194304,83664.4
1,candidate,unreserved,65536,3,2,64,4194304,84770.7
1,candidate,unreserved,65536,3,3,64,4194304,83668.3
1,candidate,unreserved,65536,3,4,64,4194304,83590.0
1,candidate,unreserved,65536,3,5,64,4194304,84911.2
1,candidate,unreserved,65536,3,6,64,4194304,84084.7
1,candidate,unreserved,65536,3,7,64,4194304,83630.6
1,candidate,unreserved,65536,3,8,64,4194304,85896.6
1,candidate,dense,4,0,0,61680,740160,18.1
1,candidate,dense,4,0,1,61680,740160,17.2
1,candidate,dense,4,0,2,61680,740160,17.0
1,candidate,dense,4,0,3,61680,740160,17.3
1,candidate,dense,4,0,4,61680,740160,17.4
1,candidate,dense,4,0,5,61680,740160,17.4
1,candidate,dense,4,0,6,61680,740160,17.3
1,candidate,dense,4,0,7,61680,740160,17.8
1,candidate,dense,4,0,8,61680,740160,17.3
1,candidate,dense,4,1,0,61680,616800,16.7
1,candidate,dense,4,1,1,61680,616800,16.6
1,candidate,dense,4,1,2,61680,616800,20.0
1,candidate,dense,4,1,3,61680,616800,16.7
1,candidate,dense,4,1,4,61680,616800,17.2
1,candidate,dense,4,1,5,61680,616800,16.8
1,candidate,dense,4,1,6,61680,616800,17.1
1,candidate,dense,4,1,7,61680,616800,16.6
1,candidate,dense,4,1,8,61680,616800,16.5
1,candidate,dense,4,2,0,61680,246720,16.7
1,candidate,dense,4,2,1,61680,246720,19.7
1,candidate,dense,4,2,2,61680,246720,16.6
1,candidate,dense,4,2,3,61680,246720,17.0
1,candidate,dense,4,2,4,61680,246720,16.9
1,candidate,dense,4,2,5,61680,246720,17.7
1,candidate,dense,4,2,6,61680,246720,20.5
1,candidate,dense,4,2,7,61680,246720,17.6
1,candidate,dense,4,2,8,61680,246720,18.0
1,candidate,dense,4,3,0,61680,616800,15.8
1,candidate,dense,4,3,1,61680,616800,16.5
1,candidate,dense,4,3,2,61680,616800,15.7
1,candidate,dense,4,3,3,61680,616800,16.4
1,candidate,dense,4,3,4,61680,616800,16.0
1,candidate,dense,4,3,5,61680,616800,16.2
1,candidate,dense,4,3,6,61680,616800,15.8
1,candidate,dense,4,3,7,61680,616800,16.1
1,candidate,dense,4,3,8,61680,616800,16.0
1,candidate,dense,8,0,0,58254,1398096,26.0
1,candidate,dense,8,0,1,58254,1398096,26.4
1,candidate,dense,8,0,2,58254,1398096,26.2
1,candidate,dense,8,0,3,58254,1398096,25.9
1,candidate,dense,8,0,4,58254,1398096,26.5
1,candidate,dense,8,0,5,58254,1398096,26.2
1,candidate,dense,8,0,6,58254,1398096,26.2
1,candidate,dense,8,0,7,58254,1398096,26.0
1,candidate,dense,8,0,8,58254,1398096,26.1
1,candidate,dense,8,1,0,58254,1165080,26.1
1,candidate,dense,8,1,1,58254,1165080,26.1
1,candidate,dense,8,1,2,58254,1165080,27.0
1,candidate,dense,8,1,3,58254,1165080,26.6
1,candidate,dense,8,1,4,58254,1165080,26.4
1,candidate,dense,8,1,5,58254,1165080,26.6
1,candidate,dense,8,1,6,58254,1165080,25.7
1,candidate,dense,8,1,7,58254,1165080,26.6
1,candidate,dense,8,1,8,58254,1165080,26.9
1,candidate,dense,8,2,0,58254,466032,20.4
1,candidate,dense,8,2,1,58254,466032,20.1
1,candidate,dense,8,2,2,58254,466032,20.8
1,candidate,dense,8,2,3,58254,466032,20.2
1,candidate,dense,8,2,4,58254,466032,20.5
1,candidate,dense,8,2,5,58254,466032,20.4
1,candidate,dense,8,2,6,58254,466032,20.4
1,candidate,dense,8,2,7,58254,466032,22.7
1,candidate,dense,8,2,8,58254,466032,22.1
1,candidate,dense,8,3,0,58254,1165080,23.8
1,candidate,dense,8,3,1,58254,1165080,23.4
1,candidate,dense,8,3,2,58254,1165080,23.7
1,candidate,dense,8,3,3,58254,1165080,24.6
1,candidate,dense,8,3,4,58254,1165080,23.5
1,candidate,dense,8,3,5,58254,1165080,28.2
1,candidate,dense,8,3,6,58254,1165080,24.6
1,candidate,dense,8,3,7,58254,1165080,23.6
1,candidate,dense,8,3,8,58254,1165080,23.8
1,candidate,dense,64,0,0,32768,6291456,165.8
1,candidate,dense,64,0,1,32768,6291456,162.4
1,candidate,dense,64,0,2,32768,6291456,166.5
1,candidate,dense,64,0,3,32768,6291456,164.2
1,candidate,dense,64,0,4,32768,6291456,157.4
1,candidate,dense,64,0,5,32768,6291456,162.1
1,candidate,dense,64,0,6,32768,6291456,168.3
1,candidate,dense,64,0,7,32768,6291456,176.5
1,candidate,dense,64,0,8,32768,6291456,162.2
1,candidate,dense,64,1,0,32768,5242880,150.0
1,candidate,dense,64,1,1,32768,5242880,150.7
1,candidate,dense,64,1,2,32768,5242880,163.7
1,candidate,dense,64,1,3,32768,5242880,152.7
1,candidate,dense,64,1,4,32768,5242880,151.7
1,candidate,dense,64,1,5,32768,5242880,153.9
1,candidate,dense,64,1,6,32768,5242880,150.5
1,candidate,dense,64,1,7,32768,5242880,150.1
1,candidate,dense,64,1,8,32768,5242880,154.4
1,candidate,dense,64,2,0,32768,2097152,66.1
1,candidate,dense,64,2,1,32768,2097152,66.0
1,candidate,dense,64,2,2,32768,2097152,65.9
1,candidate,dense,64,2,3,32768,2097152,65.1
1,candidate,dense,64,2,4,32768,2097152,65.1
1,candidate,dense,64,2,5,32768,2097152,65.0
1,candidate,dense,64,2,6,32768,2097152,65.1
1,candidate,dense,64,2,7,32768,2097152,65.3
1,candidate,dense,64,2,8,32768,2097152,66.1
1,candidate,dense,64,3,0,32768,5242880,137.9
1,candidate,dense,64,3,1,32768,5242880,137.2
1,candidate,dense,64,3,2,32768,5242880,138.7
1,candidate,dense,64,3,3,32768,5242880,137.9
1,candidate,dense,64,3,4,32768,5242880,137.7
1,candidate,dense,64,3,5,32768,5242880,136.9
1,candidate,dense,64,3,6,32768,5242880,183.0
1,candidate,dense,64,3,7,32768,5242880,137.8
1,candidate,dense,64,3,8,32768,5242880,136.9
1,candidate,dense,4096,0,0,1008,12386304,9184.4
1,candidate,dense,4096,0,1,1008,12386304,9370.0
1,candidate,dense,4096,0,2,1008,12386304,9341.2
1,candidate,dense,4096,0,3,1008,12386304,9251.8
1,candidate,dense,4096,0,4,1008,12386304,9588.0
1,candidate,dense,4096,0,5,1008,12386304,9367.4
1,candidate,dense,4096,0,6,1008,12386304,9471.3
1,candidate,dense,4096,0,7,1008,12386304,9524.1
1,candidate,dense,4096,0,8,1008,12386304,9389.5
1,candidate,dense,4096,1,0,1008,10321920,8762.0
1,candidate,dense,4096,1,1,1008,10321920,8800.3
1,candidate,dense,4096,1,2,1008,10321920,8786.6
1,candidate,dense,4096,1,3,1008,10321920,8802.5
1,candidate,dense,4096,1,4,1008,10321920,8829.0
1,candidate,dense,4096,1,5,1008,10321920,8880.7
1,candidate,dense,4096,1,6,1008,10321920,8784.9
1,candidate,dense,4096,1,7,1008,10321920,8830.9
1,candidate,dense,4096,1,8,1008,10321920,9113.2
1,candidate,dense,4096,2,0,1008,4128768,3471.5
1,candidate,dense,4096,2,1,1008,4128768,3462.7
1,candidate,dense,4096,2,2,1008,4128768,3436.2
1,candidate,dense,4096,2,3,1008,4128768,3404.8
1,candidate,dense,4096,2,4,1008,4128768,3437.1
1,candidate,dense,4096,2,5,1008,4128768,3839.6
1,candidate,dense,4096,2,6,1008,4128768,3766.1
1,candidate,dense,4096,2,7,1008,4128768,3584.9
1,candidate,dense,4096,2,8,1008,4128768,3665.4
1,candidate,dense,4096,3,0,1008,10321920,8090.7
1,candidate,dense,4096,3,1,1008,10321920,8690.8
1,candidate,dense,4096,3,2,1008,10321920,8139.9
1,candidate,dense,4096,3,3,1008,10321920,8046.4
1,candidate,dense,4096,3,4,1008,10321920,7999.7
1,candidate,dense,4096,3,5,1008,10321920,8350.1
1,candidate,dense,4096,3,6,1008,10321920,8068.1
1,candidate,dense,4096,3,7,1008,10321920,8023.9
1,candidate,dense,4096,3,8,1008,10321920,7999.4
1,candidate,dense,65536,0,0,64,12582912,147362.6
1,candidate,dense,65536,0,1,64,12582912,148811.8
1,candidate,dense,65536,0,2,64,12582912,154139.5
1,candidate,dense,65536,0,3,64,12582912,147087.3
1,candidate,dense,65536,0,4,64,12582912,151629.2
1,candidate,dense,65536,0,5,64,12582912,150864.7
1,candidate,dense,65536,0,6,64,12582912,149980.3
1,candidate,dense,65536,0,7,64,12582912,154642.5
1,candidate,dense,65536,0,8,64,12582912,147795.6
1,candidate,dense,65536,1,0,64,10485760,141450.2
1,candidate,dense,65536,1,1,64,10485760,140744.3
1,candidate,dense,65536,1,2,64,10485760,141672.7
1,candidate,dense,65536,1,3,64,10485760,140638.9
1,candidate,dense,65536,1,4,64,10485760,141011.2
1,candidate,dense,65536,1,5,64,10485760,140970.4
1,candidate,dense,65536,1,6,64,10485760,140981.8
1,candidate,dense,65536,1,7,64,10485760,142111.8
1,candidate,dense,65536,1,8,64,10485760,141124.5
1,candidate,dense,65536,2,0,64,4194304,54872.8
1,candidate,dense,65536,2,1,64,4194304,55702.2
1,candidate,dense,65536,2,2,64,4194304,55095.3
1,candidate,dense,65536,2,3,64,4194304,56103.0
1,candidate,dense,65536,2,4,64,4194304,56815.0
1,candidate,dense,65536,2,5,64,4194304,56353.4
1,candidate,dense,65536,2,6,64,4194304,56265.4
1,candidate,dense,65536,2,7,64,4194304,56169.4
1,candidate,dense,65536,2,8,64,4194304,56465.9
1,candidate,dense,65536,3,0,64,10485760,128045.9
1,candidate,dense,65536,3,1,64,10485760,129336.8
1,candidate,dense,65536,3,2,64,10485760,139431.2
1,candidate,dense,65536,3,3,64,10485760,129711.8
1,candidate,dense,65536,3,4,64,10485760,128571.9
1,candidate,dense,65536,3,5,64,10485760,127940.3
1,candidate,dense,65536,3,6,64,10485760,129918.4
1,candidate,dense,65536,3,7,64,10485760,128846.0
1,candidate,dense,65536,3,8,64,10485760,129658.9
1,candidate,html_dense,5,0,0,60787,911805,19.2
1,candidate,html_dense,5,0,1,60787,911805,19.0
1,candidate,html_dense,5,0,2,60787,911805,18.9
1,candidate,html_dense,5,0,3,60787,911805,21.9
1,candidate,html_dense,5,0,4,60787,911805,20.1
1,candidate,html_dense,5,0,5,60787,911805,20.1
1,candidate,html_dense,5,0,6,60787,911805,19.7
1,candidate,html_dense,5,0,7,60787,911805,19.3
1,candidate,html_dense,5,0,8,60787,911805,19.8
1,candidate,html_dense,5,1,0,60787,911805,19.6
1,candidate,html_dense,5,1,1,60787,911805,20.0
1,candidate,html_dense,5,1,2,60787,911805,20.2
1,candidate,html_dense,5,1,3,60787,911805,20.3
1,candidate,html_dense,5,1,4,60787,911805,19.9
1,candidate,html_dense,5,1,5,60787,911805,19.8
1,candidate,html_dense,5,1,6,60787,911805,20.6
1,candidate,html_dense,5,1,7,60787,911805,20.2
1,candidate,html_dense,5,1,8,60787,911805,19.6
1,candidate,html_dense,5,2,0,60787,1458888,24.0
1,candidate,html_dense,5,2,1,60787,1458888,27.6
1,candidate,html_dense,5,2,2,60787,1458888,25.6
1,candidate,html_dense,5,2,3,60787,1458888,25.7
1,candidate,html_dense,5,2,4,60787,1458888,23.4
1,candidate,html_dense,5,2,5,60787,1458888,23.6
1,candidate,html_dense,5,2,6,60787,1458888,23.9
1,candidate,html_dense,5,2,7,60787,1458888,23.7
1,candidate,html_dense,5,2,8,60787,1458888,23.5
1,candidate,html_dense,5,3,0,60787,911805,19.8
1,candidate,html_dense,5,3,1,60787,911805,19.4
1,candidate,html_dense,5,3,2,60787,911805,19.2
1,candidate,html_dense,5,3,3,60787,911805,19.4
1,candidate,html_dense,5,3,4,60787,911805,19.5
1,candidate,html_dense,5,3,5,60787,911805,19.6
1,candidate,html_dense,5,3,6,60787,911805,19.8
1,candidate,html_dense,5,3,7,60787,911805,19.4
1,candidate,html_dense,5,3,8,60787,911805,19.4
1,candidate,html_dense,10,0,0,56679,1700370,30.6
1,candidate,html_dense,10,0,1,56679,1700370,31.1
1,candidate,html_dense,10,0,2,56679,1700370,30.5
1,candidate,html_dense,10,0,3,56679,1700370,30.7
1,candidate,html_dense,10,0,4,56679,1700370,30.6
1,candidate,html_dense,10,0,5,56679,1700370,30.8
1,candidate,html_dense,10,0,6,56679,1700370,31.0
1,candidate,html_dense,10,0,7,56679,1700370,30.8
1,candidate,html_dense,10,0,8,56679,1700370,30.5
1,candidate,html_dense,10,1,0,56679,1700370,31.6
1,candidate,html_dense,10,1,1,56679,1700370,31.3
1,candidate,html_dense,10,1,2,56679,1700370,31.6
1,candidate,html_dense,10,1,3,56679,1700370,33.1
1,candidate,html_dense,10,1,4,56679,1700370,32.3
1,candidate,html_dense,10,1,5,56679,1700370,31.4
1,candidate,html_dense,10,1,6,56679,1700370,31.7
1,candidate,html_dense,10,1,7,56679,1700370,31.6
1,candidate,html_dense,10,1,8,56679,1700370,31.8
1,candidate,html_dense,10,2,0,56679,2720592,31.8
1,candidate,html_dense,10,2,1,56679,2720592,31.6
1,candidate,html_dense,10,2,2,56679,2720592,31.5
1,candidate,html_dense,10,2,3,56679,2720592,31.9
1,candidate,html_dense,10,2,4,56679,2720592,31.7
1,candidate,html_dense,10,2,5,56679,2720592,32.4
1,candidate,html_dense,10,2,6,56679,2720592,31.7
1,candidate,html_dense,10,2,7,56679,2720592,32.8
1,candidate,html_dense,10,2,8,56679,2720592,32.2
1,candidate,html_dense,10,3,0,56679,1700370,30.5
1,candidate,html_dense,10,3,1,56679,1700370,30.2
1,candidate,html_dense,10,3,2,56679,1700370,30.6
1,candidate,html_dense,10,3,3,56679,1700370,31.3
1,candidate,html_dense,10,3,4,56679,1700370,30.4
1,candidate,html_dense,10,3,5,56679,1700370,30.7
1,candidate,html_dense,10,3,6,56679,1700370,30.6
1,candidate,html_dense,10,3,7,56679,1700370,30.5
1,candidate,html_dense,10,3,8,56679,1700370,30.9
1,candidate,html_dense,65,0,0,32513,6340035,160.1
1,candidate,html_dense,65,0,1,32513,6340035,160.3
1,candidate,html_dense,65,0,2,32513,6340035,159.6
1,candidate,html_dense,65,0,3,32513,6340035,161.8
1,candidate,html_dense,65,0,4,32513,6340035,160.1
1,candidate,html_dense,65,0,5,32513,6340035,160.3
1,candidate,html_dense,65,0,6,32513,6340035,161.6
1,candidate,html_dense,65,0,7,32513,6340035,159.3
1,candidate,html_dense,65,0,8,32513,6340035,160.9
1,candidate,html_dense,65,1,0,32513,6340035,164.8
1,candidate,html_dense,65,1,1,32513,6340035,178.3
1,candidate,html_dense,65,1,2,32513,6340035,170.3
1,candidate,html_dense,65,1,3,32513,6340035,165.6
1,candidate,html_dense,65,1,4,32513,6340035,168.2
1,candidate,html_dense,65,1,5,32513,6340035,165.9
1,candidate,html_dense,65,1,6,32513,6340035,164.9
1,candidate,html_dense,65,1,7,32513,6340035,171.1
1,candidate,html_dense,65,1,8,32513,6340035,165.3
1,candidate,html_dense,65,2,0,32513,10144056,121.4
1,candidate,html_dense,65,2,1,32513,10144056,121.3
1,candidate,html_dense,65,2,2,32513,10144056,121.2
1,candidate,html_dense,65,2,3,32513,10144056,121.9
1,candidate,html_dense,65,2,4,32513,10144056,126.1
1,candidate,html_dense,65,2,5,32513,10144056,122.3
1,candidate,html_dense,65,2,6,32513,10144056,120.7
1,candidate,html_dense,65,2,7,32513,10144056,121.1
1,candidate,html_dense,65,2,8,32513,10144056,120.8
1,candidate,html_dense,65,3,0,32513,6340035,157.5
1,candidate,html_dense,65,3,1,32513,6340035,172.4
1,candidate,html_dense,65,3,2,32513,6340035,165.0
1,candidate,html_dense,65,3,3,32513,6340035,158.5
1,candidate,html_dense,65,3,4,32513,6340035,163.1
1,candidate,html_dense,65,3,5,32513,6340035,156.7
1,candidate,html_dense,65,3,6,32513,6340035,158.0
1,candidate,html_dense,65,3,7,32513,6340035,165.4
1,candidate,html_dense,65,3,8,32513,6340035,169.8
1,candidate,html_dense,4100,0,0,1007,12386100,9780.8
1,candidate,html_dense,4100,0,1,1007,12386100,9711.2
1,candidate,html_dense,4100,0,2,1007,12386100,9514.3
1,candidate,html_dense,4100,0,3,1007,12386100,9257.9
1,candidate,html_dense,4100,0,4,1007,12386100,9278.4
1,candidate,html_dense,4100,0,5,1007,12386100,9328.2
1,candidate,html_dense,4100,0,6,1007,12386100,9280.4
1,candidate,html_dense,4100,0,7,1007,12386100,9206.5
1,candidate,html_dense,4100,0,8,1007,12386100,9680.8
1,candidate,html_dense,4100,1,0,1007,12386100,9625.1
1,candidate,html_dense,4100,1,1,1007,12386100,9781.8
1,candidate,html_dense,4100,1,2,1007,12386100,9780.5
1,candidate,html_dense,4100,1,3,1007,12386100,9819.6
1,candidate,html_dense,4100,1,4,1007,12386100,9931.2
1,candidate,html_dense,4100,1,5,1007,12386100,9944.3
1,candidate,html_dense,4100,1,6,1007,12386100,10430.1
1,candidate,html_dense,4100,1,7,1007,12386100,9961.7
1,candidate,html_dense,4100,1,8,1007,12386100,10177.6
1,candidate,html_dense,4100,2,0,1007,19817760,6557.4
1,candidate,html_dense,4100,2,1,1007,19817760,6605.4
1,candidate,html_dense,4100,2,2,1007,19817760,6570.7
1,candidate,html_dense,4100,2,3,1007,19817760,6653.5
1,candidate,html_dense,4100,2,4,1007,19817760,6664.6
1,candidate,html_dense,4100,2,5,1007,19817760,6588.1
1,candidate,html_dense,4100,2,6,1007,19817760,6560.6
1,candidate,html_dense,4100,2,7,1007,19817760,6534.4
1,candidate,html_dense,4100,2,8,1007,19817760,6685.7
1,candidate,html_dense,4100,3,0,1007,12386100,9259.4
1,candidate,html_dense,4100,3,1,1007,12386100,9485.3
1,candidate,html_dense,4100,3,2,1007,12386100,9265.1
1,candidate,html_dense,4100,3,3,1007,12386100,9164.0
1,candidate,html_dense,4100,3,4,1007,12386100,9471.3
1,candidate,html_dense,4100,3,5,1007,12386100,9231.3
1,candidate,html_dense,4100,3,6,1007,12386100,9252.8
1,candidate,html_dense,4100,3,7,1007,12386100,9338.0
1,candidate,html_dense,4100,3,8,1007,12386100,9353.9
1,candidate,html_dense,65540,0,0,64,12583680,147699.4
1,candidate,html_dense,65540,0,1,64,12583680,152451.9
1,candidate,html_dense,65540,0,2,64,12583680,149025.1
1,candidate,html_dense,65540,0,3,64,12583680,148733.6
1,candidate,html_dense,65540,0,4,64,12583680,153671.7
1,candidate,html_dense,65540,0,5,64,12583680,155740.2
1,candidate,html_dense,65540,0,6,64,12583680,147226.2
1,candidate,html_dense,65540,0,7,64,12583680,150237.3
1,candidate,html_dense,65540,0,8,64,12583680,151453.4
1,candidate,html_dense,65540,1,0,64,12583680,155021.0
1,candidate,html_dense,65540,1,1,64,12583680,163040.9
1,candidate,html_dense,65540,1,2,64,12583680,155434.1
1,candidate,html_dense,65540,1,3,64,12583680,154739.9
1,candidate,html_dense,65540,1,4,64,12583680,155885.2
1,candidate,html_dense,65540,1,5,64,12583680,154552.7
1,candidate,html_dense,65540,1,6,64,12583680,155504.1
1,candidate,html_dense,65540,1,7,64,12583680,155357.1
1,candidate,html_dense,65540,1,8,64,12583680,155000.3
1,candidate,html_dense,65540,2,0,64,20133888,104015.8
1,candidate,html_dense,65540,2,1,64,20133888,106471.6
1,candidate,html_dense,65540,2,2,64,20133888,104008.5
1,candidate,html_dense,65540,2,3,64,20133888,109660.9
1,candidate,html_dense,65540,2,4,64,20133888,107611.7
1,candidate,html_dense,65540,2,5,64,20133888,105085.0
1,candidate,html_dense,65540,2,6,64,20133888,108138.3
1,candidate,html_dense,65540,2,7,64,20133888,105695.6
1,candidate,html_dense,65540,2,8,64,20133888,105520.3
1,candidate,html_dense,65540,3,0,64,12583680,152283.6
1,candidate,html_dense,65540,3,1,64,12583680,151731.7
1,candidate,html_dense,65540,3,2,64,12583680,151398.8
1,candidate,html_dense,65540,3,3,64,12583680,147023.5
1,candidate,html_dense,65540,3,4,64,12583680,146447.5
1,candidate,html_dense,65540,3,5,64,12583680,147380.1
1,candidate,html_dense,65540,3,6,64,12583680,146924.5
1,candidate,html_dense,65540,3,7,64,12583680,146855.4
1,candidate,html_dense,65540,3,8,64,12583680,147058.4
2,candidate,plain,0,0,0,65536,0,3.3
2,candidate,plain,0,0,1,65536,0,3.3
2,candidate,plain,0,0,2,65536,0,3.3
2,candidate,plain,0,0,3,65536,0,3.4
2,candidate,plain,0,0,4,65536,0,3.8
2,candidate,plain,0,0,5,65536,0,3.6
2,candidate,plain,0,0,6,65536,0,3.7
2,candidate,plain,0,0,7,65536,0,3.6
2,candidate,plain,0,0,8,65536,0,3.3
2,candidate,plain,0,1,0,65536,0,3.3
2,candidate,plain,0,1,1,65536,0,3.3
2,candidate,plain,0,1,2,65536,0,3.3
2,candidate,plain,0,1,3,65536,0,3.4
2,candidate,plain,0,1,4,65536,0,3.3
2,candidate,plain,0,1,5,65536,0,3.3
2,candidate,plain,0,1,6,65536,0,3.5
2,candidate,plain,0,1,7,65536,0,3.3
2,candidate,plain,0,1,8,65536,0,3.4
2,candidate,plain,0,2,0,65536,0,6.2
2,candidate,plain,0,2,1,65536,0,6.2
2,candidate,plain,0,2,2,65536,0,6.3
2,candidate,plain,0,2,3,65536,0,6.3
2,candidate,plain,0,2,4,65536,0,7.1
2,candidate,plain,0,2,5,65536,0,6.0
2,candidate,plain,0,2,6,65536,0,6.4
2,candidate,plain,0,2,7,65536,0,6.0
2,candidate,plain,0,2,8,65536,0,6.5
2,candidate,plain,0,3,0,65536,0,3.5
2,candidate,plain,0,3,1,65536,0,4.4
2,candidate,plain,0,3,2,65536,0,3.5
2,candidate,plain,0,3,3,65536,0,3.8
2,candidate,plain,0,3,4,65536,0,3.5
2,candidate,plain,0,3,5,65536,0,3.7
2,candidate,plain,0,3,6,65536,0,3.5
2,candidate,plain,0,3,7,65536,0,4.2
2,candidate,plain,0,3,8,65536,0,3.5
2,candidate,plain,30,0,0,44620,1427840,43.9
2,candidate,plain,30,0,1,44620,1427840,43.4
2,candidate,plain,30,0,2,44620,1427840,44.8
2,candidate,plain,30,0,3,44620,1427840,45.1
2,candidate,plain,30,0,4,44620,1427840,45.3
2,candidate,plain,30,0,5,44620,1427840,43.9
2,candidate,plain,30,0,6,44620,1427840,44.3
2,candidate,plain,30,0,7,44620,1427840,42.8
2,candidate,plain,30,0,8,44620,1427840,43.1
2,candidate,plain,30,1,0,44620,1338600,48.6
2,candidate,plain,30,1,1,44620,1338600,47.9
2,candidate,plain,30,1,2,44620,1338600,51.9
2,candidate,plain,30,1,3,44620,1338600,49.9
2,candidate,plain,30,1,4,44620,1338600,48.0
2,candidate,plain,30,1,5,44620,1338600,48.0
2,candidate,plain,30,1,6,44620,1338600,48.0
2,candidate,plain,30,1,7,44620,1338600,49.0
2,candidate,plain,30,1,8,44620,1338600,48.3
2,candidate,plain,30,2,0,44620,1338600,32.8
2,candidate,plain,30,2,1,44620,1338600,33.9
2,candidate,plain,30,2,2,44620,1338600,33.2
2,candidate,plain,30,2,3,44620,1338600,33.1
2,candidate,plain,30,2,4,44620,1338600,33.2
2,candidate,plain,30,2,5,44620,1338600,33.7
2,candidate,plain,30,2,6,44620,1338600,34.0
2,candidate,plain,30,2,7,44620,1338600,34.4
2,candidate,plain,30,2,8,44620,1338600,38.0
2,candidate,plain,30,3,0,44620,1427840,53.1
2,candidate,plain,30,3,1,44620,1427840,54.2
2,candidate,plain,30,3,2,44620,1427840,52.1
2,candidate,plain,30,3,3,44620,1427840,53.0
2,candidate,plain,30,3,4,44620,1427840,51.4
2,candidate,plain,30,3,5,44620,1427840,51.7
2,candidate,plain,30,3,6,44620,1427840,52.7
2,candidate,plain,30,3,7,44620,1427840,51.7
2,candidate,plain,30,3,8,44620,1427840,53.7
2,candidate,plain,90,0,0,27235,2614560,122.7
2,candidate,plain,90,0,1,27235,2614560,122.9
2,candidate,plain,90,0,2,27235,2614560,125.1
2,candidate,plain,90,0,3,27235,2614560,124.1
2,candidate,plain,90,0,4,27235,2614560,125.7
2,candidate,plain,90,0,5,27235,2614560,122.4
2,candidate,plain,90,0,6,27235,2614560,122.3
2,candidate,plain,90,0,7,27235,2614560,132.6
2,candidate,plain,90,0,8,27235,2614560,126.2
2,candidate,plain,90,1,0,27235,2451150,144.0
2,candidate,plain,90,1,1,27235,2451150,141.6
2,candidate,plain,90,1,2,27235,2451150,139.2
2,candidate,plain,90,1,3,27235,2451150,141.1
2,candidate,plain,90,1,4,27235,2451150,142.4
2,candidate,plain,90,1,5,27235,2451150,142.7
2,candidate,plain,90,1,6,27235,2451150,139.7
2,candidate,plain,90,1,7,27235,2451150,139.9
2,candidate,plain,90,1,8,27235,2451150,149.6
2,candidate,plain,90,2,0,27235,2451150,68.6
2,candidate,plain,90,2,1,27235,2451150,67.6
2,candidate,plain,90,2,2,27235,2451150,69.8
2,candidate,plain,90,2,3,27235,2451150,67.9
2,candidate,plain,90,2,4,27235,2451150,69.7
2,candidate,plain,90,2,5,27235,2451150,74.6
2,candidate,plain,90,2,6,27235,2451150,69.0
2,candidate,plain,90,2,7,27235,2451150,68.6
2,candidate,plain,90,2,8,27235,2451150,68.2
2,candidate,plain,90,3,0,27235,2614560,142.6
2,candidate,plain,90,3,1,27235,2614560,146.3
2,candidate,plain,90,3,2,27235,2614560,137.9
2,candidate,plain,90,3,3,27235,2614560,139.0
2,candidate,plain,90,3,4,27235,2614560,150.7
2,candidate,plain,90,3,5,27235,2614560,143.3
2,candidate,plain,90,3,6,27235,2614560,139.2
2,candidate,plain,90,3,7,27235,2614560,138.3
2,candidate,plain,90,3,8,27235,2614560,151.0
2,candidate,plain,4110,0,0,1004,4401536,4639.0
2,candidate,plain,4110,0,1,1004,4401536,4705.2
2,candidate,plain,4110,0,2,1004,4401536,4648.7
2,candidate,plain,4110,0,3,1004,4401536,4785.9
2,candidate,plain,4110,0,4,1004,4401536,5083.3
2,candidate,plain,4110,0,5,1004,4401536,4682.6
2,candidate,plain,4110,0,6,1004,4401536,4637.3
2,candidate,plain,4110,0,7,1004,4401536,4766.5
2,candidate,plain,4110,0,8,1004,4401536,4782.0
2,candidate,plain,4110,1,0,1004,4126440,5757.5
2,candidate,plain,4110,1,1,1004,4126440,5707.0
2,candidate,plain,4110,1,2,1004,4126440,5759.9
2,candidate,plain,4110,1,3,1004,4126440,5749.3
2,candidate,plain,4110,1,4,1004,4126440,5740.5
2,candidate,plain,4110,1,5,1004,4126440,5754.7
2,candidate,plain,4110,1,6,1004,4126440,5716.8
2,candidate,plain,4110,1,7,1004,4126440,5762.3
2,candidate,plain,4110,1,8,1004,4126440,7281.6
2,candidate,plain,4110,2,0,1004,4126440,2472.8
2,candidate,plain,4110,2,1,1004,4126440,2484.5
2,candidate,plain,4110,2,2,1004,4126440,2453.9
2,candidate,plain,4110,2,3,1004,4126440,2495.3
2,candidate,plain,4110,2,4,1004,4126440,2448.1
2,candidate,plain,4110,2,5,1004,4126440,2461.8
2,candidate,plain,4110,2,6,1004,4126440,2464.6
2,candidate,plain,4110,2,7,1004,4126440,2467.9
2,candidate,plain,4110,2,8,1004,4126440,2482.9
2,candidate,plain,4110,3,0,1004,4401536,5957.0
2,candidate,plain,4110,3,1,1004,4401536,5961.3
2,candidate,plain,4110,3,2,1004,4401536,5815.0
2,candidate,plain,4110,3,3,1004,4401536,5859.4
2,candidate,plain,4110,3,4,1004,4401536,5794.2
2,candidate,plain,4110,3,5,1004,4401536,6056.2
2,candidate,plain,4110,3,6,1004,4401536,5843.4
2,candidate,plain,4110,3,7,1004,4401536,5787.5
2,candidate,plain,4110,3,8,1004,4401536,5777.1
2,candidate,plain,65550,0,0,64,4474880,76652.0
2,candidate,plain,65550,0,1,64,4474880,76237.2
2,candidate,plain,65550,0,2,64,4474880,74423.7
2,candidate,plain,65550,0,3,64,4474880,74813.4
2,candidate,plain,65550,0,4,64,4474880,74372.5
2,candidate,plain,65550,0,5,64,4474880,75564.1
2,candidate,plain,65550,0,6,64,4474880,78868.9
2,candidate,plain,65550,0,7,64,4474880,76100.1
2,candidate,plain,65550,0,8,64,4474880,76287.4
2,candidate,plain,65550,1,0,64,4195200,91737.0
2,candidate,plain,65550,1,1,64,4195200,91109.3
2,candidate,plain,65550,1,2,64,4195200,94847.0
2,candidate,plain,65550,1,3,64,4195200,96274.7
2,candidate,plain,65550,1,4,64,4195200,92238.9
2,candidate,plain,65550,1,5,64,4195200,91071.4
2,candidate,plain,65550,1,6,64,4195200,93858.7
2,candidate,plain,65550,1,7,64,4195200,91078.2
2,candidate,plain,65550,1,8,64,4195200,95519.4
2,candidate,plain,65550,2,0,64,4195200,41392.3
2,candidate,plain,65550,2,1,64,4195200,39400.1
2,candidate,plain,65550,2,2,64,4195200,40422.7
2,candidate,plain,65550,2,3,64,4195200,38663.8
2,candidate,plain,65550,2,4,64,4195200,39054.8
2,candidate,plain,65550,2,5,64,4195200,39065.9
2,candidate,plain,65550,2,6,64,4195200,38942.6
2,candidate,plain,65550,2,7,64,4195200,38929.2
2,candidate,plain,65550,2,8,64,4195200,39596.7
2,candidate,plain,65550,3,0,64,4474880,93126.1
2,candidate,plain,65550,3,1,64,4474880,92824.9
2,candidate,plain,65550,3,2,64,4474880,92893.3
2,candidate,plain,65550,3,3,64,4474880,92751.4
2,candidate,plain,65550,3,4,64,4474880,94279.3
2,candidate,plain,65550,3,5,64,4474880,93158.8
2,candidate,plain,65550,3,6,64,4474880,93174.6
2,candidate,plain,65550,3,7,64,4474880,93123.9
2,candidate,plain,65550,3,8,64,4474880,95713.4
2,candidate,mixed,46,0,0,38130,3660480,83.8
2,candidate,mixed,46,0,1,38130,3660480,83.8
2,candidate,mixed,46,0,2,38130,3660480,85.4
2,candidate,mixed,46,0,3,38130,3660480,85.6
2,candidate,mixed,46,0,4,38130,3660480,84.4
2,candidate,mixed,46,0,5,38130,3660480,87.8
2,candidate,mixed,46,0,6,38130,3660480,86.8
2,candidate,mixed,46,0,7,38130,3660480,86.8
2,candidate,mixed,46,0,8,38130,3660480,85.7
2,candidate,mixed,46,1,0,38130,3507960,90.3
2,candidate,mixed,46,1,1,38130,3507960,93.6
2,candidate,mixed,46,1,2,38130,3507960,95.0
2,candidate,mixed,46,1,3,38130,3507960,100.0
2,candidate,mixed,46,1,4,38130,3507960,98.7
2,candidate,mixed,46,1,5,38130,3507960,94.3
2,candidate,mixed,46,1,6,38130,3507960,91.4
2,candidate,mixed,46,1,7,38130,3507960,91.2
2,candidate,mixed,46,1,8,38130,3507960,90.9
2,candidate,mixed,46,2,0,38130,2897880,63.9
2,candidate,mixed,46,2,1,38130,2897880,63.7
2,candidate,mixed,46,2,2,38130,2897880,64.5
2,candidate,mixed,46,2,3,38130,2897880,65.6
2,candidate,mixed,46,2,4,38130,2897880,66.2
2,candidate,mixed,46,2,5,38130,2897880,64.2
2,candidate,mixed,46,2,6,38130,2897880,64.1
2,candidate,mixed,46,2,7,38130,2897880,64.0
2,candidate,mixed,46,2,8,38130,2897880,64.4
2,candidate,mixed,46,3,0,38130,3355440,81.6
2,candidate,mixed,46,3,1,38130,3355440,83.3
2,candidate,mixed,46,3,2,38130,3355440,83.0
2,candidate,mixed,46,3,3,38130,3355440,86.9
2,candidate,mixed,46,3,4,38130,3355440,91.8
2,candidate,mixed,46,3,5,38130,3355440,82.0
2,candidate,mixed,46,3,6,38130,3355440,82.3
2,candidate,mixed,46,3,7,38130,3355440,81.7
2,candidate,mixed,46,3,8,38130,3355440,83.4
2,candidate,mixed,92,0,0,26886,5162112,170.6
2,candidate,mixed,92,0,1,26886,5162112,171.6
2,candidate,mixed,92,0,2,26886,5162112,176.0
2,candidate,mixed,92,0,3,26886,5162112,173.0
2,candidate,mixed,92,0,4,26886,5162112,172.8
2,candidate,mixed,92,0,5,26886,5162112,169.1
2,candidate,mixed,92,0,6,26886,5162112,168.2
2,candidate,mixed,92,0,7,26886,5162112,171.9
2,candidate,mixed,92,0,8,26886,5162112,172.1
2,candidate,mixed,92,1,0,26886,4947024,184.4
2,candidate,mixed,92,1,1,26886,4947024,184.3
2,candidate,mixed,92,1,2,26886,4947024,181.3
2,candidate,mixed,92,1,3,26886,4947024,180.4
2,candidate,mixed,92,1,4,26886,4947024,189.6
2,candidate,mixed,92,1,5,26886,4947024,181.2
2,candidate,mixed,92,1,6,26886,4947024,180.7
2,candidate,mixed,92,1,7,26886,4947024,185.4
2,candidate,mixed,92,1,8,26886,4947024,180.7
2,candidate,mixed,92,2,0,26886,4086672,108.6
2,candidate,mixed,92,2,1,26886,4086672,109.7
2,candidate,mixed,92,2,2,26886,4086672,109.9
2,candidate,mixed,92,2,3,26886,4086672,108.5
2,candidate,mixed,92,2,4,26886,4086672,108.6
2,candidate,mixed,92,2,5,26886,4086672,106.1
2,candidate,mixed,92,2,6,26886,4086672,110.3
2,candidate,mixed,92,2,7,26886,4086672,107.4
2,candidate,mixed,92,2,8,26886,4086672,110.1
2,candidate,mixed,92,3,0,26886,4731936,168.2
2,candidate,mixed,92,3,1,26886,4731936,166.7
2,candidate,mixed,92,3,2,26886,4731936,166.3
2,candidate,mixed,92,3,3,26886,4731936,169.3
2,candidate,mixed,92,3,4,26886,4731936,171.8
2,candidate,mixed,92,3,5,26886,4731936,166.1
2,candidate,mixed,92,3,6,26886,4731936,173.8
2,candidate,mixed,92,3,7,26886,4731936,170.8
2,candidate,mixed,92,3,8,26886,4731936,170.8
2,candidate,mixed,4140,0,0,997,8614080,6964.3
2,candidate,mixed,4140,0,1,997,8614080,7123.4
2,candidate,mixed,4140,0,2,997,8614080,7728.4
2,candidate,mixed,4140,0,3,997,8614080,7627.9
2,candidate,mixed,4140,0,4,997,8614080,7027.1
2,candidate,mixed,4140,0,5,997,8614080,6890.5
2,candidate,mixed,4140,0,6,997,8614080,6925.3
2,candidate,mixed,4140,0,7,997,8614080,7115.6
2,candidate,mixed,4140,0,8,997,8614080,7136.3
2,candidate,mixed,4140,1,0,997,8255160,8125.9
2,candidate,mixed,4140,1,1,997,8255160,7891.5
2,candidate,mixed,4140,1,2,997,8255160,7954.3
2,candidate,mixed,4140,1,3,997,8255160,7921.7
2,candidate,mixed,4140,1,4,997,8255160,8328.6
2,candidate,mixed,4140,1,5,997,8255160,7898.8
2,candidate,mixed,4140,1,6,997,8255160,7941.0
2,candidate,mixed,4140,1,7,997,8255160,7663.2
2,candidate,mixed,4140,1,8,997,8255160,7612.2
2,candidate,mixed,4140,2,0,997,6819480,4022.6
2,candidate,mixed,4140,2,1,997,6819480,4032.7
2,candidate,mixed,4140,2,2,997,6819480,4113.5
2,candidate,mixed,4140,2,3,997,6819480,4063.1
2,candidate,mixed,4140,2,4,997,6819480,3993.3
2,candidate,mixed,4140,2,5,997,6819480,4121.1
2,candidate,mixed,4140,2,6,997,6819480,4020.1
2,candidate,mixed,4140,2,7,997,6819480,3997.7
2,candidate,mixed,4140,2,8,997,6819480,4022.0
2,candidate,mixed,4140,3,0,997,7896240,6775.9
2,candidate,mixed,4140,3,1,997,7896240,6939.6
2,candidate,mixed,4140,3,2,997,7896240,6793.2
2,candidate,mixed,4140,3,3,997,7896240,6879.6
2,candidate,mixed,4140,3,4,997,7896240,6871.4
2,candidate,mixed,4140,3,5,997,7896240,6969.0
2,candidate,mixed,4140,3,6,997,7896240,7083.0
2,candidate,mixed,4140,3,7,997,7896240,6994.0
2,candidate,mixed,4140,3,8,997,7896240,6871.9
2,candidate,mixed,65550,0,0,64,8755200,116585.2
2,candidate,mixed,65550,0,1,64,8755200,109596.5
2,candidate,mixed,65550,0,2,64,8755200,115177.0
2,candidate,mixed,65550,0,3,64,8755200,110842.4
2,candidate,mixed,65550,0,4,64,8755200,114186.2
2,candidate,mixed,65550,0,5,64,8755200,117021.1
2,candidate,mixed,65550,0,6,64,8755200,115939.7
2,candidate,mixed,65550,0,7,64,8755200,109878.8
2,candidate,mixed,65550,0,8,64,8755200,109533.6
2,candidate,mixed,65550,1,0,64,8390400,122439.5
2,candidate,mixed,65550,1,1,64,8390400,125373.0
2,candidate,mixed,65550,1,2,64,8390400,120444.7
2,candidate,mixed,65550,1,3,64,8390400,132414.1
2,candidate,mixed,65550,1,4,64,8390400,121456.9
2,candidate,mixed,65550,1,5,64,8390400,122125.9
2,candidate,mixed,65550,1,6,64,8390400,121118.8
2,candidate,mixed,65550,1,7,64,8390400,127292.5
2,candidate,mixed,65550,1,8,64,8390400,121979.9
2,candidate,mixed,65550,2,0,64,6931200,62901.0
2,candidate,mixed,65550,2,1,64,6931200,63196.2
2,candidate,mixed,65550,2,2,64,6931200,70873.7
2,candidate,mixed,65550,2,3,64,6931200,73264.1
2,candidate,mixed,65550,2,4,64,6931200,63645.1
2,candidate,mixed,65550,2,5,64,6931200,65131.8
2,candidate,mixed,65550,2,6,64,6931200,62591.5
2,candidate,mixed,65550,2,7,64,6931200,63230.9
2,candidate,mixed,65550,2,8,64,6931200,62761.5
2,candidate,mixed,65550,3,0,64,8025600,108813.9
2,candidate,mixed,65550,3,1,64,8025600,108560.7
2,candidate,mixed,65550,3,2,64,8025600,108442.0
2,candidate,mixed,65550,3,3,64,8025600,107298.9
2,candidate,mixed,65550,3,4,64,8025600,108712.5
2,candidate,mixed,65550,3,5,64,8025600,109279.3
2,candidate,mixed,65550,3,6,64,8025600,111216.0
2,candidate,mixed,65550,3,7,64,8025600,109634.1
2,candidate,mixed,65550,3,8,64,8025600,110728.7
2,candidate,unreserved,1,0,0,64527,64527,9.7
2,candidate,unreserved,1,0,1,64527,64527,8.7
2,candidate,unreserved,1,0,2,64527,64527,9.0
2,candidate,unreserved,1,0,3,64527,64527,9.4
2,candidate,unreserved,1,0,4,64527,64527,8.9
2,candidate,unreserved,1,0,5,64527,64527,8.8
2,candidate,unreserved,1,0,6,64527,64527,10.6
2,candidate,unreserved,1,0,7,64527,64527,8.9
2,candidate,unreserved,1,0,8,64527,64527,8.9
2,candidate,unreserved,1,1,0,64527,64527,9.0
2,candidate,unreserved,1,1,1,64527,64527,9.0
2,candidate,unreserved,1,1,2,64527,64527,9.8
2,candidate,unreserved,1,1,3,64527,64527,9.2
2,candidate,unreserved,1,1,4,64527,64527,9.0
2,candidate,unreserved,1,1,5,64527,64527,9.1
2,candidate,unreserved,1,1,6,64527,64527,9.2
2,candidate,unreserved,1,1,7,64527,64527,9.0
2,candidate,unreserved,1,1,8,64527,64527,9.1
2,candidate,unreserved,1,2,0,64527,64527,13.4
2,candidate,unreserved,1,2,1,64527,64527,16.9
2,candidate,unreserved,1,2,2,64527,64527,13.3
2,candidate,unreserved,1,2,3,64527,64527,13.8
2,candidate,unreserved,1,2,4,64527,64527,13.4
2,candidate,unreserved,1,2,5,64527,64527,18.6
2,candidate,unreserved,1,2,6,64527,64527,13.4
2,candidate,unreserved,1,2,7,64527,64527,13.4
2,candidate,unreserved,1,2,8,64527,64527,18.1
2,candidate,unreserved,1,3,0,64527,64527,8.6
2,candidate,unreserved,1,3,1,64527,64527,8.6
2,candidate,unreserved,1,3,2,64527,64527,8.9
2,candidate,unreserved,1,3,3,64527,64527,8.8
2,candidate,unreserved,1,3,4,64527,64527,8.7
2,candidate,unreserved,1,3,5,64527,64527,8.6
2,candidate,unreserved,1,3,6,64527,64527,8.8
2,candidate,unreserved,1,3,7,64527,64527,8.6
2,candidate,unreserved,1,3,8,64527,64527,8.8
2,candidate,unreserved,8,0,0,58254,466032,16.0
2,candidate,unreserved,8,0,1,58254,466032,15.5
2,candidate,unreserved,8,0,2,58254,466032,15.8
2,candidate,unreserved,8,0,3,58254,466032,15.6
2,candidate,unreserved,8,0,4,58254,466032,16.0
2,candidate,unreserved,8,0,5,58254,466032,15.7
2,candidate,unreserved,8,0,6,58254,466032,16.9
2,candidate,unreserved,8,0,7,58254,466032,15.7
2,candidate,unreserved,8,0,8,58254,466032,16.2
2,candidate,unreserved,8,1,0,58254,466032,17.9
2,candidate,unreserved,8,1,1,58254,466032,17.7
2,candidate,unreserved,8,1,2,58254,466032,17.8
2,candidate,unreserved,8,1,3,58254,466032,18.4
2,candidate,unreserved,8,1,4,58254,466032,18.2
2,candidate,unreserved,8,1,5,58254,466032,19.6
2,candidate,unreserved,8,1,6,58254,466032,19.2
2,candidate,unreserved,8,1,7,58254,466032,19.4
2,candidate,unreserved,8,1,8,58254,466032,18.6
2,candidate,unreserved,8,2,0,58254,466032,18.5
2,candidate,unreserved,8,2,1,58254,466032,18.8
2,candidate,unreserved,8,2,2,58254,466032,18.5
2,candidate,unreserved,8,2,3,58254,466032,19.1
2,candidate,unreserved,8,2,4,58254,466032,19.4
2,candidate,unreserved,8,2,5,58254,466032,18.7
2,candidate,unreserved,8,2,6,58254,466032,20.2
2,candidate,unreserved,8,2,7,58254,466032,21.3
2,candidate,unreserved,8,2,8,58254,466032,19.3
2,candidate,unreserved,8,3,0,58254,466032,17.9
2,candidate,unreserved,8,3,1,58254,466032,18.0
2,candidate,unreserved,8,3,2,58254,466032,18.1
2,candidate,unreserved,8,3,3,58254,466032,18.9
2,candidate,unreserved,8,3,4,58254,466032,18.1
2,candidate,unreserved,8,3,5,58254,466032,18.6
2,candidate,unreserved,8,3,6,58254,466032,18.0
2,candidate,unreserved,8,3,7,58254,466032,18.7
2,candidate,unreserved,8,3,8,58254,466032,18.8
2,candidate,unreserved,64,0,0,32768,2097152,80.8
2,candidate,unreserved,64,0,1,32768,2097152,81.1
2,candidate,unreserved,64,0,2,32768,2097152,81.1
2,candidate,unreserved,64,0,3,32768,2097152,81.2
2,candidate,unreserved,64,0,4,32768,2097152,81.7
2,candidate,unreserved,64,0,5,32768,2097152,82.3
2,candidate,unreserved,64,0,6,32768,2097152,83.5
2,candidate,unreserved,64,0,7,32768,2097152,83.7
2,candidate,unreserved,64,0,8,32768,2097152,84.4
2,candidate,unreserved,64,1,0,32768,2097152,102.1
2,candidate,unreserved,64,1,1,32768,2097152,104.3
2,candidate,unreserved,64,1,2,32768,2097152,101.5
2,candidate,unreserved,64,1,3,32768,2097152,101.5
2,candidate,unreserved,64,1,4,32768,2097152,101.5
2,candidate,unreserved,64,1,5,32768,2097152,103.4
2,candidate,unreserved,64,1,6,32768,2097152,102.6
2,candidate,unreserved,64,1,7,32768,2097152,102.4
2,candidate,unreserved,64,1,8,32768,2097152,108.8
2,candidate,unreserved,64,2,0,32768,2097152,52.8
2,candidate,unreserved,64,2,1,32768,2097152,50.5
2,candidate,unreserved,64,2,2,32768,2097152,50.9
2,candidate,unreserved,64,2,3,32768,2097152,50.5
2,candidate,unreserved,64,2,4,32768,2097152,50.9
2,candidate,unreserved,64,2,5,32768,2097152,50.6
2,candidate,unreserved,64,2,6,32768,2097152,51.9
2,candidate,unreserved,64,2,7,32768,2097152,50.5
2,candidate,unreserved,64,2,8,32768,2097152,51.1
2,candidate,unreserved,64,3,0,32768,2097152,93.3
2,candidate,unreserved,64,3,1,32768,2097152,93.6
2,candidate,unreserved,64,3,2,32768,2097152,94.6
2,candidate,unreserved,64,3,3,32768,2097152,95.9
2,candidate,unreserved,64,3,4,32768,2097152,94.2
2,candidate,unreserved,64,3,5,32768,2097152,94.6
2,candidate,unreserved,64,3,6,32768,2097152,94.0
2,candidate,unreserved,64,3,7,32768,2097152,94.7
2,candidate,unreserved,64,3,8,32768,2097152,93.9
2,candidate,unreserved,4096,0,0,1008,4128768,4375.4
2,candidate,unreserved,4096,0,1,1008,4128768,4418.4
2,candidate,unreserved,4096,0,2,1008,4128768,4382.2
2,candidate,unreserved,4096,0,3,1008,4128768,4375.9
2,candidate,unreserved,4096,0,4,1008,4128768,4719.2
2,candidate,unreserved,4096,0,5,1008,4128768,4716.5
2,candidate,unreserved,4096,0,6,1008,4128768,4376.1
2,candidate,unreserved,4096,0,7,1008,4128768,4377.1
2,candidate,unreserved,4096,0,8,1008,4128768,4479.5
2,candidate,unreserved,4096,1,0,1008,4128768,5325.5
2,candidate,unreserved,4096,1,1,1008,4128768,5237.6
2,candidate,unreserved,4096,1,2,1008,4128768,5247.8
2,candidate,unreserved,4096,1,3,1008,4128768,5368.3
2,candidate,unreserved,4096,1,4,1008,4128768,5250.0
2,candidate,unreserved,4096,1,5,1008,4128768,5317.4
2,candidate,unreserved,4096,1,6,1008,4128768,5287.7
2,candidate,unreserved,4096,1,7,1008,4128768,5238.3
2,candidate,unreserved,4096,1,8,1008,4128768,5296.6
2,candidate,unreserved,4096,2,0,1008,4128768,2133.4
2,candidate,unreserved,4096,2,1,1008,4128768,2259.5
2,candidate,unreserved,4096,2,2,1008,4128768,2128.5
2,candidate,unreserved,4096,2,3,1008,4128768,2148.9
2,candidate,unreserved,4096,2,4,1008,4128768,2158.8
2,candidate,unreserved,4096,2,5,1008,4128768,2154.7
2,candidate,unreserved,4096,2,6,1008,4128768,2133.0
2,candidate,unreserved,4096,2,7,1008,4128768,2137.3
2,candidate,unreserved,4096,2,8,1008,4128768,2176.1
2,candidate,unreserved,4096,3,0,1008,4128768,5302.3
2,candidate,unreserved,4096,3,1,1008,4128768,5300.6
2,candidate,unreserved,4096,3,2,1008,4128768,5255.2
2,candidate,unreserved,4096,3,3,1008,4128768,5516.7
2,candidate,unreserved,4096,3,4,1008,4128768,5449.3
2,candidate,unreserved,4096,3,5,1008,4128768,5326.6
2,candidate,unreserved,4096,3,6,1008,4128768,5612.9
2,candidate,unreserved,4096,3,7,1008,4128768,5307.7
2,candidate,unreserved,4096,3,8,1008,4128768,5334.0
2,candidate,unreserved,65536,0,0,64,4194304,71956.5
2,candidate,unreserved,65536,0,1,64,4194304,71966.1
2,candidate,unreserved,65536,0,2,64,4194304,71717.2
2,candidate,unreserved,65536,0,3,64,4194304,71822.3
2,candidate,unreserved,65536,0,4,64,4194304,72324.4
2,candidate,unreserved,65536,0,5,64,4194304,73173.8
2,candidate,unreserved,65536,0,6,64,4194304,70346.8
2,candidate,unreserved,65536,0,7,64,4194304,70389.9
2,candidate,unreserved,65536,0,8,64,4194304,69922.1
2,candidate,unreserved,65536,1,0,64,4194304,87417.6
2,candidate,unreserved,65536,1,1,64,4194304,88117.5
2,candidate,unreserved,65536,1,2,64,4194304,88203.1
2,candidate,unreserved,65536,1,3,64,4194304,88176.9
2,candidate,unreserved,65536,1,4,64,4194304,87223.8
2,candidate,unreserved,65536,1,5,64,4194304,88627.2
2,candidate,unreserved,65536,1,6,64,4194304,87496.4
2,candidate,unreserved,65536,1,7,64,4194304,88228.0
2,candidate,unreserved,65536,1,8,64,4194304,87384.5
2,candidate,unreserved,65536,2,0,64,4194304,33607.1
2,candidate,unreserved,65536,2,1,64,4194304,34228.6
2,candidate,unreserved,65536,2,2,64,4194304,34220.1
2,candidate,unreserved,65536,2,3,64,4194304,33943.4
2,candidate,unreserved,65536,2,4,64,4194304,33624.3
2,candidate,unreserved,65536,2,5,64,4194304,34668.3
2,candidate,unreserved,65536,2,6,64,4194304,34222.1
2,candidate,unreserved,65536,2,7,64,4194304,33721.7
2,candidate,unreserved,65536,2,8,64,4194304,33956.0
2,candidate,unreserved,65536,3,0,64,4194304,84035.2
2,candidate,unreserved,65536,3,1,64,4194304,84276.2
2,candidate,unreserved,65536,3,2,64,4194304,85193.0
2,candidate,unreserved,65536,3,3,64,4194304,89872.0
2,candidate,unreserved,65536,3,4,64,4194304,83394.7
2,candidate,unreserved,65536,3,5,64,4194304,84428.7
2,candidate,unreserved,65536,3,6,64,4194304,84443.5
2,candidate,unreserved,65536,3,7,64,4194304,84995.0
2,candidate,unreserved,65536,3,8,64,4194304,83659.6
2,candidate,dense,4,0,0,61680,740160,17.2
2,candidate,dense,4,0,1,61680,740160,17.0
2,candidate,dense,4,0,2,61680,740160,17.4
2,candidate,dense,4,0,3,61680,740160,17.1
2,candidate,dense,4,0,4,61680,740160,17.4
2,candidate,dense,4,0,5,61680,740160,17.4
2,candidate,dense,4,0,6,61680,740160,17.1
2,candidate,dense,4,0,7,61680,740160,17.7
2,candidate,dense,4,0,8,61680,740160,17.2
2,candidate,dense,4,1,0,61680,616800,17.2
2,candidate,dense,4,1,1,61680,616800,16.7
2,candidate,dense,4,1,2,61680,616800,16.7
2,candidate,dense,4,1,3,61680,616800,16.5
2,candidate,dense,4,1,4,61680,616800,17.1
2,candidate,dense,4,1,5,61680,616800,16.6
2,candidate,dense,4,1,6,61680,616800,17.2
2,candidate,dense,4,1,7,61680,616800,16.6
2,candidate,dense,4,1,8,61680,616800,18.2
2,candidate,dense,4,2,0,61680,246720,16.8
2,candidate,dense,4,2,1,61680,246720,16.7
2,candidate,dense,4,2,2,61680,246720,17.0
2,candidate,dense,4,2,3,61680,246720,16.9
2,candidate,dense,4,2,4,61680,246720,18.9
2,candidate,dense,4,2,5,61680,246720,16.7
2,candidate,dense,4,2,6,61680,246720,17.3
2,candidate,dense,4,2,7,61680,246720,16.9
2,candidate,dense,4,2,8,61680,246720,21.5
2,candidate,dense,4,3,0,61680,616800,16.8
2,candidate,dense,4,3,1,61680,616800,15.8
2,candidate,dense,4,3,2,61680,616800,16.0
2,candidate,dense,4,3,3,61680,616800,15.7
2,candidate,dense,4,3,4,61680,616800,15.9
2,candidate,dense,4,3,5,61680,616800,16.7
2,candidate,dense,4,3,6,61680,616800,17.1
2,candidate,dense,4,3,7,61680,616800,16.8
2,candidate,dense,4,3,8,61680,616800,16.9
2,candidate,dense,8,0,0,58254,1398096,26.8
2,candidate,dense,8,0,1,58254,1398096,25.9
2,candidate,dense,8,0,2,58254,1398096,26.6
2,candidate,dense,8,0,3,58254,1398096,26.9
2,candidate,dense,8,0,4,58254,1398096,27.8
2,candidate,dense,8,0,5,58254,1398096,27.2
2,candidate,dense,8,0,6,58254,1398096,26.3
2,candidate,dense,8,0,7,58254,1398096,28.6
2,candidate,dense,8,0,8,58254,1398096,27.0
2,candidate,dense,8,1,0,58254,1165080,25.7
2,candidate,dense,8,1,1,58254,1165080,26.7
2,candidate,dense,8,1,2,58254,1165080,25.6
2,candidate,dense,8,1,3,58254,1165080,25.0
2,candidate,dense,8,1,4,58254,1165080,25.3
2,candidate,dense,8,1,5,58254,1165080,26.1
2,candidate,dense,8,1,6,58254,1165080,26.2
2,candidate,dense,8,1,7,58254,1165080,25.1
2,candidate,dense,8,1,8,58254,1165080,25.4
2,candidate,dense,8,2,0,58254,466032,20.4
2,candidate,dense,8,2,1,58254,466032,20.2
2,candidate,dense,8,2,2,58254,466032,20.5
2,candidate,dense,8,2,3,58254,466032,22.4
2,candidate,dense,8,2,4,58254,466032,20.9
2,candidate,dense,8,2,5,58254,466032,21.3
2,candidate,dense,8,2,6,58254,466032,21.3
2,candidate,dense,8,2,7,58254,466032,20.6
2,candidate,dense,8,2,8,58254,466032,21.2
2,candidate,dense,8,3,0,58254,1165080,23.3
2,candidate,dense,8,3,1,58254,1165080,24.2
2,candidate,dense,8,3,2,58254,1165080,23.6
2,candidate,dense,8,3,3,58254,1165080,23.2
2,candidate,dense,8,3,4,58254,1165080,23.7
2,candidate,dense,8,3,5,58254,1165080,23.9
2,candidate,dense,8,3,6,58254,1165080,23.9
2,candidate,dense,8,3,7,58254,1165080,23.1
2,candidate,dense,8,3,8,58254,1165080,23.2
2,candidate,dense,64,0,0,32768,6291456,159.5
2,candidate,dense,64,0,1,32768,6291456,160.0
2,candidate,dense,64,0,2,32768,6291456,159.8
2,candidate,dense,64,0,3,32768,6291456,158.7
2,candidate,dense,64,0,4,32768,6291456,160.7
2,candidate,dense,64,0,5,32768,6291456,159.1
2,candidate,dense,64,0,6,32768,6291456,162.3
2,candidate,dense,64,0,7,32768,6291456,158.6
2,candidate,dense,64,0,8,32768,6291456,157.6
2,candidate,dense,64,1,0,32768,5242880,152.0
2,candidate,dense,64,1,1,32768,5242880,150.4
2,candidate,dense,64,1,2,32768,5242880,154.7
2,candidate,dense,64,1,3,32768,5242880,150.1
2,candidate,dense,64,1,4,32768,5242880,151.5
2,candidate,dense,64,1,5,32768,5242880,153.3
2,candidate,dense,64,1,6,32768,5242880,151.2
2,candidate,dense,64,1,7,32768,5242880,149.5
2,candidate,dense,64,1,8,32768,5242880,153.4
2,candidate,dense,64,2,0,32768,2097152,65.9
2,candidate,dense,64,2,1,32768,2097152,66.6
2,candidate,dense,64,2,2,32768,2097152,65.4
2,candidate,dense,64,2,3,32768,2097152,65.2
2,candidate,dense,64,2,4,32768,2097152,67.5
2,candidate,dense,64,2,5,32768,2097152,65.7
2,candidate,dense,64,2,6,32768,2097152,66.1
2,candidate,dense,64,2,7,32768,2097152,65.5
2,candidate,dense,64,2,8,32768,2097152,67.5
2,candidate,dense,64,3,0,32768,5242880,141.7
2,candidate,dense,64,3,1,32768,5242880,136.8
2,candidate,dense,64,3,2,32768,5242880,137.7
2,candidate,dense,64,3,3,32768,5242880,138.2
2,candidate,dense,64,3,4,32768,5242880,139.5
2,candidate,dense,64,3,5,32768,5242880,141.7
2,candidate,dense,64,3,6,32768,5242880,137.9
2,candidate,dense,64,3,7,32768,5242880,143.9
2,candidate,dense,64,3,8,32768,5242880,147.4
2,candidate,dense,4096,0,0,1008,12386304,9862.8
2,candidate,dense,4096,0,1,1008,12386304,9734.3
2,candidate,dense,4096,0,2,1008,12386304,9895.1
2,candidate,dense,4096,0,3,1008,12386304,9293.1
2,candidate,dense,4096,0,4,1008,12386304,9679.8
2,candidate,dense,4096,0,5,1008,12386304,9293.8
2,candidate,dense,4096,0,6,1008,12386304,9299.4
2,candidate,dense,4096,0,7,1008,12386304,9556.7
2,candidate,dense,4096,0,8,1008,12386304,9228.7
2,candidate,dense,4096,1,0,1008,10321920,8773.0
2,candidate,dense,4096,1,1,1008,10321920,8929.8
2,candidate,dense,4096,1,2,1008,10321920,8791.1
2,candidate,dense,4096,1,3,1008,10321920,8735.4
2,candidate,dense,4096,1,4,1008,10321920,8917.5
2,candidate,dense,4096,1,5,1008,10321920,8889.4
2,candidate,dense,4096,1,6,1008,10321920,8818.2
2,candidate,dense,4096,1,7,1008,10321920,8795.5
2,candidate,dense,4096,1,8,1008,10321920,8918.7
2,candidate,dense,4096,2,0,1008,4128768,3442.9
2,candidate,dense,4096,2,1,1008,4128768,3549.3
2,candidate,dense,4096,2,2,1008,4128768,3525.5
2,candidate,dense,4096,2,3,1008,4128768,3065.2
2,candidate,dense,4096,2,4,1008,4128768,3419.2
2,candidate,dense,4096,2,5,1008,4128768,3531.0
2,candidate,dense,4096,2,6,1008,4128768,3502.5
2,candidate,dense,4096,2,7,1008,4128768,3495.8
2,candidate,dense,4096,2,8,1008,4128768,3441.9
2,candidate,dense,4096,3,0,1008,10321920,8010.2
2,candidate,dense,4096,3,1,1008,10321920,8172.9
2,candidate,dense,4096,3,2,1008,10321920,8509.4
2,candidate,dense,4096,3,3,1008,10321920,8098.0
2,candidate,dense,4096,3,4,1008,10321920,8076.8
2,candidate,dense,4096,3,5,1008,10321920,8087.6
2,candidate,dense,4096,3,6,1008,10321920,8123.0
2,candidate,dense,4096,3,7,1008,10321920,8354.8
2,candidate,dense,4096,3,8,1008,10321920,8095.2
2,candidate,dense,65536,0,0,64,12582912,147606.3
2,candidate,dense,65536,0,1,64,12582912,152171.7
2,candidate,dense,65536,0,2,64,12582912,150181.9
2,candidate,dense,65536,0,3,64,12582912,148751.5
2,candidate,dense,65536,0,4,64,12582912,150313.6
2,candidate,dense,65536,0,5,64,12582912,149540.8
2,candidate,dense,65536,0,6,64,12582912,149159.3
2,candidate,dense,65536,0,7,64,12582912,151712.8
2,candidate,dense,65536,0,8,64,12582912,148523.4
2,candidate,dense,65536,1,0,64,10485760,141084.0
2,candidate,dense,65536,1,1,64,10485760,141052.1
2,candidate,dense,65536,1,2,64,10485760,142509.9
2,candidate,dense,65536,1,3,64,10485760,140285.7
2,candidate,dense,65536,1,4,64,10485760,141362.9
2,candidate,dense,65536,1,5,64,10485760,141256.7
2,candidate,dense,65536,1,6,64,10485760,147210.3
2,candidate,dense,65536,1,7,64,10485760,144603.9
2,candidate,dense,65536,1,8,64,10485760,140409.8
2,candidate,dense,65536,2,0,64,4194304,55274.3
2,candidate,dense,65536,2,1,64,4194304,55004.0
2,candidate,dense,65536,2,2,64,4194304,54030.5
2,candidate,dense,65536,2,3,64,4194304,55386.8
2,candidate,dense,65536,2,4,64,4194304,54320.0
2,candidate,dense,65536,2,5,64,4194304,55012.4
2,candidate,dense,65536,2,6,64,4194304,54241.3
2,candidate,dense,65536,2,7,64,4194304,54331.5
2,candidate,dense,65536,2,8,64,4194304,57494.0
2,candidate,dense,65536,3,0,64,10485760,137526.6
2,candidate,dense,65536,3,1,64,10485760,127959.2
2,candidate,dense,65536,3,2,64,10485760,132292.6
2,candidate,dense,65536,3,3,64,10485760,128328.0
2,candidate,dense,65536,3,4,64,10485760,129636.2
2,candidate,dense,65536,3,5,64,10485760,127850.5
2,candidate,dense,65536,3,6,64,10485760,131968.8
2,candidate,dense,65536,3,7,64,10485760,129807.6
2,candidate,dense,65536,3,8,64,10485760,130084.8
2,candidate,html_dense,5,0,0,60787,911805,19.2
2,candidate,html_dense,5,0,1,60787,911805,19.2
2,candidate,html_dense,5,0,2,60787,911805,19.8
2,candidate,html_dense,5,0,3,60787,911805,24.8
2,candidate,html_dense,5,0,4,60787,911805,21.7
2,candidate,html_dense,5,0,5,60787,911805,19.3
2,candidate,html_dense,5,0,6,60787,911805,19.4
2,candidate,html_dense,5,0,7,60787,911805,19.1
2,candidate,html_dense,5,0,8,60787,911805,19.5
2,candidate,html_dense,5,1,0,60787,911805,19.8
2,candidate,html_dense,5,1,1,60787,911805,19.7
2,candidate,html_dense,5,1,2,60787,911805,20.7
2,candidate,html_dense,5,1,3,60787,911805,20.2
2,candidate,html_dense,5,1,4,60787,911805,20.1
2,candidate,html_dense,5,1,5,60787,911805,19.6
2,candidate,html_dense,5,1,6,60787,911805,20.4
2,candidate,html_dense,5,1,7,60787,911805,20.1
2,candidate,html_dense,5,1,8,60787,911805,19.9
2,candidate,html_dense,5,2,0,60787,1458888,27.2
2,candidate,html_dense,5,2,1,60787,1458888,25.6
2,candidate,html_dense,5,2,2,60787,1458888,23.6
2,candidate,html_dense,5,2,3,60787,1458888,23.7
2,candidate,html_dense,5,2,4,60787,1458888,24.6
2,candidate,html_dense,5,2,5,60787,1458888,23.7
2,candidate,html_dense,5,2,6,60787,1458888,23.7
2,candidate,html_dense,5,2,7,60787,1458888,25.8
2,candidate,html_dense,5,2,8,60787,1458888,23.7
2,candidate,html_dense,5,3,0,60787,911805,20.0
2,candidate,html_dense,5,3,1,60787,911805,19.4
2,candidate,html_dense,5,3,2,60787,911805,19.3
2,candidate,html_dense,5,3,3,60787,911805,19.5
2,candidate,html_dense,5,3,4,60787,911805,19.2
2,candidate,html_dense,5,3,5,60787,911805,19.6
2,candidate,html_dense,5,3,6,60787,911805,20.3
2,candidate,html_dense,5,3,7,60787,911805,19.3
2,candidate,html_dense,5,3,8,60787,911805,19.4
2,candidate,html_dense,10,0,0,56679,1700370,31.6
2,candidate,html_dense,10,0,1,56679,1700370,32.0
2,candidate,html_dense,10,0,2,56679,1700370,30.5
2,candidate,html_dense,10,0,3,56679,1700370,31.3
2,candidate,html_dense,10,0,4,56679,1700370,30.7
2,candidate,html_dense,10,0,5,56679,1700370,30.8
2,candidate,html_dense,10,0,6,56679,1700370,30.8
2,candidate,html_dense,10,0,7,56679,1700370,30.7
2,candidate,html_dense,10,0,8,56679,1700370,32.4
2,candidate,html_dense,10,1,0,56679,1700370,31.3
2,candidate,html_dense,10,1,1,56679,1700370,31.4
2,candidate,html_dense,10,1,2,56679,1700370,34.1
2,candidate,html_dense,10,1,3,56679,1700370,32.8
2,candidate,html_dense,10,1,4,56679,1700370,32.3
2,candidate,html_dense,10,1,5,56679,1700370,32.3
2,candidate,html_dense,10,1,6,56679,1700370,31.7
2,candidate,html_dense,10,1,7,56679,1700370,32.1
2,candidate,html_dense,10,1,8,56679,1700370,31.3
2,candidate,html_dense,10,2,0,56679,2720592,31.6
2,candidate,html_dense,10,2,1,56679,2720592,31.7
2,candidate,html_dense,10,2,2,56679,2720592,31.7
2,candidate,html_dense,10,2,3,56679,2720592,31.6
2,candidate,html_dense,10,2,4,56679,2720592,31.2
2,candidate,html_dense,10,2,5,56679,2720592,32.7
2,candidate,html_dense,10,2,6,56679,2720592,31.5
2,candidate,html_dense,10,2,7,56679,2720592,31.7
2,candidate,html_dense,10,2,8,56679,2720592,31.9
2,candidate,html_dense,10,3,0,56679,1700370,30.7
2,candidate,html_dense,10,3,1,56679,1700370,30.7
2,candidate,html_dense,10,3,2,56679,1700370,31.0
2,candidate,html_dense,10,3,3,56679,1700370,30.4
2,candidate,html_dense,10,3,4,56679,1700370,30.6
2,candidate,html_dense,10,3,5,56679,1700370,30.9
2,candidate,html_dense,10,3,6,56679,1700370,30.8
2,candidate,html_dense,10,3,7,56679,1700370,31.2
2,candidate,html_dense,10,3,8,56679,1700370,30.6
2,candidate,html_dense,65,0,0,32513,6340035,166.0
2,candidate,html_dense,65,0,1,32513,6340035,162.0
2,candidate,html_dense,65,0,2,32513,6340035,159.6
2,candidate,html_dense,65,0,3,32513,6340035,162.3
2,candidate,html_dense,65,0,4,32513,6340035,160.4
2,candidate,html_dense,65,0,5,32513,6340035,161.2
2,candidate,html_dense,65,0,6,32513,6340035,169.6
2,candidate,html_dense,65,0,7,32513,6340035,159.7
2,candidate,html_dense,65,0,8,32513,6340035,158.5
2,candidate,html_dense,65,1,0,32513,6340035,171.1
2,candidate,html_dense,65,1,1,32513,6340035,166.6
2,candidate,html_dense,65,1,2,32513,6340035,166.0
2,candidate,html_dense,65,1,3,32513,6340035,170.0
2,candidate,html_dense,65,1,4,32513,6340035,166.2
2,candidate,html_dense,65,1,5,32513,6340035,167.2
2,candidate,html_dense,65,1,6,32513,6340035,170.1
2,candidate,html_dense,65,1,7,32513,6340035,166.2
2,candidate,html_dense,65,1,8,32513,6340035,168.5
2,candidate,html_dense,65,2,0,32513,10144056,121.5
2,candidate,html_dense,65,2,1,32513,10144056,125.7
2,candidate,html_dense,65,2,2,32513,10144056,122.3
2,candidate,html_dense,65,2,3,32513,10144056,121.8
2,candidate,html_dense,65,2,4,32513,10144056,121.4
2,candidate,html_dense,65,2,5,32513,10144056,123.4
2,candidate,html_dense,65,2,6,32513,10144056,129.4
2,candidate,html_dense,65,2,7,32513,10144056,123.6
2,candidate,html_dense,65,2,8,32513,10144056,123.0
2,candidate,html_dense,65,3,0,32513,6340035,161.9
2,candidate,html_dense,65,3,1,32513,6340035,162.6
2,candidate,html_dense,65,3,2,32513,6340035,159.6
2,candidate,html_dense,65,3,3,32513,6340035,159.0
2,candidate,html_dense,65,3,4,32513,6340035,160.2
2,candidate,html_dense,65,3,5,32513,6340035,159.2
2,candidate,html_dense,65,3,6,32513,6340035,161.7
2,candidate,html_dense,65,3,7,32513,6340035,163.2
2,candidate,html_dense,65,3,8,32513,6340035,160.7
2,candidate,html_dense,4100,0,0,1007,12386100,9385.0
2,candidate,html_dense,4100,0,1,1007,12386100,9539.6
2,candidate,html_dense,4100,0,2,1007,12386100,9309.4
2,candidate,html_dense,4100,0,3,1007,12386100,9309.5
2,candidate,html_dense,4100,0,4,1007,12386100,9416.4
2,candidate,html_dense,4100,0,5,1007,12386100,9372.4
2,candidate,html_dense,4100,0,6,1007,12386100,9382.9
2,candidate,html_dense,4100,0,7,1007,12386100,9250.0
2,candidate,html_dense,4100,0,8,1007,12386100,9627.2
2,candidate,html_dense,4100,1,0,1007,12386100,9893.8
2,candidate,html_dense,4100,1,1,1007,12386100,9887.0
2,candidate,html_dense,4100,1,2,1007,12386100,9605.0
2,candidate,html_dense,4100,1,3,1007,12386100,9787.0
2,candidate,html_dense,4100,1,4,1007,12386100,9955.0
2,candidate,html_dense,4100,1,5,1007,12386100,9641.3
2,candidate,html_dense,4100,1,6,1007,12386100,9760.2
2,candidate,html_dense,4100,1,7,1007,12386100,9673.3
2,candidate,html_dense,4100,1,8,1007,12386100,9761.4
2,candidate,html_dense,4100,2,0,1007,19817760,6580.3
2,candidate,html_dense,4100,2,1,1007,19817760,6595.0
2,candidate,html_dense,4100,2,2,1007,19817760,6957.5
2,candidate,html_dense,4100,2,3,1007,19817760,6584.8
2,candidate,html_dense,4100,2,4,1007,19817760,6591.9
2,candidate,html_dense,4100,2,5,1007,19817760,6609.6
2,candidate,html_dense,4100,2,6,1007,19817760,6681.7
2,candidate,html_dense,4100,2,7,1007,19817760,6831.8
2,candidate,html_dense,4100,2,8,1007,19817760,6505.5
2,candidate,html_dense,4100,3,0,1007,12386100,9173.7
2,candidate,html_dense,4100,3,1,1007,12386100,9423.9
2,candidate,html_dense,4100,3,2,1007,12386100,9270.3
2,candidate,html_dense,4100,3,3,1007,12386100,9343.5
2,candidate,html_dense,4100,3,4,1007,12386100,9427.5
2,candidate,html_dense,4100,3,5,1007,12386100,9236.3
2,candidate,html_dense,4100,3,6,1007,12386100,9270.9
2,candidate,html_dense,4100,3,7,1007,12386100,9416.2
2,candidate,html_dense,4100,3,8,1007,12386100,9216.6
2,candidate,html_dense,65540,0,0,64,12583680,150699.1
2,candidate,html_dense,65540,0,1,64,12583680,153736.0
2,candidate,html_dense,65540,0,2,64,12583680,148752.8
2,candidate,html_dense,65540,0,3,64,12583680,150975.5
2,candidate,html_dense,65540,0,4,64,12583680,152923.7
2,candidate,html_dense,65540,0,5,64,12583680,150506.9
2,candidate,html_dense,65540,0,6,64,12583680,149481.0
2,candidate,html_dense,65540,0,7,64,12583680,153311.5
2,candidate,html_dense,65540,0,8,64,12583680,154071.4
2,candidate,html_dense,65540,1,0,64,12583680,155144.9
2,candidate,html_dense,65540,1,1,64,12583680,160693.9
2,candidate,html_dense,65540,1,2,64,12583680,155003.0
2,candidate,html_dense,65540,1,3,64,12583680,155792.8
2,candidate,html_dense,65540,1,4,64,12583680,161760.6
2,candidate,html_dense,65540,1,5,64,12583680,155403.2
2,candidate,html_dense,65540,1,6,64,12583680,155208.9
2,candidate,html_dense,65540,1,7,64,12583680,159579.0
2,candidate,html_dense,65540,1,8,64,12583680,154687.3
2,candidate,html_dense,65540,2,0,64,20133888,104437.3
2,candidate,html_dense,65540,2,1,64,20133888,108785.1
2,candidate,html_dense,65540,2,2,64,20133888,108285.6
2,candidate,html_dense,65540,2,3,64,20133888,107749.3
2,candidate,html_dense,65540,2,4,64,20133888,109929.9
2,candidate,html_dense,65540,2,5,64,20133888,111725.0
2,candidate,html_dense,65540,2,6,64,20133888,111662.4
2,candidate,html_dense,65540,2,7,64,20133888,109964.3
2,candidate,html_dense,65540,2,8,64,20133888,108236.8
2,candidate,html_dense,65540,3,0,64,12583680,150284.0
2,candidate,html_dense,65540,3,1,64,12583680,146762.2
2,candidate,html_dense,65540,3,2,64,12583680,149151.3
2,candidate,html_dense,65540,3,3,64,12583680,150367.9
2,candidate,html_dense,65540,3,4,64,12583680,147036.9
2,candidate,html_dense,65540,3,5,64,12583680,149172.5
2,candidate,html_dense,65540,3,6,64,12583680,147973.8
2,candidate,html_dense,65540,3,7,64,12583680,149496.0
2,candidate,html_dense,65540,3,8,64,12583680,147663.2
3,baseline,plain,0,0,0,65536,0,3.5
3,baseline,plain,0,0,1,65536,0,3.5
3,baseline,plain,0,0,2,65536,0,3.5
3,baseline,plain,0,0,3,65536,0,3.5
3,baseline,plain,0,0,4,65536,0,3.7
3,baseline,plain,0,0,5,65536,0,3.7
3,baseline,plain,0,0,6,65536,0,3.6
3,baseline,plain,0,0,7,65536,0,3.5
3,baseline,plain,0,0,8,65536,0,3.5
3,baseline,plain,0,1,0,65536,0,3.7
3,baseline,plain,0,1,1,65536,0,3.7
3,baseline,plain,0,1,2,65536,0,3.7
3,baseline,plain,0,1,3,65536,0,3.8
3,baseline,plain,0,1,4,65536,0,3.7
3,baseline,plain,0,1,5,65536,0,3.7
3,baseline,plain,0,1,6,65536,0,3.7
3,baseline,plain,0,1,7,65536,0,3.8
3,baseline,plain,0,1,8,65536,0,3.7
3,baseline,plain,0,2,0,65536,0,5.4
3,baseline,plain,0,2,1,65536,0,5.6
3,baseline,plain,0,2,2,65536,0,5.4
3,baseline,plain,0,2,3,65536,0,5.6
3,baseline,plain,0,2,4,65536,0,5.4
3,baseline,plain,0,2,5,65536,0,5.7
3,baseline,plain,0,2,6,65536,0,5.4
3,baseline,plain,0,2,7,65536,0,5.4
3,baseline,plain,0,2,8,65536,0,5.7
3,baseline,plain,0,3,0,65536,0,3.5
3,baseline,plain,0,3,1,65536,0,3.5
3,baseline,plain,0,3,2,65536,0,3.5
3,baseline,plain,0,3,3,65536,0,3.7
3,baseline,plain,0,3,4,65536,0,3.5
3,baseline,plain,0,3,5,65536,0,3.6
3,baseline,plain,0,3,6,65536,0,3.5
3,baseline,plain,0,3,7,65536,0,3.5
3,baseline,plain,0,3,8,65536,0,3.5
3,baseline,plain,30,0,0,44620,1427840,42.1
3,baseline,plain,30,0,1,44620,1427840,42.4
3,baseline,plain,30,0,2,44620,1427840,41.7
3,baseline,plain,30,0,3,44620,1427840,42.9
3,baseline,plain,30,0,4,44620,1427840,41.7
3,baseline,plain,30,0,5,44620,1427840,43.5
3,baseline,plain,30,0,6,44620,1427840,41.7
3,baseline,plain,30,0,7,44620,1427840,41.7
3,baseline,plain,30,0,8,44620,1427840,42.2
3,baseline,plain,30,1,0,44620,1338600,47.1
3,baseline,plain,30,1,1,44620,1338600,49.1
3,baseline,plain,30,1,2,44620,1338600,48.2
3,baseline,plain,30,1,3,44620,1338600,47.9
3,baseline,plain,30,1,4,44620,1338600,48.3
3,baseline,plain,30,1,5,44620,1338600,47.4
3,baseline,plain,30,1,6,44620,1338600,47.7
3,baseline,plain,30,1,7,44620,1338600,47.4
3,baseline,plain,30,1,8,44620,1338600,48.4
3,baseline,plain,30,2,0,44620,1338600,37.0
3,baseline,plain,30,2,1,44620,1338600,37.0
3,baseline,plain,30,2,2,44620,1338600,37.1
3,baseline,plain,30,2,3,44620,1338600,37.2
3,baseline,plain,30,2,4,44620,1338600,37.2
3,baseline,plain,30,2,5,44620,1338600,37.8
3,baseline,plain,30,2,6,44620,1338600,38.6
3,baseline,plain,30,2,7,44620,1338600,36.8
3,baseline,plain,30,2,8,44620,1338600,37.3
3,baseline,plain,30,3,0,44620,1427840,50.4
3,baseline,plain,30,3,1,44620,1427840,51.2
3,baseline,plain,30,3,2,44620,1427840,50.3
3,baseline,plain,30,3,3,44620,1427840,55.2
3,baseline,plain,30,3,4,44620,1427840,50.6
3,baseline,plain,30,3,5,44620,1427840,52.9
3,baseline,plain,30,3,6,44620,1427840,51.5
3,baseline,plain,30,3,7,44620,1427840,51.2
3,baseline,plain,30,3,8,44620,1427840,52.8
3,baseline,plain,90,0,0,27235,2614560,122.0
3,baseline,plain,90,0,1,27235,2614560,122.5
3,baseline,plain,90,0,2,27235,2614560,123.3
3,baseline,plain,90,0,3,27235,2614560,123.0
3,baseline,plain,90,0,4,27235,2614560,124.1
3,baseline,plain,90,0,5,27235,2614560,123.3
3,baseline,plain,90,0,6,27235,2614560,125.1
3,baseline,plain,90,0,7,27235,2614560,123.5
3,baseline,plain,90,0,8,27235,2614560,124.3
3,baseline,plain,90,1,0,27235,2451150,143.5
3,baseline,plain,90,1,1,27235,2451150,142.1
3,baseline,plain,90,1,2,27235,2451150,139.8
3,baseline,plain,90,1,3,27235,2451150,140.0
3,baseline,plain,90,1,4,27235,2451150,141.7
3,baseline,plain,90,1,5,27235,2451150,147.4
3,baseline,plain,90,1,6,27235,2451150,142.2
3,baseline,plain,90,1,7,27235,2451150,140.2
3,baseline,plain,90,1,8,27235,2451150,140.4
3,baseline,plain,90,2,0,27235,2451150,89.3
3,baseline,plain,90,2,1,27235,2451150,94.2
3,baseline,plain,90,2,2,27235,2451150,94.2
3,baseline,plain,90,2,3,27235,2451150,87.0
3,baseline,plain,90,2,4,27235,2451150,92.3
3,baseline,plain,90,2,5,27235,2451150,90.8
3,baseline,plain,90,2,6,27235,2451150,87.5
3,baseline,plain,90,2,7,27235,2451150,90.2
3,baseline,plain,90,2,8,27235,2451150,87.9
3,baseline,plain,90,3,0,27235,2614560,141.4
3,baseline,plain,90,3,1,27235,2614560,139.2
3,baseline,plain,90,3,2,27235,2614560,141.1
3,baseline,plain,90,3,3,27235,2614560,156.9
3,baseline,plain,90,3,4,27235,2614560,140.5
3,baseline,plain,90,3,5,27235,2614560,139.0
3,baseline,plain,90,3,6,27235,2614560,139.1
3,baseline,plain,90,3,7,27235,2614560,141.3
3,baseline,plain,90,3,8,27235,2614560,139.3
3,baseline,plain,4110,0,0,1004,4401536,5269.9
3,baseline,plain,4110,0,1,1004,4401536,4919.0
3,baseline,plain,4110,0,2,1004,4401536,4738.3
3,baseline,plain,4110,0,3,1004,4401536,4798.9
3,baseline,plain,4110,0,4,1004,4401536,4734.1
3,baseline,plain,4110,0,5,1004,4401536,4695.4
3,baseline,plain,4110,0,6,1004,4401536,4835.5
3,baseline,plain,4110,0,7,1004,4401536,5524.2
3,baseline,plain,4110,0,8,1004,4401536,4716.3
3,baseline,plain,4110,1,0,1004,4126440,5772.6
3,baseline,plain,4110,1,1,1004,4126440,5793.9
3,baseline,plain,4110,1,2,1004,4126440,5835.8
3,baseline,plain,4110,1,3,1004,4126440,5794.8
3,baseline,plain,4110,1,4,1004,4126440,5794.1
3,baseline,plain,4110,1,5,1004,4126440,5754.5
3,baseline,plain,4110,1,6,1004,4126440,5806.4
3,baseline,plain,4110,1,7,1004,4126440,5859.9
3,baseline,plain,4110,1,8,1004,4126440,5788.6
3,baseline,plain,4110,2,0,1004,4126440,3714.1
3,baseline,plain,4110,2,1,1004,4126440,3698.3
3,baseline,plain,4110,2,2,1004,4126440,3708.8
3,baseline,plain,4110,2,3,1004,4126440,3687.4
3,baseline,plain,4110,2,4,1004,4126440,3726.4
3,baseline,plain,4110,2,5,1004,4126440,3770.6
3,baseline,plain,4110,2,6,1004,4126440,3776.6
3,baseline,plain,4110,2,7,1004,4126440,3791.8
3,baseline,plain,4110,2,8,1004,4126440,3722.2
3,baseline,plain,4110,3,0,1004,4401536,5796.2
3,baseline,plain,4110,3,1,1004,4401536,5991.2
3,baseline,plain,4110,3,2,1004,4401536,5806.1
3,baseline,plain,4110,3,3,1004,4401536,5865.0
3,baseline,plain,4110,3,4,1004,4401536,5870.9
3,baseline,plain,4110,3,5,1004,4401536,5786.2
3,baseline,plain,4110,3,6,1004,4401536,5908.6
3,baseline,plain,4110,3,7,1004,4401536,5832.4
3,baseline,plain,4110,3,8,1004,4401536,5802.0
3,baseline,plain,65550,0,0,64,4474880,74773.5
3,baseline,plain,65550,0,1,64,4474880,75552.8
3,baseline,plain,65550,0,2,64,4474880,75465.6
3,baseline,plain,65550,0,3,64,4474880,77208.9
3,baseline,plain,65550,0,4,64,4474880,74610.9
3,baseline,plain,65550,0,5,64,4474880,74391.5
3,baseline,plain,65550,0,6,64,4474880,75184.2
3,baseline,plain,65550,0,7,64,4474880,74358.7
3,baseline,plain,65550,0,8,64,4474880,74369.6
3,baseline,plain,65550,1,0,64,4195200,91681.9
3,baseline,plain,65550,1,1,64,4195200,93751.4
3,baseline,plain,65550,1,2,64,4195200,91200.6
3,baseline,plain,65550,1,3,64,4195200,93280.8
3,baseline,plain,65550,1,4,64,4195200,102476.1
3,baseline,plain,65550,1,5,64,4195200,94872.3
3,baseline,plain,65550,1,6,64,4195200,96195.9
3,baseline,plain,65550,1,7,64,4195200,91808.3
3,baseline,plain,65550,1,8,64,4195200,91686.3
3,baseline,plain,65550,2,0,64,4195200,56627.9
3,baseline,plain,65550,2,1,64,4195200,57160.8
3,baseline,plain,65550,2,2,64,4195200,57037.3
3,baseline,plain,65550,2,3,64,4195200,60002.5
3,baseline,plain,65550,2,4,64,4195200,56776.0
3,baseline,plain,65550,2,5,64,4195200,59706.3
3,baseline,plain,65550,2,6,64,4195200,56929.5
3,baseline,plain,65550,2,7,64,4195200,56513.0
3,baseline,plain,65550,2,8,64,4195200,58461.2
3,baseline,plain,65550,3,0,64,4474880,93586.9
3,baseline,plain,65550,3,1,64,4474880,93074.7
3,baseline,plain,65550,3,2,64,4474880,93394.9
3,baseline,plain,65550,3,3,64,4474880,93716.6
3,baseline,plain,65550,3,4,64,4474880,92534.3
3,baseline,plain,65550,3,5,64,4474880,93235.2
3,baseline,plain,65550,3,6,64,4474880,93138.1
3,baseline,plain,65550,3,7,64,4474880,93341.7
3,baseline,plain,65550,3,8,64,4474880,99061.5
3,baseline,mixed,46,0,0,38130,3660480,82.2
3,baseline,mixed,46,0,1,38130,3660480,83.4
3,baseline,mixed,46,0,2,38130,3660480,82.8
3,baseline,mixed,46,0,3,38130,3660480,82.2
3,baseline,mixed,46,0,4,38130,3660480,82.5
3,baseline,mixed,46,0,5,38130,3660480,82.5
3,baseline,mixed,46,0,6,38130,3660480,82.7
3,baseline,mixed,46,0,7,38130,3660480,81.9
3,baseline,mixed,46,0,8,38130,3660480,82.8
3,baseline,mixed,46,1,0,38130,3507960,94.8
3,baseline,mixed,46,1,1,38130,3507960,94.0
3,baseline,mixed,46,1,2,38130,3507960,94.3
3,baseline,mixed,46,1,3,38130,3507960,94.7
3,baseline,mixed,46,1,4,38130,3507960,105.2
3,baseline,mixed,46,1,5,38130,3507960,94.5
3,baseline,mixed,46,1,6,38130,3507960,94.6
3,baseline,mixed,46,1,7,38130,3507960,94.3
3,baseline,mixed,46,1,8,38130,3507960,95.7
3,baseline,mixed,46,2,0,38130,2897880,77.0
3,baseline,mixed,46,2,1,38130,2897880,72.4
3,baseline,mixed,46,2,2,38130,2897880,73.7
3,baseline,mixed,46,2,3,38130,2897880,74.2
3,baseline,mixed,46,2,4,38130,2897880,73.3
3,baseline,mixed,46,2,5,38130,2897880,72.9
3,baseline,mixed,46,2,6,38130,2897880,72.8
3,baseline,mixed,46,2,7,38130,2897880,72.7
3,baseline,mixed,46,2,8,38130,2897880,77.9
3,baseline,mixed,46,3,0,38130,3355440,82.1
3,baseline,mixed,46,3,1,38130,3355440,84.4
3,baseline,mixed,46,3,2,38130,3355440,83.2
3,baseline,mixed,46,3,3,38130,3355440,81.7
3,baseline,mixed,46,3,4,38130,3355440,82.8
3,baseline,mixed,46,3,5,38130,3355440,81.9
3,baseline,mixed,46,3,6,38130,3355440,82.1
3,baseline,mixed,46,3,7,38130,3355440,82.5
3,baseline,mixed,46,3,8,38130,3355440,82.0
3,baseline,mixed,92,0,0,26886,5162112,167.4
3,baseline,mixed,92,0,1,26886,5162112,170.2
3,baseline,mixed,92,0,2,26886,5162112,167.9
3,baseline,mixed,92,0,3,26886,5162112,163.5
3,baseline,mixed,92,0,4,26886,5162112,166.1
3,baseline,mixed,92,0,5,26886,5162112,167.1
3,baseline,mixed,92,0,6,26886,5162112,165.5
3,baseline,mixed,92,0,7,26886,5162112,165.0
3,baseline,mixed,92,0,8,26886,5162112,169.6
3,baseline,mixed,92,1,0,26886,4947024,191.8
3,baseline,mixed,92,1,1,26886,4947024,185.1
3,baseline,mixed,92,1,2,26886,4947024,197.0
3,baseline,mixed,92,1,3,26886,4947024,186.5
3,baseline,mixed,92,1,4,26886,4947024,195.7
3,baseline,mixed,92,1,5,26886,4947024,199.0
3,baseline,mixed,92,1,6,26886,4947024,187.7
3,baseline,mixed,92,1,7,26886,4947024,187.6
3,baseline,mixed,92,1,8,26886,4947024,183.0
3,baseline,mixed,92,2,0,26886,4086672,132.5
3,baseline,mixed,92,2,1,26886,4086672,133.0
3,baseline,mixed,92,2,2,26886,4086672,133.3
3,baseline,mixed,92,2,3,26886,4086672,136.3
3,baseline,mixed,92,2,4,26886,4086672,131.7
3,baseline,mixed,92,2,5,26886,4086672,133.9
3,baseline,mixed,92,2,6,26886,4086672,132.9
3,baseline,mixed,92,2,7,26886,4086672,133.1
3,baseline,mixed,92,2,8,26886,4086672,131.3
3,baseline,mixed,92,3,0,26886,4731936,168.2
3,baseline,mixed,92,3,1,26886,4731936,169.8
3,baseline,mixed,92,3,2,26886,4731936,164.4
3,baseline,mixed,92,3,3,26886,4731936,169.8
3,baseline,mixed,92,3,4,26886,4731936,171.3
3,baseline,mixed,92,3,5,26886,4731936,174.7
3,baseline,mixed,92,3,6,26886,4731936,173.4
3,baseline,mixed,92,3,7,26886,4731936,171.2
3,baseline,mixed,92,3,8,26886,4731936,165.7
3,baseline,mixed,4140,0,0,997,8614080,7184.5
3,baseline,mixed,4140,0,1,997,8614080,6807.2
3,baseline,mixed,4140,0,2,997,8614080,6850.4
3,baseline,mixed,4140,0,3,997,8614080,6807.0
3,baseline,mixed,4140,0,4,997,8614080,6791.0
3,baseline,mixed,4140,0,5,997,8614080,6898.3
3,baseline,mixed,4140,0,6,997,8614080,6850.3
3,baseline,mixed,4140,0,7,997,8614080,7065.2
3,baseline,mixed,4140,0,8,997,8614080,7014.7
3,baseline,mixed,4140,1,0,997,8255160,7723.1
3,baseline,mixed,4140,1,1,997,8255160,7824.6
3,baseline,mixed,4140,1,2,997,8255160,7771.0
3,baseline,mixed,4140,1,3,997,8255160,7843.9
3,baseline,mixed,4140,1,4,997,8255160,7908.1
3,baseline,mixed,4140,1,5,997,8255160,7815.4
3,baseline,mixed,4140,1,6,997,8255160,7711.6
3,baseline,mixed,4140,1,7,997,8255160,7751.1
3,baseline,mixed,4140,1,8,997,8255160,7714.7
3,baseline,mixed,4140,2,0,997,6819480,5216.6
3,baseline,mixed,4140,2,1,997,6819480,5199.0
3,baseline,mixed,4140,2,2,997,6819480,5204.8
3,baseline,mixed,4140,2,3,997,6819480,5191.8
3,baseline,mixed,4140,2,4,997,6819480,5652.4
3,baseline,mixed,4140,2,5,997,6819480,5165.9
3,baseline,mixed,4140,2,6,997,6819480,5320.8
3,baseline,mixed,4140,2,7,997,6819480,5130.4
3,baseline,mixed,4140,2,8,997,6819480,5156.0
3,baseline,mixed,4140,3,0,997,7896240,6903.9
3,baseline,mixed,4140,3,1,997,7896240,6879.6
3,baseline,mixed,4140,3,2,997,7896240,6921.9
3,baseline,mixed,4140,3,3,997,7896240,6870.5
3,baseline,mixed,4140,3,4,997,7896240,6876.3
3,baseline,mixed,4140,3,5,997,7896240,6993.0
3,baseline,mixed,4140,3,6,997,7896240,6984.9
3,baseline,mixed,4140,3,7,997,7896240,6923.6
3,baseline,mixed,4140,3,8,997,7896240,6875.4
3,baseline,mixed,65550,0,0,64,8755200,107929.6
3,baseline,mixed,65550,0,1,64,8755200,109741.9
3,baseline,mixed,65550,0,2,64,8755200,107966.5
3,baseline,mixed,65550,0,3,64,8755200,109383.6
3,baseline,mixed,65550,0,4,64,8755200,106619.6
3,baseline,mixed,65550,0,5,64,8755200,107510.4
3,baseline,mixed,65550,0,6,64,8755200,106844.8
3,baseline,mixed,65550,0,7,64,8755200,108976.3
3,baseline,mixed,65550,0,8,64,8755200,108426.9
3,baseline,mixed,65550,1,0,64,8390400,122567.3
3,baseline,mixed,65550,1,1,64,8390400,124411.5
3,baseline,mixed,65550,1,2,64,8390400,126279.2
3,baseline,mixed,65550,1,3,64,8390400,124319.5
3,baseline,mixed,65550,1,4,64,8390400,121850.7
3,baseline,mixed,65550,1,5,64,8390400,123122.2
3,baseline,mixed,65550,1,6,64,8390400,124182.8
3,baseline,mixed,65550,1,7,64,8390400,124928.4
3,baseline,mixed,65550,1,8,64,8390400,121879.9
3,baseline,mixed,65550,2,0,64,6931200,83903.3
3,baseline,mixed,65550,2,1,64,6931200,83629.1
3,baseline,mixed,65550,2,2,64,6931200,81168.7
3,baseline,mixed,65550,2,3,64,6931200,81063.2
3,baseline,mixed,65550,2,4,64,6931200,81275.1
3,baseline,mixed,65550,2,5,64,6931200,81646.3
3,baseline,mixed,65550,2,6,64,6931200,81383.8
3,baseline,mixed,65550,2,7,64,6931200,82985.5
3,baseline,mixed,65550,2,8,64,6931200,84155.2
3,baseline,mixed,65550,3,0,64,8025600,107934.6
3,baseline,mixed,65550,3,1,64,8025600,107742.4
3,baseline,mixed,65550,3,2,64,8025600,108622.0
3,baseline,mixed,65550,3,3,64,8025600,108757.6
3,baseline,mixed,65550,3,4,64,8025600,109554.9
3,baseline,mixed,65550,3,5,64,8025600,109478.1
3,baseline,mixed,65550,3,6,64,8025600,108075.5
3,baseline,mixed,65550,3,7,64,8025600,110577.1
3,baseline,mixed,65550,3,8,64,8025600,108217.3
3,baseline,unreserved,1,0,0,64527,64527,8.6
3,baseline,unreserved,1,0,1,64527,64527,8.7
3,baseline,unreserved,1,0,2,64527,64527,8.7
3,baseline,unreserved,1,0,3,64527,64527,8.7
3,baseline,unreserved,1,0,4,64527,64527,9.0
3,baseline,unreserved,1,0,5,64527,64527,10.4
3,baseline,unreserved,1,0,6,64527,64527,8.8
3,baseline,unreserved,1,0,7,64527,64527,9.0
3,baseline,unreserved,1,0,8,64527,64527,9.6
3,baseline,unreserved,1,1,0,64527,64527,9.3
3,baseline,unreserved,1,1,1,64527,64527,9.9
3,baseline,unreserved,1,1,2,64527,64527,10.0
3,baseline,unreserved,1,1,3,64527,64527,9.4
3,baseline,unreserved,1,1,4,64527,64527,9.6
3,baseline,unreserved,1,1,5,64527,64527,9.7
3,baseline,unreserved,1,1,6,64527,64527,11.8
3,baseline,unreserved,1,1,7,64527,64527,9.3
3,baseline,unreserved,1,1,8,64527,64527,9.4
3,baseline,unreserved,1,2,0,64527,64527,15.3
3,baseline,unreserved,1,2,1,64527,64527,11.9
3,baseline,unreserved,1,2,2,64527,64527,13.8
3,baseline,unreserved,1,2,3,64527,64527,11.9
3,baseline,unreserved,1,2,4,64527,64527,13.8
3,baseline,unreserved,1,2,5,64527,64527,11.9
3,baseline,unreserved,1,2,6,64527,64527,12.2
3,baseline,unreserved,1,2,7,64527,64527,12.1
3,baseline,unreserved,1,2,8,64527,64527,11.9
3,baseline,unreserved,1,3,0,64527,64527,10.0
3,baseline,unreserved,1,3,1,64527,64527,10.7
3,baseline,unreserved,1,3,2,64527,64527,10.3
3,baseline,unreserved,1,3,3,64527,64527,9.9
3,baseline,unreserved,1,3,4,64527,64527,8.6
3,baseline,unreserved,1,3,5,64527,64527,8.8
3,baseline,unreserved,1,3,6,64527,64527,8.8
3,baseline,unreserved,1,3,7,64527,64527,8.6
3,baseline,unreserved,1,3,8,64527,64527,8.9
3,baseline,unreserved,8,0,0,58254,466032,16.6
3,baseline,unreserved,8,0,1,58254,466032,16.2
3,baseline,unreserved,8,0,2,58254,466032,16.9
3,baseline,unreserved,8,0,3,58254,466032,16.2
3,baseline,unreserved,8,0,4,58254,466032,16.4
3,baseline,unreserved,8,0,5,58254,466032,16.3
3,baseline,unreserved,8,0,6,58254,466032,16.5
3,baseline,unreserved,8,0,7,58254,466032,16.4
3,baseline,unreserved,8,0,8,58254,466032,17.5
3,baseline,unreserved,8,1,0,58254,466032,18.3
3,baseline,unreserved,8,1,1,58254,466032,18.2
3,baseline,unreserved,8,1,2,58254,466032,18.5
3,baseline,unreserved,8,1,3,58254,466032,18.6
3,baseline,unreserved,8,1,4,58254,466032,20.1
3,baseline,unreserved,8,1,5,58254,466032,20.0
3,baseline,unreserved,8,1,6,58254,466032,18.2
3,baseline,unreserved,8,1,7,58254,466032,18.4
3,baseline,unreserved,8,1,8,58254,466032,18.3
3,baseline,unreserved,8,2,0,58254,466032,21.6
3,baseline,unreserved,8,2,1,58254,466032,18.3
3,baseline,unreserved,8,2,2,58254,466032,22.2
3,baseline,unreserved,8,2,3,58254,466032,18.9
3,baseline,unreserved,8,2,4,58254,466032,21.9
3,baseline,unreserved,8,2,5,58254,466032,18.6
3,baseline,unreserved,8,2,6,58254,466032,18.4
3,baseline,unreserved,8,2,7,58254,466032,21.6
3,baseline,unreserved,8,2,8,58254,466032,18.9
3,baseline,unreserved,8,3,0,58254,466032,18.6
3,baseline,unreserved,8,3,1,58254,466032,19.4
3,baseline,unreserved,8,3,2,58254,466032,26.3
3,baseline,unreserved,8,3,3,58254,466032,19.4
3,baseline,unreserved,8,3,4,58254,466032,19.1
3,baseline,unreserved,8,3,5,58254,466032,19.6
3,baseline,unreserved,8,3,6,58254,466032,18.5
3,baseline,unreserved,8,3,7,58254,466032,20.4
3,baseline,unreserved,8,3,8,58254,466032,19.7
3,baseline,unreserved,64,0,0,32768,2097152,81.3
3,baseline,unreserved,64,0,1,32768,2097152,84.8
3,baseline,unreserved,64,0,2,32768,2097152,81.8
3,baseline,unreserved,64,0,3,32768,2097152,81.1
3,baseline,unreserved,64,0,4,32768,2097152,82.5
3,baseline,unreserved,64,0,5,32768,2097152,84.8
3,baseline,unreserved,64,0,6,32768,2097152,84.0
3,baseline,unreserved,64,0,7,32768,2097152,92.1
3,baseline,unreserved,64,0,8,32768,2097152,86.5
3,baseline,unreserved,64,1,0,32768,2097152,102.8
3,baseline,unreserved,64,1,1,32768,2097152,104.9
3,baseline,unreserved,64,1,2,32768,2097152,102.7
3,baseline,unreserved,64,1,3,32768,2097152,104.2
3,baseline,unreserved,64,1,4,32768,2097152,108.6
3,baseline,unreserved,64,1,5,32768,2097152,107.2
3,baseline,unreserved,64,1,6,32768,2097152,108.1
3,baseline,unreserved,64,1,7,32768,2097152,104.9
3,baseline,unreserved,64,1,8,32768,2097152,105.3
3,baseline,unreserved,64,2,0,32768,2097152,70.4
3,baseline,unreserved,64,2,1,32768,2097152,72.1
3,baseline,unreserved,64,2,2,32768,2097152,70.7
3,baseline,unreserved,64,2,3,32768,2097152,74.6
3,baseline,unreserved,64,2,4,32768,2097152,83.0
3,baseline,unreserved,64,2,5,32768,2097152,70.1
3,baseline,unreserved,64,2,6,32768,2097152,72.6
3,baseline,unreserved,64,2,7,32768,2097152,75.8
3,baseline,unreserved,64,2,8,32768,2097152,70.7
3,baseline,unreserved,64,3,0,32768,2097152,95.5
3,baseline,unreserved,64,3,1,32768,2097152,93.6
3,baseline,unreserved,64,3,2,32768,2097152,95.4
3,baseline,unreserved,64,3,3,32768,2097152,93.0
3,baseline,unreserved,64,3,4,32768,2097152,96.4
3,baseline,unreserved,64,3,5,32768,2097152,96.3
3,baseline,unreserved,64,3,6,32768,2097152,103.3
3,baseline,unreserved,64,3,7,32768,2097152,94.7
3,baseline,unreserved,64,3,8,32768,2097152,94.7
3,baseline,unreserved,4096,0,0,1008,4128768,4454.1
3,baseline,unreserved,4096,0,1,1008,4128768,4581.9
3,baseline,unreserved,4096,0,2,1008,4128768,4570.8
3,baseline,unreserved,4096,0,3,1008,4128768,4535.2
3,baseline,unreserved,4096,0,4,1008,4128768,4541.2
3,baseline,unreserved,4096,0,5,1008,4128768,4394.7
3,baseline,unreserved,4096,0,6,1008,4128768,4450.4
3,baseline,unreserved,4096,0,7,1008,4128768,4597.1
3,baseline,unreserved,4096,0,8,1008,4128768,4581.3
3,baseline,unreserved,4096,1,0,1008,4128768,5687.6
3,baseline,unreserved,4096,1,1,1008,4128768,5502.3
3,baseline,unreserved,4096,1,2,1008,4128768,5671.5
3,baseline,unreserved,4096,1,3,1008,4128768,5498.0
3,baseline,unreserved,4096,1,4,1008,4128768,5775.2
3,baseline,unreserved,4096,1,5,1008,4128768,6381.6
3,baseline,unreserved,4096,1,6,1008,4128768,5548.9
3,baseline,unreserved,4096,1,7,1008,4128768,5535.0
3,baseline,unreserved,4096,1,8,1008,4128768,5637.2
3,baseline,unreserved,4096,2,0,1008,4128768,3178.0
3,baseline,unreserved,4096,2,1,1008,4128768,3181.3
3,baseline,unreserved,4096,2,2,1008,4128768,3142.5
3,baseline,unreserved,4096,2,3,1008,4128768,3201.1
3,baseline,unreserved,4096,2,4,1008,4128768,3166.7
3,baseline,unreserved,4096,2,5,1008,4128768,3148.8
3,baseline,unreserved,4096,2,6,1008,4128768,3183.0
3,baseline,unreserved,4096,2,7,1008,4128768,3152.0
3,baseline,unreserved,4096,2,8,1008,4128768,3192.4
3,baseline,unreserved,4096,3,0,1008,4128768,5425.1
3,baseline,unreserved,4096,3,1,1008,4128768,5335.1
3,baseline,unreserved,4096,3,2,1008,4128768,5264.5
3,baseline,unreserved,4096,3,3,1008,4128768,5450.8
3,baseline,unreserved,4096,3,4,1008,4128768,5450.1
3,baseline,unreserved,4096,3,5,1008,4128768,5308.8
3,baseline,unreserved,4096,3,6,1008,4128768,5318.8
3,baseline,unreserved,4096,3,7,1008,4128768,5251.2
3,baseline,unreserved,4096,3,8,1008,4128768,5287.7
3,baseline,unreserved,65536,0,0,64,4194304,70819.7
3,baseline,unreserved,65536,0,1,64,4194304,75488.9
3,baseline,unreserved,65536,0,2,64,4194304,72488.4
3,baseline,unreserved,65536,0,3,64,4194304,69428.6
3,baseline,unreserved,65536,0,4,64,4194304,71638.5
3,baseline,unreserved,65536,0,5,64,4194304,70075.9
3,baseline,unreserved,65536,0,6,64,4194304,69556.9
3,baseline,unreserved,65536,0,7,64,4194304,70875.8
3,baseline,unreserved,65536,0,8,64,4194304,70611.5
3,baseline,unreserved,65536,1,0,64,4194304,88428.7
3,baseline,unreserved,65536,1,1,64,4194304,88135.1
3,baseline,unreserved,65536,1,2,64,4194304,88518.4
3,baseline,unreserved,65536,1,3,64,4194304,89534.9
3,baseline,unreserved,65536,1,4,64,4194304,88498.9
3,baseline,unreserved,65536,1,5,64,4194304,87878.4
3,baseline,unreserved,65536,1,6,64,4194304,88282.8
3,baseline,unreserved,65536,1,7,64,4194304,87311.6
3,baseline,unreserved,65536,1,8,64,4194304,92610.1
3,baseline,unreserved,65536,2,0,64,4194304,49783.0
3,baseline,unreserved,65536,2,1,64,4194304,49409.1
3,baseline,unreserved,65536,2,2,64,4194304,49558.3
3,baseline,unreserved,65536,2,3,64,4194304,49791.3
3,baseline,unreserved,65536,2,4,64,4194304,50242.2
3,baseline,unreserved,65536,2,5,64,4194304,49731.1
3,baseline,unreserved,65536,2,6,64,4194304,49706.3
3,baseline,unreserved,65536,2,7,64,4194304,49702.8
3,baseline,unreserved,65536,2,8,64,4194304,62952.0
3,baseline,unreserved,65536,3,0,64,4194304,84316.0
3,baseline,unreserved,65536,3,1,64,4194304,84504.7
3,baseline,unreserved,65536,3,2,64,4194304,83917.4
3,baseline,unreserved,65536,3,3,64,4194304,84701.4
3,baseline,unreserved,65536,3,4,64,4194304,84659.0
3,baseline,unreserved,65536,3,5,64,4194304,84227.1
3,baseline,unreserved,65536,3,6,64,4194304,85296.4
3,baseline,unreserved,65536,3,7,64,4194304,84072.0
3,baseline,unreserved,65536,3,8,64,4194304,84765.3
3,baseline,dense,4,0,0,61680,740160,17.1
3,baseline,dense,4,0,1,61680,740160,16.9
3,baseline,dense,4,0,2,61680,740160,16.9
3,baseline,dense,4,0,3,61680,740160,17.1
3,baseline,dense,4,0,4,61680,740160,17.0
3,baseline,dense,4,0,5,61680,740160,17.8
3,baseline,dense,4,0,6,61680,740160,17.1
3,baseline,dense,4,0,7,61680,740160,17.1
3,baseline,dense,4,0,8,61680,740160,17.1
3,baseline,dense,4,1,0,61680,616800,16.5
3,baseline,dense,4,1,1,61680,616800,16.4
3,baseline,dense,4,1,2,61680,616800,17.7
3,baseline,dense,4,1,3,61680,616800,16.9
3,baseline,dense,4,1,4,61680,616800,16.6
3,baseline,dense,4,1,5,61680,616800,16.6
3,baseline,dense,4,1,6,61680,616800,16.6
3,baseline,dense,4,1,7,61680,616800,16.8
3,baseline,dense,4,1,8,61680,616800,16.8
3,baseline,dense,4,2,0,61680,246720,15.8
3,baseline,dense,4,2,1,61680,246720,16.2
3,baseline,dense,4,2,2,61680,246720,15.9
3,baseline,dense,4,2,3,61680,246720,16.1
3,baseline,dense,4,2,4,61680,246720,18.7
3,baseline,dense,4,2,5,61680,246720,16.9
3,baseline,dense,4,2,6,61680,246720,16.1
3,baseline,dense,4,2,7,61680,246720,16.9
3,baseline,dense,4,2,8,61680,246720,17.2
3,baseline,dense,4,3,0,61680,616800,16.0
3,baseline,dense,4,3,1,61680,616800,15.7
3,baseline,dense,4,3,2,61680,616800,15.9
3,baseline,dense,4,3,3,61680,616800,16.0
3,baseline,dense,4,3,4,61680,616800,16.0
3,baseline,dense,4,3,5,61680,616800,16.1
3,baseline,dense,4,3,6,61680,616800,15.8
3,baseline,dense,4,3,7,61680,616800,16.1
3,baseline,dense,4,3,8,61680,616800,16.5
3,baseline,dense,8,0,0,58254,1398096,25.3
3,baseline,dense,8,0,1,58254,1398096,26.0
3,baseline,dense,8,0,2,58254,1398096,26.4
3,baseline,dense,8,0,3,58254,1398096,26.0
3,baseline,dense,8,0,4,58254,1398096,25.9
3,baseline,dense,8,0,5,58254,1398096,25.7
3,baseline,dense,8,0,6,58254,1398096,26.3
3,baseline,dense,8,0,7,58254,1398096,26.4
3,baseline,dense,8,0,8,58254,1398096,26.2
3,baseline,dense,8,1,0,58254,1165080,25.6
3,baseline,dense,8,1,1,58254,1165080,25.2
3,baseline,dense,8,1,2,58254,1165080,25.1
3,baseline,dense,8,1,3,58254,1165080,25.4
3,baseline,dense,8,1,4,58254,1165080,24.7
3,baseline,dense,8,1,5,58254,1165080,25.4
3,baseline,dense,8,1,6,58254,1165080,25.4
3,baseline,dense,8,1,7,58254,1165080,26.5
3,baseline,dense,8,1,8,58254,1165080,25.4
3,baseline,dense,8,2,0,58254,466032,23.3
3,baseline,dense,8,2,1,58254,466032,23.4
3,baseline,dense,8,2,2,58254,466032,22.9
3,baseline,dense,8,2,3,58254,466032,23.2
3,baseline,dense,8,2,4,58254,466032,24.0
3,baseline,dense,8,2,5,58254,466032,22.9
3,baseline,dense,8,2,6,58254,466032,22.9
3,baseline,dense,8,2,7,58254,466032,22.9
3,baseline,dense,8,2,8,58254,466032,23.0
3,baseline,dense,8,3,0,58254,1165080,23.7
3,baseline,dense,8,3,1,58254,1165080,24.0
3,baseline,dense,8,3,2,58254,1165080,24.6
3,baseline,dense,8,3,3,58254,1165080,23.7
3,baseline,dense,8,3,4,58254,1165080,23.6
3,baseline,dense,8,3,5,58254,1165080,23.6
3,baseline,dense,8,3,6,58254,1165080,23.9
3,baseline,dense,8,3,7,58254,1165080,24.6
3,baseline,dense,8,3,8,58254,1165080,23.8
3,baseline,dense,64,0,0,32768,6291456,152.7
3,baseline,dense,64,0,1,32768,6291456,151.3
3,baseline,dense,64,0,2,32768,6291456,152.8
3,baseline,dense,64,0,3,32768,6291456,152.6
3,baseline,dense,64,0,4,32768,6291456,154.6
3,baseline,dense,64,0,5,32768,6291456,153.2
3,baseline,dense,64,0,6,32768,6291456,153.4
3,baseline,dense,64,0,7,32768,6291456,151.4
3,baseline,dense,64,0,8,32768,6291456,151.0
3,baseline,dense,64,1,0,32768,5242880,151.9
3,baseline,dense,64,1,1,32768,5242880,154.5
3,baseline,dense,64,1,2,32768,5242880,153.5
3,baseline,dense,64,1,3,32768,5242880,152.2
3,baseline,dense,64,1,4,32768,5242880,156.4
3,baseline,dense,64,1,5,32768,5242880,153.4
3,baseline,dense,64,1,6,32768,5242880,152.5
3,baseline,dense,64,1,7,32768,5242880,155.8
3,baseline,dense,64,1,8,32768,5242880,156.8
3,baseline,dense,64,2,0,32768,2097152,96.7
3,baseline,dense,64,2,1,32768,2097152,95.4
3,baseline,dense,64,2,2,32768,2097152,95.8
3,baseline,dense,64,2,3,32768,2097152,96.4
3,baseline,dense,64,2,4,32768,2097152,94.4
3,baseline,dense,64,2,5,32768,2097152,95.6
3,baseline,dense,64,2,6,32768,2097152,95.2
3,baseline,dense,64,2,7,32768,2097152,95.2
3,baseline,dense,64,2,8,32768,2097152,96.1
3,baseline,dense,64,3,0,32768,5242880,141.7
3,baseline,dense,64,3,1,32768,5242880,137.1
3,baseline,dense,64,3,2,32768,5242880,136.6
3,baseline,dense,64,3,3,32768,5242880,139.0
3,baseline,dense,64,3,4,32768,5242880,138.5
3,baseline,dense,64,3,5,32768,5242880,137.7
3,baseline,dense,64,3,6,32768,5242880,139.0
3,baseline,dense,64,3,7,32768,5242880,139.1
3,baseline,dense,64,3,8,32768,5242880,137.0
3,baseline,dense,4096,0,0,1008,12386304,8847.7
3,baseline,dense,4096,0,1,1008,12386304,9167.8
3,baseline,dense,4096,0,2,1008,12386304,8746.6
3,baseline,dense,4096,0,3,1008,12386304,8845.5
3,baseline,dense,4096,0,4,1008,12386304,8856.6
3,baseline,dense,4096,0,5,1008,12386304,8801.2
3,baseline,dense,4096,0,6,1008,12386304,8872.6
3,baseline,dense,4096,0,7,1008,12386304,8793.4
3,baseline,dense,4096,0,8,1008,12386304,8847.8
3,baseline,dense,4096,1,0,1008,10321920,8889.6
3,baseline,dense,4096,1,1,1008,10321920,8882.9
3,baseline,dense,4096,1,2,1008,10321920,8862.7
3,baseline,dense,4096,1,3,1008,10321920,8907.6
3,baseline,dense,4096,1,4,1008,10321920,8901.1
3,baseline,dense,4096,1,5,1008,10321920,8843.0
3,baseline,dense,4096,1,6,1008,10321920,8875.6
3,baseline,dense,4096,1,7,1008,10321920,9141.7
3,baseline,dense,4096,1,8,1008,10321920,8849.3
3,baseline,dense,4096,2,0,1008,4128768,5303.0
3,baseline,dense,4096,2,1,1008,4128768,5309.0
3,baseline,dense,4096,2,2,1008,4128768,5399.6
3,baseline,dense,4096,2,3,1008,4128768,5306.2
3,baseline,dense,4096,2,4,1008,4128768,5397.8
3,baseline,dense,4096,2,5,1008,4128768,5449.5
3,baseline,dense,4096,2,6,1008,4128768,5294.4
3,baseline,dense,4096,2,7,1008,4128768,5384.8
3,baseline,dense,4096,2,8,1008,4128768,5385.6
3,baseline,dense,4096,3,0,1008,10321920,8389.6
3,baseline,dense,4096,3,1,1008,10321920,8146.2
3,baseline,dense,4096,3,2,1008,10321920,8119.4
3,baseline,dense,4096,3,3,1008,10321920,8193.1
3,baseline,dense,4096,3,4,1008,10321920,8266.4
3,baseline,dense,4096,3,5,1008,10321920,8109.4
3,baseline,dense,4096,3,6,1008,10321920,8123.9
3,baseline,dense,4096,3,7,1008,10321920,8133.5
3,baseline,dense,4096,3,8,1008,10321920,8454.1
3,baseline,dense,65536,0,0,64,12582912,142583.2
3,baseline,dense,65536,0,1,64,12582912,147707.5
3,baseline,dense,65536,0,2,64,12582912,144117.0
3,baseline,dense,65536,0,3,64,12582912,144920.4
3,baseline,dense,65536,0,4,64,12582912,141960.8
3,baseline,dense,65536,0,5,64,12582912,145175.2
3,baseline,dense,65536,0,6,64,12582912,142707.1
3,baseline,dense,65536,0,7,64,12582912,141182.6
3,baseline,dense,65536,0,8,64,12582912,145893.7
3,baseline,dense,65536,1,0,64,10485760,141371.5
3,baseline,dense,65536,1,1,64,10485760,142476.6
3,baseline,dense,65536,1,2,64,10485760,145830.3
3,baseline,dense,65536,1,3,64,10485760,142008.6
3,baseline,dense,65536,1,4,64,10485760,141811.7
3,baseline,dense,65536,1,5,64,10485760,142262.7
3,baseline,dense,65536,1,6,64,10485760,142143.1
3,baseline,dense,65536,1,7,64,10485760,148085.2
3,baseline,dense,65536,1,8,64,10485760,144455.2
3,baseline,dense,65536,2,0,64,4194304,84094.9
3,baseline,dense,65536,2,1,64,4194304,84505.9
3,baseline,dense,65536,2,2,64,4194304,84532.5
3,baseline,dense,65536,2,3,64,4194304,83661.2
3,baseline,dense,65536,2,4,64,4194304,84680.5
3,baseline,dense,65536,2,5,64,4194304,85661.9
3,baseline,dense,65536,2,6,64,4194304,83589.1
3,baseline,dense,65536,2,7,64,4194304,83758.8
3,baseline,dense,65536,2,8,64,4194304,83669.6
3,baseline,dense,65536,3,0,64,10485760,133318.8
3,baseline,dense,65536,3,1,64,10485760,132059.1
3,baseline,dense,65536,3,2,64,10485760,128065.8
3,baseline,dense,65536,3,3,64,10485760,128867.5
3,baseline,dense,65536,3,4,64,10485760,128477.0
3,baseline,dense,65536,3,5,64,10485760,128159.7
3,baseline,dense,65536,3,6,64,10485760,127654.2
3,baseline,dense,65536,3,7,64,10485760,129157.4
3,baseline,dense,65536,3,8,64,10485760,128756.6
3,baseline,html_dense,5,0,0,60787,911805,18.9
3,baseline,html_dense,5,0,1,60787,911805,18.8
3,baseline,html_dense,5,0,2,60787,911805,18.9
3,baseline,html_dense,5,0,3,60787,911805,19.6
3,baseline,html_dense,5,0,4,60787,911805,19.1
3,baseline,html_dense,5,0,5,60787,911805,19.2
3,baseline,html_dense,5,0,6,60787,911805,18.8
3,baseline,html_dense,5,0,7,60787,911805,19.1
3,baseline,html_dense,5,0,8,60787,911805,18.9
3,baseline,html_dense,5,1,0,60787,911805,19.9
3,baseline,html_dense,5,1,1,60787,911805,19.5
3,baseline,html_dense,5,1,2,60787,911805,20.0
3,baseline,html_dense,5,1,3,60787,911805,19.9
3,baseline,html_dense,5,1,4,60787,911805,20.1
3,baseline,html_dense,5,1,5,60787,911805,20.2
3,baseline,html_dense,5,1,6,60787,911805,20.2
3,baseline,html_dense,5,1,7,60787,911805,19.8
3,baseline,html_dense,5,1,8,60787,911805,20.9
3,baseline,html_dense,5,2,0,60787,1458888,26.5
3,baseline,html_dense,5,2,1,60787,1458888,26.2
3,baseline,html_dense,5,2,2,60787,1458888,26.9
3,baseline,html_dense,5,2,3,60787,1458888,26.5
3,baseline,html_dense,5,2,4,60787,1458888,27.5
3,baseline,html_dense,5,2,5,60787,1458888,31.7
3,baseline,html_dense,5,2,6,60787,1458888,30.6
3,baseline,html_dense,5,2,7,60787,1458888,27.6
3,baseline,html_dense,5,2,8,60787,1458888,27.1
3,baseline,html_dense,5,3,0,60787,911805,19.9
3,baseline,html_dense,5,3,1,60787,911805,19.3
3,baseline,html_dense,5,3,2,60787,911805,19.3
3,baseline,html_dense,5,3,3,60787,911805,19.8
3,baseline,html_dense,5,3,4,60787,911805,19.5
3,baseline,html_dense,5,3,5,60787,911805,19.9
3,baseline,html_dense,5,3,6,60787,911805,19.4
3,baseline,html_dense,5,3,7,60787,911805,19.4
3,baseline,html_dense,5,3,8,60787,911805,19.4
3,baseline,html_dense,10,0,0,56679,1700370,30.9
3,baseline,html_dense,10,0,1,56679,1700370,30.7
3,baseline,html_dense,10,0,2,56679,1700370,30.4
3,baseline,html_dense,10,0,3,56679,1700370,30.9
3,baseline,html_dense,10,0,4,56679,1700370,31.0
3,baseline,html_dense,10,0,5,56679,1700370,30.7
3,baseline,html_dense,10,0,6,56679,1700370,30.9
3,baseline,html_dense,10,0,7,56679,1700370,31.0
3,baseline,html_dense,10,0,8,56679,1700370,31.3
3,baseline,html_dense,10,1,0,56679,1700370,31.3
3,baseline,html_dense,10,1,1,56679,1700370,31.3
3,baseline,html_dense,10,1,2,56679,1700370,31.4
3,baseline,html_dense,10,1,3,56679,1700370,31.9
3,baseline,html_dense,10,1,4,56679,1700370,32.5
3,baseline,html_dense,10,1,5,56679,1700370,34.2
3,baseline,html_dense,10,1,6,56679,1700370,33.2
3,baseline,html_dense,10,1,7,56679,1700370,33.7
3,baseline,html_dense,10,1,8,56679,1700370,33.8
3,baseline,html_dense,10,2,0,56679,2720592,39.8
3,baseline,html_dense,10,2,1,56679,2720592,38.3
3,baseline,html_dense,10,2,2,56679,2720592,41.0
3,baseline,html_dense,10,2,3,56679,2720592,40.6
3,baseline,html_dense,10,2,4,56679,2720592,39.9
3,baseline,html_dense,10,2,5,56679,2720592,38.5
3,baseline,html_dense,10,2,6,56679,2720592,39.7
3,baseline,html_dense,10,2,7,56679,2720592,39.3
3,baseline,html_dense,10,2,8,56679,2720592,39.0
3,baseline,html_dense,10,3,0,56679,1700370,30.6
3,baseline,html_dense,10,3,1,56679,1700370,30.5
3,baseline,html_dense,10,3,2,56679,1700370,30.6
3,baseline,html_dense,10,3,3,56679,1700370,31.1
3,baseline,html_dense,10,3,4,56679,1700370,30.6
3,baseline,html_dense,10,3,5,56679,1700370,30.7
3,baseline,html_dense,10,3,6,56679,1700370,30.7
3,baseline,html_dense,10,3,7,56679,1700370,30.7
3,baseline,html_dense,10,3,8,56679,1700370,31.1
3,baseline,html_dense,65,0,0,32513,6340035,168.8
3,baseline,html_dense,65,0,1,32513,6340035,155.1
3,baseline,html_dense,65,0,2,32513,6340035,154.4
3,baseline,html_dense,65,0,3,32513,6340035,156.2
3,baseline,html_dense,65,0,4,32513,6340035,152.8
3,baseline,html_dense,65,0,5,32513,6340035,155.6
3,baseline,html_dense,65,0,6,32513,6340035,162.3
3,baseline,html_dense,65,0,7,32513,6340035,158.3
3,baseline,html_dense,65,0,8,32513,6340035,157.7
3,baseline,html_dense,65,1,0,32513,6340035,166.7
3,baseline,html_dense,65,1,1,32513,6340035,169.6
3,baseline,html_dense,65,1,2,32513,6340035,167.6
3,baseline,html_dense,65,1,3,32513,6340035,167.1
3,baseline,html_dense,65,1,4,32513,6340035,170.9
3,baseline,html_dense,65,1,5,32513,6340035,167.5
3,baseline,html_dense,65,1,6,32513,6340035,167.5
3,baseline,html_dense,65,1,7,32513,6340035,173.3
3,baseline,html_dense,65,1,8,32513,6340035,168.0
3,baseline,html_dense,65,2,0,32513,10144056,166.3
3,baseline,html_dense,65,2,1,32513,10144056,166.9
3,baseline,html_dense,65,2,2,32513,10144056,163.3
3,baseline,html_dense,65,2,3,32513,10144056,169.7
3,baseline,html_dense,65,2,4,32513,10144056,165.3
3,baseline,html_dense,65,2,5,32513,10144056,165.4
3,baseline,html_dense,65,2,6,32513,10144056,165.8
3,baseline,html_dense,65,2,7,32513,10144056,165.7
3,baseline,html_dense,65,2,8,32513,10144056,166.3
3,baseline,html_dense,65,3,0,32513,6340035,160.8
3,baseline,html_dense,65,3,1,32513,6340035,162.5
3,baseline,html_dense,65,3,2,32513,6340035,158.4
3,baseline,html_dense,65,3,3,32513,6340035,158.4
3,baseline,html_dense,65,3,4,32513,6340035,172.1
3,baseline,html_dense,65,3,5,32513,6340035,158.9
3,baseline,html_dense,65,3,6,32513,6340035,158.6
3,baseline,html_dense,65,3,7,32513,6340035,160.8
3,baseline,html_dense,65,3,8,32513,6340035,163.0
3,baseline,html_dense,4100,0,0,1007,12386100,8811.3
3,baseline,html_dense,4100,0,1,1007,12386100,8883.1
3,baseline,html_dense,4100,0,2,1007,12386100,8808.3
3,baseline,html_dense,4100,0,3,1007,12386100,8881.7
3,baseline,html_dense,4100,0,4,1007,12386100,8910.5
3,baseline,html_dense,4100,0,5,1007,12386100,8980.0
3,baseline,html_dense,4100,0,6,1007,12386100,8885.6
3,baseline,html_dense,4100,0,7,1007,12386100,8798.4
3,baseline,html_dense,4100,0,8,1007,12386100,9128.2
3,baseline,html_dense,4100,1,0,1007,12386100,9732.6
3,baseline,html_dense,4100,1,1,1007,12386100,9791.3
3,baseline,html_dense,4100,1,2,1007,12386100,9787.6
3,baseline,html_dense,4100,1,3,1007,12386100,9770.4
3,baseline,html_dense,4100,1,4,1007,12386100,9802.1
3,baseline,html_dense,4100,1,5,1007,12386100,9995.9
3,baseline,html_dense,4100,1,6,1007,12386100,9713.5
3,baseline,html_dense,4100,1,7,1007,12386100,10131.9
3,baseline,html_dense,4100,1,8,1007,12386100,9671.7
3,baseline,html_dense,4100,2,0,1007,19817760,9364.2
3,baseline,html_dense,4100,2,1,1007,19817760,9222.0
3,baseline,html_dense,4100,2,2,1007,19817760,9175.2
3,baseline,html_dense,4100,2,3,1007,19817760,9415.1
3,baseline,html_dense,4100,2,4,1007,19817760,9371.9
3,baseline,html_dense,4100,2,5,1007,19817760,9321.3
3,baseline,html_dense,4100,2,6,1007,19817760,9236.6
3,baseline,html_dense,4100,2,7,1007,19817760,9558.6
3,baseline,html_dense,4100,2,8,1007,19817760,9393.1
3,baseline,html_dense,4100,3,0,1007,12386100,9763.3
3,baseline,html_dense,4100,3,1,1007,12386100,9813.5
3,baseline,html_dense,4100,3,2,1007,12386100,9757.4
3,baseline,html_dense,4100,3,3,1007,12386100,9320.6
3,baseline,html_dense,4100,3,4,1007,12386100,9496.8
3,baseline,html_dense,4100,3,5,1007,12386100,9555.3
3,baseline,html_dense,4100,3,6,1007,12386100,9212.5
3,baseline,html_dense,4100,3,7,1007,12386100,9483.4
3,baseline,html_dense,4100,3,8,1007,12386100,9583.0
3,baseline,html_dense,65540,0,0,64,12583680,144231.2
3,baseline,html_dense,65540,0,1,64,12583680,144986.2
3,baseline,html_dense,65540,0,2,64,12583680,143560.3
3,baseline,html_dense,65540,0,3,64,12583680,141937.5
3,baseline,html_dense,65540,0,4,64,12583680,147447.0
3,baseline,html_dense,65540,0,5,64,12583680,149200.2
3,baseline,html_dense,65540,0,6,64,12583680,141026.3
3,baseline,html_dense,65540,0,7,64,12583680,149559.3
3,baseline,html_dense,65540,0,8,64,12583680,148476.9
3,baseline,html_dense,65540,1,0,64,12583680,167265.3
3,baseline,html_dense,65540,1,1,64,12583680,163891.9
3,baseline,html_dense,65540,1,2,64,12583680,159437.2
3,baseline,html_dense,65540,1,3,64,12583680,158407.5
3,baseline,html_dense,65540,1,4,64,12583680,155780.3
3,baseline,html_dense,65540,1,5,64,12583680,155574.0
3,baseline,html_dense,65540,1,6,64,12583680,154738.5
3,baseline,html_dense,65540,1,7,64,12583680,156392.5
3,baseline,html_dense,65540,1,8,64,12583680,154953.0
3,baseline,html_dense,65540,2,0,64,20133888,147970.1
3,baseline,html_dense,65540,2,1,64,20133888,146412.8
3,baseline,html_dense,65540,2,2,64,20133888,148138.9
3,baseline,html_dense,65540,2,3,64,20133888,148313.8
3,baseline,html_dense,65540,2,4,64,20133888,150775.2
3,baseline,html_dense,65540,2,5,64,20133888,148761.3
3,baseline,html_dense,65540,2,6,64,20133888,148436.6
3,baseline,html_dense,65540,2,7,64,20133888,147602.8
3,baseline,html_dense,65540,2,8,64,20133888,147492.3
3,baseline,html_dense,65540,3,0,64,12583680,146419.7
3,baseline,html_dense,65540,3,1,64,12583680,146651.6
3,baseline,html_dense,65540,3,2,64,12583680,146059.5
3,baseline,html_dense,65540,3,3,64,12583680,146573.0
3,baseline,html_dense,65540,3,4,64,12583680,146077.0
3,baseline,html_dense,65540,3,5,64,12583680,148958.6
3,baseline,html_dense,65540,3,6,64,12583680,146000.3
3,baseline,html_dense,65540,3,7,64,12583680,146601.9
3,baseline,html_dense,65540,3,8,64,12583680,149428.7
