round,arm,input,input_bytes,kind,trial,calls,output_bytes,ns_per_call
0,baseline,plain,0,0,0,65536,0,3.5
0,baseline,plain,0,0,1,65536,0,3.5
0,baseline,plain,0,0,2,65536,0,3.7
0,baseline,plain,0,0,3,65536,0,3.5
0,baseline,plain,0,0,4,65536,0,3.5
0,baseline,plain,0,0,5,65536,0,3.8
0,baseline,plain,0,0,6,65536,0,3.6
0,baseline,plain,0,0,7,65536,0,3.5
0,baseline,plain,0,0,8,65536,0,3.5
0,baseline,plain,0,1,0,65536,0,3.7
0,baseline,plain,0,1,1,65536,0,3.7
0,baseline,plain,0,1,2,65536,0,3.9
0,baseline,plain,0,1,3,65536,0,3.7
0,baseline,plain,0,1,4,65536,0,3.7
0,baseline,plain,0,1,5,65536,0,4.4
0,baseline,plain,0,1,6,65536,0,3.7
0,baseline,plain,0,1,7,65536,0,3.7
0,baseline,plain,0,1,8,65536,0,3.7
0,baseline,plain,0,2,0,65536,0,6.3
0,baseline,plain,0,2,1,65536,0,6.4
0,baseline,plain,0,2,2,65536,0,6.4
0,baseline,plain,0,2,3,65536,0,6.3
0,baseline,plain,0,2,4,65536,0,6.3
0,baseline,plain,0,2,5,65536,0,6.3
0,baseline,plain,0,2,6,65536,0,6.5
0,baseline,plain,0,2,7,65536,0,6.7
0,baseline,plain,0,2,8,65536,0,6.3
0,baseline,plain,0,3,0,65536,0,3.1
0,baseline,plain,0,3,1,65536,0,3.1
0,baseline,plain,0,3,2,65536,0,3.1
0,baseline,plain,0,3,3,65536,0,3.1
0,baseline,plain,0,3,4,65536,0,3.3
0,baseline,plain,0,3,5,65536,0,3.1
0,baseline,plain,0,3,6,65536,0,3.2
0,baseline,plain,0,3,7,65536,0,3.1
0,baseline,plain,0,3,8,65536,0,3.1
0,baseline,plain,30,0,0,44620,1427840,48.9
0,baseline,plain,30,0,1,44620,1427840,48.5
0,baseline,plain,30,0,2,44620,1427840,48.2
0,baseline,plain,30,0,3,44620,1427840,49.1
0,baseline,plain,30,0,4,44620,1427840,47.9
0,baseline,plain,30,0,5,44620,1427840,57.1
0,baseline,plain,30,0,6,44620,1427840,51.9
0,baseline,plain,30,0,7,44620,1427840,48.1
0,baseline,plain,30,0,8,44620,1427840,47.8
0,baseline,plain,30,1,0,44620,1338600,40.4
0,baseline,plain,30,1,1,44620,1338600,40.7
0,baseline,plain,30,1,2,44620,1338600,40.8
0,baseline,plain,30,1,3,44620,1338600,40.6
0,baseline,plain,30,1,4,44620,1338600,41.5
0,baseline,plain,30,1,5,44620,1338600,40.8
0,baseline,plain,30,1,6,44620,1338600,43.6
0,baseline,plain,30,1,7,44620,1338600,41.2
0,baseline,plain,30,1,8,44620,1338600,40.8
0,baseline,plain,30,2,0,44620,1338600,39.4
0,baseline,plain,30,2,1,44620,1338600,39.8
0,baseline,plain,30,2,2,44620,1338600,39.7
0,baseline,plain,30,2,3,44620,1338600,39.6
0,baseline,plain,30,2,4,44620,1338600,39.6
0,baseline,plain,30,2,5,44620,1338600,39.4
0,baseline,plain,30,2,6,44620,1338600,40.4
0,baseline,plain,30,2,7,44620,1338600,39.2
0,baseline,plain,30,2,8,44620,1338600,39.6
0,baseline,plain,30,3,0,44620,1427840,43.0
0,baseline,plain,30,3,1,44620,1427840,43.5
0,baseline,plain,30,3,2,44620,1427840,42.7
0,baseline,plain,30,3,3,44620,1427840,43.4
0,baseline,plain,30,3,4,44620,1427840,43.4
0,baseline,plain,30,3,5,44620,1427840,43.9
0,baseline,plain,30,3,6,44620,1427840,44.0
0,baseline,plain,30,3,7,44620,1427840,46.2
0,baseline,plain,30,3,8,44620,1427840,45.9
0,baseline,plain,90,0,0,27235,2614560,141.3
0,baseline,plain,90,0,1,27235,2614560,137.5
0,baseline,plain,90,0,2,27235,2614560,142.0
0,baseline,plain,90,0,3,27235,2614560,136.1
0,baseline,plain,90,0,4,27235,2614560,138.2
0,baseline,plain,90,0,5,27235,2614560,137.9
0,baseline,plain,90,0,6,27235,2614560,143.6
0,baseline,plain,90,0,7,27235,2614560,142.4
0,baseline,plain,90,0,8,27235,2614560,141.0
0,baseline,plain,90,1,0,27235,2451150,128.3
0,baseline,plain,90,1,1,27235,2451150,130.2
0,baseline,plain,90,1,2,27235,2451150,130.4
0,baseline,plain,90,1,3,27235,2451150,139.0
0,baseline,plain,90,1,4,27235,2451150,145.8
0,baseline,plain,90,1,5,27235,2451150,130.7
0,baseline,plain,90,1,6,27235,2451150,130.1
0,baseline,plain,90,1,7,27235,2451150,131.7
0,baseline,plain,90,1,8,27235,2451150,126.7
0,baseline,plain,90,2,0,27235,2451150,81.3
0,baseline,plain,90,2,1,27235,2451150,83.2
0,baseline,plain,90,2,2,27235,2451150,82.8
0,baseline,plain,90,2,3,27235,2451150,89.0
0,baseline,plain,90,2,4,27235,2451150,84.8
0,baseline,plain,90,2,5,27235,2451150,81.7
0,baseline,plain,90,2,6,27235,2451150,82.0
0,baseline,plain,90,2,7,27235,2451150,82.2
0,baseline,plain,90,2,8,27235,2451150,83.1
0,baseline,plain,90,3,0,27235,2614560,131.0
0,baseline,plain,90,3,1,27235,2614560,130.8
0,baseline,plain,90,3,2,27235,2614560,125.7
0,baseline,plain,90,3,3,27235,2614560,133.1
0,baseline,plain,90,3,4,27235,2614560,131.4
0,baseline,plain,90,3,5,27235,2614560,128.7
0,baseline,plain,90,3,6,27235,2614560,129.5
0,baseline,plain,90,3,7,27235,2614560,127.6
0,baseline,plain,90,3,8,27235,2614560,127.3
0,baseline,plain,4110,0,0,1004,4401536,5503.4
0,baseline,plain,4110,0,1,1004,4401536,5876.6
0,baseline,plain,4110,0,2,1004,4401536,5537.0
0,baseline,plain,4110,0,3,1004,4401536,5514.0
0,baseline,plain,4110,0,4,1004,4401536,5540.4
0,baseline,plain,4110,0,5,1004,4401536,5631.1
0,baseline,plain,4110,0,6,1004,4401536,5774.4
0,baseline,plain,4110,0,7,1004,4401536,5523.9
0,baseline,plain,4110,0,8,1004,4401536,5629.0
0,baseline,plain,4110,1,0,1004,4126440,4988.4
0,baseline,plain,4110,1,1,1004,4126440,4851.9
0,baseline,plain,4110,1,2,1004,4126440,4835.8
0,baseline,plain,4110,1,3,1004,4126440,4828.1
0,baseline,plain,4110,1,4,1004,4126440,4915.2
0,baseline,plain,4110,1,5,1004,4126440,4840.7
0,baseline,plain,4110,1,6,1004,4126440,4835.4
0,baseline,plain,4110,1,7,1004,4126440,4901.1
0,baseline,plain,4110,1,8,1004,4126440,4846.0
0,baseline,plain,4110,2,0,1004,4126440,3121.8
0,baseline,plain,4110,2,1,1004,4126440,3135.6
0,baseline,plain,4110,2,2,1004,4126440,3128.5
0,baseline,plain,4110,2,3,1004,4126440,3119.8
0,baseline,plain,4110,2,4,1004,4126440,3188.9
0,baseline,plain,4110,2,5,1004,4126440,3167.4
0,baseline,plain,4110,2,6,1004,4126440,3145.6
0,baseline,plain,4110,2,7,1004,4126440,3141.1
0,baseline,plain,4110,2,8,1004,4126440,3286.2
0,baseline,plain,4110,3,0,1004,4401536,4988.4
0,baseline,plain,4110,3,1,1004,4401536,5042.0
0,baseline,plain,4110,3,2,1004,4401536,5079.0
0,baseline,plain,4110,3,3,1004,4401536,5070.1
0,baseline,plain,4110,3,4,1004,4401536,5050.2
0,baseline,plain,4110,3,5,1004,4401536,5032.5
0,baseline,plain,4110,3,6,1004,4401536,5069.9
0,baseline,plain,4110,3,7,1004,4401536,5032.4
0,baseline,plain,4110,3,8,1004,4401536,5014.8
0,baseline,plain,65550,0,0,64,4474880,87982.7
0,baseline,plain,65550,0,1,64,4474880,88495.4
0,baseline,plain,65550,0,2,64,4474880,88177.9
0,baseline,plain,65550,0,3,64,4474880,87400.7
0,baseline,plain,65550,0,4,64,4474880,90243.6
0,baseline,plain,65550,0,5,64,4474880,91629.1
0,baseline,plain,65550,0,6,64,4474880,89969.1
0,baseline,plain,65550,0,7,64,4474880,89880.0
0,baseline,plain,65550,0,8,64,4474880,88340.6
0,baseline,plain,65550,1,0,64,4195200,77395.7
0,baseline,plain,65550,1,1,64,4195200,78985.9
0,baseline,plain,65550,1,2,64,4195200,77444.1
0,baseline,plain,65550,1,3,64,4195200,76762.5
0,baseline,plain,65550,1,4,64,4195200,77035.2
0,baseline,plain,65550,1,5,64,4195200,77311.3
0,baseline,plain,65550,1,6,64,4195200,78029.0
0,baseline,plain,65550,1,7,64,4195200,77107.4
0,baseline,plain,65550,1,8,64,4195200,77310.4
0,baseline,plain,65550,2,0,64,4195200,49448.2
0,baseline,plain,65550,2,1,64,4195200,49544.6
0,baseline,plain,65550,2,2,64,4195200,49382.4
0,baseline,plain,65550,2,3,64,4195200,50608.8
0,baseline,plain,65550,2,4,64,4195200,49576.9
0,baseline,plain,65550,2,5,64,4195200,49679.0
0,baseline,plain,65550,2,6,64,4195200,49609.3
0,baseline,plain,65550,2,7,64,4195200,49281.0
0,baseline,plain,65550,2,8,64,4195200,50038.8
0,baseline,plain,65550,3,0,64,4474880,81627.1
0,baseline,plain,65550,3,1,64,4474880,82802.8
0,baseline,plain,65550,3,2,64,4474880,80963.5
0,baseline,plain,65550,3,3,64,4474880,81279.3
0,baseline,plain,65550,3,4,64,4474880,80620.4
0,baseline,plain,65550,3,5,64,4474880,80408.6
0,baseline,plain,65550,3,6,64,4474880,81795.0
0,baseline,plain,65550,3,7,64,4474880,80353.3
0,baseline,plain,65550,3,8,64,4474880,91271.3
0,baseline,mixed,46,0,0,38130,3660480,85.0
0,baseline,mixed,46,0,1,38130,3660480,85.9
0,baseline,mixed,46,0,2,38130,3660480,84.5
0,baseline,mixed,46,0,3,38130,3660480,85.1
0,baseline,mixed,46,0,4,38130,3660480,85.8
0,baseline,mixed,46,0,5,38130,3660480,84.4
0,baseline,mixed,46,0,6,38130,3660480,85.1
0,baseline,mixed,46,0,7,38130,3660480,85.2
0,baseline,mixed,46,0,8,38130,3660480,85.8
0,baseline,mixed,46,1,0,38130,3507960,88.6
0,baseline,mixed,46,1,1,38130,3507960,86.4
0,baseline,mixed,46,1,2,38130,3507960,87.9
0,baseline,mixed,46,1,3,38130,3507960,88.4
0,baseline,mixed,46,1,4,38130,3507960,86.4
0,baseline,mixed,46,1,5,38130,3507960,87.5
0,baseline,mixed,46,1,6,38130,3507960,87.2
0,baseline,mixed,46,1,7,38130,3507960,88.9
0,baseline,mixed,46,1,8,38130,3507960,88.5
0,baseline,mixed,46,2,0,38130,2897880,74.4
0,baseline,mixed,46,2,1,38130,2897880,86.3
0,baseline,mixed,46,2,2,38130,2897880,75.8
0,baseline,mixed,46,2,3,38130,2897880,81.4
0,baseline,mixed,46,2,4,38130,2897880,80.8
0,baseline,mixed,46,2,5,38130,2897880,76.4
0,baseline,mixed,46,2,6,38130,2897880,77.2
0,baseline,mixed,46,2,7,38130,2897880,76.3
0,baseline,mixed,46,2,8,38130,2897880,77.2
0,baseline,mixed,46,3,0,38130,3355440,82.2
0,baseline,mixed,46,3,1,38130,3355440,81.6
0,baseline,mixed,46,3,2,38130,3355440,81.0
0,baseline,mixed,46,3,3,38130,3355440,83.5
0,baseline,mixed,46,3,4,38130,3355440,81.6
0,baseline,mixed,46,3,5,38130,3355440,81.4
0,baseline,mixed,46,3,6,38130,3355440,81.1
0,baseline,mixed,46,3,7,38130,3355440,82.2
0,baseline,mixed,46,3,8,38130,3355440,81.5
0,baseline,mixed,92,0,0,26886,5162112,177.8
0,baseline,mixed,92,0,1,26886,5162112,173.2
0,baseline,mixed,92,0,2,26886,5162112,180.2
0,baseline,mixed,92,0,3,26886,5162112,175.1
0,baseline,mixed,92,0,4,26886,5162112,174.5
0,baseline,mixed,92,0,5,26886,5162112,174.5
0,baseline,mixed,92,0,6,26886,5162112,177.8
0,baseline,mixed,92,0,7,26886,5162112,175.9
0,baseline,mixed,92,0,8,26886,5162112,169.3
0,baseline,mixed,92,1,0,26886,4947024,182.8
0,baseline,mixed,92,1,1,26886,4947024,169.2
0,baseline,mixed,92,1,2,26886,4947024,173.0
0,baseline,mixed,92,1,3,26886,4947024,172.7
0,baseline,mixed,92,1,4,26886,4947024,182.1
0,baseline,mixed,92,1,5,26886,4947024,173.3
0,baseline,mixed,92,1,6,26886,4947024,173.2
0,baseline,mixed,92,1,7,26886,4947024,174.3
0,baseline,mixed,92,1,8,26886,4947024,171.8
0,baseline,mixed,92,2,0,26886,4086672,141.8
0,baseline,mixed,92,2,1,26886,4086672,129.8
0,baseline,mixed,92,2,2,26886,4086672,136.4
0,baseline,mixed,92,2,3,26886,4086672,130.6
0,baseline,mixed,92,2,4,26886,4086672,129.9
0,baseline,mixed,92,2,5,26886,4086672,130.0
0,baseline,mixed,92,2,6,26886,4086672,128.6
0,baseline,mixed,92,2,7,26886,4086672,130.4
0,baseline,mixed,92,2,8,26886,4086672,129.3
0,baseline,mixed,92,3,0,26886,4731936,161.3
0,baseline,mixed,92,3,1,26886,4731936,163.3
0,baseline,mixed,92,3,2,26886,4731936,160.6
0,baseline,mixed,92,3,3,26886,4731936,162.8
0,baseline,mixed,92,3,4,26886,4731936,173.7
0,baseline,mixed,92,3,5,26886,4731936,160.8
0,baseline,mixed,92,3,6,26886,4731936,163.5
0,baseline,mixed,92,3,7,26886,4731936,164.1
0,baseline,mixed,92,3,8,26886,4731936,162.8
0,baseline,mixed,4140,0,0,997,8614080,7030.0
0,baseline,mixed,4140,0,1,997,8614080,6951.9
0,baseline,mixed,4140,0,2,997,8614080,7012.5
0,baseline,mixed,4140,0,3,997,8614080,6952.4
0,baseline,mixed,4140,0,4,997,8614080,6997.7
0,baseline,mixed,4140,0,5,997,8614080,6950.8
0,baseline,mixed,4140,0,6,997,8614080,6964.4
0,baseline,mixed,4140,0,7,997,8614080,6975.4
0,baseline,mixed,4140,0,8,997,8614080,6982.4
0,baseline,mixed,4140,1,0,997,8255160,7320.8
0,baseline,mixed,4140,1,1,997,8255160,7289.3
0,baseline,mixed,4140,1,2,997,8255160,7367.3
0,baseline,mixed,4140,1,3,997,8255160,7715.3
0,baseline,mixed,4140,1,4,997,8255160,7331.1
0,baseline,mixed,4140,1,5,997,8255160,7374.2
0,baseline,mixed,4140,1,6,997,8255160,7302.9
0,baseline,mixed,4140,1,7,997,8255160,7294.5
0,baseline,mixed,4140,1,8,997,8255160,7324.7
0,baseline,mixed,4140,2,0,997,6819480,4928.4
0,baseline,mixed,4140,2,1,997,6819480,4866.2
0,baseline,mixed,4140,2,2,997,6819480,4823.5
0,baseline,mixed,4140,2,3,997,6819480,5273.8
0,baseline,mixed,4140,2,4,997,6819480,4866.9
0,baseline,mixed,4140,2,5,997,6819480,4839.5
0,baseline,mixed,4140,2,6,997,6819480,4970.2
0,baseline,mixed,4140,2,7,997,6819480,4881.4
0,baseline,mixed,4140,2,8,997,6819480,4883.9
0,baseline,mixed,4140,3,0,997,7896240,6915.1
0,baseline,mixed,4140,3,1,997,7896240,7018.4
0,baseline,mixed,4140,3,2,997,7896240,6992.4
0,baseline,mixed,4140,3,3,997,7896240,6735.2
0,baseline,mixed,4140,3,4,997,7896240,6701.9
0,baseline,mixed,4140,3,5,997,7896240,6781.7
0,baseline,mixed,4140,3,6,997,7896240,6768.1
0,baseline,mixed,4140,3,7,997,7896240,6965.3
0,baseline,mixed,4140,3,8,997,7896240,6636.5
0,baseline,mixed,65550,0,0,64,8755200,109432.6
0,baseline,mixed,65550,0,1,64,8755200,111482.7
0,baseline,mixed,65550,0,2,64,8755200,109737.0
0,baseline,mixed,65550,0,3,64,8755200,110592.0
0,baseline,mixed,65550,0,4,64,8755200,110061.5
0,baseline,mixed,65550,0,5,64,8755200,111524.6
0,baseline,mixed,65550,0,6,64,8755200,110346.7
0,baseline,mixed,65550,0,7,64,8755200,110832.5
0,baseline,mixed,65550,0,8,64,8755200,110996.7
0,baseline,mixed,65550,1,0,64,8390400,125351.6
0,baseline,mixed,65550,1,1,64,8390400,123528.5
0,baseline,mixed,65550,1,2,64,8390400,117812.0
0,baseline,mixed,65550,1,3,64,8390400,117205.1
0,baseline,mixed,65550,1,4,64,8390400,117551.9
0,baseline,mixed,65550,1,5,64,8390400,116863.7
0,baseline,mixed,65550,1,6,64,8390400,126970.9
0,baseline,mixed,65550,1,7,64,8390400,116159.0
0,baseline,mixed,65550,1,8,64,8390400,116635.7
0,baseline,mixed,65550,2,0,64,6931200,77295.4
0,baseline,mixed,65550,2,1,64,6931200,77522.7
0,baseline,mixed,65550,2,2,64,6931200,76012.5
0,baseline,mixed,65550,2,3,64,6931200,77244.1
0,baseline,mixed,65550,2,4,64,6931200,76929.2
0,baseline,mixed,65550,2,5,64,6931200,76055.0
0,baseline,mixed,65550,2,6,64,6931200,75860.9
0,baseline,mixed,65550,2,7,64,6931200,75270.0
0,baseline,mixed,65550,2,8,64,6931200,75645.6
0,baseline,mixed,65550,3,0,64,8025600,105816.6
0,baseline,mixed,65550,3,1,64,8025600,106114.1
0,baseline,mixed,65550,3,2,64,8025600,107690.4
0,baseline,mixed,65550,3,3,64,8025600,104968.8
0,baseline,mixed,65550,3,4,64,8025600,105833.5
0,baseline,mixed,65550,3,5,64,8025600,104050.6
0,baseline,mixed,65550,3,6,64,8025600,105864.8
0,baseline,mixed,65550,3,7,64,8025600,108896.8
0,baseline,mixed,65550,3,8,64,8025600,108950.4
0,baseline,unreserved,1,0,0,64527,64527,8.8
0,baseline,unreserved,1,0,1,64527,64527,11.4
0,baseline,unreserved,1,0,2,64527,64527,8.8
0,baseline,unreserved,1,0,3,64527,64527,9.3
0,baseline,unreserved,1,0,4,64527,64527,10.9
0,baseline,unreserved,1,0,5,64527,64527,9.0
0,baseline,unreserved,1,0,6,64527,64527,8.8
0,baseline,unreserved,1,0,7,64527,64527,9.0
0,baseline,unreserved,1,0,8,64527,64527,9.7
0,baseline,unreserved,1,1,0,64527,64527,8.8
0,baseline,unreserved,1,1,1,64527,64527,8.8
0,baseline,unreserved,1,1,2,64527,64527,12.3
0,baseline,unreserved,1,1,3,64527,64527,9.1
0,baseline,unreserved,1,1,4,64527,64527,8.8
0,baseline,unreserved,1,1,5,64527,64527,11.1
0,baseline,unreserved,1,1,6,64527,64527,8.9
0,baseline,unreserved,1,1,7,64527,64527,9.0
0,baseline,unreserved,1,1,8,64527,64527,9.1
0,baseline,unreserved,1,2,0,64527,64527,15.2
0,baseline,unreserved,1,2,1,64527,64527,16.3
0,baseline,unreserved,1,2,2,64527,64527,16.8
0,baseline,unreserved,1,2,3,64527,64527,16.3
0,baseline,unreserved,1,2,4,64527,64527,13.9
0,baseline,unreserved,1,2,5,64527,64527,17.1
0,baseline,unreserved,1,2,6,64527,64527,13.8
0,baseline,unreserved,1,2,7,64527,64527,13.8
0,baseline,unreserved,1,2,8,64527,64527,13.9
0,baseline,unreserved,1,3,0,64527,64527,9.0
0,baseline,unreserved,1,3,1,64527,64527,11.0
0,baseline,unreserved,1,3,2,64527,64527,15.2
0,baseline,unreserved,1,3,3,64527,64527,9.2
0,baseline,unreserved,1,3,4,64527,64527,9.1
0,baseline,unreserved,1,3,5,64527,64527,9.3
0,baseline,unreserved,1,3,6,64527,64527,9.1
0,baseline,unreserved,1,3,7,64527,64527,9.3
0,baseline,unreserved,1,3,8,64527,64527,9.1
0,baseline,unreserved,8,0,0,58254,466032,18.7
0,baseline,unreserved,8,0,1,58254,466032,19.2
0,baseline,unreserved,8,0,2,58254,466032,19.0
0,baseline,unreserved,8,0,3,58254,466032,19.5
0,baseline,unreserved,8,0,4,58254,466032,19.1
0,baseline,unreserved,8,0,5,58254,466032,19.0
0,baseline,unreserved,8,0,6,58254,466032,19.0
0,baseline,unreserved,8,0,7,58254,466032,18.7
0,baseline,unreserved,8,0,8,58254,466032,19.2
0,baseline,unreserved,8,1,0,58254,466032,15.4
0,baseline,unreserved,8,1,1,58254,466032,15.7
0,baseline,unreserved,8,1,2,58254,466032,15.7
0,baseline,unreserved,8,1,3,58254,466032,15.6
0,baseline,unreserved,8,1,4,58254,466032,16.8
0,baseline,unreserved,8,1,5,58254,466032,16.6
0,baseline,unreserved,8,1,6,58254,466032,16.5
0,baseline,unreserved,8,1,7,58254,466032,17.2
0,baseline,unreserved,8,1,8,58254,466032,17.2
0,baseline,unreserved,8,2,0,58254,466032,19.6
0,baseline,unreserved,8,2,1,58254,466032,20.0
0,baseline,unreserved,8,2,2,58254,466032,22.1
0,baseline,unreserved,8,2,3,58254,466032,22.4
0,baseline,unreserved,8,2,4,58254,466032,20.6
0,baseline,unreserved,8,2,5,58254,466032,20.5
0,baseline,unreserved,8,2,6,58254,466032,20.4
0,baseline,unreserved,8,2,7,58254,466032,20.1
0,baseline,unreserved,8,2,8,58254,466032,19.8
0,baseline,unreserved,8,3,0,58254,466032,16.9
0,baseline,unreserved,8,3,1,58254,466032,17.5
0,baseline,unreserved,8,3,2,58254,466032,16.5
0,baseline,unreserved,8,3,3,58254,466032,16.8
0,baseline,unreserved,8,3,4,58254,466032,17.0
0,baseline,unreserved,8,3,5,58254,466032,16.9
0,baseline,unreserved,8,3,6,58254,466032,16.8
0,baseline,unreserved,8,3,7,58254,466032,16.8
0,baseline,unreserved,8,3,8,58254,466032,17.0
0,baseline,unreserved,64,0,0,32768,2097152,94.8
0,baseline,unreserved,64,0,1,32768,2097152,95.5
0,baseline,unreserved,64,0,2,32768,2097152,95.9
0,baseline,unreserved,64,0,3,32768,2097152,94.9
0,baseline,unreserved,64,0,4,32768,2097152,95.4
0,baseline,unreserved,64,0,5,32768,2097152,111.9
0,baseline,unreserved,64,0,6,32768,2097152,95.3
0,baseline,unreserved,64,0,7,32768,2097152,95.7
0,baseline,unreserved,64,0,8,32768,2097152,95.2
0,baseline,unreserved,64,1,0,32768,2097152,88.6
0,baseline,unreserved,64,1,1,32768,2097152,89.1
0,baseline,unreserved,64,1,2,32768,2097152,89.5
0,baseline,unreserved,64,1,3,32768,2097152,89.5
0,baseline,unreserved,64,1,4,32768,2097152,90.3
0,baseline,unreserved,64,1,5,32768,2097152,88.9
0,baseline,unreserved,64,1,6,32768,2097152,89.5
0,baseline,unreserved,64,1,7,32768,2097152,89.0
0,baseline,unreserved,64,1,8,32768,2097152,89.3
0,baseline,unreserved,64,2,0,32768,2097152,64.1
0,baseline,unreserved,64,2,1,32768,2097152,63.6
0,baseline,unreserved,64,2,2,32768,2097152,64.3
0,baseline,unreserved,64,2,3,32768,2097152,64.7
0,baseline,unreserved,64,2,4,32768,2097152,64.2
0,baseline,unreserved,64,2,5,32768,2097152,64.2
0,baseline,unreserved,64,2,6,32768,2097152,63.9
0,baseline,unreserved,64,2,7,32768,2097152,64.0
0,baseline,unreserved,64,2,8,32768,2097152,63.7
0,baseline,unreserved,64,3,0,32768,2097152,84.0
0,baseline,unreserved,64,3,1,32768,2097152,88.9
0,baseline,unreserved,64,3,2,32768,2097152,84.9
0,baseline,unreserved,64,3,3,32768,2097152,85.9
0,baseline,unreserved,64,3,4,32768,2097152,84.8
0,baseline,unreserved,64,3,5,32768,2097152,85.2
0,baseline,unreserved,64,3,6,32768,2097152,85.3
0,baseline,unreserved,64,3,7,32768,2097152,83.8
0,baseline,unreserved,64,3,8,32768,2097152,89.0
0,baseline,unreserved,4096,0,0,1008,4128768,5697.9
0,baseline,unreserved,4096,0,1,1008,4128768,5273.7
0,baseline,unreserved,4096,0,2,1008,4128768,5246.3
0,baseline,unreserved,4096,0,3,1008,4128768,5241.6
0,baseline,unreserved,4096,0,4,1008,4128768,5210.5
0,baseline,unreserved,4096,0,5,1008,4128768,5393.6
0,baseline,unreserved,4096,0,6,1008,4128768,5426.9
0,baseline,unreserved,4096,0,7,1008,4128768,5356.3
0,baseline,unreserved,4096,0,8,1008,4128768,5248.9
0,baseline,unreserved,4096,1,0,1008,4128768,4628.5
0,baseline,unreserved,4096,1,1,1008,4128768,4768.7
0,baseline,unreserved,4096,1,2,1008,4128768,4761.3
0,baseline,unreserved,4096,1,3,1008,4128768,4728.5
0,baseline,unreserved,4096,1,4,1008,4128768,4705.3
0,baseline,unreserved,4096,1,5,1008,4128768,4689.3
0,baseline,unreserved,4096,1,6,1008,4128768,4625.0
0,baseline,unreserved,4096,1,7,1008,4128768,4654.9
0,baseline,unreserved,4096,1,8,1008,4128768,4928.7
0,baseline,unreserved,4096,2,0,1008,4128768,3002.9
0,baseline,unreserved,4096,2,1,1008,4128768,3019.2
0,baseline,unreserved,4096,2,2,1008,4128768,3039.7
0,baseline,unreserved,4096,2,3,1008,4128768,3019.4
0,baseline,unreserved,4096,2,4,1008,4128768,3028.0
0,baseline,unreserved,4096,2,5,1008,4128768,3027.1
0,baseline,unreserved,4096,2,6,1008,4128768,3006.0
0,baseline,unreserved,4096,2,7,1008,4128768,3343.1
0,baseline,unreserved,4096,2,8,1008,4128768,3103.8
0,baseline,unreserved,4096,3,0,1008,4128768,4520.4
0,baseline,unreserved,4096,3,1,1008,4128768,4534.6
0,baseline,unreserved,4096,3,2,1008,4128768,4460.9
0,baseline,unreserved,4096,3,3,1008,4128768,4458.7
0,baseline,unreserved,4096,3,4,1008,4128768,4697.0
0,baseline,unreserved,4096,3,5,1008,4128768,4503.9
0,baseline,unreserved,4096,3,6,1008,4128768,4470.9
0,baseline,unreserved,4096,3,7,1008,4128768,4536.7
0,baseline,unreserved,4096,3,8,1008,4128768,4474.6
0,baseline,unreserved,65536,0,0,64,4194304,87794.4
0,baseline,unreserved,65536,0,1,64,4194304,83642.8
0,baseline,unreserved,65536,0,2,64,4194304,84163.8
0,baseline,unreserved,65536,0,3,64,4194304,83924.9
0,baseline,unreserved,65536,0,4,64,4194304,83761.6
0,baseline,unreserved,65536,0,5,64,4194304,84323.0
0,baseline,unreserved,65536,0,6,64,4194304,84257.7
0,baseline,unreserved,65536,0,7,64,4194304,84033.3
0,baseline,unreserved,65536,0,8,64,4194304,83740.2
0,baseline,unreserved,65536,1,0,64,4194304,76431.7
0,baseline,unreserved,65536,1,1,64,4194304,73811.9
0,baseline,unreserved,65536,1,2,64,4194304,75144.5
0,baseline,unreserved,65536,1,3,64,4194304,74019.0
0,baseline,unreserved,65536,1,4,64,4194304,74159.1
0,baseline,unreserved,65536,1,5,64,4194304,73664.1
0,baseline,unreserved,65536,1,6,64,4194304,74296.3
0,baseline,unreserved,65536,1,7,64,4194304,75656.5
0,baseline,unreserved,65536,1,8,64,4194304,76866.8
0,baseline,unreserved,65536,2,0,64,4194304,47830.6
0,baseline,unreserved,65536,2,1,64,4194304,48146.5
0,baseline,unreserved,65536,2,2,64,4194304,48092.2
0,baseline,unreserved,65536,2,3,64,4194304,48670.2
0,baseline,unreserved,65536,2,4,64,4194304,48349.2
0,baseline,unreserved,65536,2,5,64,4194304,48672.7
0,baseline,unreserved,65536,2,6,64,4194304,48147.6
0,baseline,unreserved,65536,2,7,64,4194304,48122.5
0,baseline,unreserved,65536,2,8,64,4194304,48467.8
0,baseline,unreserved,65536,3,0,64,4194304,71187.3
0,baseline,unreserved,65536,3,1,64,4194304,73918.3
0,baseline,unreserved,65536,3,2,64,4194304,71645.9
0,baseline,unreserved,65536,3,3,64,4194304,71026.8
0,baseline,unreserved,65536,3,4,64,4194304,71352.7
0,baseline,unreserved,65536,3,5,64,4194304,70997.7
0,baseline,unreserved,65536,3,6,64,4194304,71326.5
0,baseline,unreserved,65536,3,7,64,4194304,71732.8
0,baseline,unreserved,65536,3,8,64,4194304,78222.1
0,baseline,dense,4,0,0,61680,740160,17.0
0,baseline,dense,4,0,1,61680,740160,17.0
0,baseline,dense,4,0,2,61680,740160,17.0
0,baseline,dense,4,0,3,61680,740160,17.0
0,baseline,dense,4,0,4,61680,740160,17.5
0,baseline,dense,4,0,5,61680,740160,17.1
0,baseline,dense,4,0,6,61680,740160,17.9
0,baseline,dense,4,0,7,61680,740160,17.0
0,baseline,dense,4,0,8,61680,740160,17.1
0,baseline,dense,4,1,0,61680,616800,16.7
0,baseline,dense,4,1,1,61680,616800,17.3
0,baseline,dense,4,1,2,61680,616800,16.2
0,baseline,dense,4,1,3,61680,616800,16.6
0,baseline,dense,4,1,4,61680,616800,16.5
0,baseline,dense,4,1,5,61680,616800,16.6
0,baseline,dense,4,1,6,61680,616800,16.9
0,baseline,dense,4,1,7,61680,616800,16.4
0,baseline,dense,4,1,8,61680,616800,16.6
0,baseline,dense,4,2,0,61680,246720,17.7
0,baseline,dense,4,2,1,61680,246720,17.5
0,baseline,dense,4,2,2,61680,246720,17.8
0,baseline,dense,4,2,3,61680,246720,18.8
0,baseline,dense,4,2,4,61680,246720,18.8
0,baseline,dense,4,2,5,61680,246720,21.1
0,baseline,dense,4,2,6,61680,246720,17.8
0,baseline,dense,4,2,7,61680,246720,17.3
0,baseline,dense,4,2,8,61680,246720,17.5
0,baseline,dense,4,3,0,61680,616800,16.2
0,baseline,dense,4,3,1,61680,616800,16.4
0,baseline,dense,4,3,2,61680,616800,16.0
0,baseline,dense,4,3,3,61680,616800,16.1
0,baseline,dense,4,3,4,61680,616800,16.2
0,baseline,dense,4,3,5,61680,616800,16.3
0,baseline,dense,4,3,6,61680,616800,16.1
0,baseline,dense,4,3,7,61680,616800,16.7
0,baseline,dense,4,3,8,61680,616800,16.1
0,baseline,dense,8,0,0,58254,1398096,26.1
0,baseline,dense,8,0,1,58254,1398096,26.0
0,baseline,dense,8,0,2,58254,1398096,26.4
0,baseline,dense,8,0,3,58254,1398096,25.6
0,baseline,dense,8,0,4,58254,1398096,25.4
0,baseline,dense,8,0,5,58254,1398096,25.6
0,baseline,dense,8,0,6,58254,1398096,25.5
0,baseline,dense,8,0,7,58254,1398096,25.8
0,baseline,dense,8,0,8,58254,1398096,25.4
0,baseline,dense,8,1,0,58254,1165080,25.2
0,baseline,dense,8,1,1,58254,1165080,25.0
0,baseline,dense,8,1,2,58254,1165080,24.4
0,baseline,dense,8,1,3,58254,1165080,25.0
0,baseline,dense,8,1,4,58254,1165080,25.0
0,baseline,dense,8,1,5,58254,1165080,24.7
0,baseline,dense,8,1,6,58254,1165080,25.2
0,baseline,dense,8,1,7,58254,1165080,24.9
0,baseline,dense,8,1,8,58254,1165080,24.8
0,baseline,dense,8,2,0,58254,466032,20.2
0,baseline,dense,8,2,1,58254,466032,23.3
0,baseline,dense,8,2,2,58254,466032,20.5
0,baseline,dense,8,2,3,58254,466032,20.6
0,baseline,dense,8,2,4,58254,466032,20.7
0,baseline,dense,8,2,5,58254,466032,20.5
0,baseline,dense,8,2,6,58254,466032,20.2
0,baseline,dense,8,2,7,58254,466032,20.7
0,baseline,dense,8,2,8,58254,466032,20.1
0,baseline,dense,8,3,0,58254,1165080,24.2
0,baseline,dense,8,3,1,58254,1165080,24.1
0,baseline,dense,8,3,2,58254,1165080,24.0
0,baseline,dense,8,3,3,58254,1165080,24.0
0,baseline,dense,8,3,4,58254,1165080,24.2
0,baseline,dense,8,3,5,58254,1165080,24.1
0,baseline,dense,8,3,6,58254,1165080,24.0
0,baseline,dense,8,3,7,58254,1165080,26.6
0,baseline,dense,8,3,8,58254,1165080,24.6
0,baseline,dense,64,0,0,32768,6291456,154.4
0,baseline,dense,64,0,1,32768,6291456,152.9
0,baseline,dense,64,0,2,32768,6291456,152.1
0,baseline,dense,64,0,3,32768,6291456,152.5
0,baseline,dense,64,0,4,32768,6291456,153.3
0,baseline,dense,64,0,5,32768,6291456,151.9
0,baseline,dense,64,0,6,32768,6291456,152.6
0,baseline,dense,64,0,7,32768,6291456,152.5
0,baseline,dense,64,0,8,32768,6291456,151.8
0,baseline,dense,64,1,0,32768,5242880,153.7
0,baseline,dense,64,1,1,32768,5242880,150.0
0,baseline,dense,64,1,2,32768,5242880,148.7
0,baseline,dense,64,1,3,32768,5242880,149.1
0,baseline,dense,64,1,4,32768,5242880,150.1
0,baseline,dense,64,1,5,32768,5242880,148.7
0,baseline,dense,64,1,6,32768,5242880,151.7
0,baseline,dense,64,1,7,32768,5242880,150.9
0,baseline,dense,64,1,8,32768,5242880,148.5
0,baseline,dense,64,2,0,32768,2097152,59.5
0,baseline,dense,64,2,1,32768,2097152,58.8
0,baseline,dense,64,2,2,32768,2097152,59.1
0,baseline,dense,64,2,3,32768,2097152,59.0
0,baseline,dense,64,2,4,32768,2097152,59.0
0,baseline,dense,64,2,5,32768,2097152,59.0
0,baseline,dense,64,2,6,32768,2097152,60.8
0,baseline,dense,64,2,7,32768,2097152,60.5
0,baseline,dense,64,2,8,32768,2097152,59.1
0,baseline,dense,64,3,0,32768,5242880,141.6
0,baseline,dense,64,3,1,32768,5242880,141.7
0,baseline,dense,64,3,2,32768,5242880,139.9
0,baseline,dense,64,3,3,32768,5242880,140.4
0,baseline,dense,64,3,4,32768,5242880,143.5
0,baseline,dense,64,3,5,32768,5242880,141.0
0,baseline,dense,64,3,6,32768,5242880,140.8
0,baseline,dense,64,3,7,32768,5242880,140.1
0,baseline,dense,64,3,8,32768,5242880,139.8
0,baseline,dense,4096,0,0,1008,12386304,8915.5
0,baseline,dense,4096,0,1,1008,12386304,8798.9
0,baseline,dense,4096,0,2,1008,12386304,8818.0
0,baseline,dense,4096,0,3,1008,12386304,8878.0
0,baseline,dense,4096,0,4,1008,12386304,8860.4
0,baseline,dense,4096,0,5,1008,12386304,9112.2
0,baseline,dense,4096,0,6,1008,12386304,8808.6
0,baseline,dense,4096,0,7,1008,12386304,8930.3
0,baseline,dense,4096,0,8,1008,12386304,8868.9
0,baseline,dense,4096,1,0,1008,10321920,9243.4
0,baseline,dense,4096,1,1,1008,10321920,9492.4
0,baseline,dense,4096,1,2,1008,10321920,9355.8
0,baseline,dense,4096,1,3,1008,10321920,9116.8
0,baseline,dense,4096,1,4,1008,10321920,9315.1
0,baseline,dense,4096,1,5,1008,10321920,9262.3
0,baseline,dense,4096,1,6,1008,10321920,9141.3
0,baseline,dense,4096,1,7,1008,10321920,9328.7
0,baseline,dense,4096,1,8,1008,10321920,9195.1
0,baseline,dense,4096,2,0,1008,4128768,3130.4
0,baseline,dense,4096,2,1,1008,4128768,3091.2
0,baseline,dense,4096,2,2,1008,4128768,3040.1
0,baseline,dense,4096,2,3,1008,4128768,3071.1
0,baseline,dense,4096,2,4,1008,4128768,3191.6
0,baseline,dense,4096,2,5,1008,4128768,3112.7
0,baseline,dense,4096,2,6,1008,4128768,3042.7
0,baseline,dense,4096,2,7,1008,4128768,3084.0
0,baseline,dense,4096,2,8,1008,4128768,3014.5
0,baseline,dense,4096,3,0,1008,10321920,8134.7
0,baseline,dense,4096,3,1,1008,10321920,8330.6
0,baseline,dense,4096,3,2,1008,10321920,8190.4
0,baseline,dense,4096,3,3,1008,10321920,8149.0
0,baseline,dense,4096,3,4,1008,10321920,8120.9
0,baseline,dense,4096,3,5,1008,10321920,8339.6
0,baseline,dense,4096,3,6,1008,10321920,8095.8
0,baseline,dense,4096,3,7,1008,10321920,8077.2
0,baseline,dense,4096,3,8,1008,10321920,8418.2
0,baseline,dense,65536,0,0,64,12582912,146399.5
0,baseline,dense,65536,0,1,64,12582912,152935.4
0,baseline,dense,65536,0,2,64,12582912,143719.1
0,baseline,dense,65536,0,3,64,12582912,143115.8
0,baseline,dense,65536,0,4,64,12582912,147441.3
0,baseline,dense,65536,0,5,64,12582912,143433.6
0,baseline,dense,65536,0,6,64,12582912,141230.7
0,baseline,dense,65536,0,7,64,12582912,141651.4
0,baseline,dense,65536,0,8,64,12582912,141489.5
0,baseline,dense,65536,1,0,64,10485760,157622.1
0,baseline,dense,65536,1,1,64,10485760,151866.5
0,baseline,dense,65536,1,2,64,10485760,150461.3
0,baseline,dense,65536,1,3,64,10485760,148806.9
0,baseline,dense,65536,1,4,64,10485760,153906.8
0,baseline,dense,65536,1,5,64,10485760,155098.1
0,baseline,dense,65536,1,6,64,10485760,154873.7
0,baseline,dense,65536,1,7,64,10485760,160544.4
0,baseline,dense,65536,1,8,64,10485760,151051.8
0,baseline,dense,65536,2,0,64,4194304,109837.1
0,baseline,dense,65536,2,1,64,4194304,69662.0
0,baseline,dense,65536,2,2,64,4194304,124210.8
0,baseline,dense,65536,2,3,64,4194304,47809.5
0,baseline,dense,65536,2,4,64,4194304,50228.2
0,baseline,dense,65536,2,5,64,4194304,162474.5
0,baseline,dense,65536,2,6,64,4194304,65230.9
0,baseline,dense,65536,2,7,64,4194304,48160.6
0,baseline,dense,65536,2,8,64,4194304,54293.2
0,baseline,dense,65536,3,0,64,10485760,138858.0
0,baseline,dense,65536,3,1,64,10485760,135480.8
0,baseline,dense,65536,3,2,64,10485760,137566.3
0,baseline,dense,65536,3,3,64,10485760,136024.1
0,baseline,dense,65536,3,4,64,10485760,141381.8
0,baseline,dense,65536,3,5,64,10485760,137034.5
0,baseline,dense,65536,3,6,64,10485760,135522.7
0,baseline,dense,65536,3,7,64,10485760,139309.2
0,baseline,dense,65536,3,8,64,10485760,139110.8
0,baseline,html_dense,5,0,0,60787,911805,18.6
0,baseline,html_dense,5,0,1,60787,911805,18.9
0,baseline,html_dense,5,0,2,60787,911805,20.2
0,baseline,html_dense,5,0,3,60787,911805,18.6
0,baseline,html_dense,5,0,4,60787,911805,18.8
0,baseline,html_dense,5,0,5,60787,911805,18.6
0,baseline,html_dense,5,0,6,60787,911805,19.1
0,baseline,html_dense,5,0,7,60787,911805,18.9
0,baseline,html_dense,5,0,8,60787,911805,18.9
0,baseline,html_dense,5,1,0,60787,911805,19.9
0,baseline,html_dense,5,1,1,60787,911805,20.8
0,baseline,html_dense,5,1,2,60787,911805,19.9
0,baseline,html_dense,5,1,3,60787,911805,19.2
0,baseline,html_dense,5,1,4,60787,911805,19.5
0,baseline,html_dense,5,1,5,60787,911805,19.3
0,baseline,html_dense,5,1,6,60787,911805,20.2
0,baseline,html_dense,5,1,7,60787,911805,19.9
0,baseline,html_dense,5,1,8,60787,911805,20.4
0,baseline,html_dense,5,2,0,60787,1458888,28.9
0,baseline,html_dense,5,2,1,60787,1458888,28.6
0,baseline,html_dense,5,2,2,60787,1458888,30.7
0,baseline,html_dense,5,2,3,60787,1458888,28.9
0,baseline,html_dense,5,2,4,60787,1458888,30.6
0,baseline,html_dense,5,2,5,60787,1458888,29.7
0,baseline,html_dense,5,2,6,60787,1458888,30.6
0,baseline,html_dense,5,2,7,60787,1458888,28.9
0,baseline,html_dense,5,2,8,60787,1458888,28.9
0,baseline,html_dense,5,3,0,60787,911805,19.6
0,baseline,html_dense,5,3,1,60787,911805,19.4
0,baseline,html_dense,5,3,2,60787,911805,19.4
0,baseline,html_dense,5,3,3,60787,911805,19.6
0,baseline,html_dense,5,3,4,60787,911805,19.2
0,baseline,html_dense,5,3,5,60787,911805,19.8
0,baseline,html_dense,5,3,6,60787,911805,19.6
0,baseline,html_dense,5,3,7,60787,911805,19.5
0,baseline,html_dense,5,3,8,60787,911805,19.3
0,baseline,html_dense,10,0,0,56679,1700370,33.0
0,baseline,html_dense,10,0,1,56679,1700370,30.2
0,baseline,html_dense,10,0,2,56679,1700370,29.6
0,baseline,html_dense,10,0,3,56679,1700370,30.0
0,baseline,html_dense,10,0,4,56679,1700370,30.0
0,baseline,html_dense,10,0,5,56679,1700370,30.4
0,baseline,html_dense,10,0,6,56679,1700370,29.5
0,baseline,html_dense,10,0,7,56679,1700370,30.1
0,baseline,html_dense,10,0,8,56679,1700370,29.8
0,baseline,html_dense,10,1,0,56679,1700370,30.3
0,baseline,html_dense,10,1,1,56679,1700370,30.3
0,baseline,html_dense,10,1,2,56679,1700370,30.7
0,baseline,html_dense,10,1,3,56679,1700370,30.8
0,baseline,html_dense,10,1,4,56679,1700370,30.9
0,baseline,html_dense,10,1,5,56679,1700370,32.9
0,baseline,html_dense,10,1,6,56679,1700370,31.3
0,baseline,html_dense,10,1,7,56679,1700370,31.5
0,baseline,html_dense,10,1,8,56679,1700370,30.5
0,baseline,html_dense,10,2,0,56679,2720592,37.0
0,baseline,html_dense,10,2,1,56679,2720592,37.4
0,baseline,html_dense,10,2,2,56679,2720592,36.7
0,baseline,html_dense,10,2,3,56679,2720592,36.5
0,baseline,html_dense,10,2,4,56679,2720592,36.7
0,baseline,html_dense,10,2,5,56679,2720592,36.6
0,baseline,html_dense,10,2,6,56679,2720592,36.5
0,baseline,html_dense,10,2,7,56679,2720592,36.5
0,baseline,html_dense,10,2,8,56679,2720592,37.9
0,baseline,html_dense,10,3,0,56679,1700370,30.4
0,baseline,html_dense,10,3,1,56679,1700370,30.5
0,baseline,html_dense,10,3,2,56679,1700370,30.8
0,baseline,html_dense,10,3,3,56679,1700370,30.6
0,baseline,html_dense,10,3,4,56679,1700370,31.2
0,baseline,html_dense,10,3,5,56679,1700370,31.2
0,baseline,html_dense,10,3,6,56679,1700370,30.5
0,baseline,html_dense,10,3,7,56679,1700370,30.6
0,baseline,html_dense,10,3,8,56679,1700370,30.9
0,baseline,html_dense,65,0,0,32513,6340035,157.0
0,baseline,html_dense,65,0,1,32513,6340035,153.2
0,baseline,html_dense,65,0,2,32513,6340035,153.8
0,baseline,html_dense,65,0,3,32513,6340035,154.9
0,baseline,html_dense,65,0,4,32513,6340035,154.2
0,baseline,html_dense,65,0,5,32513,6340035,153.0
0,baseline,html_dense,65,0,6,32513,6340035,153.9
0,baseline,html_dense,65,0,7,32513,6340035,156.4
0,baseline,html_dense,65,0,8,32513,6340035,154.8
0,baseline,html_dense,65,1,0,32513,6340035,164.7
0,baseline,html_dense,65,1,1,32513,6340035,164.9
0,baseline,html_dense,65,1,2,32513,6340035,166.6
0,baseline,html_dense,65,1,3,32513,6340035,164.5
0,baseline,html_dense,65,1,4,32513,6340035,165.0
0,baseline,html_dense,65,1,5,32513,6340035,166.8
0,baseline,html_dense,65,1,6,32513,6340035,163.7
0,baseline,html_dense,65,1,7,32513,6340035,165.7
0,baseline,html_dense,65,1,8,32513,6340035,167.3
0,baseline,html_dense,65,2,0,32513,10144056,144.0
0,baseline,html_dense,65,2,1,32513,10144056,145.1
0,baseline,html_dense,65,2,2,32513,10144056,144.7
0,baseline,html_dense,65,2,3,32513,10144056,146.4
0,baseline,html_dense,65,2,4,32513,10144056,147.1
0,baseline,html_dense,65,2,5,32513,10144056,153.5
0,baseline,html_dense,65,2,6,32513,10144056,144.8
0,baseline,html_dense,65,2,7,32513,10144056,145.6
0,baseline,html_dense,65,2,8,32513,10144056,145.0
0,baseline,html_dense,65,3,0,32513,6340035,167.4
0,baseline,html_dense,65,3,1,32513,6340035,158.9
0,baseline,html_dense,65,3,2,32513,6340035,159.2
0,baseline,html_dense,65,3,3,32513,6340035,160.8
0,baseline,html_dense,65,3,4,32513,6340035,159.3
0,baseline,html_dense,65,3,5,32513,6340035,158.6
0,baseline,html_dense,65,3,6,32513,6340035,159.7
0,baseline,html_dense,65,3,7,32513,6340035,160.1
0,baseline,html_dense,65,3,8,32513,6340035,158.0
0,baseline,html_dense,4100,0,0,1007,12386100,8831.4
0,baseline,html_dense,4100,0,1,1007,12386100,9334.1
0,baseline,html_dense,4100,0,2,1007,12386100,9182.1
0,baseline,html_dense,4100,0,3,1007,12386100,8785.9
0,baseline,html_dense,4100,0,4,1007,12386100,8960.4
0,baseline,html_dense,4100,0,5,1007,12386100,9198.6
0,baseline,html_dense,4100,0,6,1007,12386100,8853.0
0,baseline,html_dense,4100,0,7,1007,12386100,8842.3
0,baseline,html_dense,4100,0,8,1007,12386100,8807.8
0,baseline,html_dense,4100,1,0,1007,12386100,9760.8
0,baseline,html_dense,4100,1,1,1007,12386100,10294.5
0,baseline,html_dense,4100,1,2,1007,12386100,9730.9
0,baseline,html_dense,4100,1,3,1007,12386100,9807.2
0,baseline,html_dense,4100,1,4,1007,12386100,9719.5
0,baseline,html_dense,4100,1,5,1007,12386100,9820.6
0,baseline,html_dense,4100,1,6,1007,12386100,9766.0
0,baseline,html_dense,4100,1,7,1007,12386100,9744.0
0,baseline,html_dense,4100,1,8,1007,12386100,9727.3
0,baseline,html_dense,4100,2,0,1007,19817760,8525.4
0,baseline,html_dense,4100,2,1,1007,19817760,8588.6
0,baseline,html_dense,4100,2,2,1007,19817760,8670.9
0,baseline,html_dense,4100,2,3,1007,19817760,8557.9
0,baseline,html_dense,4100,2,4,1007,19817760,8575.1
0,baseline,html_dense,4100,2,5,1007,19817760,8628.6
0,baseline,html_dense,4100,2,6,1007,19817760,8241.6
0,baseline,html_dense,4100,2,7,1007,19817760,8311.5
0,baseline,html_dense,4100,2,8,1007,19817760,8325.8
0,baseline,html_dense,4100,3,0,1007,12386100,9262.2
0,baseline,html_dense,4100,3,1,1007,12386100,9260.1
0,baseline,html_dense,4100,3,2,1007,12386100,9209.8
0,baseline,html_dense,4100,3,3,1007,12386100,9570.6
0,baseline,html_dense,4100,3,4,1007,12386100,9229.9
0,baseline,html_dense,4100,3,5,1007,12386100,9263.2
0,baseline,html_dense,4100,3,6,1007,12386100,9279.2
0,baseline,html_dense,4100,3,7,1007,12386100,9256.8
0,baseline,html_dense,4100,3,8,1007,12386100,9236.6
0,baseline,html_dense,65540,0,0,64,12583680,148376.3
0,baseline,html_dense,65540,0,1,64,12583680,144630.4
0,baseline,html_dense,65540,0,2,64,12583680,141957.5
0,baseline,html_dense,65540,0,3,64,12583680,145838.2
0,baseline,html_dense,65540,0,4,64,12583680,141363.3
0,baseline,html_dense,65540,0,5,64,12583680,140539.0
0,baseline,html_dense,65540,0,6,64,12583680,147259.7
0,baseline,html_dense,65540,0,7,64,12583680,148883.2
0,baseline,html_dense,65540,0,8,64,12583680,142780.4
0,baseline,html_dense,65540,1,0,64,12583680,170008.8
0,baseline,html_dense,65540,1,1,64,12583680,155804.9
0,baseline,html_dense,65540,1,2,64,12583680,155239.2
0,baseline,html_dense,65540,1,3,64,12583680,167017.6
0,baseline,html_dense,65540,1,4,64,12583680,154574.2
0,baseline,html_dense,65540,1,5,64,12583680,155215.0
0,baseline,html_dense,65540,1,6,64,12583680,154924.9
0,baseline,html_dense,65540,1,7,64,12583680,155012.2
0,baseline,html_dense,65540,1,8,64,12583680,155007.8
0,baseline,html_dense,65540,2,0,64,20133888,132584.5
0,baseline,html_dense,65540,2,1,64,20133888,132830.7
0,baseline,html_dense,65540,2,2,64,20133888,134058.6
0,baseline,html_dense,65540,2,3,64,20133888,132631.2
0,baseline,html_dense,65540,2,4,64,20133888,132405.4
0,baseline,html_dense,65540,2,5,64,20133888,132871.5
0,baseline,html_dense,65540,2,6,64,20133888,135811.3
0,baseline,html_dense,65540,2,7,64,20133888,132963.5
0,baseline,html_dense,65540,2,8,64,20133888,132338.4
0,baseline,html_dense,65540,3,0,64,12583680,147108.7
0,baseline,html_dense,65540,3,1,64,12583680,148028.1
0,baseline,html_dense,65540,3,2,64,12583680,149834.3
0,baseline,html_dense,65540,3,3,64,12583680,150185.0
0,baseline,html_dense,65540,3,4,64,12583680,152445.7
0,baseline,html_dense,65540,3,5,64,12583680,151738.9
0,baseline,html_dense,65540,3,6,64,12583680,152908.2
0,baseline,html_dense,65540,3,7,64,12583680,151916.8
0,baseline,html_dense,65540,3,8,64,12583680,151679.2
0,baseline,html_sparse,1,0,0,64527,193581,9.4
0,baseline,html_sparse,1,0,1,64527,193581,9.7
0,baseline,html_sparse,1,0,2,64527,193581,9.4
0,baseline,html_sparse,1,0,3,64527,193581,9.5
0,baseline,html_sparse,1,0,4,64527,193581,9.6
0,baseline,html_sparse,1,0,5,64527,193581,9.5
0,baseline,html_sparse,1,0,6,64527,193581,9.6
0,baseline,html_sparse,1,0,7,64527,193581,10.8
0,baseline,html_sparse,1,0,8,64527,193581,9.5
0,baseline,html_sparse,1,1,0,64527,193581,12.8
0,baseline,html_sparse,1,1,1,64527,193581,10.2
0,baseline,html_sparse,1,1,2,64527,193581,10.4
0,baseline,html_sparse,1,1,3,64527,193581,10.4
0,baseline,html_sparse,1,1,4,64527,193581,10.8
0,baseline,html_sparse,1,1,5,64527,193581,10.1
0,baseline,html_sparse,1,1,6,64527,193581,12.1
0,baseline,html_sparse,1,1,7,64527,193581,11.4
0,baseline,html_sparse,1,1,8,64527,193581,11.0
0,baseline,html_sparse,1,2,0,64527,322635,15.5
0,baseline,html_sparse,1,2,1,64527,322635,15.0
0,baseline,html_sparse,1,2,2,64527,322635,15.8
0,baseline,html_sparse,1,2,3,64527,322635,15.0
0,baseline,html_sparse,1,2,4,64527,322635,15.9
0,baseline,html_sparse,1,2,5,64527,322635,15.0
0,baseline,html_sparse,1,2,6,64527,322635,16.2
0,baseline,html_sparse,1,2,7,64527,322635,15.0
0,baseline,html_sparse,1,2,8,64527,322635,15.4
0,baseline,html_sparse,1,3,0,64527,193581,12.0
0,baseline,html_sparse,1,3,1,64527,193581,10.1
0,baseline,html_sparse,1,3,2,64527,193581,10.1
0,baseline,html_sparse,1,3,3,64527,193581,11.8
0,baseline,html_sparse,1,3,4,64527,193581,10.2
0,baseline,html_sparse,1,3,5,64527,193581,10.5
0,baseline,html_sparse,1,3,6,64527,193581,10.8
0,baseline,html_sparse,1,3,7,64527,193581,10.1
0,baseline,html_sparse,1,3,8,64527,193581,10.5
0,baseline,html_sparse,8,0,0,58254,582540,19.1
0,baseline,html_sparse,8,0,1,58254,582540,20.4
0,baseline,html_sparse,8,0,2,58254,582540,19.2
0,baseline,html_sparse,8,0,3,58254,582540,19.5
0,baseline,html_sparse,8,0,4,58254,582540,19.4
0,baseline,html_sparse,8,0,5,58254,582540,19.3
0,baseline,html_sparse,8,0,6,58254,582540,19.0
0,baseline,html_sparse,8,0,7,58254,582540,19.3
0,baseline,html_sparse,8,0,8,58254,582540,19.7
0,baseline,html_sparse,8,1,0,58254,582540,18.6
0,baseline,html_sparse,8,1,1,58254,582540,16.6
0,baseline,html_sparse,8,1,2,58254,582540,16.9
0,baseline,html_sparse,8,1,3,58254,582540,17.0
0,baseline,html_sparse,8,1,4,58254,582540,17.0
0,baseline,html_sparse,8,1,5,58254,582540,20.5
0,baseline,html_sparse,8,1,6,58254,582540,18.3
0,baseline,html_sparse,8,1,7,58254,582540,19.0
0,baseline,html_sparse,8,1,8,58254,582540,19.0
0,baseline,html_sparse,8,2,0,58254,699048,20.8
0,baseline,html_sparse,8,2,1,58254,699048,20.7
0,baseline,html_sparse,8,2,2,58254,699048,20.9
0,baseline,html_sparse,8,2,3,58254,699048,20.8
0,baseline,html_sparse,8,2,4,58254,699048,20.8
0,baseline,html_sparse,8,2,5,58254,699048,21.6
0,baseline,html_sparse,8,2,6,58254,699048,20.9
0,baseline,html_sparse,8,2,7,58254,699048,21.2
0,baseline,html_sparse,8,2,8,58254,699048,21.1
0,baseline,html_sparse,8,3,0,58254,582540,18.3
0,baseline,html_sparse,8,3,1,58254,582540,17.8
0,baseline,html_sparse,8,3,2,58254,582540,17.8
0,baseline,html_sparse,8,3,3,58254,582540,17.9
0,baseline,html_sparse,8,3,4,58254,582540,17.8
0,baseline,html_sparse,8,3,5,58254,582540,17.9
0,baseline,html_sparse,8,3,6,58254,582540,17.9
0,baseline,html_sparse,8,3,7,58254,582540,18.4
0,baseline,html_sparse,8,3,8,58254,582540,18.0
0,baseline,html_sparse,64,0,0,32768,2162688,95.6
0,baseline,html_sparse,64,0,1,32768,2162688,95.5
0,baseline,html_sparse,64,0,2,32768,2162688,96.4
0,baseline,html_sparse,64,0,3,32768,2162688,97.3
0,baseline,html_sparse,64,0,4,32768,2162688,96.1
0,baseline,html_sparse,64,0,5,32768,2162688,96.3
0,baseline,html_sparse,64,0,6,32768,2162688,96.5
0,baseline,html_sparse,64,0,7,32768,2162688,96.0
0,baseline,html_sparse,64,0,8,32768,2162688,98.2
0,baseline,html_sparse,64,1,0,32768,2162688,91.1
0,baseline,html_sparse,64,1,1,32768,2162688,91.6
0,baseline,html_sparse,64,1,2,32768,2162688,91.5
0,baseline,html_sparse,64,1,3,32768,2162688,92.3
0,baseline,html_sparse,64,1,4,32768,2162688,91.1
0,baseline,html_sparse,64,1,5,32768,2162688,92.1
0,baseline,html_sparse,64,1,6,32768,2162688,95.7
0,baseline,html_sparse,64,1,7,32768,2162688,92.5
0,baseline,html_sparse,64,1,8,32768,2162688,91.0
0,baseline,html_sparse,64,2,0,32768,2228224,63.4
0,baseline,html_sparse,64,2,1,32768,2228224,63.8
0,baseline,html_sparse,64,2,2,32768,2228224,63.1
0,baseline,html_sparse,64,2,3,32768,2228224,62.9
0,baseline,html_sparse,64,2,4,32768,2228224,63.0
0,baseline,html_sparse,64,2,5,32768,2228224,64.8
0,baseline,html_sparse,64,2,6,32768,2228224,63.0
0,baseline,html_sparse,64,2,7,32768,2228224,63.0
0,baseline,html_sparse,64,2,8,32768,2228224,64.4
0,baseline,html_sparse,64,3,0,32768,2162688,86.8
0,baseline,html_sparse,64,3,1,32768,2162688,104.8
0,baseline,html_sparse,64,3,2,32768,2162688,89.5
0,baseline,html_sparse,64,3,3,32768,2162688,87.4
0,baseline,html_sparse,64,3,4,32768,2162688,85.0
0,baseline,html_sparse,64,3,5,32768,2162688,85.9
0,baseline,html_sparse,64,3,6,32768,2162688,86.9
0,baseline,html_sparse,64,3,7,32768,2162688,85.6
0,baseline,html_sparse,64,3,8,32768,2162688,87.6
0,baseline,html_sparse,4096,0,0,1008,4161024,5454.4
0,baseline,html_sparse,4096,0,1,1008,4161024,5441.2
0,baseline,html_sparse,4096,0,2,1008,4161024,5398.8
0,baseline,html_sparse,4096,0,3,1008,4161024,5468.7
0,baseline,html_sparse,4096,0,4,1008,4161024,5739.2
0,baseline,html_sparse,4096,0,5,1008,4161024,5653.9
0,baseline,html_sparse,4096,0,6,1008,4161024,5410.0
0,baseline,html_sparse,4096,0,7,1008,4161024,5605.7
0,baseline,html_sparse,4096,0,8,1008,4161024,5717.5
0,baseline,html_sparse,4096,1,0,1008,4161024,4571.5
0,baseline,html_sparse,4096,1,1,1008,4161024,4610.9
0,baseline,html_sparse,4096,1,2,1008,4161024,4584.3
0,baseline,html_sparse,4096,1,3,1008,4161024,4639.2
0,baseline,html_sparse,4096,1,4,1008,4161024,4585.8
0,baseline,html_sparse,4096,1,5,1008,4161024,5022.3
0,baseline,html_sparse,4096,1,6,1008,4161024,4827.2
0,baseline,html_sparse,4096,1,7,1008,4161024,4677.0
0,baseline,html_sparse,4096,1,8,1008,4161024,4564.0
0,baseline,html_sparse,4096,2,0,1008,4190256,3178.1
0,baseline,html_sparse,4096,2,1,1008,4190256,3181.3
0,baseline,html_sparse,4096,2,2,1008,4190256,3524.9
0,baseline,html_sparse,4096,2,3,1008,4190256,3395.7
0,baseline,html_sparse,4096,2,4,1008,4190256,3168.7
0,baseline,html_sparse,4096,2,5,1008,4190256,3179.7
0,baseline,html_sparse,4096,2,6,1008,4190256,3196.5
0,baseline,html_sparse,4096,2,7,1008,4190256,3244.6
0,baseline,html_sparse,4096,2,8,1008,4190256,3223.1
0,baseline,html_sparse,4096,3,0,1008,4161024,4784.8
0,baseline,html_sparse,4096,3,1,1008,4161024,5217.0
0,baseline,html_sparse,4096,3,2,1008,4161024,4706.9
0,baseline,html_sparse,4096,3,3,1008,4161024,4732.3
0,baseline,html_sparse,4096,3,4,1008,4161024,4726.7
0,baseline,html_sparse,4096,3,5,1008,4161024,4680.3
0,baseline,html_sparse,4096,3,6,1008,4161024,4737.3
0,baseline,html_sparse,4096,3,7,1008,4161024,4908.4
0,baseline,html_sparse,4096,3,8,1008,4161024,4947.0
0,baseline,html_sparse,65536,0,0,64,4227072,89523.0
0,baseline,html_sparse,65536,0,1,64,4227072,90067.7
0,baseline,html_sparse,65536,0,2,64,4227072,89623.1
0,baseline,html_sparse,65536,0,3,64,4227072,87349.8
0,baseline,html_sparse,65536,0,4,64,4227072,86710.2
0,baseline,html_sparse,65536,0,5,64,4227072,86939.3
0,baseline,html_sparse,65536,0,6,64,4227072,86761.0
0,baseline,html_sparse,65536,0,7,64,4227072,87415.4
0,baseline,html_sparse,65536,0,8,64,4227072,91374.3
0,baseline,html_sparse,65536,1,0,64,4227072,72928.2
0,baseline,html_sparse,65536,1,1,64,4227072,79193.1
0,baseline,html_sparse,65536,1,2,64,4227072,74435.7
0,baseline,html_sparse,65536,1,3,64,4227072,72916.9
0,baseline,html_sparse,65536,1,4,64,4227072,75802.8
0,baseline,html_sparse,65536,1,5,64,4227072,72901.8
0,baseline,html_sparse,65536,1,6,64,4227072,73626.8
0,baseline,html_sparse,65536,1,7,64,4227072,73787.6
0,baseline,html_sparse,65536,1,8,64,4227072,73272.2
0,baseline,html_sparse,65536,2,0,64,4256576,63744.3
0,baseline,html_sparse,65536,2,1,64,4256576,52175.0
0,baseline,html_sparse,65536,2,2,64,4256576,50627.0
0,baseline,html_sparse,65536,2,3,64,4256576,50522.8
0,baseline,html_sparse,65536,2,4,64,4256576,51763.0
0,baseline,html_sparse,65536,2,5,64,4256576,50836.8
0,baseline,html_sparse,65536,2,6,64,4256576,50665.1
0,baseline,html_sparse,65536,2,7,64,4256576,50564.8
0,baseline,html_sparse,65536,2,8,64,4256576,51225.8
0,baseline,html_sparse,65536,3,0,64,4227072,76479.7
0,baseline,html_sparse,65536,3,1,64,4227072,75336.9
0,baseline,html_sparse,65536,3,2,64,4227072,76101.4
0,baseline,html_sparse,65536,3,3,64,4227072,76198.2
0,baseline,html_sparse,65536,3,4,64,4227072,75302.8
0,baseline,html_sparse,65536,3,5,64,4227072,75929.9
0,baseline,html_sparse,65536,3,6,64,4227072,75725.9
0,baseline,html_sparse,65536,3,7,64,4227072,76118.6
0,baseline,html_sparse,65536,3,8,64,4227072,75731.1
0,baseline,html_late,1,0,0,64527,193581,9.4
0,baseline,html_late,1,0,1,64527,193581,9.5
0,baseline,html_late,1,0,2,64527,193581,9.4
0,baseline,html_late,1,0,3,64527,193581,9.7
0,baseline,html_late,1,0,4,64527,193581,9.5
0,baseline,html_late,1,0,5,64527,193581,9.5
0,baseline,html_late,1,0,6,64527,193581,9.6
0,baseline,html_late,1,0,7,64527,193581,9.5
0,baseline,html_late,1,0,8,64527,193581,11.8
0,baseline,html_late,1,1,0,64527,193581,10.2
0,baseline,html_late,1,1,1,64527,193581,10.2
0,baseline,html_late,1,1,2,64527,193581,10.1
0,baseline,html_late,1,1,3,64527,193581,10.2
0,baseline,html_late,1,1,4,64527,193581,10.3
0,baseline,html_late,1,1,5,64527,193581,10.1
0,baseline,html_late,1,1,6,64527,193581,10.5
0,baseline,html_late,1,1,7,64527,193581,10.3
0,baseline,html_late,1,1,8,64527,193581,10.2
0,baseline,html_late,1,2,0,64527,322635,16.6
0,baseline,html_late,1,2,1,64527,322635,14.8
0,baseline,html_late,1,2,2,64527,322635,15.2
0,baseline,html_late,1,2,3,64527,322635,14.7
0,baseline,html_late,1,2,4,64527,322635,15.1
0,baseline,html_late,1,2,5,64527,322635,14.8
0,baseline,html_late,1,2,6,64527,322635,15.1
0,baseline,html_late,1,2,7,64527,322635,14.8
0,baseline,html_late,1,2,8,64527,322635,15.7
0,baseline,html_late,1,3,0,64527,193581,10.1
0,baseline,html_late,1,3,1,64527,193581,10.1
0,baseline,html_late,1,3,2,64527,193581,12.0
0,baseline,html_late,1,3,3,64527,193581,10.1
0,baseline,html_late,1,3,4,64527,193581,10.2
0,baseline,html_late,1,3,5,64527,193581,10.5
0,baseline,html_late,1,3,6,64527,193581,10.2
0,baseline,html_late,1,3,7,64527,193581,10.2
0,baseline,html_late,1,3,8,64527,193581,11.5
0,baseline,html_late,8,0,0,58254,582540,19.5
0,baseline,html_late,8,0,1,58254,582540,19.6
0,baseline,html_late,8,0,2,58254,582540,19.7
0,baseline,html_late,8,0,3,58254,582540,19.8
0,baseline,html_late,8,0,4,58254,582540,19.4
0,baseline,html_late,8,0,5,58254,582540,19.6
0,baseline,html_late,8,0,6,58254,582540,19.8
0,baseline,html_late,8,0,7,58254,582540,19.9
0,baseline,html_late,8,0,8,58254,582540,19.5
0,baseline,html_late,8,1,0,58254,582540,17.0
0,baseline,html_late,8,1,1,58254,582540,21.4
0,baseline,html_late,8,1,2,58254,582540,30.4
0,baseline,html_late,8,1,3,58254,582540,30.2
0,baseline,html_late,8,1,4,58254,582540,19.6
0,baseline,html_late,8,1,5,58254,582540,17.2
0,baseline,html_late,8,1,6,58254,582540,17.2
0,baseline,html_late,8,1,7,58254,582540,18.2
0,baseline,html_late,8,1,8,58254,582540,18.5
0,baseline,html_late,8,2,0,58254,699048,20.4
0,baseline,html_late,8,2,1,58254,699048,20.6
0,baseline,html_late,8,2,2,58254,699048,20.6
0,baseline,html_late,8,2,3,58254,699048,20.9
0,baseline,html_late,8,2,4,58254,699048,21.0
0,baseline,html_late,8,2,5,58254,699048,20.2
0,baseline,html_late,8,2,6,58254,699048,21.6
0,baseline,html_late,8,2,7,58254,699048,20.5
0,baseline,html_late,8,2,8,58254,699048,20.5
0,baseline,html_late,8,3,0,58254,582540,30.5
0,baseline,html_late,8,3,1,58254,582540,20.2
0,baseline,html_late,8,3,2,58254,582540,17.7
0,baseline,html_late,8,3,3,58254,582540,18.5
0,baseline,html_late,8,3,4,58254,582540,17.5
0,baseline,html_late,8,3,5,58254,582540,18.2
0,baseline,html_late,8,3,6,58254,582540,17.6
0,baseline,html_late,8,3,7,58254,582540,17.8
0,baseline,html_late,8,3,8,58254,582540,17.7
0,baseline,html_late,64,0,0,32768,2162688,97.0
0,baseline,html_late,64,0,1,32768,2162688,96.7
0,baseline,html_late,64,0,2,32768,2162688,95.7
0,baseline,html_late,64,0,3,32768,2162688,97.3
0,baseline,html_late,64,0,4,32768,2162688,97.2
0,baseline,html_late,64,0,5,32768,2162688,97.1
0,baseline,html_late,64,0,6,32768,2162688,96.5
0,baseline,html_late,64,0,7,32768,2162688,95.9
0,baseline,html_late,64,0,8,32768,2162688,97.2
0,baseline,html_late,64,1,0,32768,2162688,93.7
0,baseline,html_late,64,1,1,32768,2162688,93.9
0,baseline,html_late,64,1,2,32768,2162688,93.0
0,baseline,html_late,64,1,3,32768,2162688,93.7
0,baseline,html_late,64,1,4,32768,2162688,94.3
0,baseline,html_late,64,1,5,32768,2162688,93.8
0,baseline,html_late,64,1,6,32768,2162688,93.0
0,baseline,html_late,64,1,7,32768,2162688,93.3
0,baseline,html_late,64,1,8,32768,2162688,93.0
0,baseline,html_late,64,2,0,32768,2228224,59.4
0,baseline,html_late,64,2,1,32768,2228224,59.5
0,baseline,html_late,64,2,2,32768,2228224,60.3
0,baseline,html_late,64,2,3,32768,2228224,59.9
0,baseline,html_late,64,2,4,32768,2228224,59.8
0,baseline,html_late,64,2,5,32768,2228224,59.4
0,baseline,html_late,64,2,6,32768,2228224,60.0
0,baseline,html_late,64,2,7,32768,2228224,59.1
0,baseline,html_late,64,2,8,32768,2228224,60.0
0,baseline,html_late,64,3,0,32768,2162688,85.9
0,baseline,html_late,64,3,1,32768,2162688,85.8
0,baseline,html_late,64,3,2,32768,2162688,87.7
0,baseline,html_late,64,3,3,32768,2162688,85.9
0,baseline,html_late,64,3,4,32768,2162688,90.0
0,baseline,html_late,64,3,5,32768,2162688,95.8
0,baseline,html_late,64,3,6,32768,2162688,86.5
0,baseline,html_late,64,3,7,32768,2162688,85.3
0,baseline,html_late,64,3,8,32768,2162688,87.0
0,baseline,html_late,4096,0,0,1008,4130784,5283.3
0,baseline,html_late,4096,0,1,1008,4130784,5338.2
0,baseline,html_late,4096,0,2,1008,4130784,5337.5
0,baseline,html_late,4096,0,3,1008,4130784,5301.3
0,baseline,html_late,4096,0,4,1008,4130784,5318.5
0,baseline,html_late,4096,0,5,1008,4130784,5361.6
0,baseline,html_late,4096,0,6,1008,4130784,5330.8
0,baseline,html_late,4096,0,7,1008,4130784,5306.7
0,baseline,html_late,4096,0,8,1008,4130784,5546.6
0,baseline,html_late,4096,1,0,1008,4130784,4684.3
0,baseline,html_late,4096,1,1,1008,4130784,4722.1
0,baseline,html_late,4096,1,2,1008,4130784,4645.3
0,baseline,html_late,4096,1,3,1008,4130784,4634.6
0,baseline,html_late,4096,1,4,1008,4130784,4684.4
0,baseline,html_late,4096,1,5,1008,4130784,4685.5
0,baseline,html_late,4096,1,6,1008,4130784,4647.7
0,baseline,html_late,4096,1,7,1008,4130784,4661.7
0,baseline,html_late,4096,1,8,1008,4130784,4733.2
0,baseline,html_late,4096,2,0,1008,4132800,3119.9
0,baseline,html_late,4096,2,1,1008,4132800,3014.2
0,baseline,html_late,4096,2,2,1008,4132800,3018.4
0,baseline,html_late,4096,2,3,1008,4132800,3008.6
0,baseline,html_late,4096,2,4,1008,4132800,3034.3
0,baseline,html_late,4096,2,5,1008,4132800,3168.1
0,baseline,html_late,4096,2,6,1008,4132800,3279.4
0,baseline,html_late,4096,2,7,1008,4132800,3016.7
0,baseline,html_late,4096,2,8,1008,4132800,3009.9
0,baseline,html_late,4096,3,0,1008,4130784,4856.7
0,baseline,html_late,4096,3,1,1008,4130784,4684.5
0,baseline,html_late,4096,3,2,1008,4130784,4449.5
0,baseline,html_late,4096,3,3,1008,4130784,4496.0
0,baseline,html_late,4096,3,4,1008,4130784,4467.7
0,baseline,html_late,4096,3,5,1008,4130784,4452.3
0,baseline,html_late,4096,3,6,1008,4130784,4526.2
0,baseline,html_late,4096,3,7,1008,4130784,4510.8
0,baseline,html_late,4096,3,8,1008,4130784,4510.3
0,baseline,html_late,65536,0,0,64,4194432,87155.1
0,baseline,html_late,65536,0,1,64,4194432,83260.3
0,baseline,html_late,65536,0,2,64,4194432,84717.4
0,baseline,html_late,65536,0,3,64,4194432,95222.9
0,baseline,html_late,65536,0,4,64,4194432,86768.5
0,baseline,html_late,65536,0,5,64,4194432,86988.2
0,baseline,html_late,65536,0,6,64,4194432,89007.7
0,baseline,html_late,65536,0,7,64,4194432,84748.4
0,baseline,html_late,65536,0,8,64,4194432,91983.4
0,baseline,html_late,65536,1,0,64,4194432,74278.5
0,baseline,html_late,65536,1,1,64,4194432,76778.5
0,baseline,html_late,65536,1,2,64,4194432,73815.4
0,baseline,html_late,65536,1,3,64,4194432,74783.9
0,baseline,html_late,65536,1,4,64,4194432,79258.4
0,baseline,html_late,65536,1,5,64,4194432,76834.0
0,baseline,html_late,65536,1,6,64,4194432,76771.0
0,baseline,html_late,65536,1,7,64,4194432,76920.2
0,baseline,html_late,65536,1,8,64,4194432,74844.0
0,baseline,html_late,65536,2,0,64,4194560,51108.1
0,baseline,html_late,65536,2,1,64,4194560,49671.5
0,baseline,html_late,65536,2,2,64,4194560,49039.4
0,baseline,html_late,65536,2,3,64,4194560,48965.5
0,baseline,html_late,65536,2,4,64,4194560,47996.1
0,baseline,html_late,65536,2,5,64,4194560,47732.2
0,baseline,html_late,65536,2,6,64,4194560,48187.5
0,baseline,html_late,65536,2,7,64,4194560,48069.5
0,baseline,html_late,65536,2,8,64,4194560,47785.1
0,baseline,html_late,65536,3,0,64,4194432,72884.7
0,baseline,html_late,65536,3,1,64,4194432,72593.3
0,baseline,html_late,65536,3,2,64,4194432,72732.2
0,baseline,html_late,65536,3,3,64,4194432,72751.8
0,baseline,html_late,65536,3,4,64,4194432,72730.0
0,baseline,html_late,65536,3,5,64,4194432,72717.8
0,baseline,html_late,65536,3,6,64,4194432,73436.9
0,baseline,html_late,65536,3,7,64,4194432,72913.8
0,baseline,html_late,65536,3,8,64,4194432,73049.4
0,baseline,double_quote_runs,17,0,0,51781,983839,30.1
0,baseline,double_quote_runs,17,0,1,51781,983839,30.2
0,baseline,double_quote_runs,17,0,2,51781,983839,30.4
0,baseline,double_quote_runs,17,0,3,51781,983839,30.9
0,baseline,double_quote_runs,17,0,4,51781,983839,30.7
0,baseline,double_quote_runs,17,0,5,51781,983839,30.5
0,baseline,double_quote_runs,17,0,6,51781,983839,30.3
0,baseline,double_quote_runs,17,0,7,51781,983839,31.1
0,baseline,double_quote_runs,17,0,8,51781,983839,31.8
0,baseline,double_quote_runs,17,1,0,51781,983839,26.5
0,baseline,double_quote_runs,17,1,1,51781,983839,26.4
0,baseline,double_quote_runs,17,1,2,51781,983839,26.7
0,baseline,double_quote_runs,17,1,3,51781,983839,26.8
0,baseline,double_quote_runs,17,1,4,51781,983839,27.1
0,baseline,double_quote_runs,17,1,5,51781,983839,27.4
0,baseline,double_quote_runs,17,1,6,51781,983839,27.5
0,baseline,double_quote_runs,17,1,7,51781,983839,28.3
0,baseline,double_quote_runs,17,1,8,51781,983839,27.7
0,baseline,double_quote_runs,17,2,0,51781,1139182,28.0
0,baseline,double_quote_runs,17,2,1,51781,1139182,26.9
0,baseline,double_quote_runs,17,2,2,51781,1139182,27.1
0,baseline,double_quote_runs,17,2,3,51781,1139182,28.3
0,baseline,double_quote_runs,17,2,4,51781,1139182,28.1
0,baseline,double_quote_runs,17,2,5,51781,1139182,27.5
0,baseline,double_quote_runs,17,2,6,51781,1139182,27.3
0,baseline,double_quote_runs,17,2,7,51781,1139182,27.3
0,baseline,double_quote_runs,17,2,8,51781,1139182,27.3
0,baseline,double_quote_runs,17,3,0,51781,983839,27.6
0,baseline,double_quote_runs,17,3,1,51781,983839,27.1
0,baseline,double_quote_runs,17,3,2,51781,983839,27.2
0,baseline,double_quote_runs,17,3,3,51781,983839,26.9
0,baseline,double_quote_runs,17,3,4,51781,983839,27.2
0,baseline,double_quote_runs,17,3,5,51781,983839,27.2
0,baseline,double_quote_runs,17,3,6,51781,983839,27.2
0,baseline,double_quote_runs,17,3,7,51781,983839,27.3
0,baseline,double_quote_runs,17,3,8,51781,983839,27.6
0,baseline,double_quote_runs,68,0,0,31775,2414900,100.3
0,baseline,double_quote_runs,68,0,1,31775,2414900,101.9
0,baseline,double_quote_runs,68,0,2,31775,2414900,99.9
0,baseline,double_quote_runs,68,0,3,31775,2414900,100.7
0,baseline,double_quote_runs,68,0,4,31775,2414900,102.4
0,baseline,double_quote_runs,68,0,5,31775,2414900,100.1
0,baseline,double_quote_runs,68,0,6,31775,2414900,105.6
0,baseline,double_quote_runs,68,0,7,31775,2414900,103.6
0,baseline,double_quote_runs,68,0,8,31775,2414900,100.2
0,baseline,double_quote_runs,68,1,0,31775,2414900,86.5
0,baseline,double_quote_runs,68,1,1,31775,2414900,87.2
0,baseline,double_quote_runs,68,1,2,31775,2414900,86.8
0,baseline,double_quote_runs,68,1,3,31775,2414900,95.3
0,baseline,double_quote_runs,68,1,4,31775,2414900,87.3
0,baseline,double_quote_runs,68,1,5,31775,2414900,86.1
0,baseline,double_quote_runs,68,1,6,31775,2414900,87.1
0,baseline,double_quote_runs,68,1,7,31775,2414900,87.3
0,baseline,double_quote_runs,68,1,8,31775,2414900,92.0
0,baseline,double_quote_runs,68,2,0,31775,2796200,67.6
0,baseline,double_quote_runs,68,2,1,31775,2796200,67.4
0,baseline,double_quote_runs,68,2,2,31775,2796200,68.7
0,baseline,double_quote_runs,68,2,3,31775,2796200,67.8
0,baseline,double_quote_runs,68,2,4,31775,2796200,70.1
0,baseline,double_quote_runs,68,2,5,31775,2796200,67.8
0,baseline,double_quote_runs,68,2,6,31775,2796200,67.7
0,baseline,double_quote_runs,68,2,7,31775,2796200,68.6
0,baseline,double_quote_runs,68,2,8,31775,2796200,67.6
0,baseline,double_quote_runs,68,3,0,31775,2414900,100.4
0,baseline,double_quote_runs,68,3,1,31775,2414900,93.0
0,baseline,double_quote_runs,68,3,2,31775,2414900,90.8
0,baseline,double_quote_runs,68,3,3,31775,2414900,91.7
0,baseline,double_quote_runs,68,3,4,31775,2414900,91.6
0,baseline,double_quote_runs,68,3,5,31775,2414900,91.3
0,baseline,double_quote_runs,68,3,6,31775,2414900,93.6
0,baseline,double_quote_runs,68,3,7,31775,2414900,91.0
0,baseline,double_quote_runs,68,3,8,31775,2414900,93.4
0,baseline,double_quote_runs,4097,0,0,1008,4615632,5521.1
0,baseline,double_quote_runs,4097,0,1,1008,4615632,5490.4
0,baseline,double_quote_runs,4097,0,2,1008,4615632,5558.5
0,baseline,double_quote_runs,4097,0,3,1008,4615632,5501.8
0,baseline,double_quote_runs,4097,0,4,1008,4615632,5506.0
0,baseline,double_quote_runs,4097,0,5,1008,4615632,5568.5
0,baseline,double_quote_runs,4097,0,6,1008,4615632,5497.4
0,baseline,double_quote_runs,4097,0,7,1008,4615632,5534.2
0,baseline,double_quote_runs,4097,0,8,1008,4615632,5499.2
0,baseline,double_quote_runs,4097,1,0,1008,4615632,4950.7
0,baseline,double_quote_runs,4097,1,1,1008,4615632,5042.2
0,baseline,double_quote_runs,4097,1,2,1008,4615632,4944.2
0,baseline,double_quote_runs,4097,1,3,1008,4615632,4965.3
0,baseline,double_quote_runs,4097,1,4,1008,4615632,4922.5
0,baseline,double_quote_runs,4097,1,5,1008,4615632,4936.6
0,baseline,double_quote_runs,4097,1,6,1008,4615632,4922.4
0,baseline,double_quote_runs,4097,1,7,1008,4615632,5078.7
0,baseline,double_quote_runs,4097,1,8,1008,4615632,5010.4
0,baseline,double_quote_runs,4097,2,0,1008,5344416,3252.3
0,baseline,double_quote_runs,4097,2,1,1008,5344416,3284.5
0,baseline,double_quote_runs,4097,2,2,1008,5344416,3233.3
0,baseline,double_quote_runs,4097,2,3,1008,5344416,3241.2
0,baseline,double_quote_runs,4097,2,4,1008,5344416,3293.1
0,baseline,double_quote_runs,4097,2,5,1008,5344416,3267.6
0,baseline,double_quote_runs,4097,2,6,1008,5344416,3237.5
0,baseline,double_quote_runs,4097,2,7,1008,5344416,3240.6
0,baseline,double_quote_runs,4097,2,8,1008,5344416,3223.2
0,baseline,double_quote_runs,4097,3,0,1008,4615632,4781.4
0,baseline,double_quote_runs,4097,3,1,1008,4615632,4859.2
0,baseline,double_quote_runs,4097,3,2,1008,4615632,4985.0
0,baseline,double_quote_runs,4097,3,3,1008,4615632,4935.6
0,baseline,double_quote_runs,4097,3,4,1008,4615632,4793.4
0,baseline,double_quote_runs,4097,3,5,1008,4615632,4828.6
0,baseline,double_quote_runs,4097,3,6,1008,4615632,4789.4
0,baseline,double_quote_runs,4097,3,7,1008,4615632,4851.5
0,baseline,double_quote_runs,4097,3,8,1008,4615632,4864.4
0,baseline,double_quote_runs,65552,0,0,64,4688896,87855.9
0,baseline,double_quote_runs,65552,0,1,64,4688896,87239.9
0,baseline,double_quote_runs,65552,0,2,64,4688896,87314.1
0,baseline,double_quote_runs,65552,0,3,64,4688896,95738.1
0,baseline,double_quote_runs,65552,0,4,64,4688896,91475.7
0,baseline,double_quote_runs,65552,0,5,64,4688896,87902.1
0,baseline,double_quote_runs,65552,0,6,64,4688896,88275.6
0,baseline,double_quote_runs,65552,0,7,64,4688896,88052.6
0,baseline,double_quote_runs,65552,0,8,64,4688896,88298.9
0,baseline,double_quote_runs,65552,1,0,64,4688896,78746.6
0,baseline,double_quote_runs,65552,1,1,64,4688896,78898.5
0,baseline,double_quote_runs,65552,1,2,64,4688896,79226.0
0,baseline,double_quote_runs,65552,1,3,64,4688896,78733.4
0,baseline,double_quote_runs,65552,1,4,64,4688896,79147.0
0,baseline,double_quote_runs,65552,1,5,64,4688896,80078.8
0,baseline,double_quote_runs,65552,1,6,64,4688896,79399.2
0,baseline,double_quote_runs,65552,1,7,64,4688896,78861.4
0,baseline,double_quote_runs,65552,1,8,64,4688896,81840.9
0,baseline,double_quote_runs,65552,2,0,64,5429248,51162.0
0,baseline,double_quote_runs,65552,2,1,64,5429248,51364.7
0,baseline,double_quote_runs,65552,2,2,64,5429248,54099.2
0,baseline,double_quote_runs,65552,2,3,64,5429248,51049.4
0,baseline,double_quote_runs,65552,2,4,64,5429248,51477.5
0,baseline,double_quote_runs,65552,2,5,64,5429248,53152.6
0,baseline,double_quote_runs,65552,2,6,64,5429248,51442.7
0,baseline,double_quote_runs,65552,2,7,64,5429248,51046.4
0,baseline,double_quote_runs,65552,2,8,64,5429248,51382.2
0,baseline,double_quote_runs,65552,3,0,64,4688896,75797.8
0,baseline,double_quote_runs,65552,3,1,64,4688896,76757.9
0,baseline,double_quote_runs,65552,3,2,64,4688896,76219.7
0,baseline,double_quote_runs,65552,3,3,64,4688896,78256.9
0,baseline,double_quote_runs,65552,3,4,64,4688896,75957.5
0,baseline,double_quote_runs,65552,3,5,64,4688896,76354.0
0,baseline,double_quote_runs,65552,3,6,64,4688896,75854.7
0,baseline,double_quote_runs,65552,3,7,64,4688896,76523.0
0,baseline,double_quote_runs,65552,3,8,64,4688896,75786.3
0,baseline,apostrophe_runs,17,0,0,51781,983839,30.4
0,baseline,apostrophe_runs,17,0,1,51781,983839,30.5
0,baseline,apostrophe_runs,17,0,2,51781,983839,30.1
0,baseline,apostrophe_runs,17,0,3,51781,983839,31.0
0,baseline,apostrophe_runs,17,0,4,51781,983839,30.4
0,baseline,apostrophe_runs,17,0,5,51781,983839,30.3
0,baseline,apostrophe_runs,17,0,6,51781,983839,31.0
0,baseline,apostrophe_runs,17,0,7,51781,983839,31.0
0,baseline,apostrophe_runs,17,0,8,51781,983839,31.6
0,baseline,apostrophe_runs,17,1,0,51781,983839,26.5
0,baseline,apostrophe_runs,17,1,1,51781,983839,26.6
0,baseline,apostrophe_runs,17,1,2,51781,983839,28.2
0,baseline,apostrophe_runs,17,1,3,51781,983839,27.1
0,baseline,apostrophe_runs,17,1,4,51781,983839,26.6
0,baseline,apostrophe_runs,17,1,5,51781,983839,29.1
0,baseline,apostrophe_runs,17,1,6,51781,983839,29.4
0,baseline,apostrophe_runs,17,1,7,51781,983839,26.9
0,baseline,apostrophe_runs,17,1,8,51781,983839,26.5
0,baseline,apostrophe_runs,17,2,0,51781,1087401,27.1
0,baseline,apostrophe_runs,17,2,1,51781,1087401,27.2
0,baseline,apostrophe_runs,17,2,2,51781,1087401,27.0
0,baseline,apostrophe_runs,17,2,3,51781,1087401,33.3
0,baseline,apostrophe_runs,17,2,4,51781,1087401,27.2
0,baseline,apostrophe_runs,17,2,5,51781,1087401,27.1
0,baseline,apostrophe_runs,17,2,6,51781,1087401,27.0
0,baseline,apostrophe_runs,17,2,7,51781,1087401,27.9
0,baseline,apostrophe_runs,17,2,8,51781,1087401,27.0
0,baseline,apostrophe_runs,17,3,0,51781,983839,26.8
0,baseline,apostrophe_runs,17,3,1,51781,983839,26.9
0,baseline,apostrophe_runs,17,3,2,51781,983839,29.0
0,baseline,apostrophe_runs,17,3,3,51781,983839,27.5
0,baseline,apostrophe_runs,17,3,4,51781,983839,27.2
0,baseline,apostrophe_runs,17,3,5,51781,983839,27.3
0,baseline,apostrophe_runs,17,3,6,51781,983839,27.7
0,baseline,apostrophe_runs,17,3,7,51781,983839,27.2
0,baseline,apostrophe_runs,17,3,8,51781,983839,26.7
0,baseline,apostrophe_runs,68,0,0,31775,2414900,102.6
0,baseline,apostrophe_runs,68,0,1,31775,2414900,102.6
0,baseline,apostrophe_runs,68,0,2,31775,2414900,102.9
0,baseline,apostrophe_runs,68,0,3,31775,2414900,100.9
0,baseline,apostrophe_runs,68,0,4,31775,2414900,101.1
0,baseline,apostrophe_runs,68,0,5,31775,2414900,99.1
0,baseline,apostrophe_runs,68,0,6,31775,2414900,102.2
0,baseline,apostrophe_runs,68,0,7,31775,2414900,103.1
0,baseline,apostrophe_runs,68,0,8,31775,2414900,99.9
0,baseline,apostrophe_runs,68,1,0,31775,2414900,89.0
0,baseline,apostrophe_runs,68,1,1,31775,2414900,86.4
0,baseline,apostrophe_runs,68,1,2,31775,2414900,86.4
0,baseline,apostrophe_runs,68,1,3,31775,2414900,86.2
0,baseline,apostrophe_runs,68,1,4,31775,2414900,86.6
0,baseline,apostrophe_runs,68,1,5,31775,2414900,88.0
0,baseline,apostrophe_runs,68,1,6,31775,2414900,103.2
0,baseline,apostrophe_runs,68,1,7,31775,2414900,86.3
0,baseline,apostrophe_runs,68,1,8,31775,2414900,86.3
0,baseline,apostrophe_runs,68,2,0,31775,2669100,67.1
0,baseline,apostrophe_runs,68,2,1,31775,2669100,67.6
0,baseline,apostrophe_runs,68,2,2,31775,2669100,68.2
0,baseline,apostrophe_runs,68,2,3,31775,2669100,67.1
0,baseline,apostrophe_runs,68,2,4,31775,2669100,69.2
0,baseline,apostrophe_runs,68,2,5,31775,2669100,67.3
0,baseline,apostrophe_runs,68,2,6,31775,2669100,69.0
0,baseline,apostrophe_runs,68,2,7,31775,2669100,68.2
0,baseline,apostrophe_runs,68,2,8,31775,2669100,69.2
0,baseline,apostrophe_runs,68,3,0,31775,2414900,98.1
0,baseline,apostrophe_runs,68,3,1,31775,2414900,97.6
0,baseline,apostrophe_runs,68,3,2,31775,2414900,99.1
0,baseline,apostrophe_runs,68,3,3,31775,2414900,97.2
0,baseline,apostrophe_runs,68,3,4,31775,2414900,95.1
0,baseline,apostrophe_runs,68,3,5,31775,2414900,95.5
0,baseline,apostrophe_runs,68,3,6,31775,2414900,95.0
0,baseline,apostrophe_runs,68,3,7,31775,2414900,96.8
0,baseline,apostrophe_runs,68,3,8,31775,2414900,96.9
0,baseline,apostrophe_runs,4097,0,0,1008,4615632,5532.7
0,baseline,apostrophe_runs,4097,0,1,1008,4615632,5487.1
0,baseline,apostrophe_runs,4097,0,2,1008,4615632,5448.0
0,baseline,apostrophe_runs,4097,0,3,1008,4615632,5511.9
0,baseline,apostrophe_runs,4097,0,4,1008,4615632,5463.2
0,baseline,apostrophe_runs,4097,0,5,1008,4615632,5462.5
0,baseline,apostrophe_runs,4097,0,6,1008,4615632,5834.6
0,baseline,apostrophe_runs,4097,0,7,1008,4615632,5447.7
0,baseline,apostrophe_runs,4097,0,8,1008,4615632,5526.7
0,baseline,apostrophe_runs,4097,1,0,1008,4615632,4933.7
0,baseline,apostrophe_runs,4097,1,1,1008,4615632,5007.6
0,baseline,apostrophe_runs,4097,1,2,1008,4615632,4909.2
0,baseline,apostrophe_runs,4097,1,3,1008,4615632,4950.2
0,baseline,apostrophe_runs,4097,1,4,1008,4615632,4956.0
0,baseline,apostrophe_runs,4097,1,5,1008,4615632,4954.5
0,baseline,apostrophe_runs,4097,1,6,1008,4615632,4908.3
0,baseline,apostrophe_runs,4097,1,7,1008,4615632,4987.6
0,baseline,apostrophe_runs,4097,1,8,1008,4615632,4926.2
0,baseline,apostrophe_runs,4097,2,0,1008,5101488,3433.1
0,baseline,apostrophe_runs,4097,2,1,1008,5101488,3257.9
0,baseline,apostrophe_runs,4097,2,2,1008,5101488,3278.6
0,baseline,apostrophe_runs,4097,2,3,1008,5101488,3270.3
0,baseline,apostrophe_runs,4097,2,4,1008,5101488,3280.2
0,baseline,apostrophe_runs,4097,2,5,1008,5101488,3299.5
0,baseline,apostrophe_runs,4097,2,6,1008,5101488,3283.0
0,baseline,apostrophe_runs,4097,2,7,1008,5101488,3242.3
0,baseline,apostrophe_runs,4097,2,8,1008,5101488,3239.3
0,baseline,apostrophe_runs,4097,3,0,1008,4615632,4780.6
0,baseline,apostrophe_runs,4097,3,1,1008,4615632,4825.9
0,baseline,apostrophe_runs,4097,3,2,1008,4615632,4985.8
0,baseline,apostrophe_runs,4097,3,3,1008,4615632,4822.4
0,baseline,apostrophe_runs,4097,3,4,1008,4615632,4788.8
0,baseline,apostrophe_runs,4097,3,5,1008,4615632,5270.6
0,baseline,apostrophe_runs,4097,3,6,1008,4615632,5703.2
0,baseline,apostrophe_runs,4097,3,7,1008,4615632,5238.8
0,baseline,apostrophe_runs,4097,3,8,1008,4615632,5457.4
0,baseline,apostrophe_runs,65552,0,0,64,4688896,88122.5
0,baseline,apostrophe_runs,65552,0,1,64,4688896,89389.7
0,baseline,apostrophe_runs,65552,0,2,64,4688896,88071.2
0,baseline,apostrophe_runs,65552,0,3,64,4688896,88080.9
0,baseline,apostrophe_runs,65552,0,4,64,4688896,88507.6
0,baseline,apostrophe_runs,65552,0,5,64,4688896,87912.1
0,baseline,apostrophe_runs,65552,0,6,64,4688896,88555.0
0,baseline,apostrophe_runs,65552,0,7,64,4688896,88597.8
0,baseline,apostrophe_runs,65552,0,8,64,4688896,88071.8
0,baseline,apostrophe_runs,65552,1,0,64,4688896,79494.6
0,baseline,apostrophe_runs,65552,1,1,64,4688896,78663.0
0,baseline,apostrophe_runs,65552,1,2,64,4688896,78797.4
0,baseline,apostrophe_runs,65552,1,3,64,4688896,79235.5
0,baseline,apostrophe_runs,65552,1,4,64,4688896,79151.0
0,baseline,apostrophe_runs,65552,1,5,64,4688896,79176.3
0,baseline,apostrophe_runs,65552,1,6,64,4688896,78598.3
0,baseline,apostrophe_runs,65552,1,7,64,4688896,78651.7
0,baseline,apostrophe_runs,65552,1,8,64,4688896,80334.1
0,baseline,apostrophe_runs,65552,2,0,64,5182464,53399.6
0,baseline,apostrophe_runs,65552,2,1,64,5182464,60573.7
0,baseline,apostrophe_runs,65552,2,2,64,5182464,54420.5
0,baseline,apostrophe_runs,65552,2,3,64,5182464,52967.1
0,baseline,apostrophe_runs,65552,2,4,64,5182464,53003.5
0,baseline,apostrophe_runs,65552,2,5,64,5182464,53906.5
0,baseline,apostrophe_runs,65552,2,6,64,5182464,53034.3
0,baseline,apostrophe_runs,65552,2,7,64,5182464,53144.8
0,baseline,apostrophe_runs,65552,2,8,64,5182464,53503.1
0,baseline,apostrophe_runs,65552,3,0,64,4688896,76390.0
0,baseline,apostrophe_runs,65552,3,1,64,4688896,76594.1
0,baseline,apostrophe_runs,65552,3,2,64,4688896,76300.5
0,baseline,apostrophe_runs,65552,3,3,64,4688896,76552.6
0,baseline,apostrophe_runs,65552,3,4,64,4688896,76538.2
0,baseline,apostrophe_runs,65552,3,5,64,4688896,75977.7
0,baseline,apostrophe_runs,65552,3,6,64,4688896,77365.9
0,baseline,apostrophe_runs,65552,3,7,64,4688896,76883.3
0,baseline,apostrophe_runs,65552,3,8,64,4688896,76243.5
1,candidate,plain,0,0,0,65536,0,3.7
1,candidate,plain,0,0,1,65536,0,3.5
1,candidate,plain,0,0,2,65536,0,3.5
1,candidate,plain,0,0,3,65536,0,3.5
1,candidate,plain,0,0,4,65536,0,3.5
1,candidate,plain,0,0,5,65536,0,3.5
1,candidate,plain,0,0,6,65536,0,3.7
1,candidate,plain,0,0,7,65536,0,3.6
1,candidate,plain,0,0,8,65536,0,3.7
1,candidate,plain,0,1,0,65536,0,3.5
1,candidate,plain,0,1,1,65536,0,3.5
1,candidate,plain,0,1,2,65536,0,3.7
1,candidate,plain,0,1,3,65536,0,3.5
1,candidate,plain,0,1,4,65536,0,3.5
1,candidate,plain,0,1,5,65536,0,3.5
1,candidate,plain,0,1,6,65536,0,3.7
1,candidate,plain,0,1,7,65536,0,3.5
1,candidate,plain,0,1,8,65536,0,3.5
1,candidate,plain,0,2,0,65536,0,5.9
1,candidate,plain,0,2,1,65536,0,5.9
1,candidate,plain,0,2,2,65536,0,5.9
1,candidate,plain,0,2,3,65536,0,6.6
1,candidate,plain,0,2,4,65536,0,5.9
1,candidate,plain,0,2,5,65536,0,5.9
1,candidate,plain,0,2,6,65536,0,6.0
1,candidate,plain,0,2,7,65536,0,5.9
1,candidate,plain,0,2,8,65536,0,6.0
1,candidate,plain,0,3,0,65536,0,3.9
1,candidate,plain,0,3,1,65536,0,3.8
1,candidate,plain,0,3,2,65536,0,3.8
1,candidate,plain,0,3,3,65536,0,3.8
1,candidate,plain,0,3,4,65536,0,3.8
1,candidate,plain,0,3,5,65536,0,3.8
1,candidate,plain,0,3,6,65536,0,3.8
1,candidate,plain,0,3,7,65536,0,3.9
1,candidate,plain,0,3,8,65536,0,3.9
1,candidate,plain,30,0,0,44620,1427840,48.3
1,candidate,plain,30,0,1,44620,1427840,48.0
1,candidate,plain,30,0,2,44620,1427840,48.6
1,candidate,plain,30,0,3,44620,1427840,48.2
1,candidate,plain,30,0,4,44620,1427840,48.2
1,candidate,plain,30,0,5,44620,1427840,48.4
1,candidate,plain,30,0,6,44620,1427840,47.8
1,candidate,plain,30,0,7,44620,1427840,48.8
1,candidate,plain,30,0,8,44620,1427840,48.1
1,candidate,plain,30,1,0,44620,1338600,41.4
1,candidate,plain,30,1,1,44620,1338600,41.3
1,candidate,plain,30,1,2,44620,1338600,41.1
1,candidate,plain,30,1,3,44620,1338600,41.1
1,candidate,plain,30,1,4,44620,1338600,40.9
1,candidate,plain,30,1,5,44620,1338600,40.8
1,candidate,plain,30,1,6,44620,1338600,40.8
1,candidate,plain,30,1,7,44620,1338600,44.2
1,candidate,plain,30,1,8,44620,1338600,41.3
1,candidate,plain,30,2,0,44620,1338600,38.4
1,candidate,plain,30,2,1,44620,1338600,38.5
1,candidate,plain,30,2,2,44620,1338600,41.2
1,candidate,plain,30,2,3,44620,1338600,51.5
1,candidate,plain,30,2,4,44620,1338600,43.0
1,candidate,plain,30,2,5,44620,1338600,38.9
1,candidate,plain,30,2,6,44620,1338600,56.3
1,candidate,plain,30,2,7,44620,1338600,43.9
1,candidate,plain,30,2,8,44620,1338600,43.6
1,candidate,plain,30,3,0,44620,1427840,46.4
1,candidate,plain,30,3,1,44620,1427840,50.0
1,candidate,plain,30,3,2,44620,1427840,46.3
1,candidate,plain,30,3,3,44620,1427840,49.0
1,candidate,plain,30,3,4,44620,1427840,45.0
1,candidate,plain,30,3,5,44620,1427840,54.7
1,candidate,plain,30,3,6,44620,1427840,48.6
1,candidate,plain,30,3,7,44620,1427840,51.8
1,candidate,plain,30,3,8,44620,1427840,56.1
1,candidate,plain,90,0,0,27235,2614560,118.5
1,candidate,plain,90,0,1,27235,2614560,118.9
1,candidate,plain,90,0,2,27235,2614560,124.2
1,candidate,plain,90,0,3,27235,2614560,120.9
1,candidate,plain,90,0,4,27235,2614560,121.1
1,candidate,plain,90,0,5,27235,2614560,119.9
1,candidate,plain,90,0,6,27235,2614560,120.1
1,candidate,plain,90,0,7,27235,2614560,123.2
1,candidate,plain,90,0,8,27235,2614560,123.1
1,candidate,plain,90,1,0,27235,2451150,127.2
1,candidate,plain,90,1,1,27235,2451150,130.9
1,candidate,plain,90,1,2,27235,2451150,123.3
1,candidate,plain,90,1,3,27235,2451150,124.4
1,candidate,plain,90,1,4,27235,2451150,122.4
1,candidate,plain,90,1,5,27235,2451150,143.7
1,candidate,plain,90,1,6,27235,2451150,126.9
1,candidate,plain,90,1,7,27235,2451150,126.3
1,candidate,plain,90,1,8,27235,2451150,123.1
1,candidate,plain,90,2,0,27235,2451150,47.4
1,candidate,plain,90,2,1,27235,2451150,57.0
1,candidate,plain,90,2,2,27235,2451150,52.9
1,candidate,plain,90,2,3,27235,2451150,50.9
1,candidate,plain,90,2,4,27235,2451150,48.3
1,candidate,plain,90,2,5,27235,2451150,47.9
1,candidate,plain,90,2,6,27235,2451150,50.8
1,candidate,plain,90,2,7,27235,2451150,52.3
1,candidate,plain,90,2,8,27235,2451150,50.8
1,candidate,plain,90,3,0,27235,2614560,129.7
1,candidate,plain,90,3,1,27235,2614560,134.2
1,candidate,plain,90,3,2,27235,2614560,142.7
1,candidate,plain,90,3,3,27235,2614560,133.4
1,candidate,plain,90,3,4,27235,2614560,133.8
1,candidate,plain,90,3,5,27235,2614560,137.6
1,candidate,plain,90,3,6,27235,2614560,152.4
1,candidate,plain,90,3,7,27235,2614560,133.9
1,candidate,plain,90,3,8,27235,2614560,135.0
1,candidate,plain,4110,0,0,1004,4401536,4675.2
1,candidate,plain,4110,0,1,1004,4401536,4669.0
1,candidate,plain,4110,0,2,1004,4401536,4723.2
1,candidate,plain,4110,0,3,1004,4401536,4785.8
1,candidate,plain,4110,0,4,1004,4401536,4661.5
1,candidate,plain,4110,0,5,1004,4401536,4706.4
1,candidate,plain,4110,0,6,1004,4401536,4688.3
1,candidate,plain,4110,0,7,1004,4401536,4661.3
1,candidate,plain,4110,0,8,1004,4401536,4689.4
1,candidate,plain,4110,1,0,1004,4126440,4968.0
1,candidate,plain,4110,1,1,1004,4126440,4993.0
1,candidate,plain,4110,1,2,1004,4126440,4820.7
1,candidate,plain,4110,1,3,1004,4126440,4843.2
1,candidate,plain,4110,1,4,1004,4126440,4821.0
1,candidate,plain,4110,1,5,1004,4126440,4851.8
1,candidate,plain,4110,1,6,1004,4126440,4850.9
1,candidate,plain,4110,1,7,1004,4126440,4828.1
1,candidate,plain,4110,1,8,1004,4126440,4824.6
1,candidate,plain,4110,2,0,1004,4126440,721.2
1,candidate,plain,4110,2,1,1004,4126440,740.4
1,candidate,plain,4110,2,2,1004,4126440,729.4
1,candidate,plain,4110,2,3,1004,4126440,719.4
1,candidate,plain,4110,2,4,1004,4126440,729.6
1,candidate,plain,4110,2,5,1004,4126440,719.2
1,candidate,plain,4110,2,6,1004,4126440,718.1
1,candidate,plain,4110,2,7,1004,4126440,734.6
1,candidate,plain,4110,2,8,1004,4126440,728.8
1,candidate,plain,4110,3,0,1004,4401536,5116.0
1,candidate,plain,4110,3,1,1004,4401536,5212.8
1,candidate,plain,4110,3,2,1004,4401536,5129.1
1,candidate,plain,4110,3,3,1004,4401536,5193.9
1,candidate,plain,4110,3,4,1004,4401536,5142.5
1,candidate,plain,4110,3,5,1004,4401536,5106.3
1,candidate,plain,4110,3,6,1004,4401536,5157.7
1,candidate,plain,4110,3,7,1004,4401536,5191.5
1,candidate,plain,4110,3,8,1004,4401536,5146.6
1,candidate,plain,65550,0,0,64,4474880,74363.4
1,candidate,plain,65550,0,1,64,4474880,74550.3
1,candidate,plain,65550,0,2,64,4474880,75090.8
1,candidate,plain,65550,0,3,64,4474880,73973.7
1,candidate,plain,65550,0,4,64,4474880,74320.7
1,candidate,plain,65550,0,5,64,4474880,73635.9
1,candidate,plain,65550,0,6,64,4474880,73768.4
1,candidate,plain,65550,0,7,64,4474880,74035.4
1,candidate,plain,65550,0,8,64,4474880,74535.4
1,candidate,plain,65550,1,0,64,4195200,77392.9
1,candidate,plain,65550,1,1,64,4195200,77209.0
1,candidate,plain,65550,1,2,64,4195200,76424.4
1,candidate,plain,65550,1,3,64,4195200,76732.3
1,candidate,plain,65550,1,4,64,4195200,76959.9
1,candidate,plain,65550,1,5,64,4195200,76678.8
1,candidate,plain,65550,1,6,64,4195200,77053.8
1,candidate,plain,65550,1,7,64,4195200,76734.6
1,candidate,plain,65550,1,8,64,4195200,76346.0
1,candidate,plain,65550,2,0,64,4195200,10952.7
1,candidate,plain,65550,2,1,64,4195200,10790.0
1,candidate,plain,65550,2,2,64,4195200,10971.3
1,candidate,plain,65550,2,3,64,4195200,10784.7
1,candidate,plain,65550,2,4,64,4195200,10903.3
1,candidate,plain,65550,2,5,64,4195200,10969.6
1,candidate,plain,65550,2,6,64,4195200,11272.1
1,candidate,plain,65550,2,7,64,4195200,10939.4
1,candidate,plain,65550,2,8,64,4195200,10962.5
1,candidate,plain,65550,3,0,64,4474880,81118.5
1,candidate,plain,65550,3,1,64,4474880,82057.8
1,candidate,plain,65550,3,2,64,4474880,81605.0
1,candidate,plain,65550,3,3,64,4474880,89361.6
1,candidate,plain,65550,3,4,64,4474880,84754.7
1,candidate,plain,65550,3,5,64,4474880,85042.5
1,candidate,plain,65550,3,6,64,4474880,92232.0
1,candidate,plain,65550,3,7,64,4474880,87524.0
1,candidate,plain,65550,3,8,64,4474880,84822.5
1,candidate,mixed,46,0,0,38130,3660480,83.2
1,candidate,mixed,46,0,1,38130,3660480,83.0
1,candidate,mixed,46,0,2,38130,3660480,86.6
1,candidate,mixed,46,0,3,38130,3660480,86.5
1,candidate,mixed,46,0,4,38130,3660480,82.7
1,candidate,mixed,46,0,5,38130,3660480,83.6
1,candidate,mixed,46,0,6,38130,3660480,84.3
1,candidate,mixed,46,0,7,38130,3660480,85.9
1,candidate,mixed,46,0,8,38130,3660480,83.4
1,candidate,mixed,46,1,0,38130,3507960,86.0
1,candidate,mixed,46,1,1,38130,3507960,87.8
1,candidate,mixed,46,1,2,38130,3507960,87.1
1,candidate,mixed,46,1,3,38130,3507960,87.4
1,candidate,mixed,46,1,4,38130,3507960,86.6
1,candidate,mixed,46,1,5,38130,3507960,86.5
1,candidate,mixed,46,1,6,38130,3507960,87.6
1,candidate,mixed,46,1,7,38130,3507960,86.5
1,candidate,mixed,46,1,8,38130,3507960,87.1
1,candidate,mixed,46,2,0,38130,2897880,73.2
1,candidate,mixed,46,2,1,38130,2897880,73.9
1,candidate,mixed,46,2,2,38130,2897880,72.9
1,candidate,mixed,46,2,3,38130,2897880,74.8
1,candidate,mixed,46,2,4,38130,2897880,74.0
1,candidate,mixed,46,2,5,38130,2897880,74.3
1,candidate,mixed,46,2,6,38130,2897880,73.6
1,candidate,mixed,46,2,7,38130,2897880,72.1
1,candidate,mixed,46,2,8,38130,2897880,70.9
1,candidate,mixed,46,3,0,38130,3355440,82.0
1,candidate,mixed,46,3,1,38130,3355440,81.5
1,candidate,mixed,46,3,2,38130,3355440,82.6
1,candidate,mixed,46,3,3,38130,3355440,81.5
1,candidate,mixed,46,3,4,38130,3355440,83.6
1,candidate,mixed,46,3,5,38130,3355440,81.9
1,candidate,mixed,46,3,6,38130,3355440,82.3
1,candidate,mixed,46,3,7,38130,3355440,82.0
1,candidate,mixed,46,3,8,38130,3355440,81.8
1,candidate,mixed,92,0,0,26886,5162112,162.7
1,candidate,mixed,92,0,1,26886,5162112,167.1
1,candidate,mixed,92,0,2,26886,5162112,166.7
1,candidate,mixed,92,0,3,26886,5162112,168.6
1,candidate,mixed,92,0,4,26886,5162112,169.4
1,candidate,mixed,92,0,5,26886,5162112,164.8
1,candidate,mixed,92,0,6,26886,5162112,165.5
1,candidate,mixed,92,0,7,26886,5162112,166.6
1,candidate,mixed,92,0,8,26886,5162112,163.4
1,candidate,mixed,92,1,0,26886,4947024,178.3
1,candidate,mixed,92,1,1,26886,4947024,171.3
1,candidate,mixed,92,1,2,26886,4947024,177.9
1,candidate,mixed,92,1,3,26886,4947024,173.4
1,candidate,mixed,92,1,4,26886,4947024,171.3
1,candidate,mixed,92,1,5,26886,4947024,175.0
1,candidate,mixed,92,1,6,26886,4947024,175.1
1,candidate,mixed,92,1,7,26886,4947024,173.2
1,candidate,mixed,92,1,8,26886,4947024,175.9
1,candidate,mixed,92,2,0,26886,4086672,129.7
1,candidate,mixed,92,2,1,26886,4086672,138.7
1,candidate,mixed,92,2,2,26886,4086672,147.5
1,candidate,mixed,92,2,3,26886,4086672,133.4
1,candidate,mixed,92,2,4,26886,4086672,134.5
1,candidate,mixed,92,2,5,26886,4086672,131.9
1,candidate,mixed,92,2,6,26886,4086672,147.9
1,candidate,mixed,92,2,7,26886,4086672,137.1
1,candidate,mixed,92,2,8,26886,4086672,136.9
1,candidate,mixed,92,3,0,26886,4731936,160.4
1,candidate,mixed,92,3,1,26886,4731936,162.6
1,candidate,mixed,92,3,2,26886,4731936,164.3
1,candidate,mixed,92,3,3,26886,4731936,167.3
1,candidate,mixed,92,3,4,26886,4731936,162.1
1,candidate,mixed,92,3,5,26886,4731936,162.8
1,candidate,mixed,92,3,6,26886,4731936,165.0
1,candidate,mixed,92,3,7,26886,4731936,160.9
1,candidate,mixed,92,3,8,26886,4731936,181.0
1,candidate,mixed,4140,0,0,997,8614080,6879.6
1,candidate,mixed,4140,0,1,997,8614080,6910.8
1,candidate,mixed,4140,0,2,997,8614080,6888.2
1,candidate,mixed,4140,0,3,997,8614080,6900.4
1,candidate,mixed,4140,0,4,997,8614080,6890.1
1,candidate,mixed,4140,0,5,997,8614080,6845.1
1,candidate,mixed,4140,0,6,997,8614080,6842.3
1,candidate,mixed,4140,0,7,997,8614080,6867.2
1,candidate,mixed,4140,0,8,997,8614080,6900.1
1,candidate,mixed,4140,1,0,997,8255160,7307.1
1,candidate,mixed,4140,1,1,997,8255160,7377.7
1,candidate,mixed,4140,1,2,997,8255160,7666.3
1,candidate,mixed,4140,1,3,997,8255160,7447.9
1,candidate,mixed,4140,1,4,997,8255160,7581.3
1,candidate,mixed,4140,1,5,997,8255160,7363.6
1,candidate,mixed,4140,1,6,997,8255160,8266.8
1,candidate,mixed,4140,1,7,997,8255160,7437.7
1,candidate,mixed,4140,1,8,997,8255160,7118.3
1,candidate,mixed,4140,2,0,997,6819480,5204.0
1,candidate,mixed,4140,2,1,997,6819480,5636.7
1,candidate,mixed,4140,2,2,997,6819480,5136.8
1,candidate,mixed,4140,2,3,997,6819480,5132.0
1,candidate,mixed,4140,2,4,997,6819480,5112.6
1,candidate,mixed,4140,2,5,997,6819480,5117.5
1,candidate,mixed,4140,2,6,997,6819480,5197.4
1,candidate,mixed,4140,2,7,997,6819480,5252.1
1,candidate,mixed,4140,2,8,997,6819480,5151.4
1,candidate,mixed,4140,3,0,997,7896240,6956.0
1,candidate,mixed,4140,3,1,997,7896240,6804.0
1,candidate,mixed,4140,3,2,997,7896240,6971.1
1,candidate,mixed,4140,3,3,997,7896240,6739.4
1,candidate,mixed,4140,3,4,997,7896240,6684.7
1,candidate,mixed,4140,3,5,997,7896240,6778.0
1,candidate,mixed,4140,3,6,997,7896240,6959.1
1,candidate,mixed,4140,3,7,997,7896240,7368.3
1,candidate,mixed,4140,3,8,997,7896240,6701.7
1,candidate,mixed,65550,0,0,64,8755200,107420.5
1,candidate,mixed,65550,0,1,64,8755200,114492.2
1,candidate,mixed,65550,0,2,64,8755200,109927.5
1,candidate,mixed,65550,0,3,64,8755200,109055.6
1,candidate,mixed,65550,0,4,64,8755200,108053.4
1,candidate,mixed,65550,0,5,64,8755200,110864.1
1,candidate,mixed,65550,0,6,64,8755200,114185.2
1,candidate,mixed,65550,0,7,64,8755200,109425.9
1,candidate,mixed,65550,0,8,64,8755200,108255.4
1,candidate,mixed,65550,1,0,64,8390400,117578.8
1,candidate,mixed,65550,1,1,64,8390400,113984.0
1,candidate,mixed,65550,1,2,64,8390400,119398.2
1,candidate,mixed,65550,1,3,64,8390400,114995.1
1,candidate,mixed,65550,1,4,64,8390400,123065.5
1,candidate,mixed,65550,1,5,64,8390400,114042.9
1,candidate,mixed,65550,1,6,64,8390400,118453.8
1,candidate,mixed,65550,1,7,64,8390400,123979.9
1,candidate,mixed,65550,1,8,64,8390400,123451.2
1,candidate,mixed,65550,2,0,64,6931200,83201.2
1,candidate,mixed,65550,2,1,64,6931200,84321.4
1,candidate,mixed,65550,2,2,64,6931200,79296.8
1,candidate,mixed,65550,2,3,64,6931200,82082.0
1,candidate,mixed,65550,2,4,64,6931200,82419.5
1,candidate,mixed,65550,2,5,64,6931200,80963.5
1,candidate,mixed,65550,2,6,64,6931200,80364.3
1,candidate,mixed,65550,2,7,64,6931200,81417.5
1,candidate,mixed,65550,2,8,64,6931200,81083.1
1,candidate,mixed,65550,3,0,64,8025600,108881.8
1,candidate,mixed,65550,3,1,64,8025600,108801.5
1,candidate,mixed,65550,3,2,64,8025600,108611.2
1,candidate,mixed,65550,3,3,64,8025600,108705.7
1,candidate,mixed,65550,3,4,64,8025600,112166.0
1,candidate,mixed,65550,3,5,64,8025600,109389.5
1,candidate,mixed,65550,3,6,64,8025600,109147.9
1,candidate,mixed,65550,3,7,64,8025600,109039.8
1,candidate,mixed,65550,3,8,64,8025600,109465.6
1,candidate,unreserved,1,0,0,64527,64527,8.8
1,candidate,unreserved,1,0,1,64527,64527,8.9
1,candidate,unreserved,1,0,2,64527,64527,9.4
1,candidate,unreserved,1,0,3,64527,64527,8.8
1,candidate,unreserved,1,0,4,64527,64527,8.8
1,candidate,unreserved,1,0,5,64527,64527,8.8
1,candidate,unreserved,1,0,6,64527,64527,9.1
1,candidate,unreserved,1,0,7,64527,64527,8.8
1,candidate,unreserved,1,0,8,64527,64527,8.8
1,candidate,unreserved,1,1,0,64527,64527,9.0
1,candidate,unreserved,1,1,1,64527,64527,9.1
1,candidate,unreserved,1,1,2,64527,64527,9.0
1,candidate,unreserved,1,1,3,64527,64527,9.0
1,candidate,unreserved,1,1,4,64527,64527,9.4
1,candidate,unreserved,1,1,5,64527,64527,9.1
1,candidate,unreserved,1,1,6,64527,64527,9.2
1,candidate,unreserved,1,1,7,64527,64527,9.6
1,candidate,unreserved,1,1,8,64527,64527,9.0
1,candidate,unreserved,1,2,0,64527,64527,14.9
1,candidate,unreserved,1,2,1,64527,64527,14.1
1,candidate,unreserved,1,2,2,64527,64527,13.8
1,candidate,unreserved,1,2,3,64527,64527,13.7
1,candidate,unreserved,1,2,4,64527,64527,13.4
1,candidate,unreserved,1,2,5,64527,64527,13.7
1,candidate,unreserved,1,2,6,64527,64527,13.5
1,candidate,unreserved,1,2,7,64527,64527,13.6
1,candidate,unreserved,1,2,8,64527,64527,13.6
1,candidate,unreserved,1,3,0,64527,64527,8.7
1,candidate,unreserved,1,3,1,64527,64527,9.0
1,candidate,unreserved,1,3,2,64527,64527,8.8
1,candidate,unreserved,1,3,3,64527,64527,8.7
1,candidate,unreserved,1,3,4,64527,64527,8.6
1,candidate,unreserved,1,3,5,64527,64527,8.6
1,candidate,unreserved,1,3,6,64527,64527,8.6
1,candidate,unreserved,1,3,7,64527,64527,8.8
1,candidate,unreserved,1,3,8,64527,64527,8.8
1,candidate,unreserved,8,0,0,58254,466032,16.2
1,candidate,unreserved,8,0,1,58254,466032,15.7
1,candidate,unreserved,8,0,2,58254,466032,15.6
1,candidate,unreserved,8,0,3,58254,466032,16.2
1,candidate,unreserved,8,0,4,58254,466032,16.1
1,candidate,unreserved,8,0,5,58254,466032,16.5
1,candidate,unreserved,8,0,6,58254,466032,16.2
1,candidate,unreserved,8,0,7,58254,466032,15.7
1,candidate,unreserved,8,0,8,58254,466032,18.7
1,candidate,unreserved,8,1,0,58254,466032,16.5
1,candidate,unreserved,8,1,1,58254,466032,16.0
1,candidate,unreserved,8,1,2,58254,466032,15.8
1,candidate,unreserved,8,1,3,58254,466032,16.6
1,candidate,unreserved,8,1,4,58254,466032,16.7
1,candidate,unreserved,8,1,5,58254,466032,16.2
1,candidate,unreserved,8,1,6,58254,466032,16.7
1,candidate,unreserved,8,1,7,58254,466032,16.6
1,candidate,unreserved,8,1,8,58254,466032,16.9
1,candidate,unreserved,8,2,0,58254,466032,20.2
1,candidate,unreserved,8,2,1,58254,466032,19.5
1,candidate,unreserved,8,2,2,58254,466032,27.3
1,candidate,unreserved,8,2,3,58254,466032,20.3
1,candidate,unreserved,8,2,4,58254,466032,20.4
1,candidate,unreserved,8,2,5,58254,466032,24.1
1,candidate,unreserved,8,2,6,58254,466032,19.6
1,candidate,unreserved,8,2,7,58254,466032,19.7
1,candidate,unreserved,8,2,8,58254,466032,20.2
1,candidate,unreserved,8,3,0,58254,466032,17.1
1,candidate,unreserved,8,3,1,58254,466032,17.1
1,candidate,unreserved,8,3,2,58254,466032,17.4
1,candidate,unreserved,8,3,3,58254,466032,17.4
1,candidate,unreserved,8,3,4,58254,466032,17.2
1,candidate,unreserved,8,3,5,58254,466032,17.2
1,candidate,unreserved,8,3,6,58254,466032,17.2
1,candidate,unreserved,8,3,7,58254,466032,17.5
1,candidate,unreserved,8,3,8,58254,466032,17.4
1,candidate,unreserved,64,0,0,32768,2097152,83.1
1,candidate,unreserved,64,0,1,32768,2097152,84.9
1,candidate,unreserved,64,0,2,32768,2097152,85.3
1,candidate,unreserved,64,0,3,32768,2097152,83.4
1,candidate,unreserved,64,0,4,32768,2097152,84.7
1,candidate,unreserved,64,0,5,32768,2097152,82.9
1,candidate,unreserved,64,0,6,32768,2097152,83.4
1,candidate,unreserved,64,0,7,32768,2097152,83.2
1,candidate,unreserved,64,0,8,32768,2097152,84.8
1,candidate,unreserved,64,1,0,32768,2097152,99.4
1,candidate,unreserved,64,1,1,32768,2097152,95.3
1,candidate,unreserved,64,1,2,32768,2097152,90.0
1,candidate,unreserved,64,1,3,32768,2097152,90.4
1,candidate,unreserved,64,1,4,32768,2097152,90.8
1,candidate,unreserved,64,1,5,32768,2097152,91.0
1,candidate,unreserved,64,1,6,32768,2097152,90.4
1,candidate,unreserved,64,1,7,32768,2097152,90.3
1,candidate,unreserved,64,1,8,32768,2097152,90.1
1,candidate,unreserved,64,2,0,32768,2097152,63.5
1,candidate,unreserved,64,2,1,32768,2097152,68.0
1,candidate,unreserved,64,2,2,32768,2097152,62.2
1,candidate,unreserved,64,2,3,32768,2097152,63.1
1,candidate,unreserved,64,2,4,32768,2097152,63.4
1,candidate,unreserved,64,2,5,32768,2097152,63.8
1,candidate,unreserved,64,2,6,32768,2097152,62.7
1,candidate,unreserved,64,2,7,32768,2097152,62.7
1,candidate,unreserved,64,2,8,32768,2097152,64.3
1,candidate,unreserved,64,3,0,32768,2097152,86.1
1,candidate,unreserved,64,3,1,32768,2097152,85.7
1,candidate,unreserved,64,3,2,32768,2097152,85.1
1,candidate,unreserved,64,3,3,32768,2097152,92.3
1,candidate,unreserved,64,3,4,32768,2097152,89.7
1,candidate,unreserved,64,3,5,32768,2097152,84.6
1,candidate,unreserved,64,3,6,32768,2097152,89.6
1,candidate,unreserved,64,3,7,32768,2097152,84.1
1,candidate,unreserved,64,3,8,32768,2097152,105.6
1,candidate,unreserved,4096,0,0,1008,4128768,4391.2
1,candidate,unreserved,4096,0,1,1008,4128768,4814.5
1,candidate,unreserved,4096,0,2,1008,4128768,4436.2
1,candidate,unreserved,4096,0,3,1008,4128768,4402.8
1,candidate,unreserved,4096,0,4,1008,4128768,4471.3
1,candidate,unreserved,4096,0,5,1008,4128768,4371.4
1,candidate,unreserved,4096,0,6,1008,4128768,4395.2
1,candidate,unreserved,4096,0,7,1008,4128768,4413.9
1,candidate,unreserved,4096,0,8,1008,4128768,4524.9
1,candidate,unreserved,4096,1,0,1008,4128768,4495.0
1,candidate,unreserved,4096,1,1,1008,4128768,4492.6
1,candidate,unreserved,4096,1,2,1008,4128768,4376.7
1,candidate,unreserved,4096,1,3,1008,4128768,4390.5
1,candidate,unreserved,4096,1,4,1008,4128768,4411.0
1,candidate,unreserved,4096,1,5,1008,4128768,4727.7
1,candidate,unreserved,4096,1,6,1008,4128768,4620.8
1,candidate,unreserved,4096,1,7,1008,4128768,4379.6
1,candidate,unreserved,4096,1,8,1008,4128768,4384.8
1,candidate,unreserved,4096,2,0,1008,4128768,699.0
1,candidate,unreserved,4096,2,1,1008,4128768,688.9
1,candidate,unreserved,4096,2,2,1008,4128768,732.1
1,candidate,unreserved,4096,2,3,1008,4128768,792.3
1,candidate,unreserved,4096,2,4,1008,4128768,682.0
1,candidate,unreserved,4096,2,5,1008,4128768,692.7
1,candidate,unreserved,4096,2,6,1008,4128768,693.5
1,candidate,unreserved,4096,2,7,1008,4128768,696.1
1,candidate,unreserved,4096,2,8,1008,4128768,682.7
1,candidate,unreserved,4096,3,0,1008,4128768,4447.6
1,candidate,unreserved,4096,3,1,1008,4128768,4515.9
1,candidate,unreserved,4096,3,2,1008,4128768,4452.1
1,candidate,unreserved,4096,3,3,1008,4128768,4438.9
1,candidate,unreserved,4096,3,4,1008,4128768,4468.2
1,candidate,unreserved,4096,3,5,1008,4128768,4474.8
1,candidate,unreserved,4096,3,6,1008,4128768,4476.3
1,candidate,unreserved,4096,3,7,1008,4128768,4548.3
1,candidate,unreserved,4096,3,8,1008,4128768,4501.9
1,candidate,unreserved,65536,0,0,64,4194304,71270.4
1,candidate,unreserved,65536,0,1,64,4194304,72481.7
1,candidate,unreserved,65536,0,2,64,4194304,73406.9
1,candidate,unreserved,65536,0,3,64,4194304,72032.2
1,candidate,unreserved,65536,0,4,64,4194304,71231.7
1,candidate,unreserved,65536,0,5,64,4194304,70822.9
1,candidate,unreserved,65536,0,6,64,4194304,71445.6
1,candidate,unreserved,65536,0,7,64,4194304,72258.0
1,candidate,unreserved,65536,0,8,64,4194304,72486.6
1,candidate,unreserved,65536,1,0,64,4194304,75277.0
1,candidate,unreserved,65536,1,1,64,4194304,76589.7
1,candidate,unreserved,65536,1,2,64,4194304,74336.0
1,candidate,unreserved,65536,1,3,64,4194304,74443.2
1,candidate,unreserved,65536,1,4,64,4194304,74977.8
1,candidate,unreserved,65536,1,5,64,4194304,75273.6
1,candidate,unreserved,65536,1,6,64,4194304,75128.6
1,candidate,unreserved,65536,1,7,64,4194304,75337.5
1,candidate,unreserved,65536,1,8,64,4194304,76223.6
1,candidate,unreserved,65536,2,0,64,4194304,10907.2
1,candidate,unreserved,65536,2,1,64,4194304,11468.6
1,candidate,unreserved,65536,2,2,64,4194304,10845.2
1,candidate,unreserved,65536,2,3,64,4194304,10902.5
1,candidate,unreserved,65536,2,4,64,4194304,10859.4
1,candidate,unreserved,65536,2,5,64,4194304,10734.5
1,candidate,unreserved,65536,2,6,64,4194304,11134.9
1,candidate,unreserved,65536,2,7,64,4194304,10997.5
1,candidate,unreserved,65536,2,8,64,4194304,12091.0
1,candidate,unreserved,65536,3,0,64,4194304,78772.2
1,candidate,unreserved,65536,3,1,64,4194304,71886.7
1,candidate,unreserved,65536,3,2,64,4194304,70437.1
1,candidate,unreserved,65536,3,3,64,4194304,71457.0
1,candidate,unreserved,65536,3,4,64,4194304,70760.2
1,candidate,unreserved,65536,3,5,64,4194304,71594.0
1,candidate,unreserved,65536,3,6,64,4194304,70807.8
1,candidate,unreserved,65536,3,7,64,4194304,72197.7
1,candidate,unreserved,65536,3,8,64,4194304,71545.8
1,candidate,dense,4,0,0,61680,740160,17.3
1,candidate,dense,4,0,1,61680,740160,17.4
1,candidate,dense,4,0,2,61680,740160,17.3
1,candidate,dense,4,0,3,61680,740160,17.8
1,candidate,dense,4,0,4,61680,740160,17.4
1,candidate,dense,4,0,5,61680,740160,17.5
1,candidate,dense,4,0,6,61680,740160,17.8
1,candidate,dense,4,0,7,61680,740160,17.9
1,candidate,dense,4,0,8,61680,740160,21.1
1,candidate,dense,4,1,0,61680,616800,16.5
1,candidate,dense,4,1,1,61680,616800,16.9
1,candidate,dense,4,1,2,61680,616800,16.7
1,candidate,dense,4,1,3,61680,616800,17.0
1,candidate,dense,4,1,4,61680,616800,16.6
1,candidate,dense,4,1,5,61680,616800,17.0
1,candidate,dense,4,1,6,61680,616800,17.1
1,candidate,dense,4,1,7,61680,616800,17.2
1,candidate,dense,4,1,8,61680,616800,16.8
1,candidate,dense,4,2,0,61680,246720,17.0
1,candidate,dense,4,2,1,61680,246720,17.1
1,candidate,dense,4,2,2,61680,246720,17.0
1,candidate,dense,4,2,3,61680,246720,17.4
1,candidate,dense,4,2,4,61680,246720,17.1
1,candidate,dense,4,2,5,61680,246720,17.2
1,candidate,dense,4,2,6,61680,246720,19.5
1,candidate,dense,4,2,7,61680,246720,18.9
1,candidate,dense,4,2,8,61680,246720,18.5
1,candidate,dense,4,3,0,61680,616800,16.1
1,candidate,dense,4,3,1,61680,616800,16.2
1,candidate,dense,4,3,2,61680,616800,16.2
1,candidate,dense,4,3,3,61680,616800,16.0
1,candidate,dense,4,3,4,61680,616800,16.2
1,candidate,dense,4,3,5,61680,616800,16.4
1,candidate,dense,4,3,6,61680,616800,17.1
1,candidate,dense,4,3,7,61680,616800,16.1
1,candidate,dense,4,3,8,61680,616800,16.8
1,candidate,dense,8,0,0,58254,1398096,27.4
1,candidate,dense,8,0,1,58254,1398096,27.0
1,candidate,dense,8,0,2,58254,1398096,27.3
1,candidate,dense,8,0,3,58254,1398096,27.6
1,candidate,dense,8,0,4,58254,1398096,27.6
1,candidate,dense,8,0,5,58254,1398096,27.2
1,candidate,dense,8,0,6,58254,1398096,27.6
1,candidate,dense,8,0,7,58254,1398096,27.5
1,candidate,dense,8,0,8,58254,1398096,27.4
1,candidate,dense,8,1,0,58254,1165080,24.8
1,candidate,dense,8,1,1,58254,1165080,25.2
1,candidate,dense,8,1,2,58254,1165080,24.4
1,candidate,dense,8,1,3,58254,1165080,25.0
1,candidate,dense,8,1,4,58254,1165080,25.1
1,candidate,dense,8,1,5,58254,1165080,25.2
1,candidate,dense,8,1,6,58254,1165080,24.5
1,candidate,dense,8,1,7,58254,1165080,26.4
1,candidate,dense,8,1,8,58254,1165080,25.3
1,candidate,dense,8,2,0,58254,466032,21.6
1,candidate,dense,8,2,1,58254,466032,21.8
1,candidate,dense,8,2,2,58254,466032,19.7
1,candidate,dense,8,2,3,58254,466032,19.9
1,candidate,dense,8,2,4,58254,466032,20.4
1,candidate,dense,8,2,5,58254,466032,19.8
1,candidate,dense,8,2,6,58254,466032,20.6
1,candidate,dense,8,2,7,58254,466032,20.6
1,candidate,dense,8,2,8,58254,466032,20.5
1,candidate,dense,8,3,0,58254,1165080,23.9
1,candidate,dense,8,3,1,58254,1165080,23.8
1,candidate,dense,8,3,2,58254,1165080,23.8
1,candidate,dense,8,3,3,58254,1165080,24.0
1,candidate,dense,8,3,4,58254,1165080,24.3
1,candidate,dense,8,3,5,58254,1165080,24.0
1,candidate,dense,8,3,6,58254,1165080,24.4
1,candidate,dense,8,3,7,58254,1165080,24.3
1,candidate,dense,8,3,8,58254,1165080,25.3
1,candidate,dense,64,0,0,32768,6291456,159.3
1,candidate,dense,64,0,1,32768,6291456,160.4
1,candidate,dense,64,0,2,32768,6291456,156.9
1,candidate,dense,64,0,3,32768,6291456,157.9
1,candidate,dense,64,0,4,32768,6291456,160.1
1,candidate,dense,64,0,5,32768,6291456,160.7
1,candidate,dense,64,0,6,32768,6291456,160.2
1,candidate,dense,64,0,7,32768,6291456,160.3
1,candidate,dense,64,0,8,32768,6291456,196.2
1,candidate,dense,64,1,0,32768,5242880,153.7
1,candidate,dense,64,1,1,32768,5242880,148.1
1,candidate,dense,64,1,2,32768,5242880,147.6
1,candidate,dense,64,1,3,32768,5242880,150.0
1,candidate,dense,64,1,4,32768,5242880,148.8
1,candidate,dense,64,1,5,32768,5242880,147.3
1,candidate,dense,64,1,6,32768,5242880,155.4
1,candidate,dense,64,1,7,32768,5242880,150.6
1,candidate,dense,64,1,8,32768,5242880,148.0
1,candidate,dense,64,2,0,32768,2097152,64.5
1,candidate,dense,64,2,1,32768,2097152,59.3
1,candidate,dense,64,2,2,32768,2097152,63.7
1,candidate,dense,64,2,3,32768,2097152,69.1
1,candidate,dense,64,2,4,32768,2097152,70.3
1,candidate,dense,64,2,5,32768,2097152,61.9
1,candidate,dense,64,2,6,32768,2097152,66.2
1,candidate,dense,64,2,7,32768,2097152,61.9
1,candidate,dense,64,2,8,32768,2097152,59.8
1,candidate,dense,64,3,0,32768,5242880,139.0
1,candidate,dense,64,3,1,32768,5242880,143.1
1,candidate,dense,64,3,2,32768,5242880,140.8
1,candidate,dense,64,3,3,32768,5242880,140.4
1,candidate,dense,64,3,4,32768,5242880,146.7
1,candidate,dense,64,3,5,32768,5242880,141.0
1,candidate,dense,64,3,6,32768,5242880,139.6
1,candidate,dense,64,3,7,32768,5242880,141.7
1,candidate,dense,64,3,8,32768,5242880,139.8
1,candidate,dense,4096,0,0,1008,12386304,9687.5
1,candidate,dense,4096,0,1,1008,12386304,9512.7
1,candidate,dense,4096,0,2,1008,12386304,9540.2
1,candidate,dense,4096,0,3,1008,12386304,9675.6
1,candidate,dense,4096,0,4,1008,12386304,9482.6
1,candidate,dense,4096,0,5,1008,12386304,9563.4
1,candidate,dense,4096,0,6,1008,12386304,9515.5
1,candidate,dense,4096,0,7,1008,12386304,9168.7
1,candidate,dense,4096,0,8,1008,12386304,9195.7
1,candidate,dense,4096,1,0,1008,10321920,8898.8
1,candidate,dense,4096,1,1,1008,10321920,8739.2
1,candidate,dense,4096,1,2,1008,10321920,8788.6
1,candidate,dense,4096,1,3,1008,10321920,8828.3
1,candidate,dense,4096,1,4,1008,10321920,8712.4
1,candidate,dense,4096,1,5,1008,10321920,8737.9
1,candidate,dense,4096,1,6,1008,10321920,8737.5
1,candidate,dense,4096,1,7,1008,10321920,8883.7
1,candidate,dense,4096,1,8,1008,10321920,8770.3
1,candidate,dense,4096,2,0,1008,4128768,681.8
1,candidate,dense,4096,2,1,1008,4128768,698.2
1,candidate,dense,4096,2,2,1008,4128768,682.6
1,candidate,dense,4096,2,3,1008,4128768,677.1
1,candidate,dense,4096,2,4,1008,4128768,696.4
1,candidate,dense,4096,2,5,1008,4128768,678.8
1,candidate,dense,4096,2,6,1008,4128768,677.0
1,candidate,dense,4096,2,7,1008,4128768,688.2
1,candidate,dense,4096,2,8,1008,4128768,695.1
1,candidate,dense,4096,3,0,1008,10321920,8139.1
1,candidate,dense,4096,3,1,1008,10321920,8482.1
1,candidate,dense,4096,3,2,1008,10321920,8539.1
1,candidate,dense,4096,3,3,1008,10321920,8482.8
1,candidate,dense,4096,3,4,1008,10321920,8137.2
1,candidate,dense,4096,3,5,1008,10321920,8184.9
1,candidate,dense,4096,3,6,1008,10321920,8147.0
1,candidate,dense,4096,3,7,1008,10321920,8558.9
1,candidate,dense,4096,3,8,1008,10321920,8098.3
1,candidate,dense,65536,0,0,64,12582912,154204.7
1,candidate,dense,65536,0,1,64,12582912,153120.9
1,candidate,dense,65536,0,2,64,12582912,146858.4
1,candidate,dense,65536,0,3,64,12582912,150202.9
1,candidate,dense,65536,0,4,64,12582912,152980.1
1,candidate,dense,65536,0,5,64,12582912,151632.4
1,candidate,dense,65536,0,6,64,12582912,146483.4
1,candidate,dense,65536,0,7,64,12582912,153849.7
1,candidate,dense,65536,0,8,64,12582912,147207.5
1,candidate,dense,65536,1,0,64,10485760,139848.5
1,candidate,dense,65536,1,1,64,10485760,148982.6
1,candidate,dense,65536,1,2,64,10485760,146121.8
1,candidate,dense,65536,1,3,64,10485760,140689.2
1,candidate,dense,65536,1,4,64,10485760,143239.2
1,candidate,dense,65536,1,5,64,10485760,141727.5
1,candidate,dense,65536,1,6,64,10485760,141520.5
1,candidate,dense,65536,1,7,64,10485760,151588.6
1,candidate,dense,65536,1,8,64,10485760,141823.5
1,candidate,dense,65536,2,0,64,4194304,10678.6
1,candidate,dense,65536,2,1,64,4194304,10693.8
1,candidate,dense,65536,2,2,64,4194304,11053.9
1,candidate,dense,65536,2,3,64,4194304,10982.8
1,candidate,dense,65536,2,4,64,4194304,11006.8
1,candidate,dense,65536,2,5,64,4194304,11054.7
1,candidate,dense,65536,2,6,64,4194304,10695.2
1,candidate,dense,65536,2,7,64,4194304,10680.8
1,candidate,dense,65536,2,8,64,4194304,11128.6
1,candidate,dense,65536,3,0,64,10485760,130045.6
1,candidate,dense,65536,3,1,64,10485760,133158.4
1,candidate,dense,65536,3,2,64,10485760,133033.2
1,candidate,dense,65536,3,3,64,10485760,135359.9
1,candidate,dense,65536,3,4,64,10485760,132370.6
1,candidate,dense,65536,3,5,64,10485760,129829.7
1,candidate,dense,65536,3,6,64,10485760,129775.9
1,candidate,dense,65536,3,7,64,10485760,130409.7
1,candidate,dense,65536,3,8,64,10485760,129454.3
1,candidate,html_dense,5,0,0,60787,911805,19.4
1,candidate,html_dense,5,0,1,60787,911805,19.1
1,candidate,html_dense,5,0,2,60787,911805,19.5
1,candidate,html_dense,5,0,3,60787,911805,19.4
1,candidate,html_dense,5,0,4,60787,911805,19.2
1,candidate,html_dense,5,0,5,60787,911805,19.4
1,candidate,html_dense,5,0,6,60787,911805,19.4
1,candidate,html_dense,5,0,7,60787,911805,19.5
1,candidate,html_dense,5,0,8,60787,911805,20.0
1,candidate,html_dense,5,1,0,60787,911805,19.3
1,candidate,html_dense,5,1,1,60787,911805,19.9
1,candidate,html_dense,5,1,2,60787,911805,19.5
1,candidate,html_dense,5,1,3,60787,911805,20.1
1,candidate,html_dense,5,1,4,60787,911805,20.0
1,candidate,html_dense,5,1,5,60787,911805,19.3
1,candidate,html_dense,5,1,6,60787,911805,19.5
1,candidate,html_dense,5,1,7,60787,911805,19.6
1,candidate,html_dense,5,1,8,60787,911805,20.3
1,candidate,html_dense,5,2,0,60787,1458888,27.9
1,candidate,html_dense,5,2,1,60787,1458888,27.8
1,candidate,html_dense,5,2,2,60787,1458888,27.6
1,candidate,html_dense,5,2,3,60787,1458888,27.6
1,candidate,html_dense,5,2,4,60787,1458888,28.1
1,candidate,html_dense,5,2,5,60787,1458888,28.8
1,candidate,html_dense,5,2,6,60787,1458888,31.3
1,candidate,html_dense,5,2,7,60787,1458888,29.8
1,candidate,html_dense,5,2,8,60787,1458888,29.5
1,candidate,html_dense,5,3,0,60787,911805,19.2
1,candidate,html_dense,5,3,1,60787,911805,19.3
1,candidate,html_dense,5,3,2,60787,911805,20.2
1,candidate,html_dense,5,3,3,60787,911805,19.8
1,candidate,html_dense,5,3,4,60787,911805,19.2
1,candidate,html_dense,5,3,5,60787,911805,19.7
1,candidate,html_dense,5,3,6,60787,911805,20.4
1,candidate,html_dense,5,3,7,60787,911805,19.5
1,candidate,html_dense,5,3,8,60787,911805,19.5
1,candidate,html_dense,10,0,0,56679,1700370,31.5
1,candidate,html_dense,10,0,1,56679,1700370,31.1
1,candidate,html_dense,10,0,2,56679,1700370,31.3
1,candidate,html_dense,10,0,3,56679,1700370,30.9
1,candidate,html_dense,10,0,4,56679,1700370,31.0
1,candidate,html_dense,10,0,5,56679,1700370,31.0
1,candidate,html_dense,10,0,6,56679,1700370,31.8
1,candidate,html_dense,10,0,7,56679,1700370,30.9
1,candidate,html_dense,10,0,8,56679,1700370,30.8
1,candidate,html_dense,10,1,0,56679,1700370,31.0
1,candidate,html_dense,10,1,1,56679,1700370,30.8
1,candidate,html_dense,10,1,2,56679,1700370,30.6
1,candidate,html_dense,10,1,3,56679,1700370,30.6
1,candidate,html_dense,10,1,4,56679,1700370,31.3
1,candidate,html_dense,10,1,5,56679,1700370,31.4
1,candidate,html_dense,10,1,6,56679,1700370,30.8
1,candidate,html_dense,10,1,7,56679,1700370,30.6
1,candidate,html_dense,10,1,8,56679,1700370,30.7
1,candidate,html_dense,10,2,0,56679,2720592,39.2
1,candidate,html_dense,10,2,1,56679,2720592,38.0
1,candidate,html_dense,10,2,2,56679,2720592,38.3
1,candidate,html_dense,10,2,3,56679,2720592,37.9
1,candidate,html_dense,10,2,4,56679,2720592,38.2
1,candidate,html_dense,10,2,5,56679,2720592,37.9
1,candidate,html_dense,10,2,6,56679,2720592,38.0
1,candidate,html_dense,10,2,7,56679,2720592,38.3
1,candidate,html_dense,10,2,8,56679,2720592,38.0
1,candidate,html_dense,10,3,0,56679,1700370,30.9
1,candidate,html_dense,10,3,1,56679,1700370,30.6
1,candidate,html_dense,10,3,2,56679,1700370,31.0
1,candidate,html_dense,10,3,3,56679,1700370,34.0
1,candidate,html_dense,10,3,4,56679,1700370,36.0
1,candidate,html_dense,10,3,5,56679,1700370,32.5
1,candidate,html_dense,10,3,6,56679,1700370,30.8
1,candidate,html_dense,10,3,7,56679,1700370,30.8
1,candidate,html_dense,10,3,8,56679,1700370,30.7
1,candidate,html_dense,65,0,0,32513,6340035,160.1
1,candidate,html_dense,65,0,1,32513,6340035,160.6
1,candidate,html_dense,65,0,2,32513,6340035,159.2
1,candidate,html_dense,65,0,3,32513,6340035,159.3
1,candidate,html_dense,65,0,4,32513,6340035,159.8
1,candidate,html_dense,65,0,5,32513,6340035,167.4
1,candidate,html_dense,65,0,6,32513,6340035,161.5
1,candidate,html_dense,65,0,7,32513,6340035,160.0
1,candidate,html_dense,65,0,8,32513,6340035,159.5
1,candidate,html_dense,65,1,0,32513,6340035,163.0
1,candidate,html_dense,65,1,1,32513,6340035,163.4
1,candidate,html_dense,65,1,2,32513,6340035,171.6
1,candidate,html_dense,65,1,3,32513,6340035,176.6
1,candidate,html_dense,65,1,4,32513,6340035,164.3
1,candidate,html_dense,65,1,5,32513,6340035,163.2
1,candidate,html_dense,65,1,6,32513,6340035,163.6
1,candidate,html_dense,65,1,7,32513,6340035,165.5
1,candidate,html_dense,65,1,8,32513,6340035,174.5
1,candidate,html_dense,65,2,0,32513,10144056,155.9
1,candidate,html_dense,65,2,1,32513,10144056,155.7
1,candidate,html_dense,65,2,2,32513,10144056,157.6
1,candidate,html_dense,65,2,3,32513,10144056,161.2
1,candidate,html_dense,65,2,4,32513,10144056,168.4
1,candidate,html_dense,65,2,5,32513,10144056,155.7
1,candidate,html_dense,65,2,6,32513,10144056,159.3
1,candidate,html_dense,65,2,7,32513,10144056,157.5
1,candidate,html_dense,65,2,8,32513,10144056,156.4
1,candidate,html_dense,65,3,0,32513,6340035,174.9
1,candidate,html_dense,65,3,1,32513,6340035,159.5
1,candidate,html_dense,65,3,2,32513,6340035,167.6
1,candidate,html_dense,65,3,3,32513,6340035,168.2
1,candidate,html_dense,65,3,4,32513,6340035,158.8
1,candidate,html_dense,65,3,5,32513,6340035,163.6
1,candidate,html_dense,65,3,6,32513,6340035,171.2
1,candidate,html_dense,65,3,7,32513,6340035,179.0
1,candidate,html_dense,65,3,8,32513,6340035,159.2
1,candidate,html_dense,4100,0,0,1007,12386100,9925.6
1,candidate,html_dense,4100,0,1,1007,12386100,9423.6
1,candidate,html_dense,4100,0,2,1007,12386100,9418.8
1,candidate,html_dense,4100,0,3,1007,12386100,9388.6
1,candidate,html_dense,4100,0,4,1007,12386100,9238.0
1,candidate,html_dense,4100,0,5,1007,12386100,9212.4
1,candidate,html_dense,4100,0,6,1007,12386100,9252.9
1,candidate,html_dense,4100,0,7,1007,12386100,9215.6
1,candidate,html_dense,4100,0,8,1007,12386100,9249.5
1,candidate,html_dense,4100,1,0,1007,12386100,10053.5
1,candidate,html_dense,4100,1,1,1007,12386100,10000.6
1,candidate,html_dense,4100,1,2,1007,12386100,10017.9
1,candidate,html_dense,4100,1,3,1007,12386100,9952.9
1,candidate,html_dense,4100,1,4,1007,12386100,10006.3
1,candidate,html_dense,4100,1,5,1007,12386100,9951.7
1,candidate,html_dense,4100,1,6,1007,12386100,10034.1
1,candidate,html_dense,4100,1,7,1007,12386100,9974.1
1,candidate,html_dense,4100,1,8,1007,12386100,9826.5
1,candidate,html_dense,4100,2,0,1007,19817760,7326.0
1,candidate,html_dense,4100,2,1,1007,19817760,7331.9
1,candidate,html_dense,4100,2,2,1007,19817760,7352.7
1,candidate,html_dense,4100,2,3,1007,19817760,7318.9
1,candidate,html_dense,4100,2,4,1007,19817760,7349.9
1,candidate,html_dense,4100,2,5,1007,19817760,7334.5
1,candidate,html_dense,4100,2,6,1007,19817760,7355.8
1,candidate,html_dense,4100,2,7,1007,19817760,7322.8
1,candidate,html_dense,4100,2,8,1007,19817760,7375.3
1,candidate,html_dense,4100,3,0,1007,12386100,9231.7
1,candidate,html_dense,4100,3,1,1007,12386100,9228.6
1,candidate,html_dense,4100,3,2,1007,12386100,9251.3
1,candidate,html_dense,4100,3,3,1007,12386100,9328.4
1,candidate,html_dense,4100,3,4,1007,12386100,9209.1
1,candidate,html_dense,4100,3,5,1007,12386100,9259.3
1,candidate,html_dense,4100,3,6,1007,12386100,9465.3
1,candidate,html_dense,4100,3,7,1007,12386100,9271.0
1,candidate,html_dense,4100,3,8,1007,12386100,9320.2
1,candidate,html_dense,65540,0,0,64,12583680,151028.9
1,candidate,html_dense,65540,0,1,64,12583680,149259.3
1,candidate,html_dense,65540,0,2,64,12583680,148947.6
1,candidate,html_dense,65540,0,3,64,12583680,146665.2
1,candidate,html_dense,65540,0,4,64,12583680,155679.6
1,candidate,html_dense,65540,0,5,64,12583680,149321.5
1,candidate,html_dense,65540,0,6,64,12583680,147555.1
1,candidate,html_dense,65540,0,7,64,12583680,154410.2
1,candidate,html_dense,65540,0,8,64,12583680,146724.5
1,candidate,html_dense,65540,1,0,64,12583680,155514.1
1,candidate,html_dense,65540,1,1,64,12583680,155013.0
1,candidate,html_dense,65540,1,2,64,12583680,154950.8
1,candidate,html_dense,65540,1,3,64,12583680,155194.3
1,candidate,html_dense,65540,1,4,64,12583680,157140.1
1,candidate,html_dense,65540,1,5,64,12583680,155227.8
1,candidate,html_dense,65540,1,6,64,12583680,155703.8
1,candidate,html_dense,65540,1,7,64,12583680,156339.8
1,candidate,html_dense,65540,1,8,64,12583680,155454.4
1,candidate,html_dense,65540,2,0,64,20133888,116006.1
1,candidate,html_dense,65540,2,1,64,20133888,115843.7
1,candidate,html_dense,65540,2,2,64,20133888,117373.3
1,candidate,html_dense,65540,2,3,64,20133888,117911.2
1,candidate,html_dense,65540,2,4,64,20133888,116185.9
1,candidate,html_dense,65540,2,5,64,20133888,116771.4
1,candidate,html_dense,65540,2,6,64,20133888,116641.9
1,candidate,html_dense,65540,2,7,64,20133888,120260.0
1,candidate,html_dense,65540,2,8,64,20133888,118667.6
1,candidate,html_dense,65540,3,0,64,12583680,147199.6
1,candidate,html_dense,65540,3,1,64,12583680,146779.0
1,candidate,html_dense,65540,3,2,64,12583680,147582.0
1,candidate,html_dense,65540,3,3,64,12583680,147052.3
1,candidate,html_dense,65540,3,4,64,12583680,146624.3
1,candidate,html_dense,65540,3,5,64,12583680,146942.1
1,candidate,html_dense,65540,3,6,64,12583680,147447.6
1,candidate,html_dense,65540,3,7,64,12583680,147362.4
1,candidate,html_dense,65540,3,8,64,12583680,150589.6
1,candidate,html_sparse,1,0,0,64527,193581,9.6
1,candidate,html_sparse,1,0,1,64527,193581,9.7
1,candidate,html_sparse,1,0,2,64527,193581,9.9
1,candidate,html_sparse,1,0,3,64527,193581,10.9
1,candidate,html_sparse,1,0,4,64527,193581,9.7
1,candidate,html_sparse,1,0,5,64527,193581,9.8
1,candidate,html_sparse,1,0,6,64527,193581,9.7
1,candidate,html_sparse,1,0,7,64527,193581,9.8
1,candidate,html_sparse,1,0,8,64527,193581,11.9
1,candidate,html_sparse,1,1,0,64527,193581,12.6
1,candidate,html_sparse,1,1,1,64527,193581,10.6
1,candidate,html_sparse,1,1,2,64527,193581,10.5
1,candidate,html_sparse,1,1,3,64527,193581,10.5
1,candidate,html_sparse,1,1,4,64527,193581,10.3
1,candidate,html_sparse,1,1,5,64527,193581,12.6
1,candidate,html_sparse,1,1,6,64527,193581,10.3
1,candidate,html_sparse,1,1,7,64527,193581,10.9
1,candidate,html_sparse,1,1,8,64527,193581,10.3
1,candidate,html_sparse,1,2,0,64527,322635,29.8
1,candidate,html_sparse,1,2,1,64527,322635,29.6
1,candidate,html_sparse,1,2,2,64527,322635,29.7
1,candidate,html_sparse,1,2,3,64527,322635,29.2
1,candidate,html_sparse,1,2,4,64527,322635,23.8
1,candidate,html_sparse,1,2,5,64527,322635,15.0
1,candidate,html_sparse,1,2,6,64527,322635,16.0
1,candidate,html_sparse,1,2,7,64527,322635,15.0
1,candidate,html_sparse,1,2,8,64527,322635,15.3
1,candidate,html_sparse,1,3,0,64527,193581,9.8
1,candidate,html_sparse,1,3,1,64527,193581,9.8
1,candidate,html_sparse,1,3,2,64527,193581,9.9
1,candidate,html_sparse,1,3,3,64527,193581,9.8
1,candidate,html_sparse,1,3,4,64527,193581,9.8
1,candidate,html_sparse,1,3,5,64527,193581,10.2
1,candidate,html_sparse,1,3,6,64527,193581,10.9
1,candidate,html_sparse,1,3,7,64527,193581,9.8
1,candidate,html_sparse,1,3,8,64527,193581,10.0
1,candidate,html_sparse,8,0,0,58254,582540,16.9
1,candidate,html_sparse,8,0,1,58254,582540,17.0
1,candidate,html_sparse,8,0,2,58254,582540,17.0
1,candidate,html_sparse,8,0,3,58254,582540,16.7
1,candidate,html_sparse,8,0,4,58254,582540,16.9
1,candidate,html_sparse,8,0,5,58254,582540,17.3
1,candidate,html_sparse,8,0,6,58254,582540,19.2
1,candidate,html_sparse,8,0,7,58254,582540,16.7
1,candidate,html_sparse,8,0,8,58254,582540,17.1
1,candidate,html_sparse,8,1,0,58254,582540,18.1
1,candidate,html_sparse,8,1,1,58254,582540,18.7
1,candidate,html_sparse,8,1,2,58254,582540,18.4
1,candidate,html_sparse,8,1,3,58254,582540,18.0
1,candidate,html_sparse,8,1,4,58254,582540,18.5
1,candidate,html_sparse,8,1,5,58254,582540,17.5
1,candidate,html_sparse,8,1,6,58254,582540,17.7
1,candidate,html_sparse,8,1,7,58254,582540,17.9
1,candidate,html_sparse,8,1,8,58254,582540,18.1
1,candidate,html_sparse,8,2,0,58254,699048,20.3
1,candidate,html_sparse,8,2,1,58254,699048,20.5
1,candidate,html_sparse,8,2,2,58254,699048,23.0
1,candidate,html_sparse,8,2,3,58254,699048,20.3
1,candidate,html_sparse,8,2,4,58254,699048,21.7
1,candidate,html_sparse,8,2,5,58254,699048,20.5
1,candidate,html_sparse,8,2,6,58254,699048,20.2
1,candidate,html_sparse,8,2,7,58254,699048,20.5
1,candidate,html_sparse,8,2,8,58254,699048,20.9
1,candidate,html_sparse,8,3,0,58254,582540,18.6
1,candidate,html_sparse,8,3,1,58254,582540,18.7
1,candidate,html_sparse,8,3,2,58254,582540,18.7
1,candidate,html_sparse,8,3,3,58254,582540,18.9
1,candidate,html_sparse,8,3,4,58254,582540,18.6
1,candidate,html_sparse,8,3,5,58254,582540,19.4
1,candidate,html_sparse,8,3,6,58254,582540,18.7
1,candidate,html_sparse,8,3,7,58254,582540,18.7
1,candidate,html_sparse,8,3,8,58254,582540,18.7
1,candidate,html_sparse,64,0,0,32768,2162688,82.4
1,candidate,html_sparse,64,0,1,32768,2162688,80.7
1,candidate,html_sparse,64,0,2,32768,2162688,81.3
1,candidate,html_sparse,64,0,3,32768,2162688,81.8
1,candidate,html_sparse,64,0,4,32768,2162688,80.7
1,candidate,html_sparse,64,0,5,32768,2162688,82.0
1,candidate,html_sparse,64,0,6,32768,2162688,81.3
1,candidate,html_sparse,64,0,7,32768,2162688,81.0
1,candidate,html_sparse,64,0,8,32768,2162688,81.3
1,candidate,html_sparse,64,1,0,32768,2162688,90.8
1,candidate,html_sparse,64,1,1,32768,2162688,91.5
1,candidate,html_sparse,64,1,2,32768,2162688,91.1
1,candidate,html_sparse,64,1,3,32768,2162688,92.8
1,candidate,html_sparse,64,1,4,32768,2162688,91.2
1,candidate,html_sparse,64,1,5,32768,2162688,91.1
1,candidate,html_sparse,64,1,6,32768,2162688,91.2
1,candidate,html_sparse,64,1,7,32768,2162688,91.6
1,candidate,html_sparse,64,1,8,32768,2162688,92.0
1,candidate,html_sparse,64,2,0,32768,2228224,63.8
1,candidate,html_sparse,64,2,1,32768,2228224,64.2
1,candidate,html_sparse,64,2,2,32768,2228224,64.6
1,candidate,html_sparse,64,2,3,32768,2228224,64.4
1,candidate,html_sparse,64,2,4,32768,2228224,64.4
1,candidate,html_sparse,64,2,5,32768,2228224,63.8
1,candidate,html_sparse,64,2,6,32768,2228224,63.1
1,candidate,html_sparse,64,2,7,32768,2228224,63.8
1,candidate,html_sparse,64,2,8,32768,2228224,63.1
1,candidate,html_sparse,64,3,0,32768,2162688,85.5
1,candidate,html_sparse,64,3,1,32768,2162688,85.7
1,candidate,html_sparse,64,3,2,32768,2162688,89.0
1,candidate,html_sparse,64,3,3,32768,2162688,85.7
1,candidate,html_sparse,64,3,4,32768,2162688,86.5
1,candidate,html_sparse,64,3,5,32768,2162688,85.3
1,candidate,html_sparse,64,3,6,32768,2162688,85.7
1,candidate,html_sparse,64,3,7,32768,2162688,85.8
1,candidate,html_sparse,64,3,8,32768,2162688,86.2
1,candidate,html_sparse,4096,0,0,1008,4161024,4651.6
1,candidate,html_sparse,4096,0,1,1008,4161024,4555.5
1,candidate,html_sparse,4096,0,2,1008,4161024,4584.4
1,candidate,html_sparse,4096,0,3,1008,4161024,4612.0
1,candidate,html_sparse,4096,0,4,1008,4161024,4618.2
1,candidate,html_sparse,4096,0,5,1008,4161024,4556.5
1,candidate,html_sparse,4096,0,6,1008,4161024,4644.9
1,candidate,html_sparse,4096,0,7,1008,4161024,4783.6
1,candidate,html_sparse,4096,0,8,1008,4161024,4954.3
1,candidate,html_sparse,4096,1,0,1008,4161024,4658.0
1,candidate,html_sparse,4096,1,1,1008,4161024,4585.5
1,candidate,html_sparse,4096,1,2,1008,4161024,4619.2
1,candidate,html_sparse,4096,1,3,1008,4161024,4602.9
1,candidate,html_sparse,4096,1,4,1008,4161024,4671.1
1,candidate,html_sparse,4096,1,5,1008,4161024,4610.7
1,candidate,html_sparse,4096,1,6,1008,4161024,4652.4
1,candidate,html_sparse,4096,1,7,1008,4161024,4570.3
1,candidate,html_sparse,4096,1,8,1008,4161024,4623.6
1,candidate,html_sparse,4096,2,0,1008,4190256,917.6
1,candidate,html_sparse,4096,2,1,1008,4190256,957.0
1,candidate,html_sparse,4096,2,2,1008,4190256,921.9
1,candidate,html_sparse,4096,2,3,1008,4190256,910.2
1,candidate,html_sparse,4096,2,4,1008,4190256,920.0
1,candidate,html_sparse,4096,2,5,1008,4190256,929.0
1,candidate,html_sparse,4096,2,6,1008,4190256,956.8
1,candidate,html_sparse,4096,2,7,1008,4190256,944.3
1,candidate,html_sparse,4096,2,8,1008,4190256,932.0
1,candidate,html_sparse,4096,3,0,1008,4161024,4886.2
1,candidate,html_sparse,4096,3,1,1008,4161024,4873.5
1,candidate,html_sparse,4096,3,2,1008,4161024,5348.4
1,candidate,html_sparse,4096,3,3,1008,4161024,4890.1
1,candidate,html_sparse,4096,3,4,1008,4161024,4832.6
1,candidate,html_sparse,4096,3,5,1008,4161024,4955.1
1,candidate,html_sparse,4096,3,6,1008,4161024,4868.2
1,candidate,html_sparse,4096,3,7,1008,4161024,4866.5
1,candidate,html_sparse,4096,3,8,1008,4161024,4849.3
1,candidate,html_sparse,65536,0,0,64,4227072,73085.4
1,candidate,html_sparse,65536,0,1,64,4227072,73249.3
1,candidate,html_sparse,65536,0,2,64,4227072,72511.8
1,candidate,html_sparse,65536,0,3,64,4227072,72929.6
1,candidate,html_sparse,65536,0,4,64,4227072,72841.7
1,candidate,html_sparse,65536,0,5,64,4227072,72534.5
1,candidate,html_sparse,65536,0,6,64,4227072,72347.9
1,candidate,html_sparse,65536,0,7,64,4227072,73398.4
1,candidate,html_sparse,65536,0,8,64,4227072,72535.4
1,candidate,html_sparse,65536,1,0,64,4227072,72679.6
1,candidate,html_sparse,65536,1,1,64,4227072,75431.9
1,candidate,html_sparse,65536,1,2,64,4227072,73277.0
1,candidate,html_sparse,65536,1,3,64,4227072,72647.0
1,candidate,html_sparse,65536,1,4,64,4227072,75347.5
1,candidate,html_sparse,65536,1,5,64,4227072,72897.0
1,candidate,html_sparse,65536,1,6,64,4227072,72545.9
1,candidate,html_sparse,65536,1,7,64,4227072,73155.6
1,candidate,html_sparse,65536,1,8,64,4227072,72921.3
1,candidate,html_sparse,65536,2,0,64,4256576,15471.0
1,candidate,html_sparse,65536,2,1,64,4256576,14909.2
1,candidate,html_sparse,65536,2,2,64,4256576,14366.4
1,candidate,html_sparse,65536,2,3,64,4256576,14770.7
1,candidate,html_sparse,65536,2,4,64,4256576,14795.5
1,candidate,html_sparse,65536,2,5,64,4256576,14301.7
1,candidate,html_sparse,65536,2,6,64,4256576,14563.5
1,candidate,html_sparse,65536,2,7,64,4256576,14379.4
1,candidate,html_sparse,65536,2,8,64,4256576,14796.4
1,candidate,html_sparse,65536,3,0,64,4227072,76422.8
1,candidate,html_sparse,65536,3,1,64,4227072,75588.0
1,candidate,html_sparse,65536,3,2,64,4227072,78344.4
1,candidate,html_sparse,65536,3,3,64,4227072,76306.7
1,candidate,html_sparse,65536,3,4,64,4227072,75426.3
1,candidate,html_sparse,65536,3,5,64,4227072,75149.4
1,candidate,html_sparse,65536,3,6,64,4227072,76156.2
1,candidate,html_sparse,65536,3,7,64,4227072,75569.0
1,candidate,html_sparse,65536,3,8,64,4227072,82795.5
1,candidate,html_late,1,0,0,64527,193581,9.8
1,candidate,html_late,1,0,1,64527,193581,9.6
1,candidate,html_late,1,0,2,64527,193581,9.6
1,candidate,html_late,1,0,3,64527,193581,9.9
1,candidate,html_late,1,0,4,64527,193581,9.7
1,candidate,html_late,1,0,5,64527,193581,9.9
1,candidate,html_late,1,0,6,64527,193581,9.7
1,candidate,html_late,1,0,7,64527,193581,9.9
1,candidate,html_late,1,0,8,64527,193581,9.7
1,candidate,html_late,1,1,0,64527,193581,10.6
1,candidate,html_late,1,1,1,64527,193581,10.4
1,candidate,html_late,1,1,2,64527,193581,10.9
1,candidate,html_late,1,1,3,64527,193581,10.3
1,candidate,html_late,1,1,4,64527,193581,10.5
1,candidate,html_late,1,1,5,64527,193581,10.3
1,candidate,html_late,1,1,6,64527,193581,10.4
1,candidate,html_late,1,1,7,64527,193581,12.8
1,candidate,html_late,1,1,8,64527,193581,10.9
1,candidate,html_late,1,2,0,64527,322635,15.3
1,candidate,html_late,1,2,1,64527,322635,14.6
1,candidate,html_late,1,2,2,64527,322635,15.0
1,candidate,html_late,1,2,3,64527,322635,15.5
1,candidate,html_late,1,2,4,64527,322635,15.3
1,candidate,html_late,1,2,5,64527,322635,14.8
1,candidate,html_late,1,2,6,64527,322635,14.7
1,candidate,html_late,1,2,7,64527,322635,15.0
1,candidate,html_late,1,2,8,64527,322635,14.7
1,candidate,html_late,1,3,0,64527,193581,10.1
1,candidate,html_late,1,3,1,64527,193581,9.8
1,candidate,html_late,1,3,2,64527,193581,9.8
1,candidate,html_late,1,3,3,64527,193581,10.2
1,candidate,html_late,1,3,4,64527,193581,10.5
1,candidate,html_late,1,3,5,64527,193581,9.9
1,candidate,html_late,1,3,6,64527,193581,10.1
1,candidate,html_late,1,3,7,64527,193581,9.9
1,candidate,html_late,1,3,8,64527,193581,11.1
1,candidate,html_late,8,0,0,58254,582540,17.5
1,candidate,html_late,8,0,1,58254,582540,17.5
1,candidate,html_late,8,0,2,58254,582540,16.8
1,candidate,html_late,8,0,3,58254,582540,17.0
1,candidate,html_late,8,0,4,58254,582540,17.6
1,candidate,html_late,8,0,5,58254,582540,17.6
1,candidate,html_late,8,0,6,58254,582540,16.9
1,candidate,html_late,8,0,7,58254,582540,17.2
1,candidate,html_late,8,0,8,58254,582540,18.4
1,candidate,html_late,8,1,0,58254,582540,17.7
1,candidate,html_late,8,1,1,58254,582540,17.5
1,candidate,html_late,8,1,2,58254,582540,17.0
1,candidate,html_late,8,1,3,58254,582540,17.8
1,candidate,html_late,8,1,4,58254,582540,17.8
1,candidate,html_late,8,1,5,58254,582540,17.6
1,candidate,html_late,8,1,6,58254,582540,17.2
1,candidate,html_late,8,1,7,58254,582540,18.3
1,candidate,html_late,8,1,8,58254,582540,17.9
1,candidate,html_late,8,2,0,58254,699048,21.0
1,candidate,html_late,8,2,1,58254,699048,26.8
1,candidate,html_late,8,2,2,58254,699048,20.2
1,candidate,html_late,8,2,3,58254,699048,20.4
1,candidate,html_late,8,2,4,58254,699048,21.2
1,candidate,html_late,8,2,5,58254,699048,20.5
1,candidate,html_late,8,2,6,58254,699048,20.9
1,candidate,html_late,8,2,7,58254,699048,21.2
1,candidate,html_late,8,2,8,58254,699048,21.2
1,candidate,html_late,8,3,0,58254,582540,18.1
1,candidate,html_late,8,3,1,58254,582540,17.8
1,candidate,html_late,8,3,2,58254,582540,18.2
1,candidate,html_late,8,3,3,58254,582540,19.7
1,candidate,html_late,8,3,4,58254,582540,18.1
1,candidate,html_late,8,3,5,58254,582540,17.9
1,candidate,html_late,8,3,6,58254,582540,24.1
1,candidate,html_late,8,3,7,58254,582540,20.0
1,candidate,html_late,8,3,8,58254,582540,19.4
1,candidate,html_late,64,0,0,32768,2162688,83.1
1,candidate,html_late,64,0,1,32768,2162688,82.3
1,candidate,html_late,64,0,2,32768,2162688,83.8
1,candidate,html_late,64,0,3,32768,2162688,83.6
1,candidate,html_late,64,0,4,32768,2162688,82.3
1,candidate,html_late,64,0,5,32768,2162688,82.5
1,candidate,html_late,64,0,6,32768,2162688,82.2
1,candidate,html_late,64,0,7,32768,2162688,82.8
1,candidate,html_late,64,0,8,32768,2162688,83.4
1,candidate,html_late,64,1,0,32768,2162688,92.4
1,candidate,html_late,64,1,1,32768,2162688,94.6
1,candidate,html_late,64,1,2,32768,2162688,94.8
1,candidate,html_late,64,1,3,32768,2162688,93.7
1,candidate,html_late,64,1,4,32768,2162688,92.3
1,candidate,html_late,64,1,5,32768,2162688,93.4
1,candidate,html_late,64,1,6,32768,2162688,92.6
1,candidate,html_late,64,1,7,32768,2162688,93.8
1,candidate,html_late,64,1,8,32768,2162688,92.5
1,candidate,html_late,64,2,0,32768,2228224,64.8
1,candidate,html_late,64,2,1,32768,2228224,76.8
1,candidate,html_late,64,2,2,32768,2228224,69.1
1,candidate,html_late,64,2,3,32768,2228224,65.0
1,candidate,html_late,64,2,4,32768,2228224,64.2
1,candidate,html_late,64,2,5,32768,2228224,65.8
1,candidate,html_late,64,2,6,32768,2228224,64.1
1,candidate,html_late,64,2,7,32768,2228224,64.1
1,candidate,html_late,64,2,8,32768,2228224,65.1
1,candidate,html_late,64,3,0,32768,2162688,86.5
1,candidate,html_late,64,3,1,32768,2162688,85.6
1,candidate,html_late,64,3,2,32768,2162688,87.0
1,candidate,html_late,64,3,3,32768,2162688,87.4
1,candidate,html_late,64,3,4,32768,2162688,86.4
1,candidate,html_late,64,3,5,32768,2162688,85.8
1,candidate,html_late,64,3,6,32768,2162688,85.9
1,candidate,html_late,64,3,7,32768,2162688,90.6
1,candidate,html_late,64,3,8,32768,2162688,90.5
1,candidate,html_late,4096,0,0,1008,4130784,4419.4
1,candidate,html_late,4096,0,1,1008,4130784,4429.6
1,candidate,html_late,4096,0,2,1008,4130784,4422.1
1,candidate,html_late,4096,0,3,1008,4130784,4381.8
1,candidate,html_late,4096,0,4,1008,4130784,4433.8
1,candidate,html_late,4096,0,5,1008,4130784,4418.1
1,candidate,html_late,4096,0,6,1008,4130784,4472.8
1,candidate,html_late,4096,0,7,1008,4130784,4393.6
1,candidate,html_late,4096,0,8,1008,4130784,4786.1
1,candidate,html_late,4096,1,0,1008,4130784,4654.6
1,candidate,html_late,4096,1,1,1008,4130784,4634.7
1,candidate,html_late,4096,1,2,1008,4130784,4505.2
1,candidate,html_late,4096,1,3,1008,4130784,4519.2
1,candidate,html_late,4096,1,4,1008,4130784,4575.0
1,candidate,html_late,4096,1,5,1008,4130784,4575.6
1,candidate,html_late,4096,1,6,1008,4130784,4468.2
1,candidate,html_late,4096,1,7,1008,4130784,4423.5
1,candidate,html_late,4096,1,8,1008,4130784,4459.8
1,candidate,html_late,4096,2,0,1008,4132800,709.0
1,candidate,html_late,4096,2,1,1008,4132800,687.3
1,candidate,html_late,4096,2,2,1008,4132800,693.8
1,candidate,html_late,4096,2,3,1008,4132800,696.4
1,candidate,html_late,4096,2,4,1008,4132800,686.0
1,candidate,html_late,4096,2,5,1008,4132800,682.8
1,candidate,html_late,4096,2,6,1008,4132800,695.5
1,candidate,html_late,4096,2,7,1008,4132800,680.1
1,candidate,html_late,4096,2,8,1008,4132800,697.9
1,candidate,html_late,4096,3,0,1008,4130784,4483.5
1,candidate,html_late,4096,3,1,1008,4130784,4519.1
1,candidate,html_late,4096,3,2,1008,4130784,4432.2
1,candidate,html_late,4096,3,3,1008,4130784,4483.2
1,candidate,html_late,4096,3,4,1008,4130784,4480.9
1,candidate,html_late,4096,3,5,1008,4130784,4882.2
1,candidate,html_late,4096,3,6,1008,4130784,4475.5
1,candidate,html_late,4096,3,7,1008,4130784,4444.6
1,candidate,html_late,4096,3,8,1008,4130784,4591.5
1,candidate,html_late,65536,0,0,64,4194432,71636.1
1,candidate,html_late,65536,0,1,64,4194432,70434.2
1,candidate,html_late,65536,0,2,64,4194432,71874.9
1,candidate,html_late,65536,0,3,64,4194432,71745.3
1,candidate,html_late,65536,0,4,64,4194432,73125.7
1,candidate,html_late,65536,0,5,64,4194432,73795.3
1,candidate,html_late,65536,0,6,64,4194432,70643.4
1,candidate,html_late,65536,0,7,64,4194432,73284.5
1,candidate,html_late,65536,0,8,64,4194432,74667.0
1,candidate,html_late,65536,1,0,64,4194432,74155.0
1,candidate,html_late,65536,1,1,64,4194432,74060.9
1,candidate,html_late,65536,1,2,64,4194432,77385.8
1,candidate,html_late,65536,1,3,64,4194432,75936.2
1,candidate,html_late,65536,1,4,64,4194432,74792.8
1,candidate,html_late,65536,1,5,64,4194432,74977.1
1,candidate,html_late,65536,1,6,64,4194432,75022.5
1,candidate,html_late,65536,1,7,64,4194432,74581.7
1,candidate,html_late,65536,1,8,64,4194432,76881.5
1,candidate,html_late,65536,2,0,64,4194560,11055.8
1,candidate,html_late,65536,2,1,64,4194560,10902.2
1,candidate,html_late,65536,2,2,64,4194560,10846.7
1,candidate,html_late,65536,2,3,64,4194560,11796.6
1,candidate,html_late,65536,2,4,64,4194560,11038.0
1,candidate,html_late,65536,2,5,64,4194560,10919.9
1,candidate,html_late,65536,2,6,64,4194560,10754.2
1,candidate,html_late,65536,2,7,64,4194560,10631.1
1,candidate,html_late,65536,2,8,64,4194560,10790.2
1,candidate,html_late,65536,3,0,64,4194432,72875.1
1,candidate,html_late,65536,3,1,64,4194432,72805.1
1,candidate,html_late,65536,3,2,64,4194432,73018.5
1,candidate,html_late,65536,3,3,64,4194432,74725.0
1,candidate,html_late,65536,3,4,64,4194432,72961.7
1,candidate,html_late,65536,3,5,64,4194432,72967.6
1,candidate,html_late,65536,3,6,64,4194432,73937.0
1,candidate,html_late,65536,3,7,64,4194432,72724.9
1,candidate,html_late,65536,3,8,64,4194432,72985.1
1,candidate,double_quote_runs,17,0,0,51781,983839,26.6
1,candidate,double_quote_runs,17,0,1,51781,983839,28.1
1,candidate,double_quote_runs,17,0,2,51781,983839,26.7
1,candidate,double_quote_runs,17,0,3,51781,983839,26.2
1,candidate,double_quote_runs,17,0,4,51781,983839,26.1
1,candidate,double_quote_runs,17,0,5,51781,983839,27.4
1,candidate,double_quote_runs,17,0,6,51781,983839,27.1
1,candidate,double_quote_runs,17,0,7,51781,983839,26.1
1,candidate,double_quote_runs,17,0,8,51781,983839,26.6
1,candidate,double_quote_runs,17,1,0,51781,983839,27.2
1,candidate,double_quote_runs,17,1,1,51781,983839,26.5
1,candidate,double_quote_runs,17,1,2,51781,983839,28.0
1,candidate,double_quote_runs,17,1,3,51781,983839,26.8
1,candidate,double_quote_runs,17,1,4,51781,983839,26.9
1,candidate,double_quote_runs,17,1,5,51781,983839,28.8
1,candidate,double_quote_runs,17,1,6,51781,983839,27.6
1,candidate,double_quote_runs,17,1,7,51781,983839,28.2
1,candidate,double_quote_runs,17,1,8,51781,983839,27.5
1,candidate,double_quote_runs,17,2,0,51781,1139182,27.0
1,candidate,double_quote_runs,17,2,1,51781,1139182,28.9
1,candidate,double_quote_runs,17,2,2,51781,1139182,27.1
1,candidate,double_quote_runs,17,2,3,51781,1139182,26.8
1,candidate,double_quote_runs,17,2,4,51781,1139182,27.1
1,candidate,double_quote_runs,17,2,5,51781,1139182,27.8
1,candidate,double_quote_runs,17,2,6,51781,1139182,27.0
1,candidate,double_quote_runs,17,2,7,51781,1139182,27.1
1,candidate,double_quote_runs,17,2,8,51781,1139182,27.0
1,candidate,double_quote_runs,17,3,0,51781,983839,27.9
1,candidate,double_quote_runs,17,3,1,51781,983839,28.0
1,candidate,double_quote_runs,17,3,2,51781,983839,27.2
1,candidate,double_quote_runs,17,3,3,51781,983839,28.3
1,candidate,double_quote_runs,17,3,4,51781,983839,31.2
1,candidate,double_quote_runs,17,3,5,51781,983839,28.1
1,candidate,double_quote_runs,17,3,6,51781,983839,28.3
1,candidate,double_quote_runs,17,3,7,51781,983839,27.5
1,candidate,double_quote_runs,17,3,8,51781,983839,27.4
1,candidate,double_quote_runs,68,0,0,31775,2414900,85.5
1,candidate,double_quote_runs,68,0,1,31775,2414900,88.9
1,candidate,double_quote_runs,68,0,2,31775,2414900,86.0
1,candidate,double_quote_runs,68,0,3,31775,2414900,84.1
1,candidate,double_quote_runs,68,0,4,31775,2414900,85.3
1,candidate,double_quote_runs,68,0,5,31775,2414900,86.3
1,candidate,double_quote_runs,68,0,6,31775,2414900,89.9
1,candidate,double_quote_runs,68,0,7,31775,2414900,86.0
1,candidate,double_quote_runs,68,0,8,31775,2414900,84.3
1,candidate,double_quote_runs,68,1,0,31775,2414900,87.5
1,candidate,double_quote_runs,68,1,1,31775,2414900,87.4
1,candidate,double_quote_runs,68,1,2,31775,2414900,87.5
1,candidate,double_quote_runs,68,1,3,31775,2414900,87.6
1,candidate,double_quote_runs,68,1,4,31775,2414900,88.4
1,candidate,double_quote_runs,68,1,5,31775,2414900,88.4
1,candidate,double_quote_runs,68,1,6,31775,2414900,89.0
1,candidate,double_quote_runs,68,1,7,31775,2414900,87.2
1,candidate,double_quote_runs,68,1,8,31775,2414900,87.8
1,candidate,double_quote_runs,68,2,0,31775,2796200,71.0
1,candidate,double_quote_runs,68,2,1,31775,2796200,75.6
1,candidate,double_quote_runs,68,2,2,31775,2796200,71.9
1,candidate,double_quote_runs,68,2,3,31775,2796200,70.3
1,candidate,double_quote_runs,68,2,4,31775,2796200,71.7
1,candidate,double_quote_runs,68,2,5,31775,2796200,71.6
1,candidate,double_quote_runs,68,2,6,31775,2796200,72.6
1,candidate,double_quote_runs,68,2,7,31775,2796200,71.2
1,candidate,double_quote_runs,68,2,8,31775,2796200,70.9
1,candidate,double_quote_runs,68,3,0,31775,2414900,100.5
1,candidate,double_quote_runs,68,3,1,31775,2414900,92.0
1,candidate,double_quote_runs,68,3,2,31775,2414900,93.1
1,candidate,double_quote_runs,68,3,3,31775,2414900,97.5
1,candidate,double_quote_runs,68,3,4,31775,2414900,109.8
1,candidate,double_quote_runs,68,3,5,31775,2414900,106.4
1,candidate,double_quote_runs,68,3,6,31775,2414900,94.4
1,candidate,double_quote_runs,68,3,7,31775,2414900,96.0
1,candidate,double_quote_runs,68,3,8,31775,2414900,97.2
1,candidate,double_quote_runs,4097,0,0,1008,4615632,4648.4
1,candidate,double_quote_runs,4097,0,1,1008,4615632,4631.5
1,candidate,double_quote_runs,4097,0,2,1008,4615632,4698.9
1,candidate,double_quote_runs,4097,0,3,1008,4615632,4614.8
1,candidate,double_quote_runs,4097,0,4,1008,4615632,4668.1
1,candidate,double_quote_runs,4097,0,5,1008,4615632,4665.8
1,candidate,double_quote_runs,4097,0,6,1008,4615632,4615.9
1,candidate,double_quote_runs,4097,0,7,1008,4615632,4649.5
1,candidate,double_quote_runs,4097,0,8,1008,4615632,4621.3
1,candidate,double_quote_runs,4097,1,0,1008,4615632,4940.9
1,candidate,double_quote_runs,4097,1,1,1008,4615632,4929.0
1,candidate,double_quote_runs,4097,1,2,1008,4615632,4970.9
1,candidate,double_quote_runs,4097,1,3,1008,4615632,4962.3
1,candidate,double_quote_runs,4097,1,4,1008,4615632,4948.1
1,candidate,double_quote_runs,4097,1,5,1008,4615632,4978.8
1,candidate,double_quote_runs,4097,1,6,1008,4615632,4950.9
1,candidate,double_quote_runs,4097,1,7,1008,4615632,4960.5
1,candidate,double_quote_runs,4097,1,8,1008,4615632,5050.3
1,candidate,double_quote_runs,4097,2,0,1008,5344416,7057.8
1,candidate,double_quote_runs,4097,2,1,1008,5344416,6808.9
1,candidate,double_quote_runs,4097,2,2,1008,5344416,6903.5
1,candidate,double_quote_runs,4097,2,3,1008,5344416,7050.1
1,candidate,double_quote_runs,4097,2,4,1008,5344416,6981.3
1,candidate,double_quote_runs,4097,2,5,1008,5344416,6798.2
1,candidate,double_quote_runs,4097,2,6,1008,5344416,7052.7
1,candidate,double_quote_runs,4097,2,7,1008,5344416,6997.5
1,candidate,double_quote_runs,4097,2,8,1008,5344416,6997.4
1,candidate,double_quote_runs,4097,3,0,1008,4615632,4887.3
1,candidate,double_quote_runs,4097,3,1,1008,4615632,4880.6
1,candidate,double_quote_runs,4097,3,2,1008,4615632,5072.2
1,candidate,double_quote_runs,4097,3,3,1008,4615632,4889.4
1,candidate,double_quote_runs,4097,3,4,1008,4615632,4852.5
1,candidate,double_quote_runs,4097,3,5,1008,4615632,4909.4
1,candidate,double_quote_runs,4097,3,6,1008,4615632,4875.5
1,candidate,double_quote_runs,4097,3,7,1008,4615632,4829.6
1,candidate,double_quote_runs,4097,3,8,1008,4615632,5173.9
1,candidate,double_quote_runs,65552,0,0,64,4688896,73975.8
1,candidate,double_quote_runs,65552,0,1,64,4688896,74263.1
1,candidate,double_quote_runs,65552,0,2,64,4688896,73602.0
1,candidate,double_quote_runs,65552,0,3,64,4688896,74295.5
1,candidate,double_quote_runs,65552,0,4,64,4688896,75145.2
1,candidate,double_quote_runs,65552,0,5,64,4688896,73657.6
1,candidate,double_quote_runs,65552,0,6,64,4688896,74017.0
1,candidate,double_quote_runs,65552,0,7,64,4688896,75132.2
1,candidate,double_quote_runs,65552,0,8,64,4688896,74507.4
1,candidate,double_quote_runs,65552,1,0,64,4688896,80207.3
1,candidate,double_quote_runs,65552,1,1,64,4688896,79979.2
1,candidate,double_quote_runs,65552,1,2,64,4688896,79497.0
1,candidate,double_quote_runs,65552,1,3,64,4688896,79351.8
1,candidate,double_quote_runs,65552,1,4,64,4688896,80480.8
1,candidate,double_quote_runs,65552,1,5,64,4688896,87937.2
1,candidate,double_quote_runs,65552,1,6,64,4688896,79440.2
1,candidate,double_quote_runs,65552,1,7,64,4688896,82672.4
1,candidate,double_quote_runs,65552,1,8,64,4688896,79487.3
1,candidate,double_quote_runs,65552,2,0,64,5429248,112689.8
1,candidate,double_quote_runs,65552,2,1,64,5429248,115285.9
1,candidate,double_quote_runs,65552,2,2,64,5429248,113687.1
1,candidate,double_quote_runs,65552,2,3,64,5429248,112773.6
1,candidate,double_quote_runs,65552,2,4,64,5429248,113013.1
1,candidate,double_quote_runs,65552,2,5,64,5429248,113785.8
1,candidate,double_quote_runs,65552,2,6,64,5429248,117163.6
1,candidate,double_quote_runs,65552,2,7,64,5429248,112653.9
1,candidate,double_quote_runs,65552,2,8,64,5429248,114534.1
1,candidate,double_quote_runs,65552,3,0,64,4688896,76358.8
1,candidate,double_quote_runs,65552,3,1,64,4688896,76180.1
1,candidate,double_quote_runs,65552,3,2,64,4688896,75889.6
1,candidate,double_quote_runs,65552,3,3,64,4688896,76664.6
1,candidate,double_quote_runs,65552,3,4,64,4688896,76622.9
1,candidate,double_quote_runs,65552,3,5,64,4688896,78876.9
1,candidate,double_quote_runs,65552,3,6,64,4688896,77263.3
1,candidate,double_quote_runs,65552,3,7,64,4688896,80375.3
1,candidate,double_quote_runs,65552,3,8,64,4688896,78989.4
1,candidate,apostrophe_runs,17,0,0,51781,983839,27.3
1,candidate,apostrophe_runs,17,0,1,51781,983839,27.6
1,candidate,apostrophe_runs,17,0,2,51781,983839,30.3
1,candidate,apostrophe_runs,17,0,3,51781,983839,26.4
1,candidate,apostrophe_runs,17,0,4,51781,983839,31.6
1,candidate,apostrophe_runs,17,0,5,51781,983839,27.2
1,candidate,apostrophe_runs,17,0,6,51781,983839,28.2
1,candidate,apostrophe_runs,17,0,7,51781,983839,26.6
1,candidate,apostrophe_runs,17,0,8,51781,983839,26.0
1,candidate,apostrophe_runs,17,1,0,51781,983839,27.7
1,candidate,apostrophe_runs,17,1,1,51781,983839,27.6
1,candidate,apostrophe_runs,17,1,2,51781,983839,27.2
1,candidate,apostrophe_runs,17,1,3,51781,983839,27.5
1,candidate,apostrophe_runs,17,1,4,51781,983839,27.3
1,candidate,apostrophe_runs,17,1,5,51781,983839,27.4
1,candidate,apostrophe_runs,17,1,6,51781,983839,27.1
1,candidate,apostrophe_runs,17,1,7,51781,983839,27.0
1,candidate,apostrophe_runs,17,1,8,51781,983839,27.0
1,candidate,apostrophe_runs,17,2,0,51781,1087401,27.3
1,candidate,apostrophe_runs,17,2,1,51781,1087401,29.7
1,candidate,apostrophe_runs,17,2,2,51781,1087401,27.6
1,candidate,apostrophe_runs,17,2,3,51781,1087401,26.7
1,candidate,apostrophe_runs,17,2,4,51781,1087401,31.8
1,candidate,apostrophe_runs,17,2,5,51781,1087401,27.6
1,candidate,apostrophe_runs,17,2,6,51781,1087401,26.6
1,candidate,apostrophe_runs,17,2,7,51781,1087401,26.8
1,candidate,apostrophe_runs,17,2,8,51781,1087401,27.0
1,candidate,apostrophe_runs,17,3,0,51781,983839,27.3
1,candidate,apostrophe_runs,17,3,1,51781,983839,27.4
1,candidate,apostrophe_runs,17,3,2,51781,983839,28.6
1,candidate,apostrophe_runs,17,3,3,51781,983839,27.3
1,candidate,apostrophe_runs,17,3,4,51781,983839,27.5
1,candidate,apostrophe_runs,17,3,5,51781,983839,28.2
1,candidate,apostrophe_runs,17,3,6,51781,983839,27.4
1,candidate,apostrophe_runs,17,3,7,51781,983839,27.8
1,candidate,apostrophe_runs,17,3,8,51781,983839,28.1
1,candidate,apostrophe_runs,68,0,0,31775,2414900,88.7
1,candidate,apostrophe_runs,68,0,1,31775,2414900,86.3
1,candidate,apostrophe_runs,68,0,2,31775,2414900,87.4
1,candidate,apostrophe_runs,68,0,3,31775,2414900,86.0
1,candidate,apostrophe_runs,68,0,4,31775,2414900,84.0
1,candidate,apostrophe_runs,68,0,5,31775,2414900,87.7
1,candidate,apostrophe_runs,68,0,6,31775,2414900,85.7
1,candidate,apostrophe_runs,68,0,7,31775,2414900,85.5
1,candidate,apostrophe_runs,68,0,8,31775,2414900,88.5
1,candidate,apostrophe_runs,68,1,0,31775,2414900,89.4
1,candidate,apostrophe_runs,68,1,1,31775,2414900,87.3
1,candidate,apostrophe_runs,68,1,2,31775,2414900,88.5
1,candidate,apostrophe_runs,68,1,3,31775,2414900,87.2
1,candidate,apostrophe_runs,68,1,4,31775,2414900,87.5
1,candidate,apostrophe_runs,68,1,5,31775,2414900,90.4
1,candidate,apostrophe_runs,68,1,6,31775,2414900,90.9
1,candidate,apostrophe_runs,68,1,7,31775,2414900,87.5
1,candidate,apostrophe_runs,68,1,8,31775,2414900,87.2
1,candidate,apostrophe_runs,68,2,0,31775,2669100,71.1
1,candidate,apostrophe_runs,68,2,1,31775,2669100,73.7
1,candidate,apostrophe_runs,68,2,2,31775,2669100,71.7
1,candidate,apostrophe_runs,68,2,3,31775,2669100,71.1
1,candidate,apostrophe_runs,68,2,4,31775,2669100,72.5
1,candidate,apostrophe_runs,68,2,5,31775,2669100,72.1
1,candidate,apostrophe_runs,68,2,6,31775,2669100,71.9
1,candidate,apostrophe_runs,68,2,7,31775,2669100,72.5
1,candidate,apostrophe_runs,68,2,8,31775,2669100,72.5
1,candidate,apostrophe_runs,68,3,0,31775,2414900,94.5
1,candidate,apostrophe_runs,68,3,1,31775,2414900,92.3
1,candidate,apostrophe_runs,68,3,2,31775,2414900,92.4
1,candidate,apostrophe_runs,68,3,3,31775,2414900,93.8
1,candidate,apostrophe_runs,68,3,4,31775,2414900,92.2
1,candidate,apostrophe_runs,68,3,5,31775,2414900,94.7
1,candidate,apostrophe_runs,68,3,6,31775,2414900,91.7
1,candidate,apostrophe_runs,68,3,7,31775,2414900,92.3
1,candidate,apostrophe_runs,68,3,8,31775,2414900,92.9
1,candidate,apostrophe_runs,4097,0,0,1008,4615632,4679.2
1,candidate,apostrophe_runs,4097,0,1,1008,4615632,4615.1
1,candidate,apostrophe_runs,4097,0,2,1008,4615632,4608.2
1,candidate,apostrophe_runs,4097,0,3,1008,4615632,4656.6
1,candidate,apostrophe_runs,4097,0,4,1008,4615632,4595.9
1,candidate,apostrophe_runs,4097,0,5,1008,4615632,4599.6
1,candidate,apostrophe_runs,4097,0,6,1008,4615632,4623.0
1,candidate,apostrophe_runs,4097,0,7,1008,4615632,4645.5
1,candidate,apostrophe_runs,4097,0,8,1008,4615632,4613.4
1,candidate,apostrophe_runs,4097,1,0,1008,4615632,5159.5
1,candidate,apostrophe_runs,4097,1,1,1008,4615632,5265.7
1,candidate,apostrophe_runs,4097,1,2,1008,4615632,5029.2
1,candidate,apostrophe_runs,4097,1,3,1008,4615632,4942.8
1,candidate,apostrophe_runs,4097,1,4,1008,4615632,4906.5
1,candidate,apostrophe_runs,4097,1,5,1008,4615632,4958.9
1,candidate,apostrophe_runs,4097,1,6,1008,4615632,4967.6
1,candidate,apostrophe_runs,4097,1,7,1008,4615632,4953.6
1,candidate,apostrophe_runs,4097,1,8,1008,4615632,4960.8
1,candidate,apostrophe_runs,4097,2,0,1008,5101488,6691.1
1,candidate,apostrophe_runs,4097,2,1,1008,5101488,7005.3
1,candidate,apostrophe_runs,4097,2,2,1008,5101488,7253.4
1,candidate,apostrophe_runs,4097,2,3,1008,5101488,6709.6
1,candidate,apostrophe_runs,4097,2,4,1008,5101488,6717.5
1,candidate,apostrophe_runs,4097,2,5,1008,5101488,6720.7
1,candidate,apostrophe_runs,4097,2,6,1008,5101488,6705.1
1,candidate,apostrophe_runs,4097,2,7,1008,5101488,7485.5
1,candidate,apostrophe_runs,4097,2,8,1008,5101488,7091.4
1,candidate,apostrophe_runs,4097,3,0,1008,4615632,4914.7
1,candidate,apostrophe_runs,4097,3,1,1008,4615632,4882.2
1,candidate,apostrophe_runs,4097,3,2,1008,4615632,5243.2
1,candidate,apostrophe_runs,4097,3,3,1008,4615632,4913.8
1,candidate,apostrophe_runs,4097,3,4,1008,4615632,4898.2
1,candidate,apostrophe_runs,4097,3,5,1008,4615632,4810.7
1,candidate,apostrophe_runs,4097,3,6,1008,4615632,4879.7
1,candidate,apostrophe_runs,4097,3,7,1008,4615632,5200.8
1,candidate,apostrophe_runs,4097,3,8,1008,4615632,4975.3
1,candidate,apostrophe_runs,65552,0,0,64,4688896,73671.7
1,candidate,apostrophe_runs,65552,0,1,64,4688896,74030.4
1,candidate,apostrophe_runs,65552,0,2,64,4688896,75053.0
1,candidate,apostrophe_runs,65552,0,3,64,4688896,75181.4
1,candidate,apostrophe_runs,65552,0,4,64,4688896,76486.8
1,candidate,apostrophe_runs,65552,0,5,64,4688896,76097.4
1,candidate,apostrophe_runs,65552,0,6,64,4688896,73848.1
1,candidate,apostrophe_runs,65552,0,7,64,4688896,73906.0
1,candidate,apostrophe_runs,65552,0,8,64,4688896,74096.5
1,candidate,apostrophe_runs,65552,1,0,64,4688896,84848.7
1,candidate,apostrophe_runs,65552,1,1,64,4688896,82460.7
1,candidate,apostrophe_runs,65552,1,2,64,4688896,87649.8
1,candidate,apostrophe_runs,65552,1,3,64,4688896,83919.6
1,candidate,apostrophe_runs,65552,1,4,64,4688896,82526.0
1,candidate,apostrophe_runs,65552,1,5,64,4688896,81792.2
1,candidate,apostrophe_runs,65552,1,6,64,4688896,81336.9
1,candidate,apostrophe_runs,65552,1,7,64,4688896,84747.2
1,candidate,apostrophe_runs,65552,1,8,64,4688896,82015.5
1,candidate,apostrophe_runs,65552,2,0,64,5182464,109757.5
1,candidate,apostrophe_runs,65552,2,1,64,5182464,108943.9
1,candidate,apostrophe_runs,65552,2,2,64,5182464,108845.6
1,candidate,apostrophe_runs,65552,2,3,64,5182464,108998.1
1,candidate,apostrophe_runs,65552,2,4,64,5182464,109530.8
1,candidate,apostrophe_runs,65552,2,5,64,5182464,108699.8
1,candidate,apostrophe_runs,65552,2,6,64,5182464,110268.6
1,candidate,apostrophe_runs,65552,2,7,64,5182464,109347.7
1,candidate,apostrophe_runs,65552,2,8,64,5182464,109271.0
1,candidate,apostrophe_runs,65552,3,0,64,4688896,76512.3
1,candidate,apostrophe_runs,65552,3,1,64,4688896,78541.0
1,candidate,apostrophe_runs,65552,3,2,64,4688896,76344.3
1,candidate,apostrophe_runs,65552,3,3,64,4688896,76181.0
1,candidate,apostrophe_runs,65552,3,4,64,4688896,76231.6
1,candidate,apostrophe_runs,65552,3,5,64,4688896,76336.5
1,candidate,apostrophe_runs,65552,3,6,64,4688896,77805.1
1,candidate,apostrophe_runs,65552,3,7,64,4688896,76496.6
1,candidate,apostrophe_runs,65552,3,8,64,4688896,76466.3
2,candidate,plain,0,0,0,65536,0,3.5
2,candidate,plain,0,0,1,65536,0,3.5
2,candidate,plain,0,0,2,65536,0,3.5
2,candidate,plain,0,0,3,65536,0,3.7
2,candidate,plain,0,0,4,65536,0,3.5
2,candidate,plain,0,0,5,65536,0,3.5
2,candidate,plain,0,0,6,65536,0,3.5
2,candidate,plain,0,0,7,65536,0,3.5
2,candidate,plain,0,0,8,65536,0,3.5
2,candidate,plain,0,1,0,65536,0,3.5
2,candidate,plain,0,1,1,65536,0,3.7
2,candidate,plain,0,1,2,65536,0,3.5
2,candidate,plain,0,1,3,65536,0,3.6
2,candidate,plain,0,1,4,65536,0,3.5
2,candidate,plain,0,1,5,65536,0,3.5
2,candidate,plain,0,1,6,65536,0,3.5
2,candidate,plain,0,1,7,65536,0,3.5
2,candidate,plain,0,1,8,65536,0,3.5
2,candidate,plain,0,2,0,65536,0,5.8
2,candidate,plain,0,2,1,65536,0,5.8
2,candidate,plain,0,2,2,65536,0,6.5
2,candidate,plain,0,2,3,65536,0,5.8
2,candidate,plain,0,2,4,65536,0,5.8
2,candidate,plain,0,2,5,65536,0,5.8
2,candidate,plain,0,2,6,65536,0,5.8
2,candidate,plain,0,2,7,65536,0,6.9
2,candidate,plain,0,2,8,65536,0,5.8
2,candidate,plain,0,3,0,65536,0,3.8
2,candidate,plain,0,3,1,65536,0,4.1
2,candidate,plain,0,3,2,65536,0,3.8
2,candidate,plain,0,3,3,65536,0,3.8
2,candidate,plain,0,3,4,65536,0,3.9
2,candidate,plain,0,3,5,65536,0,3.8
2,candidate,plain,0,3,6,65536,0,3.8
2,candidate,plain,0,3,7,65536,0,3.8
2,candidate,plain,0,3,8,65536,0,3.8
2,candidate,plain,30,0,0,44620,1427840,47.6
2,candidate,plain,30,0,1,44620,1427840,48.0
2,candidate,plain,30,0,2,44620,1427840,52.1
2,candidate,plain,30,0,3,44620,1427840,47.7
2,candidate,plain,30,0,4,44620,1427840,49.8
2,candidate,plain,30,0,5,44620,1427840,53.4
2,candidate,plain,30,0,6,44620,1427840,52.2
2,candidate,plain,30,0,7,44620,1427840,55.6
2,candidate,plain,30,0,8,44620,1427840,54.9
2,candidate,plain,30,1,0,44620,1338600,42.2
2,candidate,plain,30,1,1,44620,1338600,40.3
2,candidate,plain,30,1,2,44620,1338600,39.9
2,candidate,plain,30,1,3,44620,1338600,41.7
2,candidate,plain,30,1,4,44620,1338600,41.7
2,candidate,plain,30,1,5,44620,1338600,43.5
2,candidate,plain,30,1,6,44620,1338600,42.1
2,candidate,plain,30,1,7,44620,1338600,53.8
2,candidate,plain,30,1,8,44620,1338600,52.2
2,candidate,plain,30,2,0,44620,1338600,38.5
2,candidate,plain,30,2,1,44620,1338600,38.9
2,candidate,plain,30,2,2,44620,1338600,39.1
2,candidate,plain,30,2,3,44620,1338600,38.6
2,candidate,plain,30,2,4,44620,1338600,38.8
2,candidate,plain,30,2,5,44620,1338600,38.6
2,candidate,plain,30,2,6,44620,1338600,38.8
2,candidate,plain,30,2,7,44620,1338600,39.0
2,candidate,plain,30,2,8,44620,1338600,44.2
2,candidate,plain,30,3,0,44620,1427840,46.5
2,candidate,plain,30,3,1,44620,1427840,54.5
2,candidate,plain,30,3,2,44620,1427840,45.7
2,candidate,plain,30,3,3,44620,1427840,53.6
2,candidate,plain,30,3,4,44620,1427840,43.9
2,candidate,plain,30,3,5,44620,1427840,51.4
2,candidate,plain,30,3,6,44620,1427840,56.4
2,candidate,plain,30,3,7,44620,1427840,54.0
2,candidate,plain,30,3,8,44620,1427840,52.2
2,candidate,plain,90,0,0,27235,2614560,122.7
2,candidate,plain,90,0,1,27235,2614560,118.9
2,candidate,plain,90,0,2,27235,2614560,121.0
2,candidate,plain,90,0,3,27235,2614560,121.1
2,candidate,plain,90,0,4,27235,2614560,120.3
2,candidate,plain,90,0,5,27235,2614560,120.2
2,candidate,plain,90,0,6,27235,2614560,118.2
2,candidate,plain,90,0,7,27235,2614560,118.5
2,candidate,plain,90,0,8,27235,2614560,119.3
2,candidate,plain,90,1,0,27235,2451150,125.7
2,candidate,plain,90,1,1,27235,2451150,119.9
2,candidate,plain,90,1,2,27235,2451150,123.0
2,candidate,plain,90,1,3,27235,2451150,121.7
2,candidate,plain,90,1,4,27235,2451150,122.2
2,candidate,plain,90,1,5,27235,2451150,120.0
2,candidate,plain,90,1,6,27235,2451150,121.9
2,candidate,plain,90,1,7,27235,2451150,126.3
2,candidate,plain,90,1,8,27235,2451150,128.4
2,candidate,plain,90,2,0,27235,2451150,60.0
2,candidate,plain,90,2,1,27235,2451150,49.7
2,candidate,plain,90,2,2,27235,2451150,50.7
2,candidate,plain,90,2,3,27235,2451150,51.4
2,candidate,plain,90,2,4,27235,2451150,50.2
2,candidate,plain,90,2,5,27235,2451150,50.9
2,candidate,plain,90,2,6,27235,2451150,50.6
2,candidate,plain,90,2,7,27235,2451150,48.5
2,candidate,plain,90,2,8,27235,2451150,49.2
2,candidate,plain,90,3,0,27235,2614560,135.6
2,candidate,plain,90,3,1,27235,2614560,136.3
2,candidate,plain,90,3,2,27235,2614560,135.6
2,candidate,plain,90,3,3,27235,2614560,132.8
2,candidate,plain,90,3,4,27235,2614560,130.4
2,candidate,plain,90,3,5,27235,2614560,136.9
2,candidate,plain,90,3,6,27235,2614560,136.7
2,candidate,plain,90,3,7,27235,2614560,136.0
2,candidate,plain,90,3,8,27235,2614560,140.6
2,candidate,plain,4110,0,0,1004,4401536,5040.4
2,candidate,plain,4110,0,1,1004,4401536,4775.6
2,candidate,plain,4110,0,2,1004,4401536,4864.3
2,candidate,plain,4110,0,3,1004,4401536,4698.6
2,candidate,plain,4110,0,4,1004,4401536,4714.2
2,candidate,plain,4110,0,5,1004,4401536,5056.6
2,candidate,plain,4110,0,6,1004,4401536,4737.8
2,candidate,plain,4110,0,7,1004,4401536,4722.0
2,candidate,plain,4110,0,8,1004,4401536,4723.5
2,candidate,plain,4110,1,0,1004,4126440,4882.5
2,candidate,plain,4110,1,1,1004,4126440,5034.3
2,candidate,plain,4110,1,2,1004,4126440,5077.2
2,candidate,plain,4110,1,3,1004,4126440,4991.3
2,candidate,plain,4110,1,4,1004,4126440,5017.2
2,candidate,plain,4110,1,5,1004,4126440,5050.6
2,candidate,plain,4110,1,6,1004,4126440,4993.8
2,candidate,plain,4110,1,7,1004,4126440,5051.0
2,candidate,plain,4110,1,8,1004,4126440,5116.5
2,candidate,plain,4110,2,0,1004,4126440,738.5
2,candidate,plain,4110,2,1,1004,4126440,727.0
2,candidate,plain,4110,2,2,1004,4126440,699.4
2,candidate,plain,4110,2,3,1004,4126440,722.0
2,candidate,plain,4110,2,4,1004,4126440,691.4
2,candidate,plain,4110,2,5,1004,4126440,785.3
2,candidate,plain,4110,2,6,1004,4126440,717.6
2,candidate,plain,4110,2,7,1004,4126440,746.1
2,candidate,plain,4110,2,8,1004,4126440,702.2
2,candidate,plain,4110,3,0,1004,4401536,5223.9
2,candidate,plain,4110,3,1,1004,4401536,5107.0
2,candidate,plain,4110,3,2,1004,4401536,5081.5
2,candidate,plain,4110,3,3,1004,4401536,5225.0
2,candidate,plain,4110,3,4,1004,4401536,5141.5
2,candidate,plain,4110,3,5,1004,4401536,5074.3
2,candidate,plain,4110,3,6,1004,4401536,5101.3
2,candidate,plain,4110,3,7,1004,4401536,4975.5
2,candidate,plain,4110,3,8,1004,4401536,5030.8
2,candidate,plain,65550,0,0,64,4474880,74184.8
2,candidate,plain,65550,0,1,64,4474880,74376.7
2,candidate,plain,65550,0,2,64,4474880,74596.8
2,candidate,plain,65550,0,3,64,4474880,73467.3
2,candidate,plain,65550,0,4,64,4474880,73758.2
2,candidate,plain,65550,0,5,64,4474880,74789.4
2,candidate,plain,65550,0,6,64,4474880,74112.8
2,candidate,plain,65550,0,7,64,4474880,74216.1
2,candidate,plain,65550,0,8,64,4474880,74011.4
2,candidate,plain,65550,1,0,64,4195200,77141.7
2,candidate,plain,65550,1,1,64,4195200,77227.5
2,candidate,plain,65550,1,2,64,4195200,77748.4
2,candidate,plain,65550,1,3,64,4195200,76183.8
2,candidate,plain,65550,1,4,64,4195200,76525.7
2,candidate,plain,65550,1,5,64,4195200,77346.2
2,candidate,plain,65550,1,6,64,4195200,76098.3
2,candidate,plain,65550,1,7,64,4195200,76789.0
2,candidate,plain,65550,1,8,64,4195200,78021.2
2,candidate,plain,65550,2,0,64,4195200,11106.8
2,candidate,plain,65550,2,1,64,4195200,11017.8
2,candidate,plain,65550,2,2,64,4195200,10788.9
2,candidate,plain,65550,2,3,64,4195200,10787.7
2,candidate,plain,65550,2,4,64,4195200,11635.8
2,candidate,plain,65550,2,5,64,4195200,10798.1
2,candidate,plain,65550,2,6,64,4195200,11143.8
2,candidate,plain,65550,2,7,64,4195200,11402.5
2,candidate,plain,65550,2,8,64,4195200,10788.8
2,candidate,plain,65550,3,0,64,4474880,81972.0
2,candidate,plain,65550,3,1,64,4474880,82893.5
2,candidate,plain,65550,3,2,64,4474880,80824.2
2,candidate,plain,65550,3,3,64,4474880,82810.0
2,candidate,plain,65550,3,4,64,4474880,83963.5
2,candidate,plain,65550,3,5,64,4474880,83040.5
2,candidate,plain,65550,3,6,64,4474880,82802.1
2,candidate,plain,65550,3,7,64,4474880,85798.0
2,candidate,plain,65550,3,8,64,4474880,81800.9
2,candidate,mixed,46,0,0,38130,3660480,83.3
2,candidate,mixed,46,0,1,38130,3660480,84.1
2,candidate,mixed,46,0,2,38130,3660480,86.4
2,candidate,mixed,46,0,3,38130,3660480,83.7
2,candidate,mixed,46,0,4,38130,3660480,84.8
2,candidate,mixed,46,0,5,38130,3660480,84.8
2,candidate,mixed,46,0,6,38130,3660480,86.2
2,candidate,mixed,46,0,7,38130,3660480,85.5
2,candidate,mixed,46,0,8,38130,3660480,84.5
2,candidate,mixed,46,1,0,38130,3507960,95.1
2,candidate,mixed,46,1,1,38130,3507960,95.4
2,candidate,mixed,46,1,2,38130,3507960,93.2
2,candidate,mixed,46,1,3,38130,3507960,88.0
2,candidate,mixed,46,1,4,38130,3507960,90.6
2,candidate,mixed,46,1,5,38130,3507960,86.7
2,candidate,mixed,46,1,6,38130,3507960,90.3
2,candidate,mixed,46,1,7,38130,3507960,87.0
2,candidate,mixed,46,1,8,38130,3507960,86.7
2,candidate,mixed,46,2,0,38130,2897880,71.6
2,candidate,mixed,46,2,1,38130,2897880,71.3
2,candidate,mixed,46,2,2,38130,2897880,72.1
2,candidate,mixed,46,2,3,38130,2897880,71.3
2,candidate,mixed,46,2,4,38130,2897880,71.1
2,candidate,mixed,46,2,5,38130,2897880,71.9
2,candidate,mixed,46,2,6,38130,2897880,71.7
2,candidate,mixed,46,2,7,38130,2897880,70.7
2,candidate,mixed,46,2,8,38130,2897880,72.0
2,candidate,mixed,46,3,0,38130,3355440,81.9
2,candidate,mixed,46,3,1,38130,3355440,82.6
2,candidate,mixed,46,3,2,38130,3355440,83.1
2,candidate,mixed,46,3,3,38130,3355440,81.5
2,candidate,mixed,46,3,4,38130,3355440,81.8
2,candidate,mixed,46,3,5,38130,3355440,81.7
2,candidate,mixed,46,3,6,38130,3355440,81.9
2,candidate,mixed,46,3,7,38130,3355440,81.7
2,candidate,mixed,46,3,8,38130,3355440,81.9
2,candidate,mixed,92,0,0,26886,5162112,175.4
2,candidate,mixed,92,0,1,26886,5162112,168.5
2,candidate,mixed,92,0,2,26886,5162112,170.6
2,candidate,mixed,92,0,3,26886,5162112,169.2
2,candidate,mixed,92,0,4,26886,5162112,167.8
2,candidate,mixed,92,0,5,26886,5162112,172.4
2,candidate,mixed,92,0,6,26886,5162112,167.2
2,candidate,mixed,92,0,7,26886,5162112,168.2
2,candidate,mixed,92,0,8,26886,5162112,164.0
2,candidate,mixed,92,1,0,26886,4947024,171.8
2,candidate,mixed,92,1,1,26886,4947024,170.3
2,candidate,mixed,92,1,2,26886,4947024,178.6
2,candidate,mixed,92,1,3,26886,4947024,173.2
2,candidate,mixed,92,1,4,26886,4947024,172.4
2,candidate,mixed,92,1,5,26886,4947024,171.8
2,candidate,mixed,92,1,6,26886,4947024,174.6
2,candidate,mixed,92,1,7,26886,4947024,170.8
2,candidate,mixed,92,1,8,26886,4947024,172.8
2,candidate,mixed,92,2,0,26886,4086672,132.0
2,candidate,mixed,92,2,1,26886,4086672,134.6
2,candidate,mixed,92,2,2,26886,4086672,132.0
2,candidate,mixed,92,2,3,26886,4086672,138.4
2,candidate,mixed,92,2,4,26886,4086672,133.7
2,candidate,mixed,92,2,5,26886,4086672,134.5
2,candidate,mixed,92,2,6,26886,4086672,135.2
2,candidate,mixed,92,2,7,26886,4086672,139.0
2,candidate,mixed,92,2,8,26886,4086672,140.8
2,candidate,mixed,92,3,0,26886,4731936,160.6
2,candidate,mixed,92,3,1,26886,4731936,160.9
2,candidate,mixed,92,3,2,26886,4731936,162.1
2,candidate,mixed,92,3,3,26886,4731936,169.5
2,candidate,mixed,92,3,4,26886,4731936,167.7
2,candidate,mixed,92,3,5,26886,4731936,160.1
2,candidate,mixed,92,3,6,26886,4731936,160.2
2,candidate,mixed,92,3,7,26886,4731936,163.6
2,candidate,mixed,92,3,8,26886,4731936,169.3
2,candidate,mixed,4140,0,0,997,8614080,7378.3
2,candidate,mixed,4140,0,1,997,8614080,7111.9
2,candidate,mixed,4140,0,2,997,8614080,7123.4
2,candidate,mixed,4140,0,3,997,8614080,7069.8
2,candidate,mixed,4140,0,4,997,8614080,7270.0
2,candidate,mixed,4140,0,5,997,8614080,7102.2
2,candidate,mixed,4140,0,6,997,8614080,7080.1
2,candidate,mixed,4140,0,7,997,8614080,7074.3
2,candidate,mixed,4140,0,8,997,8614080,7095.9
2,candidate,mixed,4140,1,0,997,8255160,7215.2
2,candidate,mixed,4140,1,1,997,8255160,7189.6
2,candidate,mixed,4140,1,2,997,8255160,7146.8
2,candidate,mixed,4140,1,3,997,8255160,7408.9
2,candidate,mixed,4140,1,4,997,8255160,7201.3
2,candidate,mixed,4140,1,5,997,8255160,7221.6
2,candidate,mixed,4140,1,6,997,8255160,7184.2
2,candidate,mixed,4140,1,7,997,8255160,7282.8
2,candidate,mixed,4140,1,8,997,8255160,7271.2
2,candidate,mixed,4140,2,0,997,6819480,5135.1
2,candidate,mixed,4140,2,1,997,6819480,5110.1
2,candidate,mixed,4140,2,2,997,6819480,5115.6
2,candidate,mixed,4140,2,3,997,6819480,5257.6
2,candidate,mixed,4140,2,4,997,6819480,5131.9
2,candidate,mixed,4140,2,5,997,6819480,5146.0
2,candidate,mixed,4140,2,6,997,6819480,5171.2
2,candidate,mixed,4140,2,7,997,6819480,5069.6
2,candidate,mixed,4140,2,8,997,6819480,5171.9
2,candidate,mixed,4140,3,0,997,7896240,6717.2
2,candidate,mixed,4140,3,1,997,7896240,6777.2
2,candidate,mixed,4140,3,2,997,7896240,6753.1
2,candidate,mixed,4140,3,3,997,7896240,6869.6
2,candidate,mixed,4140,3,4,997,7896240,6832.5
2,candidate,mixed,4140,3,5,997,7896240,6756.3
2,candidate,mixed,4140,3,6,997,7896240,6675.6
2,candidate,mixed,4140,3,7,997,7896240,6668.3
2,candidate,mixed,4140,3,8,997,7896240,6875.0
2,candidate,mixed,65550,0,0,64,8755200,107797.6
2,candidate,mixed,65550,0,1,64,8755200,114990.0
2,candidate,mixed,65550,0,2,64,8755200,115252.6
2,candidate,mixed,65550,0,3,64,8755200,117524.5
2,candidate,mixed,65550,0,4,64,8755200,110419.9
2,candidate,mixed,65550,0,5,64,8755200,109243.3
2,candidate,mixed,65550,0,6,64,8755200,111024.5
2,candidate,mixed,65550,0,7,64,8755200,114427.9
2,candidate,mixed,65550,0,8,64,8755200,109462.0
2,candidate,mixed,65550,1,0,64,8390400,114747.9
2,candidate,mixed,65550,1,1,64,8390400,116900.8
2,candidate,mixed,65550,1,2,64,8390400,116697.5
2,candidate,mixed,65550,1,3,64,8390400,114414.8
2,candidate,mixed,65550,1,4,64,8390400,119834.2
2,candidate,mixed,65550,1,5,64,8390400,114814.8
2,candidate,mixed,65550,1,6,64,8390400,115390.9
2,candidate,mixed,65550,1,7,64,8390400,115439.0
2,candidate,mixed,65550,1,8,64,8390400,115150.1
2,candidate,mixed,65550,2,0,64,6931200,81934.4
2,candidate,mixed,65550,2,1,64,6931200,81930.0
2,candidate,mixed,65550,2,2,64,6931200,80834.2
2,candidate,mixed,65550,2,3,64,6931200,81465.8
2,candidate,mixed,65550,2,4,64,6931200,82297.1
2,candidate,mixed,65550,2,5,64,6931200,83120.8
2,candidate,mixed,65550,2,6,64,6931200,86399.7
2,candidate,mixed,65550,2,7,64,6931200,84361.8
2,candidate,mixed,65550,2,8,64,6931200,83644.3
2,candidate,mixed,65550,3,0,64,8025600,105334.5
2,candidate,mixed,65550,3,1,64,8025600,108928.7
2,candidate,mixed,65550,3,2,64,8025600,105762.2
2,candidate,mixed,65550,3,3,64,8025600,107014.8
2,candidate,mixed,65550,3,4,64,8025600,105883.1
2,candidate,mixed,65550,3,5,64,8025600,108013.5
2,candidate,mixed,65550,3,6,64,8025600,110334.6
2,candidate,mixed,65550,3,7,64,8025600,106956.3
2,candidate,mixed,65550,3,8,64,8025600,108120.9
2,candidate,unreserved,1,0,0,64527,64527,8.8
2,candidate,unreserved,1,0,1,64527,64527,8.8
2,candidate,unreserved,1,0,2,64527,64527,8.8
2,candidate,unreserved,1,0,3,64527,64527,8.9
2,candidate,unreserved,1,0,4,64527,64527,8.8
2,candidate,unreserved,1,0,5,64527,64527,8.8
2,candidate,unreserved,1,0,6,64527,64527,9.1
2,candidate,unreserved,1,0,7,64527,64527,9.8
2,candidate,unreserved,1,0,8,64527,64527,8.8
2,candidate,unreserved,1,1,0,64527,64527,9.0
2,candidate,unreserved,1,1,1,64527,64527,9.2
2,candidate,unreserved,1,1,2,64527,64527,9.0
2,candidate,unreserved,1,1,3,64527,64527,10.2
2,candidate,unreserved,1,1,4,64527,64527,9.2
2,candidate,unreserved,1,1,5,64527,64527,9.0
2,candidate,unreserved,1,1,6,64527,64527,9.0
2,candidate,unreserved,1,1,7,64527,64527,9.0
2,candidate,unreserved,1,1,8,64527,64527,9.2
2,candidate,unreserved,1,2,0,64527,64527,13.4
2,candidate,unreserved,1,2,1,64527,64527,14.4
2,candidate,unreserved,1,2,2,64527,64527,16.7
2,candidate,unreserved,1,2,3,64527,64527,13.6
2,candidate,unreserved,1,2,4,64527,64527,13.4
2,candidate,unreserved,1,2,5,64527,64527,13.5
2,candidate,unreserved,1,2,6,64527,64527,15.6
2,candidate,unreserved,1,2,7,64527,64527,14.0
2,candidate,unreserved,1,2,8,64527,64527,13.6
2,candidate,unreserved,1,3,0,64527,64527,9.5
2,candidate,unreserved,1,3,1,64527,64527,8.8
2,candidate,unreserved,1,3,2,64527,64527,8.5
2,candidate,unreserved,1,3,3,64527,64527,8.5
2,candidate,unreserved,1,3,4,64527,64527,8.7
2,candidate,unreserved,1,3,5,64527,64527,8.6
2,candidate,unreserved,1,3,6,64527,64527,8.6
2,candidate,unreserved,1,3,7,64527,64527,11.1
2,candidate,unreserved,1,3,8,64527,64527,8.6
2,candidate,unreserved,8,0,0,58254,466032,16.1
2,candidate,unreserved,8,0,1,58254,466032,16.3
2,candidate,unreserved,8,0,2,58254,466032,15.6
2,candidate,unreserved,8,0,3,58254,466032,16.1
2,candidate,unreserved,8,0,4,58254,466032,16.2
2,candidate,unreserved,8,0,5,58254,466032,16.2
2,candidate,unreserved,8,0,6,58254,466032,15.7
2,candidate,unreserved,8,0,7,58254,466032,15.9
2,candidate,unreserved,8,0,8,58254,466032,16.4
2,candidate,unreserved,8,1,0,58254,466032,17.2
2,candidate,unreserved,8,1,1,58254,466032,16.2
2,candidate,unreserved,8,1,2,58254,466032,16.2
2,candidate,unreserved,8,1,3,58254,466032,17.8
2,candidate,unreserved,8,1,4,58254,466032,18.9
2,candidate,unreserved,8,1,5,58254,466032,18.6
2,candidate,unreserved,8,1,6,58254,466032,18.3
2,candidate,unreserved,8,1,7,58254,466032,17.2
2,candidate,unreserved,8,1,8,58254,466032,16.2
2,candidate,unreserved,8,2,0,58254,466032,19.7
2,candidate,unreserved,8,2,1,58254,466032,23.4
2,candidate,unreserved,8,2,2,58254,466032,19.8
2,candidate,unreserved,8,2,3,58254,466032,20.7
2,candidate,unreserved,8,2,4,58254,466032,20.0
2,candidate,unreserved,8,2,5,58254,466032,20.0
2,candidate,unreserved,8,2,6,58254,466032,19.6
2,candidate,unreserved,8,2,7,58254,466032,19.8
2,candidate,unreserved,8,2,8,58254,466032,27.1
2,candidate,unreserved,8,3,0,58254,466032,17.6
2,candidate,unreserved,8,3,1,58254,466032,19.1
2,candidate,unreserved,8,3,2,58254,466032,23.3
2,candidate,unreserved,8,3,3,58254,466032,19.6
2,candidate,unreserved,8,3,4,58254,466032,18.9
2,candidate,unreserved,8,3,5,58254,466032,18.2
2,candidate,unreserved,8,3,6,58254,466032,17.3
2,candidate,unreserved,8,3,7,58254,466032,17.4
2,candidate,unreserved,8,3,8,58254,466032,17.6
2,candidate,unreserved,64,0,0,32768,2097152,80.5
2,candidate,unreserved,64,0,1,32768,2097152,81.0
2,candidate,unreserved,64,0,2,32768,2097152,80.2
2,candidate,unreserved,64,0,3,32768,2097152,80.7
2,candidate,unreserved,64,0,4,32768,2097152,80.2
2,candidate,unreserved,64,0,5,32768,2097152,88.2
2,candidate,unreserved,64,0,6,32768,2097152,82.5
2,candidate,unreserved,64,0,7,32768,2097152,94.0
2,candidate,unreserved,64,0,8,32768,2097152,80.0
2,candidate,unreserved,64,1,0,32768,2097152,91.1
2,candidate,unreserved,64,1,1,32768,2097152,90.6
2,candidate,unreserved,64,1,2,32768,2097152,91.5
2,candidate,unreserved,64,1,3,32768,2097152,90.6
2,candidate,unreserved,64,1,4,32768,2097152,90.9
2,candidate,unreserved,64,1,5,32768,2097152,91.8
2,candidate,unreserved,64,1,6,32768,2097152,91.6
2,candidate,unreserved,64,1,7,32768,2097152,90.4
2,candidate,unreserved,64,1,8,32768,2097152,91.1
2,candidate,unreserved,64,2,0,32768,2097152,62.4
2,candidate,unreserved,64,2,1,32768,2097152,62.0
2,candidate,unreserved,64,2,2,32768,2097152,62.8
2,candidate,unreserved,64,2,3,32768,2097152,63.1
2,candidate,unreserved,64,2,4,32768,2097152,62.5
2,candidate,unreserved,64,2,5,32768,2097152,62.7
2,candidate,unreserved,64,2,6,32768,2097152,62.8
2,candidate,unreserved,64,2,7,32768,2097152,63.4
2,candidate,unreserved,64,2,8,32768,2097152,62.3
2,candidate,unreserved,64,3,0,32768,2097152,84.4
2,candidate,unreserved,64,3,1,32768,2097152,85.6
2,candidate,unreserved,64,3,2,32768,2097152,84.9
2,candidate,unreserved,64,3,3,32768,2097152,88.4
2,candidate,unreserved,64,3,4,32768,2097152,85.1
2,candidate,unreserved,64,3,5,32768,2097152,86.6
2,candidate,unreserved,64,3,6,32768,2097152,84.5
2,candidate,unreserved,64,3,7,32768,2097152,85.6
2,candidate,unreserved,64,3,8,32768,2097152,88.3
2,candidate,unreserved,4096,0,0,1008,4128768,4452.9
2,candidate,unreserved,4096,0,1,1008,4128768,4449.7
2,candidate,unreserved,4096,0,2,1008,4128768,4469.2
2,candidate,unreserved,4096,0,3,1008,4128768,4472.9
2,candidate,unreserved,4096,0,4,1008,4128768,4546.5
2,candidate,unreserved,4096,0,5,1008,4128768,4503.9
2,candidate,unreserved,4096,0,6,1008,4128768,4438.2
2,candidate,unreserved,4096,0,7,1008,4128768,4475.5
2,candidate,unreserved,4096,0,8,1008,4128768,4419.2
2,candidate,unreserved,4096,1,0,1008,4128768,4491.7
2,candidate,unreserved,4096,1,1,1008,4128768,4653.9
2,candidate,unreserved,4096,1,2,1008,4128768,4446.6
2,candidate,unreserved,4096,1,3,1008,4128768,4452.1
2,candidate,unreserved,4096,1,4,1008,4128768,4461.2
2,candidate,unreserved,4096,1,5,1008,4128768,4553.5
2,candidate,unreserved,4096,1,6,1008,4128768,4457.3
2,candidate,unreserved,4096,1,7,1008,4128768,4403.2
2,candidate,unreserved,4096,1,8,1008,4128768,4471.3
2,candidate,unreserved,4096,2,0,1008,4128768,706.0
2,candidate,unreserved,4096,2,1,1008,4128768,698.7
2,candidate,unreserved,4096,2,2,1008,4128768,685.9
2,candidate,unreserved,4096,2,3,1008,4128768,694.7
2,candidate,unreserved,4096,2,4,1008,4128768,686.0
2,candidate,unreserved,4096,2,5,1008,4128768,696.0
2,candidate,unreserved,4096,2,6,1008,4128768,695.4
2,candidate,unreserved,4096,2,7,1008,4128768,693.5
2,candidate,unreserved,4096,2,8,1008,4128768,711.0
2,candidate,unreserved,4096,3,0,1008,4128768,4624.2
2,candidate,unreserved,4096,3,1,1008,4128768,4663.9
2,candidate,unreserved,4096,3,2,1008,4128768,4639.9
2,candidate,unreserved,4096,3,3,1008,4128768,4707.0
2,candidate,unreserved,4096,3,4,1008,4128768,4633.6
2,candidate,unreserved,4096,3,5,1008,4128768,4603.9
2,candidate,unreserved,4096,3,6,1008,4128768,4631.9
2,candidate,unreserved,4096,3,7,1008,4128768,4692.4
2,candidate,unreserved,4096,3,8,1008,4128768,4657.2
2,candidate,unreserved,65536,0,0,64,4194304,70138.7
2,candidate,unreserved,65536,0,1,64,4194304,69648.7
2,candidate,unreserved,65536,0,2,64,4194304,69579.0
2,candidate,unreserved,65536,0,3,64,4194304,70181.3
2,candidate,unreserved,65536,0,4,64,4194304,70390.7
2,candidate,unreserved,65536,0,5,64,4194304,72481.5
2,candidate,unreserved,65536,0,6,64,4194304,70190.9
2,candidate,unreserved,65536,0,7,64,4194304,69733.7
2,candidate,unreserved,65536,0,8,64,4194304,69946.0
2,candidate,unreserved,65536,1,0,64,4194304,73943.6
2,candidate,unreserved,65536,1,1,64,4194304,77003.1
2,candidate,unreserved,65536,1,2,64,4194304,75150.2
2,candidate,unreserved,65536,1,3,64,4194304,74908.8
2,candidate,unreserved,65536,1,4,64,4194304,74584.0
2,candidate,unreserved,65536,1,5,64,4194304,74077.8
2,candidate,unreserved,65536,1,6,64,4194304,74159.5
2,candidate,unreserved,65536,1,7,64,4194304,80500.9
2,candidate,unreserved,65536,1,8,64,4194304,75344.2
2,candidate,unreserved,65536,2,0,64,4194304,11450.8
2,candidate,unreserved,65536,2,1,64,4194304,11968.7
2,candidate,unreserved,65536,2,2,64,4194304,11087.2
2,candidate,unreserved,65536,2,3,64,4194304,15952.3
2,candidate,unreserved,65536,2,4,64,4194304,12010.1
2,candidate,unreserved,65536,2,5,64,4194304,14775.4
2,candidate,unreserved,65536,2,6,64,4194304,11025.3
2,candidate,unreserved,65536,2,7,64,4194304,11623.0
2,candidate,unreserved,65536,2,8,64,4194304,13752.2
2,candidate,unreserved,65536,3,0,64,4194304,70849.2
2,candidate,unreserved,65536,3,1,64,4194304,77339.7
2,candidate,unreserved,65536,3,2,64,4194304,70332.9
2,candidate,unreserved,65536,3,3,64,4194304,70992.6
2,candidate,unreserved,65536,3,4,64,4194304,72011.4
2,candidate,unreserved,65536,3,5,64,4194304,71848.0
2,candidate,unreserved,65536,3,6,64,4194304,70383.5
2,candidate,unreserved,65536,3,7,64,4194304,71810.5
2,candidate,unreserved,65536,3,8,64,4194304,74862.5
2,candidate,dense,4,0,0,61680,740160,18.1
2,candidate,dense,4,0,1,61680,740160,17.5
2,candidate,dense,4,0,2,61680,740160,17.4
2,candidate,dense,4,0,3,61680,740160,17.6
2,candidate,dense,4,0,4,61680,740160,18.4
2,candidate,dense,4,0,5,61680,740160,17.5
2,candidate,dense,4,0,6,61680,740160,17.3
2,candidate,dense,4,0,7,61680,740160,17.4
2,candidate,dense,4,0,8,61680,740160,17.3
2,candidate,dense,4,1,0,61680,616800,17.6
2,candidate,dense,4,1,1,61680,616800,16.8
2,candidate,dense,4,1,2,61680,616800,16.8
2,candidate,dense,4,1,3,61680,616800,17.3
2,candidate,dense,4,1,4,61680,616800,16.7
2,candidate,dense,4,1,5,61680,616800,17.0
2,candidate,dense,4,1,6,61680,616800,16.6
2,candidate,dense,4,1,7,61680,616800,17.2
2,candidate,dense,4,1,8,61680,616800,16.6
2,candidate,dense,4,2,0,61680,246720,17.2
2,candidate,dense,4,2,1,61680,246720,17.5
2,candidate,dense,4,2,2,61680,246720,19.2
2,candidate,dense,4,2,3,61680,246720,17.3
2,candidate,dense,4,2,4,61680,246720,17.2
2,candidate,dense,4,2,5,61680,246720,17.3
2,candidate,dense,4,2,6,61680,246720,18.7
2,candidate,dense,4,2,7,61680,246720,20.1
2,candidate,dense,4,2,8,61680,246720,17.3
2,candidate,dense,4,3,0,61680,616800,17.3
2,candidate,dense,4,3,1,61680,616800,17.0
2,candidate,dense,4,3,2,61680,616800,16.8
2,candidate,dense,4,3,3,61680,616800,16.6
2,candidate,dense,4,3,4,61680,616800,17.2
2,candidate,dense,4,3,5,61680,616800,16.5
2,candidate,dense,4,3,6,61680,616800,17.1
2,candidate,dense,4,3,7,61680,616800,16.7
2,candidate,dense,4,3,8,61680,616800,16.9
2,candidate,dense,8,0,0,58254,1398096,26.4
2,candidate,dense,8,0,1,58254,1398096,27.4
2,candidate,dense,8,0,2,58254,1398096,28.4
2,candidate,dense,8,0,3,58254,1398096,27.7
2,candidate,dense,8,0,4,58254,1398096,28.3
2,candidate,dense,8,0,5,58254,1398096,28.5
2,candidate,dense,8,0,6,58254,1398096,28.3
2,candidate,dense,8,0,7,58254,1398096,27.5
2,candidate,dense,8,0,8,58254,1398096,27.7
2,candidate,dense,8,1,0,58254,1165080,28.2
2,candidate,dense,8,1,1,58254,1165080,25.3
2,candidate,dense,8,1,2,58254,1165080,24.3
2,candidate,dense,8,1,3,58254,1165080,24.8
2,candidate,dense,8,1,4,58254,1165080,24.5
2,candidate,dense,8,1,5,58254,1165080,25.5
2,candidate,dense,8,1,6,58254,1165080,24.5
2,candidate,dense,8,1,7,58254,1165080,24.5
2,candidate,dense,8,1,8,58254,1165080,25.0
2,candidate,dense,8,2,0,58254,466032,20.0
2,candidate,dense,8,2,1,58254,466032,19.9
2,candidate,dense,8,2,2,58254,466032,20.1
2,candidate,dense,8,2,3,58254,466032,19.9
2,candidate,dense,8,2,4,58254,466032,20.1
2,candidate,dense,8,2,5,58254,466032,22.2
2,candidate,dense,8,2,6,58254,466032,20.0
2,candidate,dense,8,2,7,58254,466032,20.1
2,candidate,dense,8,2,8,58254,466032,19.9
2,candidate,dense,8,3,0,58254,1165080,24.3
2,candidate,dense,8,3,1,58254,1165080,23.8
2,candidate,dense,8,3,2,58254,1165080,24.0
2,candidate,dense,8,3,3,58254,1165080,24.3
2,candidate,dense,8,3,4,58254,1165080,24.1
2,candidate,dense,8,3,5,58254,1165080,23.9
2,candidate,dense,8,3,6,58254,1165080,24.8
2,candidate,dense,8,3,7,58254,1165080,24.0
2,candidate,dense,8,3,8,58254,1165080,23.8
2,candidate,dense,64,0,0,32768,6291456,156.6
2,candidate,dense,64,0,1,32768,6291456,179.6
2,candidate,dense,64,0,2,32768,6291456,160.5
2,candidate,dense,64,0,3,32768,6291456,160.9
2,candidate,dense,64,0,4,32768,6291456,155.7
2,candidate,dense,64,0,5,32768,6291456,157.6
2,candidate,dense,64,0,6,32768,6291456,157.4
2,candidate,dense,64,0,7,32768,6291456,177.8
2,candidate,dense,64,0,8,32768,6291456,160.5
2,candidate,dense,64,1,0,32768,5242880,148.0
2,candidate,dense,64,1,1,32768,5242880,147.8
2,candidate,dense,64,1,2,32768,5242880,157.7
2,candidate,dense,64,1,3,32768,5242880,151.6
2,candidate,dense,64,1,4,32768,5242880,148.1
2,candidate,dense,64,1,5,32768,5242880,149.2
2,candidate,dense,64,1,6,32768,5242880,151.1
2,candidate,dense,64,1,7,32768,5242880,147.7
2,candidate,dense,64,1,8,32768,5242880,151.1
2,candidate,dense,64,2,0,32768,2097152,73.6
2,candidate,dense,64,2,1,32768,2097152,67.1
2,candidate,dense,64,2,2,32768,2097152,62.7
2,candidate,dense,64,2,3,32768,2097152,66.1
2,candidate,dense,64,2,4,32768,2097152,60.3
2,candidate,dense,64,2,5,32768,2097152,59.4
2,candidate,dense,64,2,6,32768,2097152,59.9
2,candidate,dense,64,2,7,32768,2097152,69.4
2,candidate,dense,64,2,8,32768,2097152,63.8
2,candidate,dense,64,3,0,32768,5242880,170.5
2,candidate,dense,64,3,1,32768,5242880,147.6
2,candidate,dense,64,3,2,32768,5242880,142.7
2,candidate,dense,64,3,3,32768,5242880,140.5
2,candidate,dense,64,3,4,32768,5242880,142.2
2,candidate,dense,64,3,5,32768,5242880,143.8
2,candidate,dense,64,3,6,32768,5242880,159.8
2,candidate,dense,64,3,7,32768,5242880,141.2
2,candidate,dense,64,3,8,32768,5242880,141.3
2,candidate,dense,4096,0,0,1008,12386304,9249.8
2,candidate,dense,4096,0,1,1008,12386304,9476.7
2,candidate,dense,4096,0,2,1008,12386304,9278.9
2,candidate,dense,4096,0,3,1008,12386304,9217.4
2,candidate,dense,4096,0,4,1008,12386304,9237.3
2,candidate,dense,4096,0,5,1008,12386304,9187.2
2,candidate,dense,4096,0,6,1008,12386304,9338.6
2,candidate,dense,4096,0,7,1008,12386304,9236.3
2,candidate,dense,4096,0,8,1008,12386304,9254.9
2,candidate,dense,4096,1,0,1008,10321920,8764.0
2,candidate,dense,4096,1,1,1008,10321920,8761.7
2,candidate,dense,4096,1,2,1008,10321920,8764.1
2,candidate,dense,4096,1,3,1008,10321920,8759.0
2,candidate,dense,4096,1,4,1008,10321920,8751.5
2,candidate,dense,4096,1,5,1008,10321920,8745.3
2,candidate,dense,4096,1,6,1008,10321920,8778.6
2,candidate,dense,4096,1,7,1008,10321920,8723.5
2,candidate,dense,4096,1,8,1008,10321920,9168.5
2,candidate,dense,4096,2,0,1008,4128768,687.4
2,candidate,dense,4096,2,1,1008,4128768,750.1
2,candidate,dense,4096,2,2,1008,4128768,690.7
2,candidate,dense,4096,2,3,1008,4128768,688.4
2,candidate,dense,4096,2,4,1008,4128768,691.8
2,candidate,dense,4096,2,5,1008,4128768,683.5
2,candidate,dense,4096,2,6,1008,4128768,693.3
2,candidate,dense,4096,2,7,1008,4128768,694.0
2,candidate,dense,4096,2,8,1008,4128768,692.5
2,candidate,dense,4096,3,0,1008,10321920,8118.3
2,candidate,dense,4096,3,1,1008,10321920,8462.1
2,candidate,dense,4096,3,2,1008,10321920,8110.6
2,candidate,dense,4096,3,3,1008,10321920,8146.5
2,candidate,dense,4096,3,4,1008,10321920,8177.7
2,candidate,dense,4096,3,5,1008,10321920,8167.1
2,candidate,dense,4096,3,6,1008,10321920,8196.1
2,candidate,dense,4096,3,7,1008,10321920,8122.6
2,candidate,dense,4096,3,8,1008,10321920,8199.5
2,candidate,dense,65536,0,0,64,12582912,150048.5
2,candidate,dense,65536,0,1,64,12582912,148012.1
2,candidate,dense,65536,0,2,64,12582912,148122.4
2,candidate,dense,65536,0,3,64,12582912,149417.8
2,candidate,dense,65536,0,4,64,12582912,148720.3
2,candidate,dense,65536,0,5,64,12582912,147878.2
2,candidate,dense,65536,0,6,64,12582912,148547.0
2,candidate,dense,65536,0,7,64,12582912,149437.6
2,candidate,dense,65536,0,8,64,12582912,148122.0
2,candidate,dense,65536,1,0,64,10485760,141127.1
2,candidate,dense,65536,1,1,64,10485760,142386.2
2,candidate,dense,65536,1,2,64,10485760,147604.4
2,candidate,dense,65536,1,3,64,10485760,150611.6
2,candidate,dense,65536,1,4,64,10485760,147139.7
2,candidate,dense,65536,1,5,64,10485760,146516.9
2,candidate,dense,65536,1,6,64,10485760,150660.3
2,candidate,dense,65536,1,7,64,10485760,146548.5
2,candidate,dense,65536,1,8,64,10485760,145605.3
2,candidate,dense,65536,2,0,64,4194304,10773.9
2,candidate,dense,65536,2,1,64,4194304,11557.6
2,candidate,dense,65536,2,2,64,4194304,10734.4
2,candidate,dense,65536,2,3,64,4194304,10845.2
2,candidate,dense,65536,2,4,64,4194304,10870.0
2,candidate,dense,65536,2,5,64,4194304,10680.5
2,candidate,dense,65536,2,6,64,4194304,10840.0
2,candidate,dense,65536,2,7,64,4194304,11197.2
2,candidate,dense,65536,2,8,64,4194304,10680.5
2,candidate,dense,65536,3,0,64,10485760,129786.3
2,candidate,dense,65536,3,1,64,10485760,129519.4
2,candidate,dense,65536,3,2,64,10485760,129862.1
2,candidate,dense,65536,3,3,64,10485760,129371.2
2,candidate,dense,65536,3,4,64,10485760,130839.0
2,candidate,dense,65536,3,5,64,10485760,129500.9
2,candidate,dense,65536,3,6,64,10485760,130166.6
2,candidate,dense,65536,3,7,64,10485760,129716.9
2,candidate,dense,65536,3,8,64,10485760,129642.0
2,candidate,html_dense,5,0,0,60787,911805,19.3
2,candidate,html_dense,5,0,1,60787,911805,19.4
2,candidate,html_dense,5,0,2,60787,911805,19.3
2,candidate,html_dense,5,0,3,60787,911805,20.1
2,candidate,html_dense,5,0,4,60787,911805,19.2
2,candidate,html_dense,5,0,5,60787,911805,19.5
2,candidate,html_dense,5,0,6,60787,911805,19.5
2,candidate,html_dense,5,0,7,60787,911805,19.3
2,candidate,html_dense,5,0,8,60787,911805,19.3
2,candidate,html_dense,5,1,0,60787,911805,19.5
2,candidate,html_dense,5,1,1,60787,911805,19.9
2,candidate,html_dense,5,1,2,60787,911805,19.5
2,candidate,html_dense,5,1,3,60787,911805,20.0
2,candidate,html_dense,5,1,4,60787,911805,20.0
2,candidate,html_dense,5,1,5,60787,911805,19.4
2,candidate,html_dense,5,1,6,60787,911805,19.6
2,candidate,html_dense,5,1,7,60787,911805,19.6
2,candidate,html_dense,5,1,8,60787,911805,19.7
2,candidate,html_dense,5,2,0,60787,1458888,28.0
2,candidate,html_dense,5,2,1,60787,1458888,28.2
2,candidate,html_dense,5,2,2,60787,1458888,27.6
2,candidate,html_dense,5,2,3,60787,1458888,27.8
2,candidate,html_dense,5,2,4,60787,1458888,27.9
2,candidate,html_dense,5,2,5,60787,1458888,27.9
2,candidate,html_dense,5,2,6,60787,1458888,29.0
2,candidate,html_dense,5,2,7,60787,1458888,27.7
2,candidate,html_dense,5,2,8,60787,1458888,28.2
2,candidate,html_dense,5,3,0,60787,911805,19.2
2,candidate,html_dense,5,3,1,60787,911805,19.5
2,candidate,html_dense,5,3,2,60787,911805,19.7
2,candidate,html_dense,5,3,3,60787,911805,19.3
2,candidate,html_dense,5,3,4,60787,911805,23.5
2,candidate,html_dense,5,3,5,60787,911805,20.7
2,candidate,html_dense,5,3,6,60787,911805,20.3
2,candidate,html_dense,5,3,7,60787,911805,21.5
2,candidate,html_dense,5,3,8,60787,911805,19.4
2,candidate,html_dense,10,0,0,56679,1700370,34.1
2,candidate,html_dense,10,0,1,56679,1700370,30.5
2,candidate,html_dense,10,0,2,56679,1700370,30.7
2,candidate,html_dense,10,0,3,56679,1700370,30.8
2,candidate,html_dense,10,0,4,56679,1700370,30.8
2,candidate,html_dense,10,0,5,56679,1700370,31.2
2,candidate,html_dense,10,0,6,56679,1700370,31.3
2,candidate,html_dense,10,0,7,56679,1700370,31.1
2,candidate,html_dense,10,0,8,56679,1700370,31.5
2,candidate,html_dense,10,1,0,56679,1700370,31.9
2,candidate,html_dense,10,1,1,56679,1700370,32.2
2,candidate,html_dense,10,1,2,56679,1700370,31.6
2,candidate,html_dense,10,1,3,56679,1700370,32.0
2,candidate,html_dense,10,1,4,56679,1700370,31.8
2,candidate,html_dense,10,1,5,56679,1700370,31.6
2,candidate,html_dense,10,1,6,56679,1700370,32.4
2,candidate,html_dense,10,1,7,56679,1700370,31.6
2,candidate,html_dense,10,1,8,56679,1700370,32.3
2,candidate,html_dense,10,2,0,56679,2720592,36.6
2,candidate,html_dense,10,2,1,56679,2720592,37.3
2,candidate,html_dense,10,2,2,56679,2720592,36.8
2,candidate,html_dense,10,2,3,56679,2720592,37.4
2,candidate,html_dense,10,2,4,56679,2720592,37.3
2,candidate,html_dense,10,2,5,56679,2720592,38.5
2,candidate,html_dense,10,2,6,56679,2720592,38.3
2,candidate,html_dense,10,2,7,56679,2720592,36.9
2,candidate,html_dense,10,2,8,56679,2720592,37.1
2,candidate,html_dense,10,3,0,56679,1700370,30.9
2,candidate,html_dense,10,3,1,56679,1700370,30.8
2,candidate,html_dense,10,3,2,56679,1700370,31.3
2,candidate,html_dense,10,3,3,56679,1700370,30.7
2,candidate,html_dense,10,3,4,56679,1700370,30.6
2,candidate,html_dense,10,3,5,56679,1700370,30.7
2,candidate,html_dense,10,3,6,56679,1700370,30.8
2,candidate,html_dense,10,3,7,56679,1700370,30.6
2,candidate,html_dense,10,3,8,56679,1700370,30.8
2,candidate,html_dense,65,0,0,32513,6340035,159.3
2,candidate,html_dense,65,0,1,32513,6340035,161.6
2,candidate,html_dense,65,0,2,32513,6340035,158.3
2,candidate,html_dense,65,0,3,32513,6340035,158.8
2,candidate,html_dense,65,0,4,32513,6340035,159.4
2,candidate,html_dense,65,0,5,32513,6340035,160.1
2,candidate,html_dense,65,0,6,32513,6340035,158.4
2,candidate,html_dense,65,0,7,32513,6340035,160.1
2,candidate,html_dense,65,0,8,32513,6340035,159.4
2,candidate,html_dense,65,1,0,32513,6340035,167.6
2,candidate,html_dense,65,1,1,32513,6340035,164.5
2,candidate,html_dense,65,1,2,32513,6340035,165.4
2,candidate,html_dense,65,1,3,32513,6340035,165.3
2,candidate,html_dense,65,1,4,32513,6340035,167.2
2,candidate,html_dense,65,1,5,32513,6340035,165.4
2,candidate,html_dense,65,1,6,32513,6340035,170.5
2,candidate,html_dense,65,1,7,32513,6340035,165.1
2,candidate,html_dense,65,1,8,32513,6340035,164.3
2,candidate,html_dense,65,2,0,32513,10144056,155.4
2,candidate,html_dense,65,2,1,32513,10144056,163.2
2,candidate,html_dense,65,2,2,32513,10144056,165.8
2,candidate,html_dense,65,2,3,32513,10144056,155.3
2,candidate,html_dense,65,2,4,32513,10144056,154.7
2,candidate,html_dense,65,2,5,32513,10144056,157.6
2,candidate,html_dense,65,2,6,32513,10144056,154.7
2,candidate,html_dense,65,2,7,32513,10144056,168.1
2,candidate,html_dense,65,2,8,32513,10144056,167.8
2,candidate,html_dense,65,3,0,32513,6340035,160.2
2,candidate,html_dense,65,3,1,32513,6340035,178.1
2,candidate,html_dense,65,3,2,32513,6340035,160.4
2,candidate,html_dense,65,3,3,32513,6340035,160.0
2,candidate,html_dense,65,3,4,32513,6340035,160.6
2,candidate,html_dense,65,3,5,32513,6340035,160.5
2,candidate,html_dense,65,3,6,32513,6340035,158.4
2,candidate,html_dense,65,3,7,32513,6340035,159.4
2,candidate,html_dense,65,3,8,32513,6340035,159.0
2,candidate,html_dense,4100,0,0,1007,12386100,9368.9
2,candidate,html_dense,4100,0,1,1007,12386100,9280.4
2,candidate,html_dense,4100,0,2,1007,12386100,9509.2
2,candidate,html_dense,4100,0,3,1007,12386100,9537.8
2,candidate,html_dense,4100,0,4,1007,12386100,9219.7
2,candidate,html_dense,4100,0,5,1007,12386100,9502.4
2,candidate,html_dense,4100,0,6,1007,12386100,9468.7
2,candidate,html_dense,4100,0,7,1007,12386100,9472.4
2,candidate,html_dense,4100,0,8,1007,12386100,9607.1
2,candidate,html_dense,4100,1,0,1007,12386100,9670.9
2,candidate,html_dense,4100,1,1,1007,12386100,9715.5
2,candidate,html_dense,4100,1,2,1007,12386100,9821.4
2,candidate,html_dense,4100,1,3,1007,12386100,9664.9
2,candidate,html_dense,4100,1,4,1007,12386100,9674.3
2,candidate,html_dense,4100,1,5,1007,12386100,9681.2
2,candidate,html_dense,4100,1,6,1007,12386100,9798.7
2,candidate,html_dense,4100,1,7,1007,12386100,10043.2
2,candidate,html_dense,4100,1,8,1007,12386100,9651.3
2,candidate,html_dense,4100,2,0,1007,19817760,7725.8
2,candidate,html_dense,4100,2,1,1007,19817760,7214.0
2,candidate,html_dense,4100,2,2,1007,19817760,7311.8
2,candidate,html_dense,4100,2,3,1007,19817760,7501.3
2,candidate,html_dense,4100,2,4,1007,19817760,7341.7
2,candidate,html_dense,4100,2,5,1007,19817760,7284.0
2,candidate,html_dense,4100,2,6,1007,19817760,7303.6
2,candidate,html_dense,4100,2,7,1007,19817760,7723.6
2,candidate,html_dense,4100,2,8,1007,19817760,7282.1
2,candidate,html_dense,4100,3,0,1007,12386100,9242.0
2,candidate,html_dense,4100,3,1,1007,12386100,9283.8
2,candidate,html_dense,4100,3,2,1007,12386100,9444.3
2,candidate,html_dense,4100,3,3,1007,12386100,9241.6
2,candidate,html_dense,4100,3,4,1007,12386100,9244.3
2,candidate,html_dense,4100,3,5,1007,12386100,9246.9
2,candidate,html_dense,4100,3,6,1007,12386100,9227.7
2,candidate,html_dense,4100,3,7,1007,12386100,9274.3
2,candidate,html_dense,4100,3,8,1007,12386100,9224.9
2,candidate,html_dense,65540,0,0,64,12583680,146765.5
2,candidate,html_dense,65540,0,1,64,12583680,147818.0
2,candidate,html_dense,65540,0,2,64,12583680,147781.6
2,candidate,html_dense,65540,0,3,64,12583680,147042.5
2,candidate,html_dense,65540,0,4,64,12583680,147689.9
2,candidate,html_dense,65540,0,5,64,12583680,147937.1
2,candidate,html_dense,65540,0,6,64,12583680,153972.8
2,candidate,html_dense,65540,0,7,64,12583680,148128.5
2,candidate,html_dense,65540,0,8,64,12583680,147532.2
2,candidate,html_dense,65540,1,0,64,12583680,156075.0
2,candidate,html_dense,65540,1,1,64,12583680,154865.1
2,candidate,html_dense,65540,1,2,64,12583680,155827.3
2,candidate,html_dense,65540,1,3,64,12583680,155907.3
2,candidate,html_dense,65540,1,4,64,12583680,155640.4
2,candidate,html_dense,65540,1,5,64,12583680,159675.9
2,candidate,html_dense,65540,1,6,64,12583680,168083.3
2,candidate,html_dense,65540,1,7,64,12583680,158262.4
2,candidate,html_dense,65540,1,8,64,12583680,154962.9
2,candidate,html_dense,65540,2,0,64,20133888,120410.5
2,candidate,html_dense,65540,2,1,64,20133888,121208.7
2,candidate,html_dense,65540,2,2,64,20133888,120940.1
2,candidate,html_dense,65540,2,3,64,20133888,121111.8
2,candidate,html_dense,65540,2,4,64,20133888,120199.1
2,candidate,html_dense,65540,2,5,64,20133888,121506.2
2,candidate,html_dense,65540,2,6,64,20133888,117987.4
2,candidate,html_dense,65540,2,7,64,20133888,117813.7
2,candidate,html_dense,65540,2,8,64,20133888,117215.5
2,candidate,html_dense,65540,3,0,64,12583680,159236.5
2,candidate,html_dense,65540,3,1,64,12583680,150515.7
2,candidate,html_dense,65540,3,2,64,12583680,147505.2
2,candidate,html_dense,65540,3,3,64,12583680,147384.0
2,candidate,html_dense,65540,3,4,64,12583680,146951.8
2,candidate,html_dense,65540,3,5,64,12583680,147692.2
2,candidate,html_dense,65540,3,6,64,12583680,147821.6
2,candidate,html_dense,65540,3,7,64,12583680,147689.8
2,candidate,html_dense,65540,3,8,64,12583680,147140.8
2,candidate,html_sparse,1,0,0,64527,193581,10.0
2,candidate,html_sparse,1,0,1,64527,193581,9.8
2,candidate,html_sparse,1,0,2,64527,193581,9.6
2,candidate,html_sparse,1,0,3,64527,193581,9.6
2,candidate,html_sparse,1,0,4,64527,193581,10.5
2,candidate,html_sparse,1,0,5,64527,193581,10.2
2,candidate,html_sparse,1,0,6,64527,193581,10.1
2,candidate,html_sparse,1,0,7,64527,193581,10.0
2,candidate,html_sparse,1,0,8,64527,193581,9.7
2,candidate,html_sparse,1,1,0,64527,193581,10.3
2,candidate,html_sparse,1,1,1,64527,193581,10.5
2,candidate,html_sparse,1,1,2,64527,193581,10.4
2,candidate,html_sparse,1,1,3,64527,193581,10.3
2,candidate,html_sparse,1,1,4,64527,193581,10.4
2,candidate,html_sparse,1,1,5,64527,193581,10.4
2,candidate,html_sparse,1,1,6,64527,193581,10.3
2,candidate,html_sparse,1,1,7,64527,193581,10.3
2,candidate,html_sparse,1,1,8,64527,193581,11.8
2,candidate,html_sparse,1,2,0,64527,322635,15.0
2,candidate,html_sparse,1,2,1,64527,322635,15.1
2,candidate,html_sparse,1,2,2,64527,322635,14.9
2,candidate,html_sparse,1,2,3,64527,322635,19.6
2,candidate,html_sparse,1,2,4,64527,322635,15.6
2,candidate,html_sparse,1,2,5,64527,322635,15.3
2,candidate,html_sparse,1,2,6,64527,322635,15.0
2,candidate,html_sparse,1,2,7,64527,322635,18.1
2,candidate,html_sparse,1,2,8,64527,322635,15.2
2,candidate,html_sparse,1,3,0,64527,193581,10.3
2,candidate,html_sparse,1,3,1,64527,193581,9.8
2,candidate,html_sparse,1,3,2,64527,193581,9.8
2,candidate,html_sparse,1,3,3,64527,193581,10.0
2,candidate,html_sparse,1,3,4,64527,193581,9.8
2,candidate,html_sparse,1,3,5,64527,193581,10.0
2,candidate,html_sparse,1,3,6,64527,193581,11.0
2,candidate,html_sparse,1,3,7,64527,193581,10.3
2,candidate,html_sparse,1,3,8,64527,193581,9.9
2,candidate,html_sparse,8,0,0,58254,582540,17.0
2,candidate,html_sparse,8,0,1,58254,582540,17.0
2,candidate,html_sparse,8,0,2,58254,582540,17.0
2,candidate,html_sparse,8,0,3,58254,582540,16.8
2,candidate,html_sparse,8,0,4,58254,582540,17.5
2,candidate,html_sparse,8,0,5,58254,582540,17.3
2,candidate,html_sparse,8,0,6,58254,582540,17.3
2,candidate,html_sparse,8,0,7,58254,582540,16.9
2,candidate,html_sparse,8,0,8,58254,582540,20.5
2,candidate,html_sparse,8,1,0,58254,582540,17.8
2,candidate,html_sparse,8,1,1,58254,582540,18.4
2,candidate,html_sparse,8,1,2,58254,582540,20.7
2,candidate,html_sparse,8,1,3,58254,582540,17.9
2,candidate,html_sparse,8,1,4,58254,582540,18.4
2,candidate,html_sparse,8,1,5,58254,582540,19.8
2,candidate,html_sparse,8,1,6,58254,582540,17.6
2,candidate,html_sparse,8,1,7,58254,582540,17.5
2,candidate,html_sparse,8,1,8,58254,582540,18.0
2,candidate,html_sparse,8,2,0,58254,699048,28.2
2,candidate,html_sparse,8,2,1,58254,699048,21.4
2,candidate,html_sparse,8,2,2,58254,699048,20.8
2,candidate,html_sparse,8,2,3,58254,699048,21.5
2,candidate,html_sparse,8,2,4,58254,699048,21.1
2,candidate,html_sparse,8,2,5,58254,699048,21.0
2,candidate,html_sparse,8,2,6,58254,699048,22.0
2,candidate,html_sparse,8,2,7,58254,699048,20.9
2,candidate,html_sparse,8,2,8,58254,699048,21.4
2,candidate,html_sparse,8,3,0,58254,582540,18.6
2,candidate,html_sparse,8,3,1,58254,582540,17.9
2,candidate,html_sparse,8,3,2,58254,582540,18.2
2,candidate,html_sparse,8,3,3,58254,582540,18.1
2,candidate,html_sparse,8,3,4,58254,582540,18.2
2,candidate,html_sparse,8,3,5,58254,582540,18.0
2,candidate,html_sparse,8,3,6,58254,582540,18.3
2,candidate,html_sparse,8,3,7,58254,582540,19.1
2,candidate,html_sparse,8,3,8,58254,582540,18.3
2,candidate,html_sparse,64,0,0,32768,2162688,81.6
2,candidate,html_sparse,64,0,1,32768,2162688,81.3
2,candidate,html_sparse,64,0,2,32768,2162688,81.6
2,candidate,html_sparse,64,0,3,32768,2162688,81.0
2,candidate,html_sparse,64,0,4,32768,2162688,84.0
2,candidate,html_sparse,64,0,5,32768,2162688,82.7
2,candidate,html_sparse,64,0,6,32768,2162688,81.9
2,candidate,html_sparse,64,0,7,32768,2162688,82.3
2,candidate,html_sparse,64,0,8,32768,2162688,81.1
2,candidate,html_sparse,64,1,0,32768,2162688,90.5
2,candidate,html_sparse,64,1,1,32768,2162688,91.4
2,candidate,html_sparse,64,1,2,32768,2162688,91.0
2,candidate,html_sparse,64,1,3,32768,2162688,94.5
2,candidate,html_sparse,64,1,4,32768,2162688,95.4
2,candidate,html_sparse,64,1,5,32768,2162688,93.8
2,candidate,html_sparse,64,1,6,32768,2162688,90.9
2,candidate,html_sparse,64,1,7,32768,2162688,92.3
2,candidate,html_sparse,64,1,8,32768,2162688,91.5
2,candidate,html_sparse,64,2,0,32768,2228224,63.1
2,candidate,html_sparse,64,2,1,32768,2228224,63.0
2,candidate,html_sparse,64,2,2,32768,2228224,63.4
2,candidate,html_sparse,64,2,3,32768,2228224,65.4
2,candidate,html_sparse,64,2,4,32768,2228224,63.6
2,candidate,html_sparse,64,2,5,32768,2228224,63.9
2,candidate,html_sparse,64,2,6,32768,2228224,65.1
2,candidate,html_sparse,64,2,7,32768,2228224,63.3
2,candidate,html_sparse,64,2,8,32768,2228224,64.2
2,candidate,html_sparse,64,3,0,32768,2162688,88.6
2,candidate,html_sparse,64,3,1,32768,2162688,88.2
2,candidate,html_sparse,64,3,2,32768,2162688,86.4
2,candidate,html_sparse,64,3,3,32768,2162688,84.6
2,candidate,html_sparse,64,3,4,32768,2162688,86.5
2,candidate,html_sparse,64,3,5,32768,2162688,92.6
2,candidate,html_sparse,64,3,6,32768,2162688,92.4
2,candidate,html_sparse,64,3,7,32768,2162688,86.9
2,candidate,html_sparse,64,3,8,32768,2162688,86.6
2,candidate,html_sparse,4096,0,0,1008,4161024,4569.5
2,candidate,html_sparse,4096,0,1,1008,4161024,4564.7
2,candidate,html_sparse,4096,0,2,1008,4161024,4527.8
2,candidate,html_sparse,4096,0,3,1008,4161024,4909.1
2,candidate,html_sparse,4096,0,4,1008,4161024,4575.3
2,candidate,html_sparse,4096,0,5,1008,4161024,4563.1
2,candidate,html_sparse,4096,0,6,1008,4161024,4938.6
2,candidate,html_sparse,4096,0,7,1008,4161024,4755.9
2,candidate,html_sparse,4096,0,8,1008,4161024,4558.5
2,candidate,html_sparse,4096,1,0,1008,4161024,4595.6
2,candidate,html_sparse,4096,1,1,1008,4161024,4561.0
2,candidate,html_sparse,4096,1,2,1008,4161024,4610.7
2,candidate,html_sparse,4096,1,3,1008,4161024,4569.4
2,candidate,html_sparse,4096,1,4,1008,4161024,4573.4
2,candidate,html_sparse,4096,1,5,1008,4161024,4600.9
2,candidate,html_sparse,4096,1,6,1008,4161024,4729.9
2,candidate,html_sparse,4096,1,7,1008,4161024,4569.0
2,candidate,html_sparse,4096,1,8,1008,4161024,4582.4
2,candidate,html_sparse,4096,2,0,1008,4190256,928.3
2,candidate,html_sparse,4096,2,1,1008,4190256,1008.4
2,candidate,html_sparse,4096,2,2,1008,4190256,932.6
2,candidate,html_sparse,4096,2,3,1008,4190256,965.6
2,candidate,html_sparse,4096,2,4,1008,4190256,936.5
2,candidate,html_sparse,4096,2,5,1008,4190256,960.3
2,candidate,html_sparse,4096,2,6,1008,4190256,917.5
2,candidate,html_sparse,4096,2,7,1008,4190256,939.2
2,candidate,html_sparse,4096,2,8,1008,4190256,945.6
2,candidate,html_sparse,4096,3,0,1008,4161024,4708.3
2,candidate,html_sparse,4096,3,1,1008,4161024,4684.1
2,candidate,html_sparse,4096,3,2,1008,4161024,5019.4
2,candidate,html_sparse,4096,3,3,1008,4161024,4801.7
2,candidate,html_sparse,4096,3,4,1008,4161024,4696.2
2,candidate,html_sparse,4096,3,5,1008,4161024,4736.1
2,candidate,html_sparse,4096,3,6,1008,4161024,4800.5
2,candidate,html_sparse,4096,3,7,1008,4161024,4707.4
2,candidate,html_sparse,4096,3,8,1008,4161024,4702.7
2,candidate,html_sparse,65536,0,0,64,4227072,72428.2
2,candidate,html_sparse,65536,0,1,64,4227072,72920.5
2,candidate,html_sparse,65536,0,2,64,4227072,75600.5
2,candidate,html_sparse,65536,0,3,64,4227072,73923.2
2,candidate,html_sparse,65536,0,4,64,4227072,72639.6
2,candidate,html_sparse,65536,0,5,64,4227072,72941.6
2,candidate,html_sparse,65536,0,6,64,4227072,72739.9
2,candidate,html_sparse,65536,0,7,64,4227072,72815.5
2,candidate,html_sparse,65536,0,8,64,4227072,74759.4
2,candidate,html_sparse,65536,1,0,64,4227072,72207.2
2,candidate,html_sparse,65536,1,1,64,4227072,72552.2
2,candidate,html_sparse,65536,1,2,64,4227072,73047.7
2,candidate,html_sparse,65536,1,3,64,4227072,72389.0
2,candidate,html_sparse,65536,1,4,64,4227072,72372.7
2,candidate,html_sparse,65536,1,5,64,4227072,72673.7
2,candidate,html_sparse,65536,1,6,64,4227072,72853.8
2,candidate,html_sparse,65536,1,7,64,4227072,72337.1
2,candidate,html_sparse,65536,1,8,64,4227072,79848.5
2,candidate,html_sparse,65536,2,0,64,4256576,14329.5
2,candidate,html_sparse,65536,2,1,64,4256576,14389.1
2,candidate,html_sparse,65536,2,2,64,4256576,14217.7
2,candidate,html_sparse,65536,2,3,64,4256576,14389.1
2,candidate,html_sparse,65536,2,4,64,4256576,14706.1
2,candidate,html_sparse,65536,2,5,64,4256576,14693.5
2,candidate,html_sparse,65536,2,6,64,4256576,14987.7
2,candidate,html_sparse,65536,2,7,64,4256576,15518.3
2,candidate,html_sparse,65536,2,8,64,4256576,17297.8
2,candidate,html_sparse,65536,3,0,64,4227072,75351.0
2,candidate,html_sparse,65536,3,1,64,4227072,75570.2
2,candidate,html_sparse,65536,3,2,64,4227072,75250.3
2,candidate,html_sparse,65536,3,3,64,4227072,76398.3
2,candidate,html_sparse,65536,3,4,64,4227072,76238.0
2,candidate,html_sparse,65536,3,5,64,4227072,75006.9
2,candidate,html_sparse,65536,3,6,64,4227072,76143.0
2,candidate,html_sparse,65536,3,7,64,4227072,75555.6
2,candidate,html_sparse,65536,3,8,64,4227072,75325.8
2,candidate,html_late,1,0,0,64527,193581,9.6
2,candidate,html_late,1,0,1,64527,193581,9.8
2,candidate,html_late,1,0,2,64527,193581,10.9
2,candidate,html_late,1,0,3,64527,193581,9.8
2,candidate,html_late,1,0,4,64527,193581,10.2
2,candidate,html_late,1,0,5,64527,193581,9.8
2,candidate,html_late,1,0,6,64527,193581,10.7
2,candidate,html_late,1,0,7,64527,193581,9.9
2,candidate,html_late,1,0,8,64527,193581,9.8
2,candidate,html_late,1,1,0,64527,193581,10.3
2,candidate,html_late,1,1,1,64527,193581,10.7
2,candidate,html_late,1,1,2,64527,193581,10.4
2,candidate,html_late,1,1,3,64527,193581,10.3
2,candidate,html_late,1,1,4,64527,193581,10.5
2,candidate,html_late,1,1,5,64527,193581,10.4
2,candidate,html_late,1,1,6,64527,193581,10.8
2,candidate,html_late,1,1,7,64527,193581,10.5
2,candidate,html_late,1,1,8,64527,193581,10.9
2,candidate,html_late,1,2,0,64527,322635,15.5
2,candidate,html_late,1,2,1,64527,322635,19.6
2,candidate,html_late,1,2,2,64527,322635,15.4
2,candidate,html_late,1,2,3,64527,322635,15.4
2,candidate,html_late,1,2,4,64527,322635,16.4
2,candidate,html_late,1,2,5,64527,322635,15.3
2,candidate,html_late,1,2,6,64527,322635,16.3
2,candidate,html_late,1,2,7,64527,322635,15.9
2,candidate,html_late,1,2,8,64527,322635,18.7
2,candidate,html_late,1,3,0,64527,193581,9.9
2,candidate,html_late,1,3,1,64527,193581,9.8
2,candidate,html_late,1,3,2,64527,193581,10.4
2,candidate,html_late,1,3,3,64527,193581,10.4
2,candidate,html_late,1,3,4,64527,193581,9.9
2,candidate,html_late,1,3,5,64527,193581,10.6
2,candidate,html_late,1,3,6,64527,193581,9.9
2,candidate,html_late,1,3,7,64527,193581,10.9
2,candidate,html_late,1,3,8,64527,193581,10.1
2,candidate,html_late,8,0,0,58254,582540,18.8
2,candidate,html_late,8,0,1,58254,582540,18.8
2,candidate,html_late,8,0,2,58254,582540,18.6
2,candidate,html_late,8,0,3,58254,582540,18.4
2,candidate,html_late,8,0,4,58254,582540,18.4
2,candidate,html_late,8,0,5,58254,582540,17.5
2,candidate,html_late,8,0,6,58254,582540,17.2
2,candidate,html_late,8,0,7,58254,582540,17.1
2,candidate,html_late,8,0,8,58254,582540,17.5
2,candidate,html_late,8,1,0,58254,582540,17.4
2,candidate,html_late,8,1,1,58254,582540,17.1
2,candidate,html_late,8,1,2,58254,582540,17.8
2,candidate,html_late,8,1,3,58254,582540,17.9
2,candidate,html_late,8,1,4,58254,582540,17.5
2,candidate,html_late,8,1,5,58254,582540,17.3
2,candidate,html_late,8,1,6,58254,582540,18.0
2,candidate,html_late,8,1,7,58254,582540,18.0
2,candidate,html_late,8,1,8,58254,582540,17.5
2,candidate,html_late,8,2,0,58254,699048,20.5
2,candidate,html_late,8,2,1,58254,699048,20.6
2,candidate,html_late,8,2,2,58254,699048,20.6
2,candidate,html_late,8,2,3,58254,699048,20.6
2,candidate,html_late,8,2,4,58254,699048,20.6
2,candidate,html_late,8,2,5,58254,699048,21.2
2,candidate,html_late,8,2,6,58254,699048,20.6
2,candidate,html_late,8,2,7,58254,699048,20.7
2,candidate,html_late,8,2,8,58254,699048,21.2
2,candidate,html_late,8,3,0,58254,582540,17.9
2,candidate,html_late,8,3,1,58254,582540,18.2
2,candidate,html_late,8,3,2,58254,582540,21.2
2,candidate,html_late,8,3,3,58254,582540,21.3
2,candidate,html_late,8,3,4,58254,582540,17.8
2,candidate,html_late,8,3,5,58254,582540,18.2
2,candidate,html_late,8,3,6,58254,582540,18.8
2,candidate,html_late,8,3,7,58254,582540,18.5
2,candidate,html_late,8,3,8,58254,582540,17.9
2,candidate,html_late,64,0,0,32768,2162688,82.8
2,candidate,html_late,64,0,1,32768,2162688,82.1
2,candidate,html_late,64,0,2,32768,2162688,82.2
2,candidate,html_late,64,0,3,32768,2162688,83.9
2,candidate,html_late,64,0,4,32768,2162688,82.8
2,candidate,html_late,64,0,5,32768,2162688,82.0
2,candidate,html_late,64,0,6,32768,2162688,83.6
2,candidate,html_late,64,0,7,32768,2162688,83.6
2,candidate,html_late,64,0,8,32768,2162688,83.0
2,candidate,html_late,64,1,0,32768,2162688,92.8
2,candidate,html_late,64,1,1,32768,2162688,93.0
2,candidate,html_late,64,1,2,32768,2162688,95.1
2,candidate,html_late,64,1,3,32768,2162688,92.4
2,candidate,html_late,64,1,4,32768,2162688,92.3
2,candidate,html_late,64,1,5,32768,2162688,92.5
2,candidate,html_late,64,1,6,32768,2162688,92.9
2,candidate,html_late,64,1,7,32768,2162688,95.2
2,candidate,html_late,64,1,8,32768,2162688,92.8
2,candidate,html_late,64,2,0,32768,2228224,64.9
2,candidate,html_late,64,2,1,32768,2228224,63.7
2,candidate,html_late,64,2,2,32768,2228224,64.7
2,candidate,html_late,64,2,3,32768,2228224,66.2
2,candidate,html_late,64,2,4,32768,2228224,65.8
2,candidate,html_late,64,2,5,32768,2228224,64.4
2,candidate,html_late,64,2,6,32768,2228224,65.7
2,candidate,html_late,64,2,7,32768,2228224,64.3
2,candidate,html_late,64,2,8,32768,2228224,64.3
2,candidate,html_late,64,3,0,32768,2162688,89.2
2,candidate,html_late,64,3,1,32768,2162688,87.7
2,candidate,html_late,64,3,2,32768,2162688,91.9
2,candidate,html_late,64,3,3,32768,2162688,93.7
2,candidate,html_late,64,3,4,32768,2162688,89.5
2,candidate,html_late,64,3,5,32768,2162688,91.0
2,candidate,html_late,64,3,6,32768,2162688,89.4
2,candidate,html_late,64,3,7,32768,2162688,86.9
2,candidate,html_late,64,3,8,32768,2162688,88.2
2,candidate,html_late,4096,0,0,1008,4130784,4382.4
2,candidate,html_late,4096,0,1,1008,4130784,4387.4
2,candidate,html_late,4096,0,2,1008,4130784,4406.9
2,candidate,html_late,4096,0,3,1008,4130784,4388.1
2,candidate,html_late,4096,0,4,1008,4130784,4518.0
2,candidate,html_late,4096,0,5,1008,4130784,4435.7
2,candidate,html_late,4096,0,6,1008,4130784,4400.3
2,candidate,html_late,4096,0,7,1008,4130784,4393.0
2,candidate,html_late,4096,0,8,1008,4130784,4547.2
2,candidate,html_late,4096,1,0,1008,4130784,4555.3
2,candidate,html_late,4096,1,1,1008,4130784,4519.1
2,candidate,html_late,4096,1,2,1008,4130784,4536.4
2,candidate,html_late,4096,1,3,1008,4130784,4475.1
2,candidate,html_late,4096,1,4,1008,4130784,4657.0
2,candidate,html_late,4096,1,5,1008,4130784,4663.5
2,candidate,html_late,4096,1,6,1008,4130784,4520.6
2,candidate,html_late,4096,1,7,1008,4130784,4608.8
2,candidate,html_late,4096,1,8,1008,4130784,4590.3
2,candidate,html_late,4096,2,0,1008,4132800,694.5
2,candidate,html_late,4096,2,1,1008,4132800,686.8
2,candidate,html_late,4096,2,2,1008,4132800,679.1
2,candidate,html_late,4096,2,3,1008,4132800,688.8
2,candidate,html_late,4096,2,4,1008,4132800,679.4
2,candidate,html_late,4096,2,5,1008,4132800,678.8
2,candidate,html_late,4096,2,6,1008,4132800,688.1
2,candidate,html_late,4096,2,7,1008,4132800,713.3
2,candidate,html_late,4096,2,8,1008,4132800,679.5
2,candidate,html_late,4096,3,0,1008,4130784,4495.3
2,candidate,html_late,4096,3,1,1008,4130784,4513.6
2,candidate,html_late,4096,3,2,1008,4130784,4556.7
2,candidate,html_late,4096,3,3,1008,4130784,4526.5
2,candidate,html_late,4096,3,4,1008,4130784,4478.5
2,candidate,html_late,4096,3,5,1008,4130784,4550.8
2,candidate,html_late,4096,3,6,1008,4130784,4498.2
2,candidate,html_late,4096,3,7,1008,4130784,4496.2
2,candidate,html_late,4096,3,8,1008,4130784,4452.7
2,candidate,html_late,65536,0,0,64,4194432,74925.6
2,candidate,html_late,65536,0,1,64,4194432,74126.4
2,candidate,html_late,65536,0,2,64,4194432,71486.4
2,candidate,html_late,65536,0,3,64,4194432,71444.7
2,candidate,html_late,65536,0,4,64,4194432,72083.2
2,candidate,html_late,65536,0,5,64,4194432,72503.2
2,candidate,html_late,65536,0,6,64,4194432,72186.9
2,candidate,html_late,65536,0,7,64,4194432,71194.2
2,candidate,html_late,65536,0,8,64,4194432,70343.7
2,candidate,html_late,65536,1,0,64,4194432,76371.9
2,candidate,html_late,65536,1,1,64,4194432,79829.8
2,candidate,html_late,65536,1,2,64,4194432,74886.2
2,candidate,html_late,65536,1,3,64,4194432,75715.4
2,candidate,html_late,65536,1,4,64,4194432,77827.8
2,candidate,html_late,65536,1,5,64,4194432,78591.0
2,candidate,html_late,65536,1,6,64,4194432,74508.1
2,candidate,html_late,65536,1,7,64,4194432,74373.9
2,candidate,html_late,65536,1,8,64,4194432,75818.5
2,candidate,html_late,65536,2,0,64,4194560,11321.1
2,candidate,html_late,65536,2,1,64,4194560,12089.4
2,candidate,html_late,65536,2,2,64,4194560,11710.4
2,candidate,html_late,65536,2,3,64,4194560,11351.4
2,candidate,html_late,65536,2,4,64,4194560,11728.0
2,candidate,html_late,65536,2,5,64,4194560,12680.6
2,candidate,html_late,65536,2,6,64,4194560,11351.4
2,candidate,html_late,65536,2,7,64,4194560,11853.2
2,candidate,html_late,65536,2,8,64,4194560,11477.4
2,candidate,html_late,65536,3,0,64,4194432,75211.7
2,candidate,html_late,65536,3,1,64,4194432,71122.8
2,candidate,html_late,65536,3,2,64,4194432,71813.6
2,candidate,html_late,65536,3,3,64,4194432,71792.5
2,candidate,html_late,65536,3,4,64,4194432,71452.8
2,candidate,html_late,65536,3,5,64,4194432,81533.1
2,candidate,html_late,65536,3,6,64,4194432,72534.9
2,candidate,html_late,65536,3,7,64,4194432,71277.8
2,candidate,html_late,65536,3,8,64,4194432,70718.1
2,candidate,double_quote_runs,17,0,0,51781,983839,26.4
2,candidate,double_quote_runs,17,0,1,51781,983839,26.5
2,candidate,double_quote_runs,17,0,2,51781,983839,26.4
2,candidate,double_quote_runs,17,0,3,51781,983839,26.6
2,candidate,double_quote_runs,17,0,4,51781,983839,26.7
2,candidate,double_quote_runs,17,0,5,51781,983839,27.0
2,candidate,double_quote_runs,17,0,6,51781,983839,28.6
2,candidate,double_quote_runs,17,0,7,51781,983839,27.1
2,candidate,double_quote_runs,17,0,8,51781,983839,26.2
2,candidate,double_quote_runs,17,1,0,51781,983839,26.5
2,candidate,double_quote_runs,17,1,1,51781,983839,27.5
2,candidate,double_quote_runs,17,1,2,51781,983839,26.8
2,candidate,double_quote_runs,17,1,3,51781,983839,27.1
2,candidate,double_quote_runs,17,1,4,51781,983839,29.9
2,candidate,double_quote_runs,17,1,5,51781,983839,31.2
2,candidate,double_quote_runs,17,1,6,51781,983839,30.0
2,candidate,double_quote_runs,17,1,7,51781,983839,28.6
2,candidate,double_quote_runs,17,1,8,51781,983839,28.9
2,candidate,double_quote_runs,17,2,0,51781,1139182,27.4
2,candidate,double_quote_runs,17,2,1,51781,1139182,26.8
2,candidate,double_quote_runs,17,2,2,51781,1139182,26.8
2,candidate,double_quote_runs,17,2,3,51781,1139182,28.8
2,candidate,double_quote_runs,17,2,4,51781,1139182,27.0
2,candidate,double_quote_runs,17,2,5,51781,1139182,26.8
2,candidate,double_quote_runs,17,2,6,51781,1139182,28.7
2,candidate,double_quote_runs,17,2,7,51781,1139182,29.9
2,candidate,double_quote_runs,17,2,8,51781,1139182,27.1
2,candidate,double_quote_runs,17,3,0,51781,983839,27.7
2,candidate,double_quote_runs,17,3,1,51781,983839,27.5
2,candidate,double_quote_runs,17,3,2,51781,983839,28.0
2,candidate,double_quote_runs,17,3,3,51781,983839,27.3
2,candidate,double_quote_runs,17,3,4,51781,983839,27.4
2,candidate,double_quote_runs,17,3,5,51781,983839,27.7
2,candidate,double_quote_runs,17,3,6,51781,983839,27.4
2,candidate,double_quote_runs,17,3,7,51781,983839,27.2
2,candidate,double_quote_runs,17,3,8,51781,983839,28.4
2,candidate,double_quote_runs,68,0,0,31775,2414900,84.6
2,candidate,double_quote_runs,68,0,1,31775,2414900,85.0
2,candidate,double_quote_runs,68,0,2,31775,2414900,93.9
2,candidate,double_quote_runs,68,0,3,31775,2414900,90.0
2,candidate,double_quote_runs,68,0,4,31775,2414900,84.7
2,candidate,double_quote_runs,68,0,5,31775,2414900,86.7
2,candidate,double_quote_runs,68,0,6,31775,2414900,84.9
2,candidate,double_quote_runs,68,0,7,31775,2414900,85.1
2,candidate,double_quote_runs,68,0,8,31775,2414900,93.7
2,candidate,double_quote_runs,68,1,0,31775,2414900,88.0
2,candidate,double_quote_runs,68,1,1,31775,2414900,90.0
2,candidate,double_quote_runs,68,1,2,31775,2414900,87.4
2,candidate,double_quote_runs,68,1,3,31775,2414900,87.6
2,candidate,double_quote_runs,68,1,4,31775,2414900,87.3
2,candidate,double_quote_runs,68,1,5,31775,2414900,87.2
2,candidate,double_quote_runs,68,1,6,31775,2414900,89.6
2,candidate,double_quote_runs,68,1,7,31775,2414900,91.5
2,candidate,double_quote_runs,68,1,8,31775,2414900,98.2
2,candidate,double_quote_runs,68,2,0,31775,2796200,70.4
2,candidate,double_quote_runs,68,2,1,31775,2796200,71.8
2,candidate,double_quote_runs,68,2,2,31775,2796200,74.3
2,candidate,double_quote_runs,68,2,3,31775,2796200,73.0
2,candidate,double_quote_runs,68,2,4,31775,2796200,70.1
2,candidate,double_quote_runs,68,2,5,31775,2796200,73.2
2,candidate,double_quote_runs,68,2,6,31775,2796200,75.1
2,candidate,double_quote_runs,68,2,7,31775,2796200,72.2
2,candidate,double_quote_runs,68,2,8,31775,2796200,72.2
2,candidate,double_quote_runs,68,3,0,31775,2414900,99.9
2,candidate,double_quote_runs,68,3,1,31775,2414900,97.0
2,candidate,double_quote_runs,68,3,2,31775,2414900,96.6
2,candidate,double_quote_runs,68,3,3,31775,2414900,98.2
2,candidate,double_quote_runs,68,3,4,31775,2414900,93.6
2,candidate,double_quote_runs,68,3,5,31775,2414900,93.3
2,candidate,double_quote_runs,68,3,6,31775,2414900,94.1
2,candidate,double_quote_runs,68,3,7,31775,2414900,92.0
2,candidate,double_quote_runs,68,3,8,31775,2414900,94.8
2,candidate,double_quote_runs,4097,0,0,1008,4615632,4657.2
2,candidate,double_quote_runs,4097,0,1,1008,4615632,4640.9
2,candidate,double_quote_runs,4097,0,2,1008,4615632,4656.2
2,candidate,double_quote_runs,4097,0,3,1008,4615632,4630.6
2,candidate,double_quote_runs,4097,0,4,1008,4615632,4682.8
2,candidate,double_quote_runs,4097,0,5,1008,4615632,4650.5
2,candidate,double_quote_runs,4097,0,6,1008,4615632,4701.1
2,candidate,double_quote_runs,4097,0,7,1008,4615632,4661.0
2,candidate,double_quote_runs,4097,0,8,1008,4615632,4624.0
2,candidate,double_quote_runs,4097,1,0,1008,4615632,4961.1
2,candidate,double_quote_runs,4097,1,1,1008,4615632,4977.2
2,candidate,double_quote_runs,4097,1,2,1008,4615632,4979.5
2,candidate,double_quote_runs,4097,1,3,1008,4615632,5020.7
2,candidate,double_quote_runs,4097,1,4,1008,4615632,4964.0
2,candidate,double_quote_runs,4097,1,5,1008,4615632,5009.4
2,candidate,double_quote_runs,4097,1,6,1008,4615632,4957.0
2,candidate,double_quote_runs,4097,1,7,1008,4615632,4976.7
2,candidate,double_quote_runs,4097,1,8,1008,4615632,5031.8
2,candidate,double_quote_runs,4097,2,0,1008,5344416,6897.5
2,candidate,double_quote_runs,4097,2,1,1008,5344416,6713.2
2,candidate,double_quote_runs,4097,2,2,1008,5344416,6693.3
2,candidate,double_quote_runs,4097,2,3,1008,5344416,7335.9
2,candidate,double_quote_runs,4097,2,4,1008,5344416,6958.3
2,candidate,double_quote_runs,4097,2,5,1008,5344416,6985.5
2,candidate,double_quote_runs,4097,2,6,1008,5344416,6783.9
2,candidate,double_quote_runs,4097,2,7,1008,5344416,7056.6
2,candidate,double_quote_runs,4097,2,8,1008,5344416,6768.7
2,candidate,double_quote_runs,4097,3,0,1008,4615632,4917.3
2,candidate,double_quote_runs,4097,3,1,1008,4615632,4825.8
2,candidate,double_quote_runs,4097,3,2,1008,4615632,4864.9
2,candidate,double_quote_runs,4097,3,3,1008,4615632,4904.2
2,candidate,double_quote_runs,4097,3,4,1008,4615632,4832.5
2,candidate,double_quote_runs,4097,3,5,1008,4615632,4825.9
2,candidate,double_quote_runs,4097,3,6,1008,4615632,4916.9
2,candidate,double_quote_runs,4097,3,7,1008,4615632,4866.2
2,candidate,double_quote_runs,4097,3,8,1008,4615632,4875.0
2,candidate,double_quote_runs,65552,0,0,64,4688896,84515.9
2,candidate,double_quote_runs,65552,0,1,64,4688896,74567.3
2,candidate,double_quote_runs,65552,0,2,64,4688896,75017.0
2,candidate,double_quote_runs,65552,0,3,64,4688896,73735.9
2,candidate,double_quote_runs,65552,0,4,64,4688896,73923.7
2,candidate,double_quote_runs,65552,0,5,64,4688896,74675.6
2,candidate,double_quote_runs,65552,0,6,64,4688896,74714.2
2,candidate,double_quote_runs,65552,0,7,64,4688896,77073.8
2,candidate,double_quote_runs,65552,0,8,64,4688896,75359.9
2,candidate,double_quote_runs,65552,1,0,64,4688896,79524.0
2,candidate,double_quote_runs,65552,1,1,64,4688896,79793.7
2,candidate,double_quote_runs,65552,1,2,64,4688896,80198.5
2,candidate,double_quote_runs,65552,1,3,64,4688896,80558.7
2,candidate,double_quote_runs,65552,1,4,64,4688896,82465.8
2,candidate,double_quote_runs,65552,1,5,64,4688896,86393.3
2,candidate,double_quote_runs,65552,1,6,64,4688896,83230.4
2,candidate,double_quote_runs,65552,1,7,64,4688896,84516.5
2,candidate,double_quote_runs,65552,1,8,64,4688896,82466.4
2,candidate,double_quote_runs,65552,2,0,64,5429248,108746.5
2,candidate,double_quote_runs,65552,2,1,64,5429248,108872.1
2,candidate,double_quote_runs,65552,2,2,64,5429248,110472.0
2,candidate,double_quote_runs,65552,2,3,64,5429248,115948.8
2,candidate,double_quote_runs,65552,2,4,64,5429248,108753.4
2,candidate,double_quote_runs,65552,2,5,64,5429248,109099.2
2,candidate,double_quote_runs,65552,2,6,64,5429248,109309.8
2,candidate,double_quote_runs,65552,2,7,64,5429248,116449.3
2,candidate,double_quote_runs,65552,2,8,64,5429248,109025.1
2,candidate,double_quote_runs,65552,3,0,64,4688896,76501.8
2,candidate,double_quote_runs,65552,3,1,64,4688896,77705.0
2,candidate,double_quote_runs,65552,3,2,64,4688896,76669.8
2,candidate,double_quote_runs,65552,3,3,64,4688896,77000.7
2,candidate,double_quote_runs,65552,3,4,64,4688896,76332.9
2,candidate,double_quote_runs,65552,3,5,64,4688896,76026.8
2,candidate,double_quote_runs,65552,3,6,64,4688896,76732.6
2,candidate,double_quote_runs,65552,3,7,64,4688896,76334.9
2,candidate,double_quote_runs,65552,3,8,64,4688896,78096.2
2,candidate,apostrophe_runs,17,0,0,51781,983839,26.3
2,candidate,apostrophe_runs,17,0,1,51781,983839,27.6
2,candidate,apostrophe_runs,17,0,2,51781,983839,27.4
2,candidate,apostrophe_runs,17,0,3,51781,983839,27.0
2,candidate,apostrophe_runs,17,0,4,51781,983839,26.1
2,candidate,apostrophe_runs,17,0,5,51781,983839,26.4
2,candidate,apostrophe_runs,17,0,6,51781,983839,26.8
2,candidate,apostrophe_runs,17,0,7,51781,983839,27.5
2,candidate,apostrophe_runs,17,0,8,51781,983839,26.4
2,candidate,apostrophe_runs,17,1,0,51781,983839,30.0
2,candidate,apostrophe_runs,17,1,1,51781,983839,28.0
2,candidate,apostrophe_runs,17,1,2,51781,983839,27.4
2,candidate,apostrophe_runs,17,1,3,51781,983839,32.8
2,candidate,apostrophe_runs,17,1,4,51781,983839,26.6
2,candidate,apostrophe_runs,17,1,5,51781,983839,26.7
2,candidate,apostrophe_runs,17,1,6,51781,983839,26.9
2,candidate,apostrophe_runs,17,1,7,51781,983839,26.5
2,candidate,apostrophe_runs,17,1,8,51781,983839,27.0
2,candidate,apostrophe_runs,17,2,0,51781,1087401,27.1
2,candidate,apostrophe_runs,17,2,1,51781,1087401,26.3
2,candidate,apostrophe_runs,17,2,2,51781,1087401,26.7
2,candidate,apostrophe_runs,17,2,3,51781,1087401,26.7
2,candidate,apostrophe_runs,17,2,4,51781,1087401,26.4
2,candidate,apostrophe_runs,17,2,5,51781,1087401,26.7
2,candidate,apostrophe_runs,17,2,6,51781,1087401,27.2
2,candidate,apostrophe_runs,17,2,7,51781,1087401,26.6
2,candidate,apostrophe_runs,17,2,8,51781,1087401,29.8
2,candidate,apostrophe_runs,17,3,0,51781,983839,28.4
2,candidate,apostrophe_runs,17,3,1,51781,983839,31.7
2,candidate,apostrophe_runs,17,3,2,51781,983839,28.5
2,candidate,apostrophe_runs,17,3,3,51781,983839,27.1
2,candidate,apostrophe_runs,17,3,4,51781,983839,27.9
2,candidate,apostrophe_runs,17,3,5,51781,983839,27.8
2,candidate,apostrophe_runs,17,3,6,51781,983839,27.7
2,candidate,apostrophe_runs,17,3,7,51781,983839,33.0
2,candidate,apostrophe_runs,17,3,8,51781,983839,32.0
2,candidate,apostrophe_runs,68,0,0,31775,2414900,84.9
2,candidate,apostrophe_runs,68,0,1,31775,2414900,85.3
2,candidate,apostrophe_runs,68,0,2,31775,2414900,89.4
2,candidate,apostrophe_runs,68,0,3,31775,2414900,89.9
2,candidate,apostrophe_runs,68,0,4,31775,2414900,89.0
2,candidate,apostrophe_runs,68,0,5,31775,2414900,85.0
2,candidate,apostrophe_runs,68,0,6,31775,2414900,87.7
2,candidate,apostrophe_runs,68,0,7,31775,2414900,86.5
2,candidate,apostrophe_runs,68,0,8,31775,2414900,89.5
2,candidate,apostrophe_runs,68,1,0,31775,2414900,87.0
2,candidate,apostrophe_runs,68,1,1,31775,2414900,89.3
2,candidate,apostrophe_runs,68,1,2,31775,2414900,89.9
2,candidate,apostrophe_runs,68,1,3,31775,2414900,103.4
2,candidate,apostrophe_runs,68,1,4,31775,2414900,103.1
2,candidate,apostrophe_runs,68,1,5,31775,2414900,89.7
2,candidate,apostrophe_runs,68,1,6,31775,2414900,98.8
2,candidate,apostrophe_runs,68,1,7,31775,2414900,88.7
2,candidate,apostrophe_runs,68,1,8,31775,2414900,95.5
2,candidate,apostrophe_runs,68,2,0,31775,2669100,71.6
2,candidate,apostrophe_runs,68,2,1,31775,2669100,68.5
2,candidate,apostrophe_runs,68,2,2,31775,2669100,73.6
2,candidate,apostrophe_runs,68,2,3,31775,2669100,83.2
2,candidate,apostrophe_runs,68,2,4,31775,2669100,72.5
2,candidate,apostrophe_runs,68,2,5,31775,2669100,79.5
2,candidate,apostrophe_runs,68,2,6,31775,2669100,77.1
2,candidate,apostrophe_runs,68,2,7,31775,2669100,79.0
2,candidate,apostrophe_runs,68,2,8,31775,2669100,68.2
2,candidate,apostrophe_runs,68,3,0,31775,2414900,93.5
2,candidate,apostrophe_runs,68,3,1,31775,2414900,92.7
2,candidate,apostrophe_runs,68,3,2,31775,2414900,92.0
2,candidate,apostrophe_runs,68,3,3,31775,2414900,94.1
2,candidate,apostrophe_runs,68,3,4,31775,2414900,92.7
2,candidate,apostrophe_runs,68,3,5,31775,2414900,94.2
2,candidate,apostrophe_runs,68,3,6,31775,2414900,93.2
2,candidate,apostrophe_runs,68,3,7,31775,2414900,93.9
2,candidate,apostrophe_runs,68,3,8,31775,2414900,93.8
2,candidate,apostrophe_runs,4097,0,0,1008,4615632,4639.6
2,candidate,apostrophe_runs,4097,0,1,1008,4615632,4637.9
2,candidate,apostrophe_runs,4097,0,2,1008,4615632,4628.2
2,candidate,apostrophe_runs,4097,0,3,1008,4615632,4624.2
2,candidate,apostrophe_runs,4097,0,4,1008,4615632,4634.2
2,candidate,apostrophe_runs,4097,0,5,1008,4615632,4662.4
2,candidate,apostrophe_runs,4097,0,6,1008,4615632,4655.2
2,candidate,apostrophe_runs,4097,0,7,1008,4615632,4611.1
2,candidate,apostrophe_runs,4097,0,8,1008,4615632,4675.1
2,candidate,apostrophe_runs,4097,1,0,1008,4615632,4909.8
2,candidate,apostrophe_runs,4097,1,1,1008,4615632,4972.0
2,candidate,apostrophe_runs,4097,1,2,1008,4615632,4962.8
2,candidate,apostrophe_runs,4097,1,3,1008,4615632,4935.1
2,candidate,apostrophe_runs,4097,1,4,1008,4615632,5024.2
2,candidate,apostrophe_runs,4097,1,5,1008,4615632,5051.8
2,candidate,apostrophe_runs,4097,1,6,1008,4615632,5164.1
2,candidate,apostrophe_runs,4097,1,7,1008,4615632,5444.3
2,candidate,apostrophe_runs,4097,1,8,1008,4615632,4933.8
2,candidate,apostrophe_runs,4097,2,0,1008,5101488,6782.6
2,candidate,apostrophe_runs,4097,2,1,1008,5101488,6691.8
2,candidate,apostrophe_runs,4097,2,2,1008,5101488,6822.8
2,candidate,apostrophe_runs,4097,2,3,1008,5101488,6722.2
2,candidate,apostrophe_runs,4097,2,4,1008,5101488,6799.7
2,candidate,apostrophe_runs,4097,2,5,1008,5101488,6838.9
2,candidate,apostrophe_runs,4097,2,6,1008,5101488,6786.6
2,candidate,apostrophe_runs,4097,2,7,1008,5101488,6716.7
2,candidate,apostrophe_runs,4097,2,8,1008,5101488,6757.0
2,candidate,apostrophe_runs,4097,3,0,1008,4615632,4872.8
2,candidate,apostrophe_runs,4097,3,1,1008,4615632,4842.4
2,candidate,apostrophe_runs,4097,3,2,1008,4615632,4849.2
2,candidate,apostrophe_runs,4097,3,3,1008,4615632,4827.6
2,candidate,apostrophe_runs,4097,3,4,1008,4615632,4823.3
2,candidate,apostrophe_runs,4097,3,5,1008,4615632,4900.6
2,candidate,apostrophe_runs,4097,3,6,1008,4615632,4883.5
2,candidate,apostrophe_runs,4097,3,7,1008,4615632,4861.8
2,candidate,apostrophe_runs,4097,3,8,1008,4615632,4889.9
2,candidate,apostrophe_runs,65552,0,0,64,4688896,74439.7
2,candidate,apostrophe_runs,65552,0,1,64,4688896,73878.4
2,candidate,apostrophe_runs,65552,0,2,64,4688896,74695.1
2,candidate,apostrophe_runs,65552,0,3,64,4688896,74217.0
2,candidate,apostrophe_runs,65552,0,4,64,4688896,74090.9
2,candidate,apostrophe_runs,65552,0,5,64,4688896,75718.8
2,candidate,apostrophe_runs,65552,0,6,64,4688896,73870.6
2,candidate,apostrophe_runs,65552,0,7,64,4688896,75840.8
2,candidate,apostrophe_runs,65552,0,8,64,4688896,76995.9
2,candidate,apostrophe_runs,65552,1,0,64,4688896,79029.1
2,candidate,apostrophe_runs,65552,1,1,64,4688896,79885.4
2,candidate,apostrophe_runs,65552,1,2,64,4688896,78926.4
2,candidate,apostrophe_runs,65552,1,3,64,4688896,79600.5
2,candidate,apostrophe_runs,65552,1,4,64,4688896,79969.5
2,candidate,apostrophe_runs,65552,1,5,64,4688896,79004.6
2,candidate,apostrophe_runs,65552,1,6,64,4688896,80250.5
2,candidate,apostrophe_runs,65552,1,7,64,4688896,80855.6
2,candidate,apostrophe_runs,65552,1,8,64,4688896,79792.6
2,candidate,apostrophe_runs,65552,2,0,64,5182464,108523.3
2,candidate,apostrophe_runs,65552,2,1,64,5182464,108039.1
2,candidate,apostrophe_runs,65552,2,2,64,5182464,108579.9
2,candidate,apostrophe_runs,65552,2,3,64,5182464,107959.1
2,candidate,apostrophe_runs,65552,2,4,64,5182464,108093.3
2,candidate,apostrophe_runs,65552,2,5,64,5182464,108349.3
2,candidate,apostrophe_runs,65552,2,6,64,5182464,109086.2
2,candidate,apostrophe_runs,65552,2,7,64,5182464,109748.6
2,candidate,apostrophe_runs,65552,2,8,64,5182464,108180.2
2,candidate,apostrophe_runs,65552,3,0,64,4688896,79201.3
2,candidate,apostrophe_runs,65552,3,1,64,4688896,76478.2
2,candidate,apostrophe_runs,65552,3,2,64,4688896,75738.3
2,candidate,apostrophe_runs,65552,3,3,64,4688896,75795.2
2,candidate,apostrophe_runs,65552,3,4,64,4688896,77091.3
2,candidate,apostrophe_runs,65552,3,5,64,4688896,75891.6
2,candidate,apostrophe_runs,65552,3,6,64,4688896,78540.3
2,candidate,apostrophe_runs,65552,3,7,64,4688896,75607.7
2,candidate,apostrophe_runs,65552,3,8,64,4688896,84790.0
3,baseline,plain,0,0,0,65536,0,3.3
3,baseline,plain,0,0,1,65536,0,4.1
3,baseline,plain,0,0,2,65536,0,3.3
3,baseline,plain,0,0,3,65536,0,3.3
3,baseline,plain,0,0,4,65536,0,3.5
3,baseline,plain,0,0,5,65536,0,3.3
3,baseline,plain,0,0,6,65536,0,3.3
3,baseline,plain,0,0,7,65536,0,3.3
3,baseline,plain,0,0,8,65536,0,3.4
3,baseline,plain,0,1,0,65536,0,3.5
3,baseline,plain,0,1,1,65536,0,4.5
3,baseline,plain,0,1,2,65536,0,3.5
3,baseline,plain,0,1,3,65536,0,3.6
3,baseline,plain,0,1,4,65536,0,3.5
3,baseline,plain,0,1,5,65536,0,3.7
3,baseline,plain,0,1,6,65536,0,3.5
3,baseline,plain,0,1,7,65536,0,3.5
3,baseline,plain,0,1,8,65536,0,3.5
3,baseline,plain,0,2,0,65536,0,6.6
3,baseline,plain,0,2,1,65536,0,6.3
3,baseline,plain,0,2,2,65536,0,7.7
3,baseline,plain,0,2,3,65536,0,6.4
3,baseline,plain,0,2,4,65536,0,6.3
3,baseline,plain,0,2,5,65536,0,6.9
3,baseline,plain,0,2,6,65536,0,6.3
3,baseline,plain,0,2,7,65536,0,6.4
3,baseline,plain,0,2,8,65536,0,6.3
3,baseline,plain,0,3,0,65536,0,3.1
3,baseline,plain,0,3,1,65536,0,3.4
3,baseline,plain,0,3,2,65536,0,3.2
3,baseline,plain,0,3,3,65536,0,3.2
3,baseline,plain,0,3,4,65536,0,3.2
3,baseline,plain,0,3,5,65536,0,3.4
3,baseline,plain,0,3,6,65536,0,3.2
3,baseline,plain,0,3,7,65536,0,3.2
3,baseline,plain,0,3,8,65536,0,3.2
3,baseline,plain,30,0,0,44620,1427840,48.8
3,baseline,plain,30,0,1,44620,1427840,47.7
3,baseline,plain,30,0,2,44620,1427840,48.5
3,baseline,plain,30,0,3,44620,1427840,49.7
3,baseline,plain,30,0,4,44620,1427840,50.1
3,baseline,plain,30,0,5,44620,1427840,48.6
3,baseline,plain,30,0,6,44620,1427840,48.4
3,baseline,plain,30,0,7,44620,1427840,50.8
3,baseline,plain,30,0,8,44620,1427840,49.9
3,baseline,plain,30,1,0,44620,1338600,47.0
3,baseline,plain,30,1,1,44620,1338600,42.8
3,baseline,plain,30,1,2,44620,1338600,43.5
3,baseline,plain,30,1,3,44620,1338600,42.1
3,baseline,plain,30,1,4,44620,1338600,41.7
3,baseline,plain,30,1,5,44620,1338600,43.3
3,baseline,plain,30,1,6,44620,1338600,43.3
3,baseline,plain,30,1,7,44620,1338600,41.5
3,baseline,plain,30,1,8,44620,1338600,42.1
3,baseline,plain,30,2,0,44620,1338600,39.6
3,baseline,plain,30,2,1,44620,1338600,40.1
3,baseline,plain,30,2,2,44620,1338600,39.8
3,baseline,plain,30,2,3,44620,1338600,39.6
3,baseline,plain,30,2,4,44620,1338600,41.9
3,baseline,plain,30,2,5,44620,1338600,40.3
3,baseline,plain,30,2,6,44620,1338600,40.0
3,baseline,plain,30,2,7,44620,1338600,41.8
3,baseline,plain,30,2,8,44620,1338600,39.5
3,baseline,plain,30,3,0,44620,1427840,45.4
3,baseline,plain,30,3,1,44620,1427840,43.6
3,baseline,plain,30,3,2,44620,1427840,43.0
3,baseline,plain,30,3,3,44620,1427840,44.3
3,baseline,plain,30,3,4,44620,1427840,43.4
3,baseline,plain,30,3,5,44620,1427840,44.7
3,baseline,plain,30,3,6,44620,1427840,44.5
3,baseline,plain,30,3,7,44620,1427840,45.1
3,baseline,plain,30,3,8,44620,1427840,43.4
3,baseline,plain,90,0,0,27235,2614560,138.7
3,baseline,plain,90,0,1,27235,2614560,136.0
3,baseline,plain,90,0,2,27235,2614560,137.3
3,baseline,plain,90,0,3,27235,2614560,136.3
3,baseline,plain,90,0,4,27235,2614560,135.9
3,baseline,plain,90,0,5,27235,2614560,143.5
3,baseline,plain,90,0,6,27235,2614560,142.7
3,baseline,plain,90,0,7,27235,2614560,142.4
3,baseline,plain,90,0,8,27235,2614560,138.1
3,baseline,plain,90,1,0,27235,2451150,125.1
3,baseline,plain,90,1,1,27235,2451150,125.1
3,baseline,plain,90,1,2,27235,2451150,123.9
3,baseline,plain,90,1,3,27235,2451150,124.6
3,baseline,plain,90,1,4,27235,2451150,127.2
3,baseline,plain,90,1,5,27235,2451150,126.7
3,baseline,plain,90,1,6,27235,2451150,122.8
3,baseline,plain,90,1,7,27235,2451150,121.5
3,baseline,plain,90,1,8,27235,2451150,128.4
3,baseline,plain,90,2,0,27235,2451150,84.8
3,baseline,plain,90,2,1,27235,2451150,84.2
3,baseline,plain,90,2,2,27235,2451150,89.7
3,baseline,plain,90,2,3,27235,2451150,83.6
3,baseline,plain,90,2,4,27235,2451150,83.8
3,baseline,plain,90,2,5,27235,2451150,87.3
3,baseline,plain,90,2,6,27235,2451150,81.7
3,baseline,plain,90,2,7,27235,2451150,82.6
3,baseline,plain,90,2,8,27235,2451150,81.7
3,baseline,plain,90,3,0,27235,2614560,126.8
3,baseline,plain,90,3,1,27235,2614560,127.4
3,baseline,plain,90,3,2,27235,2614560,135.0
3,baseline,plain,90,3,3,27235,2614560,137.1
3,baseline,plain,90,3,4,27235,2614560,128.4
3,baseline,plain,90,3,5,27235,2614560,126.9
3,baseline,plain,90,3,6,27235,2614560,131.7
3,baseline,plain,90,3,7,27235,2614560,131.5
3,baseline,plain,90,3,8,27235,2614560,132.0
3,baseline,plain,4110,0,0,1004,4401536,5696.8
3,baseline,plain,4110,0,1,1004,4401536,5541.1
3,baseline,plain,4110,0,2,1004,4401536,5567.0
3,baseline,plain,4110,0,3,1004,4401536,5713.3
3,baseline,plain,4110,0,4,1004,4401536,5745.4
3,baseline,plain,4110,0,5,1004,4401536,5907.3
3,baseline,plain,4110,0,6,1004,4401536,5969.7
3,baseline,plain,4110,0,7,1004,4401536,5678.9
3,baseline,plain,4110,0,8,1004,4401536,5656.9
3,baseline,plain,4110,1,0,1004,4126440,4876.7
3,baseline,plain,4110,1,1,1004,4126440,4979.5
3,baseline,plain,4110,1,2,1004,4126440,4950.9
3,baseline,plain,4110,1,3,1004,4126440,4855.8
3,baseline,plain,4110,1,4,1004,4126440,4882.6
3,baseline,plain,4110,1,5,1004,4126440,4992.3
3,baseline,plain,4110,1,6,1004,4126440,4871.8
3,baseline,plain,4110,1,7,1004,4126440,4875.0
3,baseline,plain,4110,1,8,1004,4126440,5067.6
3,baseline,plain,4110,2,0,1004,4126440,3192.1
3,baseline,plain,4110,2,1,1004,4126440,3147.4
3,baseline,plain,4110,2,2,1004,4126440,3215.1
3,baseline,plain,4110,2,3,1004,4126440,3187.3
3,baseline,plain,4110,2,4,1004,4126440,3178.1
3,baseline,plain,4110,2,5,1004,4126440,3152.7
3,baseline,plain,4110,2,6,1004,4126440,3224.5
3,baseline,plain,4110,2,7,1004,4126440,3180.5
3,baseline,plain,4110,2,8,1004,4126440,3162.2
3,baseline,plain,4110,3,0,1004,4401536,4992.4
3,baseline,plain,4110,3,1,1004,4401536,5300.5
3,baseline,plain,4110,3,2,1004,4401536,5479.3
3,baseline,plain,4110,3,3,1004,4401536,5058.1
3,baseline,plain,4110,3,4,1004,4401536,5050.0
3,baseline,plain,4110,3,5,1004,4401536,5038.8
3,baseline,plain,4110,3,6,1004,4401536,5216.5
3,baseline,plain,4110,3,7,1004,4401536,5074.9
3,baseline,plain,4110,3,8,1004,4401536,5101.7
3,baseline,plain,65550,0,0,64,4474880,87758.2
3,baseline,plain,65550,0,1,64,4474880,88075.8
3,baseline,plain,65550,0,2,64,4474880,89955.1
3,baseline,plain,65550,0,3,64,4474880,88071.6
3,baseline,plain,65550,0,4,64,4474880,90455.5
3,baseline,plain,65550,0,5,64,4474880,88353.8
3,baseline,plain,65550,0,6,64,4474880,90442.8
3,baseline,plain,65550,0,7,64,4474880,90595.6
3,baseline,plain,65550,0,8,64,4474880,88097.7
3,baseline,plain,65550,1,0,64,4195200,81823.3
3,baseline,plain,65550,1,1,64,4195200,81551.3
3,baseline,plain,65550,1,2,64,4195200,77191.0
3,baseline,plain,65550,1,3,64,4195200,79233.9
3,baseline,plain,65550,1,4,64,4195200,78475.5
3,baseline,plain,65550,1,5,64,4195200,78702.6
3,baseline,plain,65550,1,6,64,4195200,84275.2
3,baseline,plain,65550,1,7,64,4195200,79579.0
3,baseline,plain,65550,1,8,64,4195200,77897.2
3,baseline,plain,65550,2,0,64,4195200,49899.9
3,baseline,plain,65550,2,1,64,4195200,50341.2
3,baseline,plain,65550,2,2,64,4195200,50151.5
3,baseline,plain,65550,2,3,64,4195200,52575.8
3,baseline,plain,65550,2,4,64,4195200,50166.8
3,baseline,plain,65550,2,5,64,4195200,49647.9
3,baseline,plain,65550,2,6,64,4195200,49930.5
3,baseline,plain,65550,2,7,64,4195200,49662.9
3,baseline,plain,65550,2,8,64,4195200,51595.0
3,baseline,plain,65550,3,0,64,4474880,82273.4
3,baseline,plain,65550,3,1,64,4474880,82511.8
3,baseline,plain,65550,3,2,64,4474880,80963.0
3,baseline,plain,65550,3,3,64,4474880,81299.1
3,baseline,plain,65550,3,4,64,4474880,81247.7
3,baseline,plain,65550,3,5,64,4474880,84224.1
3,baseline,plain,65550,3,6,64,4474880,89489.5
3,baseline,plain,65550,3,7,64,4474880,88935.2
3,baseline,plain,65550,3,8,64,4474880,85211.3
3,baseline,mixed,46,0,0,38130,3660480,85.0
3,baseline,mixed,46,0,1,38130,3660480,89.2
3,baseline,mixed,46,0,2,38130,3660480,84.9
3,baseline,mixed,46,0,3,38130,3660480,85.6
3,baseline,mixed,46,0,4,38130,3660480,85.4
3,baseline,mixed,46,0,5,38130,3660480,88.2
3,baseline,mixed,46,0,6,38130,3660480,85.3
3,baseline,mixed,46,0,7,38130,3660480,85.6
3,baseline,mixed,46,0,8,38130,3660480,85.2
3,baseline,mixed,46,1,0,38130,3507960,87.5
3,baseline,mixed,46,1,1,38130,3507960,87.9
3,baseline,mixed,46,1,2,38130,3507960,89.6
3,baseline,mixed,46,1,3,38130,3507960,88.7
3,baseline,mixed,46,1,4,38130,3507960,87.2
3,baseline,mixed,46,1,5,38130,3507960,87.2
3,baseline,mixed,46,1,6,38130,3507960,87.7
3,baseline,mixed,46,1,7,38130,3507960,89.0
3,baseline,mixed,46,1,8,38130,3507960,88.5
3,baseline,mixed,46,2,0,38130,2897880,77.0
3,baseline,mixed,46,2,1,38130,2897880,73.5
3,baseline,mixed,46,2,2,38130,2897880,74.2
3,baseline,mixed,46,2,3,38130,2897880,72.3
3,baseline,mixed,46,2,4,38130,2897880,72.6
3,baseline,mixed,46,2,5,38130,2897880,74.4
3,baseline,mixed,46,2,6,38130,2897880,73.1
3,baseline,mixed,46,2,7,38130,2897880,73.2
3,baseline,mixed,46,2,8,38130,2897880,75.1
3,baseline,mixed,46,3,0,38130,3355440,84.8
3,baseline,mixed,46,3,1,38130,3355440,81.8
3,baseline,mixed,46,3,2,38130,3355440,83.0
3,baseline,mixed,46,3,3,38130,3355440,82.0
3,baseline,mixed,46,3,4,38130,3355440,81.5
3,baseline,mixed,46,3,5,38130,3355440,81.9
3,baseline,mixed,46,3,6,38130,3355440,81.2
3,baseline,mixed,46,3,7,38130,3355440,83.1
3,baseline,mixed,46,3,8,38130,3355440,80.6
3,baseline,mixed,92,0,0,26886,5162112,174.5
3,baseline,mixed,92,0,1,26886,5162112,169.8
3,baseline,mixed,92,0,2,26886,5162112,168.7
3,baseline,mixed,92,0,3,26886,5162112,169.0
3,baseline,mixed,92,0,4,26886,5162112,169.7
3,baseline,mixed,92,0,5,26886,5162112,167.8
3,baseline,mixed,92,0,6,26886,5162112,174.7
3,baseline,mixed,92,0,7,26886,5162112,182.0
3,baseline,mixed,92,0,8,26886,5162112,166.1
3,baseline,mixed,92,1,0,26886,4947024,173.0
3,baseline,mixed,92,1,1,26886,4947024,176.6
3,baseline,mixed,92,1,2,26886,4947024,179.2
3,baseline,mixed,92,1,3,26886,4947024,172.8
3,baseline,mixed,92,1,4,26886,4947024,175.8
3,baseline,mixed,92,1,5,26886,4947024,176.8
3,baseline,mixed,92,1,6,26886,4947024,174.0
3,baseline,mixed,92,1,7,26886,4947024,175.7
3,baseline,mixed,92,1,8,26886,4947024,174.5
3,baseline,mixed,92,2,0,26886,4086672,131.6
3,baseline,mixed,92,2,1,26886,4086672,127.4
3,baseline,mixed,92,2,2,26886,4086672,127.0
3,baseline,mixed,92,2,3,26886,4086672,124.5
3,baseline,mixed,92,2,4,26886,4086672,127.0
3,baseline,mixed,92,2,5,26886,4086672,128.5
3,baseline,mixed,92,2,6,26886,4086672,129.6
3,baseline,mixed,92,2,7,26886,4086672,134.8
3,baseline,mixed,92,2,8,26886,4086672,126.4
3,baseline,mixed,92,3,0,26886,4731936,170.3
3,baseline,mixed,92,3,1,26886,4731936,166.1
3,baseline,mixed,92,3,2,26886,4731936,165.8
3,baseline,mixed,92,3,3,26886,4731936,168.5
3,baseline,mixed,92,3,4,26886,4731936,173.0
3,baseline,mixed,92,3,5,26886,4731936,167.7
3,baseline,mixed,92,3,6,26886,4731936,168.5
3,baseline,mixed,92,3,7,26886,4731936,168.8
3,baseline,mixed,92,3,8,26886,4731936,166.1
3,baseline,mixed,4140,0,0,997,8614080,7117.0
3,baseline,mixed,4140,0,1,997,8614080,6983.6
3,baseline,mixed,4140,0,2,997,8614080,6988.3
3,baseline,mixed,4140,0,3,997,8614080,6973.1
3,baseline,mixed,4140,0,4,997,8614080,7516.5
3,baseline,mixed,4140,0,5,997,8614080,7021.6
3,baseline,mixed,4140,0,6,997,8614080,7050.6
3,baseline,mixed,4140,0,7,997,8614080,6944.3
3,baseline,mixed,4140,0,8,997,8614080,6994.3
3,baseline,mixed,4140,1,0,997,8255160,7255.6
3,baseline,mixed,4140,1,1,997,8255160,7278.5
3,baseline,mixed,4140,1,2,997,8255160,7279.3
3,baseline,mixed,4140,1,3,997,8255160,7476.0
3,baseline,mixed,4140,1,4,997,8255160,7333.8
3,baseline,mixed,4140,1,5,997,8255160,7309.9
3,baseline,mixed,4140,1,6,997,8255160,7299.1
3,baseline,mixed,4140,1,7,997,8255160,7283.9
3,baseline,mixed,4140,1,8,997,8255160,7477.0
3,baseline,mixed,4140,2,0,997,6819480,4828.0
3,baseline,mixed,4140,2,1,997,6819480,4825.7
3,baseline,mixed,4140,2,2,997,6819480,4831.4
3,baseline,mixed,4140,2,3,997,6819480,4935.5
3,baseline,mixed,4140,2,4,997,6819480,4814.4
3,baseline,mixed,4140,2,5,997,6819480,4847.9
3,baseline,mixed,4140,2,6,997,6819480,4835.5
3,baseline,mixed,4140,2,7,997,6819480,4824.8
3,baseline,mixed,4140,2,8,997,6819480,4866.2
3,baseline,mixed,4140,3,0,997,7896240,6682.8
3,baseline,mixed,4140,3,1,997,7896240,6734.7
3,baseline,mixed,4140,3,2,997,7896240,6652.9
3,baseline,mixed,4140,3,3,997,7896240,6680.5
3,baseline,mixed,4140,3,4,997,7896240,6820.1
3,baseline,mixed,4140,3,5,997,7896240,6681.5
3,baseline,mixed,4140,3,6,997,7896240,6638.2
3,baseline,mixed,4140,3,7,997,7896240,6690.8
3,baseline,mixed,4140,3,8,997,7896240,6769.2
3,baseline,mixed,65550,0,0,64,8755200,111802.2
3,baseline,mixed,65550,0,1,64,8755200,110319.3
3,baseline,mixed,65550,0,2,64,8755200,110218.2
3,baseline,mixed,65550,0,3,64,8755200,114248.4
3,baseline,mixed,65550,0,4,64,8755200,109981.8
3,baseline,mixed,65550,0,5,64,8755200,111431.4
3,baseline,mixed,65550,0,6,64,8755200,109047.4
3,baseline,mixed,65550,0,7,64,8755200,110769.2
3,baseline,mixed,65550,0,8,64,8755200,119489.9
3,baseline,mixed,65550,1,0,64,8390400,116592.9
3,baseline,mixed,65550,1,1,64,8390400,119790.4
3,baseline,mixed,65550,1,2,64,8390400,124611.5
3,baseline,mixed,65550,1,3,64,8390400,120019.4
3,baseline,mixed,65550,1,4,64,8390400,117367.1
3,baseline,mixed,65550,1,5,64,8390400,118417.0
3,baseline,mixed,65550,1,6,64,8390400,120134.8
3,baseline,mixed,65550,1,7,64,8390400,117937.6
3,baseline,mixed,65550,1,8,64,8390400,116845.1
3,baseline,mixed,65550,2,0,64,6931200,76069.3
3,baseline,mixed,65550,2,1,64,6931200,79870.3
3,baseline,mixed,65550,2,2,64,6931200,77439.7
3,baseline,mixed,65550,2,3,64,6931200,76568.0
3,baseline,mixed,65550,2,4,64,6931200,76419.8
3,baseline,mixed,65550,2,5,64,6931200,76412.0
3,baseline,mixed,65550,2,6,64,6931200,77206.6
3,baseline,mixed,65550,2,7,64,6931200,75647.6
3,baseline,mixed,65550,2,8,64,6931200,78233.2
3,baseline,mixed,65550,3,0,64,8025600,105580.0
3,baseline,mixed,65550,3,1,64,8025600,110379.8
3,baseline,mixed,65550,3,2,64,8025600,111615.8
3,baseline,mixed,65550,3,3,64,8025600,108110.6
3,baseline,mixed,65550,3,4,64,8025600,105201.1
3,baseline,mixed,65550,3,5,64,8025600,105006.4
3,baseline,mixed,65550,3,6,64,8025600,106046.2
3,baseline,mixed,65550,3,7,64,8025600,107293.4
3,baseline,mixed,65550,3,8,64,8025600,106231.2
3,baseline,unreserved,1,0,0,64527,64527,8.9
3,baseline,unreserved,1,0,1,64527,64527,9.1
3,baseline,unreserved,1,0,2,64527,64527,9.7
3,baseline,unreserved,1,0,3,64527,64527,8.9
3,baseline,unreserved,1,0,4,64527,64527,9.8
3,baseline,unreserved,1,0,5,64527,64527,10.0
3,baseline,unreserved,1,0,6,64527,64527,8.8
3,baseline,unreserved,1,0,7,64527,64527,8.9
3,baseline,unreserved,1,0,8,64527,64527,9.1
3,baseline,unreserved,1,1,0,64527,64527,9.0
3,baseline,unreserved,1,1,1,64527,64527,10.1
3,baseline,unreserved,1,1,2,64527,64527,8.9
3,baseline,unreserved,1,1,3,64527,64527,9.3
3,baseline,unreserved,1,1,4,64527,64527,8.8
3,baseline,unreserved,1,1,5,64527,64527,8.9
3,baseline,unreserved,1,1,6,64527,64527,9.5
3,baseline,unreserved,1,1,7,64527,64527,9.0
3,baseline,unreserved,1,1,8,64527,64527,8.9
3,baseline,unreserved,1,2,0,64527,64527,14.3
3,baseline,unreserved,1,2,1,64527,64527,13.7
3,baseline,unreserved,1,2,2,64527,64527,13.9
3,baseline,unreserved,1,2,3,64527,64527,13.9
3,baseline,unreserved,1,2,4,64527,64527,13.8
3,baseline,unreserved,1,2,5,64527,64527,14.0
3,baseline,unreserved,1,2,6,64527,64527,13.9
3,baseline,unreserved,1,2,7,64527,64527,13.9
3,baseline,unreserved,1,2,8,64527,64527,15.0
3,baseline,unreserved,1,3,0,64527,64527,9.0
3,baseline,unreserved,1,3,1,64527,64527,9.5
3,baseline,unreserved,1,3,2,64527,64527,9.1
3,baseline,unreserved,1,3,3,64527,64527,9.1
3,baseline,unreserved,1,3,4,64527,64527,9.6
3,baseline,unreserved,1,3,5,64527,64527,9.5
3,baseline,unreserved,1,3,6,64527,64527,9.2
3,baseline,unreserved,1,3,7,64527,64527,9.1
3,baseline,unreserved,1,3,8,64527,64527,10.0
3,baseline,unreserved,8,0,0,58254,466032,18.6
3,baseline,unreserved,8,0,1,58254,466032,20.6
3,baseline,unreserved,8,0,2,58254,466032,20.2
3,baseline,unreserved,8,0,3,58254,466032,19.2
3,baseline,unreserved,8,0,4,58254,466032,19.5
3,baseline,unreserved,8,0,5,58254,466032,19.0
3,baseline,unreserved,8,0,6,58254,466032,19.4
3,baseline,unreserved,8,0,7,58254,466032,19.1
3,baseline,unreserved,8,0,8,58254,466032,19.5
3,baseline,unreserved,8,1,0,58254,466032,15.8
3,baseline,unreserved,8,1,1,58254,466032,20.2
3,baseline,unreserved,8,1,2,58254,466032,16.5
3,baseline,unreserved,8,1,3,58254,466032,17.8
3,baseline,unreserved,8,1,4,58254,466032,16.2
3,baseline,unreserved,8,1,5,58254,466032,16.2
3,baseline,unreserved,8,1,6,58254,466032,18.0
3,baseline,unreserved,8,1,7,58254,466032,17.0
3,baseline,unreserved,8,1,8,58254,466032,16.5
3,baseline,unreserved,8,2,0,58254,466032,22.5
3,baseline,unreserved,8,2,1,58254,466032,21.3
3,baseline,unreserved,8,2,2,58254,466032,21.3
3,baseline,unreserved,8,2,3,58254,466032,20.6
3,baseline,unreserved,8,2,4,58254,466032,20.3
3,baseline,unreserved,8,2,5,58254,466032,19.9
3,baseline,unreserved,8,2,6,58254,466032,20.0
3,baseline,unreserved,8,2,7,58254,466032,19.9
3,baseline,unreserved,8,2,8,58254,466032,20.1
3,baseline,unreserved,8,3,0,58254,466032,17.3
3,baseline,unreserved,8,3,1,58254,466032,16.8
3,baseline,unreserved,8,3,2,58254,466032,16.9
3,baseline,unreserved,8,3,3,58254,466032,17.2
3,baseline,unreserved,8,3,4,58254,466032,16.9
3,baseline,unreserved,8,3,5,58254,466032,17.0
3,baseline,unreserved,8,3,6,58254,466032,17.2
3,baseline,unreserved,8,3,7,58254,466032,17.1
3,baseline,unreserved,8,3,8,58254,466032,16.9
3,baseline,unreserved,64,0,0,32768,2097152,95.6
3,baseline,unreserved,64,0,1,32768,2097152,95.1
3,baseline,unreserved,64,0,2,32768,2097152,96.3
3,baseline,unreserved,64,0,3,32768,2097152,95.8
3,baseline,unreserved,64,0,4,32768,2097152,98.5
3,baseline,unreserved,64,0,5,32768,2097152,96.4
3,baseline,unreserved,64,0,6,32768,2097152,95.7
3,baseline,unreserved,64,0,7,32768,2097152,96.5
3,baseline,unreserved,64,0,8,32768,2097152,95.4
3,baseline,unreserved,64,1,0,32768,2097152,89.8
3,baseline,unreserved,64,1,1,32768,2097152,89.3
3,baseline,unreserved,64,1,2,32768,2097152,89.8
3,baseline,unreserved,64,1,3,32768,2097152,89.7
3,baseline,unreserved,64,1,4,32768,2097152,91.9
3,baseline,unreserved,64,1,5,32768,2097152,95.9
3,baseline,unreserved,64,1,6,32768,2097152,95.3
3,baseline,unreserved,64,1,7,32768,2097152,100.5
3,baseline,unreserved,64,1,8,32768,2097152,95.6
3,baseline,unreserved,64,2,0,32768,2097152,61.5
3,baseline,unreserved,64,2,1,32768,2097152,62.3
3,baseline,unreserved,64,2,2,32768,2097152,61.9
3,baseline,unreserved,64,2,3,32768,2097152,64.0
3,baseline,unreserved,64,2,4,32768,2097152,64.2
3,baseline,unreserved,64,2,5,32768,2097152,62.2
3,baseline,unreserved,64,2,6,32768,2097152,61.6
3,baseline,unreserved,64,2,7,32768,2097152,62.6
3,baseline,unreserved,64,2,8,32768,2097152,61.9
3,baseline,unreserved,64,3,0,32768,2097152,85.0
3,baseline,unreserved,64,3,1,32768,2097152,84.9
3,baseline,unreserved,64,3,2,32768,2097152,84.3
3,baseline,unreserved,64,3,3,32768,2097152,85.4
3,baseline,unreserved,64,3,4,32768,2097152,85.1
3,baseline,unreserved,64,3,5,32768,2097152,94.4
3,baseline,unreserved,64,3,6,32768,2097152,89.5
3,baseline,unreserved,64,3,7,32768,2097152,85.1
3,baseline,unreserved,64,3,8,32768,2097152,92.0
3,baseline,unreserved,4096,0,0,1008,4128768,5573.2
3,baseline,unreserved,4096,0,1,1008,4128768,5282.8
3,baseline,unreserved,4096,0,2,1008,4128768,5236.8
3,baseline,unreserved,4096,0,3,1008,4128768,5233.3
3,baseline,unreserved,4096,0,4,1008,4128768,5526.9
3,baseline,unreserved,4096,0,5,1008,4128768,5368.4
3,baseline,unreserved,4096,0,6,1008,4128768,5962.3
3,baseline,unreserved,4096,0,7,1008,4128768,5280.7
3,baseline,unreserved,4096,0,8,1008,4128768,5302.1
3,baseline,unreserved,4096,1,0,1008,4128768,4932.9
3,baseline,unreserved,4096,1,1,1008,4128768,4813.5
3,baseline,unreserved,4096,1,2,1008,4128768,5063.1
3,baseline,unreserved,4096,1,3,1008,4128768,4634.5
3,baseline,unreserved,4096,1,4,1008,4128768,4926.1
3,baseline,unreserved,4096,1,5,1008,4128768,4945.6
3,baseline,unreserved,4096,1,6,1008,4128768,5276.4
3,baseline,unreserved,4096,1,7,1008,4128768,4869.9
3,baseline,unreserved,4096,1,8,1008,4128768,4849.7
3,baseline,unreserved,4096,2,0,1008,4128768,3121.6
3,baseline,unreserved,4096,2,1,1008,4128768,3276.6
3,baseline,unreserved,4096,2,2,1008,4128768,3168.9
3,baseline,unreserved,4096,2,3,1008,4128768,3166.0
3,baseline,unreserved,4096,2,4,1008,4128768,3409.4
3,baseline,unreserved,4096,2,5,1008,4128768,3330.5
3,baseline,unreserved,4096,2,6,1008,4128768,3032.8
3,baseline,unreserved,4096,2,7,1008,4128768,3071.3
3,baseline,unreserved,4096,2,8,1008,4128768,3033.6
3,baseline,unreserved,4096,3,0,1008,4128768,4547.6
3,baseline,unreserved,4096,3,1,1008,4128768,4530.9
3,baseline,unreserved,4096,3,2,1008,4128768,4585.9
3,baseline,unreserved,4096,3,3,1008,4128768,4971.5
3,baseline,unreserved,4096,3,4,1008,4128768,4804.9
3,baseline,unreserved,4096,3,5,1008,4128768,4481.5
3,baseline,unreserved,4096,3,6,1008,4128768,4587.9
3,baseline,unreserved,4096,3,7,1008,4128768,4511.2
3,baseline,unreserved,4096,3,8,1008,4128768,4516.4
3,baseline,unreserved,65536,0,0,64,4194304,83963.6
3,baseline,unreserved,65536,0,1,64,4194304,86048.4
3,baseline,unreserved,65536,0,2,64,4194304,85238.5
3,baseline,unreserved,65536,0,3,64,4194304,85483.5
3,baseline,unreserved,65536,0,4,64,4194304,84974.1
3,baseline,unreserved,65536,0,5,64,4194304,92818.7
3,baseline,unreserved,65536,0,6,64,4194304,84979.3
3,baseline,unreserved,65536,0,7,64,4194304,85129.9
3,baseline,unreserved,65536,0,8,64,4194304,84590.0
3,baseline,unreserved,65536,1,0,64,4194304,76152.2
3,baseline,unreserved,65536,1,1,64,4194304,76511.7
3,baseline,unreserved,65536,1,2,64,4194304,74037.2
3,baseline,unreserved,65536,1,3,64,4194304,76018.9
3,baseline,unreserved,65536,1,4,64,4194304,75787.6
3,baseline,unreserved,65536,1,5,64,4194304,74276.0
3,baseline,unreserved,65536,1,6,64,4194304,74858.8
3,baseline,unreserved,65536,1,7,64,4194304,76842.8
3,baseline,unreserved,65536,1,8,64,4194304,74063.2
3,baseline,unreserved,65536,2,0,64,4194304,48238.9
3,baseline,unreserved,65536,2,1,64,4194304,48330.8
3,baseline,unreserved,65536,2,2,64,4194304,47934.6
3,baseline,unreserved,65536,2,3,64,4194304,48615.8
3,baseline,unreserved,65536,2,4,64,4194304,49509.4
3,baseline,unreserved,65536,2,5,64,4194304,48601.4
3,baseline,unreserved,65536,2,6,64,4194304,48157.8
3,baseline,unreserved,65536,2,7,64,4194304,48386.1
3,baseline,unreserved,65536,2,8,64,4194304,48129.7
3,baseline,unreserved,65536,3,0,64,4194304,72015.3
3,baseline,unreserved,65536,3,1,64,4194304,72201.2
3,baseline,unreserved,65536,3,2,64,4194304,72373.5
3,baseline,unreserved,65536,3,3,64,4194304,70995.5
3,baseline,unreserved,65536,3,4,64,4194304,71950.7
3,baseline,unreserved,65536,3,5,64,4194304,78657.4
3,baseline,unreserved,65536,3,6,64,4194304,71298.7
3,baseline,unreserved,65536,3,7,64,4194304,71812.6
3,baseline,unreserved,65536,3,8,64,4194304,71189.6
3,baseline,dense,4,0,0,61680,740160,17.0
3,baseline,dense,4,0,1,61680,740160,17.2
3,baseline,dense,4,0,2,61680,740160,17.1
3,baseline,dense,4,0,3,61680,740160,17.4
3,baseline,dense,4,0,4,61680,740160,17.1
3,baseline,dense,4,0,5,61680,740160,17.2
3,baseline,dense,4,0,6,61680,740160,17.3
3,baseline,dense,4,0,7,61680,740160,17.2
3,baseline,dense,4,0,8,61680,740160,17.2
3,baseline,dense,4,1,0,61680,616800,16.9
3,baseline,dense,4,1,1,61680,616800,16.6
3,baseline,dense,4,1,2,61680,616800,16.9
3,baseline,dense,4,1,3,61680,616800,16.5
3,baseline,dense,4,1,4,61680,616800,17.4
3,baseline,dense,4,1,5,61680,616800,17.0
3,baseline,dense,4,1,6,61680,616800,16.5
3,baseline,dense,4,1,7,61680,616800,18.5
3,baseline,dense,4,1,8,61680,616800,17.6
3,baseline,dense,4,2,0,61680,246720,17.6
3,baseline,dense,4,2,1,61680,246720,17.8
3,baseline,dense,4,2,2,61680,246720,18.1
3,baseline,dense,4,2,3,61680,246720,17.6
3,baseline,dense,4,2,4,61680,246720,19.1
3,baseline,dense,4,2,5,61680,246720,17.8
3,baseline,dense,4,2,6,61680,246720,18.1
3,baseline,dense,4,2,7,61680,246720,17.9
3,baseline,dense,4,2,8,61680,246720,17.7
3,baseline,dense,4,3,0,61680,616800,17.1
3,baseline,dense,4,3,1,61680,616800,16.2
3,baseline,dense,4,3,2,61680,616800,16.2
3,baseline,dense,4,3,3,61680,616800,16.3
3,baseline,dense,4,3,4,61680,616800,16.5
3,baseline,dense,4,3,5,61680,616800,17.3
3,baseline,dense,4,3,6,61680,616800,16.2
3,baseline,dense,4,3,7,61680,616800,16.3
3,baseline,dense,4,3,8,61680,616800,16.5
3,baseline,dense,8,0,0,58254,1398096,25.7
3,baseline,dense,8,0,1,58254,1398096,25.8
3,baseline,dense,8,0,2,58254,1398096,26.1
3,baseline,dense,8,0,3,58254,1398096,25.8
3,baseline,dense,8,0,4,58254,1398096,27.6
3,baseline,dense,8,0,5,58254,1398096,26.4
3,baseline,dense,8,0,6,58254,1398096,25.6
3,baseline,dense,8,0,7,58254,1398096,27.4
3,baseline,dense,8,0,8,58254,1398096,25.3
3,baseline,dense,8,1,0,58254,1165080,26.2
3,baseline,dense,8,1,1,58254,1165080,28.2
3,baseline,dense,8,1,2,58254,1165080,25.3
3,baseline,dense,8,1,3,58254,1165080,27.2
3,baseline,dense,8,1,4,58254,1165080,27.5
3,baseline,dense,8,1,5,58254,1165080,27.0
3,baseline,dense,8,1,6,58254,1165080,26.5
3,baseline,dense,8,1,7,58254,1165080,25.6
3,baseline,dense,8,1,8,58254,1165080,24.7
3,baseline,dense,8,2,0,58254,466032,20.5
3,baseline,dense,8,2,1,58254,466032,20.2
3,baseline,dense,8,2,2,58254,466032,20.3
3,baseline,dense,8,2,3,58254,466032,20.8
3,baseline,dense,8,2,4,58254,466032,20.2
3,baseline,dense,8,2,5,58254,466032,20.3
3,baseline,dense,8,2,6,58254,466032,20.5
3,baseline,dense,8,2,7,58254,466032,20.9
3,baseline,dense,8,2,8,58254,466032,20.3
3,baseline,dense,8,3,0,58254,1165080,23.7
3,baseline,dense,8,3,1,58254,1165080,23.7
3,baseline,dense,8,3,2,58254,1165080,23.9
3,baseline,dense,8,3,3,58254,1165080,23.8
3,baseline,dense,8,3,4,58254,1165080,24.0
3,baseline,dense,8,3,5,58254,1165080,23.5
3,baseline,dense,8,3,6,58254,1165080,23.9
3,baseline,dense,8,3,7,58254,1165080,24.4
3,baseline,dense,8,3,8,58254,1165080,24.7
3,baseline,dense,64,0,0,32768,6291456,151.0
3,baseline,dense,64,0,1,32768,6291456,172.7
3,baseline,dense,64,0,2,32768,6291456,153.4
3,baseline,dense,64,0,3,32768,6291456,153.5
3,baseline,dense,64,0,4,32768,6291456,158.5
3,baseline,dense,64,0,5,32768,6291456,150.9
3,baseline,dense,64,0,6,32768,6291456,151.1
3,baseline,dense,64,0,7,32768,6291456,162.8
3,baseline,dense,64,0,8,32768,6291456,151.7
3,baseline,dense,64,1,0,32768,5242880,155.7
3,baseline,dense,64,1,1,32768,5242880,149.2
3,baseline,dense,64,1,2,32768,5242880,154.7
3,baseline,dense,64,1,3,32768,5242880,167.1
3,baseline,dense,64,1,4,32768,5242880,156.6
3,baseline,dense,64,1,5,32768,5242880,155.2
3,baseline,dense,64,1,6,32768,5242880,155.9
3,baseline,dense,64,1,7,32768,5242880,153.4
3,baseline,dense,64,1,8,32768,5242880,153.7
3,baseline,dense,64,2,0,32768,2097152,60.0
3,baseline,dense,64,2,1,32768,2097152,68.5
3,baseline,dense,64,2,2,32768,2097152,71.3
3,baseline,dense,64,2,3,32768,2097152,58.1
3,baseline,dense,64,2,4,32768,2097152,59.8
3,baseline,dense,64,2,5,32768,2097152,63.4
3,baseline,dense,64,2,6,32768,2097152,64.4
3,baseline,dense,64,2,7,32768,2097152,62.0
3,baseline,dense,64,2,8,32768,2097152,58.9
3,baseline,dense,64,3,0,32768,5242880,164.7
3,baseline,dense,64,3,1,32768,5242880,145.2
3,baseline,dense,64,3,2,32768,5242880,147.4
3,baseline,dense,64,3,3,32768,5242880,142.8
3,baseline,dense,64,3,4,32768,5242880,141.1
3,baseline,dense,64,3,5,32768,5242880,140.4
3,baseline,dense,64,3,6,32768,5242880,140.7
3,baseline,dense,64,3,7,32768,5242880,150.4
3,baseline,dense,64,3,8,32768,5242880,140.3
3,baseline,dense,4096,0,0,1008,12386304,8780.2
3,baseline,dense,4096,0,1,1008,12386304,9105.5
3,baseline,dense,4096,0,2,1008,12386304,8862.0
3,baseline,dense,4096,0,3,1008,12386304,8864.1
3,baseline,dense,4096,0,4,1008,12386304,8860.5
3,baseline,dense,4096,0,5,1008,12386304,8897.7
3,baseline,dense,4096,0,6,1008,12386304,8874.9
3,baseline,dense,4096,0,7,1008,12386304,8913.6
3,baseline,dense,4096,0,8,1008,12386304,8931.5
3,baseline,dense,4096,1,0,1008,10321920,8953.1
3,baseline,dense,4096,1,1,1008,10321920,8905.1
3,baseline,dense,4096,1,2,1008,10321920,8992.3
3,baseline,dense,4096,1,3,1008,10321920,8872.0
3,baseline,dense,4096,1,4,1008,10321920,9467.4
3,baseline,dense,4096,1,5,1008,10321920,8953.4
3,baseline,dense,4096,1,6,1008,10321920,8932.9
3,baseline,dense,4096,1,7,1008,10321920,8952.5
3,baseline,dense,4096,1,8,1008,10321920,8855.9
3,baseline,dense,4096,2,0,1008,4128768,3352.6
3,baseline,dense,4096,2,1,1008,4128768,3051.2
3,baseline,dense,4096,2,2,1008,4128768,3118.4
3,baseline,dense,4096,2,3,1008,4128768,3133.9
3,baseline,dense,4096,2,4,1008,4128768,3179.4
3,baseline,dense,4096,2,5,1008,4128768,3075.3
3,baseline,dense,4096,2,6,1008,4128768,3066.6
3,baseline,dense,4096,2,7,1008,4128768,3135.5
3,baseline,dense,4096,2,8,1008,4128768,3071.6
3,baseline,dense,4096,3,0,1008,10321920,8212.2
3,baseline,dense,4096,3,1,1008,10321920,8297.3
3,baseline,dense,4096,3,2,1008,10321920,8183.7
3,baseline,dense,4096,3,3,1008,10321920,8334.2
3,baseline,dense,4096,3,4,1008,10321920,8137.3
3,baseline,dense,4096,3,5,1008,10321920,8385.9
3,baseline,dense,4096,3,6,1008,10321920,8230.8
3,baseline,dense,4096,3,7,1008,10321920,8197.9
3,baseline,dense,4096,3,8,1008,10321920,8226.7
3,baseline,dense,65536,0,0,64,12582912,149718.8
3,baseline,dense,65536,0,1,64,12582912,149338.3
3,baseline,dense,65536,0,2,64,12582912,156450.7
3,baseline,dense,65536,0,3,64,12582912,147695.3
3,baseline,dense,65536,0,4,64,12582912,153246.5
3,baseline,dense,65536,0,5,64,12582912,144203.1
3,baseline,dense,65536,0,6,64,12582912,142668.5
3,baseline,dense,65536,0,7,64,12582912,146592.1
3,baseline,dense,65536,0,8,64,12582912,142127.1
3,baseline,dense,65536,1,0,64,10485760,145128.1
3,baseline,dense,65536,1,1,64,10485760,145664.7
3,baseline,dense,65536,1,2,64,10485760,144231.0
3,baseline,dense,65536,1,3,64,10485760,144445.9
3,baseline,dense,65536,1,4,64,10485760,145342.8
3,baseline,dense,65536,1,5,64,10485760,145806.9
3,baseline,dense,65536,1,6,64,10485760,143738.7
3,baseline,dense,65536,1,7,64,10485760,147511.8
3,baseline,dense,65536,1,8,64,10485760,141481.5
3,baseline,dense,65536,2,0,64,4194304,149351.1
3,baseline,dense,65536,2,1,64,4194304,92038.4
3,baseline,dense,65536,2,2,64,4194304,101240.7
3,baseline,dense,65536,2,3,64,4194304,119049.1
3,baseline,dense,65536,2,4,64,4194304,120958.6
3,baseline,dense,65536,2,5,64,4194304,47899.7
3,baseline,dense,65536,2,6,64,4194304,117016.4
3,baseline,dense,65536,2,7,64,4194304,190856.5
3,baseline,dense,65536,2,8,64,4194304,52582.4
3,baseline,dense,65536,3,0,64,10485760,135671.7
3,baseline,dense,65536,3,1,64,10485760,127635.9
3,baseline,dense,65536,3,2,64,10485760,129479.0
3,baseline,dense,65536,3,3,64,10485760,129142.4
3,baseline,dense,65536,3,4,64,10485760,135397.4
3,baseline,dense,65536,3,5,64,10485760,129125.8
3,baseline,dense,65536,3,6,64,10485760,129606.2
3,baseline,dense,65536,3,7,64,10485760,132797.9
3,baseline,dense,65536,3,8,64,10485760,136360.6
3,baseline,html_dense,5,0,0,60787,911805,19.1
3,baseline,html_dense,5,0,1,60787,911805,19.5
3,baseline,html_dense,5,0,2,60787,911805,18.9
3,baseline,html_dense,5,0,3,60787,911805,19.1
3,baseline,html_dense,5,0,4,60787,911805,18.7
3,baseline,html_dense,5,0,5,60787,911805,18.6
3,baseline,html_dense,5,0,6,60787,911805,19.3
3,baseline,html_dense,5,0,7,60787,911805,19.3
3,baseline,html_dense,5,0,8,60787,911805,18.9
3,baseline,html_dense,5,1,0,60787,911805,20.2
3,baseline,html_dense,5,1,1,60787,911805,21.3
3,baseline,html_dense,5,1,2,60787,911805,22.4
3,baseline,html_dense,5,1,3,60787,911805,20.7
3,baseline,html_dense,5,1,4,60787,911805,20.1
3,baseline,html_dense,5,1,5,60787,911805,19.3
3,baseline,html_dense,5,1,6,60787,911805,19.9
3,baseline,html_dense,5,1,7,60787,911805,20.0
3,baseline,html_dense,5,1,8,60787,911805,20.5
3,baseline,html_dense,5,2,0,60787,1458888,29.1
3,baseline,html_dense,5,2,1,60787,1458888,28.8
3,baseline,html_dense,5,2,2,60787,1458888,31.3
3,baseline,html_dense,5,2,3,60787,1458888,29.8
3,baseline,html_dense,5,2,4,60787,1458888,29.7
3,baseline,html_dense,5,2,5,60787,1458888,32.1
3,baseline,html_dense,5,2,6,60787,1458888,33.7
3,baseline,html_dense,5,2,7,60787,1458888,30.7
3,baseline,html_dense,5,2,8,60787,1458888,29.4
3,baseline,html_dense,5,3,0,60787,911805,19.4
3,baseline,html_dense,5,3,1,60787,911805,19.4
3,baseline,html_dense,5,3,2,60787,911805,20.2
3,baseline,html_dense,5,3,3,60787,911805,20.1
3,baseline,html_dense,5,3,4,60787,911805,19.7
3,baseline,html_dense,5,3,5,60787,911805,19.6
3,baseline,html_dense,5,3,6,60787,911805,21.3
3,baseline,html_dense,5,3,7,60787,911805,20.2
3,baseline,html_dense,5,3,8,60787,911805,19.6
3,baseline,html_dense,10,0,0,56679,1700370,31.4
3,baseline,html_dense,10,0,1,56679,1700370,32.2
3,baseline,html_dense,10,0,2,56679,1700370,29.6
3,baseline,html_dense,10,0,3,56679,1700370,30.6
3,baseline,html_dense,10,0,4,56679,1700370,30.2
3,baseline,html_dense,10,0,5,56679,1700370,30.1
3,baseline,html_dense,10,0,6,56679,1700370,30.1
3,baseline,html_dense,10,0,7,56679,1700370,29.9
3,baseline,html_dense,10,0,8,56679,1700370,30.2
3,baseline,html_dense,10,1,0,56679,1700370,30.4
3,baseline,html_dense,10,1,1,56679,1700370,31.5
3,baseline,html_dense,10,1,2,56679,1700370,31.0
3,baseline,html_dense,10,1,3,56679,1700370,32.1
3,baseline,html_dense,10,1,4,56679,1700370,31.0
3,baseline,html_dense,10,1,5,56679,1700370,31.8
3,baseline,html_dense,10,1,6,56679,1700370,31.4
3,baseline,html_dense,10,1,7,56679,1700370,31.1
3,baseline,html_dense,10,1,8,56679,1700370,31.3
3,baseline,html_dense,10,2,0,56679,2720592,36.3
3,baseline,html_dense,10,2,1,56679,2720592,40.4
3,baseline,html_dense,10,2,2,56679,2720592,39.7
3,baseline,html_dense,10,2,3,56679,2720592,36.8
3,baseline,html_dense,10,2,4,56679,2720592,36.4
3,baseline,html_dense,10,2,5,56679,2720592,37.4
3,baseline,html_dense,10,2,6,56679,2720592,36.5
3,baseline,html_dense,10,2,7,56679,2720592,36.7
3,baseline,html_dense,10,2,8,56679,2720592,37.1
3,baseline,html_dense,10,3,0,56679,1700370,30.1
3,baseline,html_dense,10,3,1,56679,1700370,30.4
3,baseline,html_dense,10,3,2,56679,1700370,30.7
3,baseline,html_dense,10,3,3,56679,1700370,30.8
3,baseline,html_dense,10,3,4,56679,1700370,30.6
3,baseline,html_dense,10,3,5,56679,1700370,31.3
3,baseline,html_dense,10,3,6,56679,1700370,32.2
3,baseline,html_dense,10,3,7,56679,1700370,30.8
3,baseline,html_dense,10,3,8,56679,1700370,30.5
3,baseline,html_dense,65,0,0,32513,6340035,158.2
3,baseline,html_dense,65,0,1,32513,6340035,156.9
3,baseline,html_dense,65,0,2,32513,6340035,153.6
3,baseline,html_dense,65,0,3,32513,6340035,161.6
3,baseline,html_dense,65,0,4,32513,6340035,155.1
3,baseline,html_dense,65,0,5,32513,6340035,152.7
3,baseline,html_dense,65,0,6,32513,6340035,157.0
3,baseline,html_dense,65,0,7,32513,6340035,158.1
3,baseline,html_dense,65,0,8,32513,6340035,154.5
3,baseline,html_dense,65,1,0,32513,6340035,164.3
3,baseline,html_dense,65,1,1,32513,6340035,164.5
3,baseline,html_dense,65,1,2,32513,6340035,168.9
3,baseline,html_dense,65,1,3,32513,6340035,165.6
3,baseline,html_dense,65,1,4,32513,6340035,163.7
3,baseline,html_dense,65,1,5,32513,6340035,179.1
3,baseline,html_dense,65,1,6,32513,6340035,165.3
3,baseline,html_dense,65,1,7,32513,6340035,167.4
3,baseline,html_dense,65,1,8,32513,6340035,176.1
3,baseline,html_dense,65,2,0,32513,10144056,143.3
3,baseline,html_dense,65,2,1,32513,10144056,151.4
3,baseline,html_dense,65,2,2,32513,10144056,143.8
3,baseline,html_dense,65,2,3,32513,10144056,148.1
3,baseline,html_dense,65,2,4,32513,10144056,152.1
3,baseline,html_dense,65,2,5,32513,10144056,155.2
3,baseline,html_dense,65,2,6,32513,10144056,152.4
3,baseline,html_dense,65,2,7,32513,10144056,149.4
3,baseline,html_dense,65,2,8,32513,10144056,148.6
3,baseline,html_dense,65,3,0,32513,6340035,163.8
3,baseline,html_dense,65,3,1,32513,6340035,158.2
3,baseline,html_dense,65,3,2,32513,6340035,158.3
3,baseline,html_dense,65,3,3,32513,6340035,174.2
3,baseline,html_dense,65,3,4,32513,6340035,158.2
3,baseline,html_dense,65,3,5,32513,6340035,159.8
3,baseline,html_dense,65,3,6,32513,6340035,163.1
3,baseline,html_dense,65,3,7,32513,6340035,159.9
3,baseline,html_dense,65,3,8,32513,6340035,159.1
3,baseline,html_dense,4100,0,0,1007,12386100,8964.0
3,baseline,html_dense,4100,0,1,1007,12386100,8972.0
3,baseline,html_dense,4100,0,2,1007,12386100,9059.9
3,baseline,html_dense,4100,0,3,1007,12386100,8808.9
3,baseline,html_dense,4100,0,4,1007,12386100,9400.3
3,baseline,html_dense,4100,0,5,1007,12386100,9244.8
3,baseline,html_dense,4100,0,6,1007,12386100,8935.2
3,baseline,html_dense,4100,0,7,1007,12386100,8893.7
3,baseline,html_dense,4100,0,8,1007,12386100,8910.5
3,baseline,html_dense,4100,1,0,1007,12386100,9746.8
3,baseline,html_dense,4100,1,1,1007,12386100,9827.8
3,baseline,html_dense,4100,1,2,1007,12386100,9816.3
3,baseline,html_dense,4100,1,3,1007,12386100,9801.9
3,baseline,html_dense,4100,1,4,1007,12386100,9878.2
3,baseline,html_dense,4100,1,5,1007,12386100,9814.9
3,baseline,html_dense,4100,1,6,1007,12386100,9777.9
3,baseline,html_dense,4100,1,7,1007,12386100,9893.2
3,baseline,html_dense,4100,1,8,1007,12386100,9819.6
3,baseline,html_dense,4100,2,0,1007,19817760,8348.7
3,baseline,html_dense,4100,2,1,1007,19817760,8343.2
3,baseline,html_dense,4100,2,2,1007,19817760,8377.9
3,baseline,html_dense,4100,2,3,1007,19817760,8508.9
3,baseline,html_dense,4100,2,4,1007,19817760,8443.2
3,baseline,html_dense,4100,2,5,1007,19817760,8414.7
3,baseline,html_dense,4100,2,6,1007,19817760,8361.2
3,baseline,html_dense,4100,2,7,1007,19817760,8352.2
3,baseline,html_dense,4100,2,8,1007,19817760,8336.8
3,baseline,html_dense,4100,3,0,1007,12386100,9331.2
3,baseline,html_dense,4100,3,1,1007,12386100,9234.8
3,baseline,html_dense,4100,3,2,1007,12386100,9442.3
3,baseline,html_dense,4100,3,3,1007,12386100,9452.5
3,baseline,html_dense,4100,3,4,1007,12386100,9420.1
3,baseline,html_dense,4100,3,5,1007,12386100,9353.5
3,baseline,html_dense,4100,3,6,1007,12386100,9255.6
3,baseline,html_dense,4100,3,7,1007,12386100,9794.3
3,baseline,html_dense,4100,3,8,1007,12386100,9312.3
3,baseline,html_dense,65540,0,0,64,12583680,151796.7
3,baseline,html_dense,65540,0,1,64,12583680,148849.2
3,baseline,html_dense,65540,0,2,64,12583680,147951.4
3,baseline,html_dense,65540,0,3,64,12583680,147336.7
3,baseline,html_dense,65540,0,4,64,12583680,147779.8
3,baseline,html_dense,65540,0,5,64,12583680,145854.7
3,baseline,html_dense,65540,0,6,64,12583680,148927.2
3,baseline,html_dense,65540,0,7,64,12583680,146801.2
3,baseline,html_dense,65540,0,8,64,12583680,146987.6
3,baseline,html_dense,65540,1,0,64,12583680,156554.9
3,baseline,html_dense,65540,1,1,64,12583680,157430.1
3,baseline,html_dense,65540,1,2,64,12583680,158439.8
3,baseline,html_dense,65540,1,3,64,12583680,156219.6
3,baseline,html_dense,65540,1,4,64,12583680,159149.7
3,baseline,html_dense,65540,1,5,64,12583680,158876.9
3,baseline,html_dense,65540,1,6,64,12583680,155931.4
3,baseline,html_dense,65540,1,7,64,12583680,158985.5
3,baseline,html_dense,65540,1,8,64,12583680,158288.7
3,baseline,html_dense,65540,2,0,64,20133888,133637.1
3,baseline,html_dense,65540,2,1,64,20133888,133811.1
3,baseline,html_dense,65540,2,2,64,20133888,135062.8
3,baseline,html_dense,65540,2,3,64,20133888,134363.9
3,baseline,html_dense,65540,2,4,64,20133888,140550.6
3,baseline,html_dense,65540,2,5,64,20133888,133671.5
3,baseline,html_dense,65540,2,6,64,20133888,134438.4
3,baseline,html_dense,65540,2,7,64,20133888,132699.9
3,baseline,html_dense,65540,2,8,64,20133888,134473.3
3,baseline,html_dense,65540,3,0,64,12583680,156489.7
3,baseline,html_dense,65540,3,1,64,12583680,152733.0
3,baseline,html_dense,65540,3,2,64,12583680,153552.6
3,baseline,html_dense,65540,3,3,64,12583680,148712.4
3,baseline,html_dense,65540,3,4,64,12583680,148296.9
3,baseline,html_dense,65540,3,5,64,12583680,147616.2
3,baseline,html_dense,65540,3,6,64,12583680,149034.9
3,baseline,html_dense,65540,3,7,64,12583680,149051.9
3,baseline,html_dense,65540,3,8,64,12583680,154067.3
3,baseline,html_sparse,1,0,0,64527,193581,9.5
3,baseline,html_sparse,1,0,1,64527,193581,9.5
3,baseline,html_sparse,1,0,2,64527,193581,9.6
3,baseline,html_sparse,1,0,3,64527,193581,9.4
3,baseline,html_sparse,1,0,4,64527,193581,9.3
3,baseline,html_sparse,1,0,5,64527,193581,10.4
3,baseline,html_sparse,1,0,6,64527,193581,9.6
3,baseline,html_sparse,1,0,7,64527,193581,9.5
3,baseline,html_sparse,1,0,8,64527,193581,10.3
3,baseline,html_sparse,1,1,0,64527,193581,10.5
3,baseline,html_sparse,1,1,1,64527,193581,10.3
3,baseline,html_sparse,1,1,2,64527,193581,12.3
3,baseline,html_sparse,1,1,3,64527,193581,10.2
3,baseline,html_sparse,1,1,4,64527,193581,10.2
3,baseline,html_sparse,1,1,5,64527,193581,10.4
3,baseline,html_sparse,1,1,6,64527,193581,10.2
3,baseline,html_sparse,1,1,7,64527,193581,10.9
3,baseline,html_sparse,1,1,8,64527,193581,10.8
3,baseline,html_sparse,1,2,0,64527,322635,19.0
3,baseline,html_sparse,1,2,1,64527,322635,15.9
3,baseline,html_sparse,1,2,2,64527,322635,15.0
3,baseline,html_sparse,1,2,3,64527,322635,16.2
3,baseline,html_sparse,1,2,4,64527,322635,15.1
3,baseline,html_sparse,1,2,5,64527,322635,18.1
3,baseline,html_sparse,1,2,6,64527,322635,15.4
3,baseline,html_sparse,1,2,7,64527,322635,17.9
3,baseline,html_sparse,1,2,8,64527,322635,16.7
3,baseline,html_sparse,1,3,0,64527,193581,10.5
3,baseline,html_sparse,1,3,1,64527,193581,10.4
3,baseline,html_sparse,1,3,2,64527,193581,11.5
3,baseline,html_sparse,1,3,3,64527,193581,10.4
3,baseline,html_sparse,1,3,4,64527,193581,10.7
3,baseline,html_sparse,1,3,5,64527,193581,10.3
3,baseline,html_sparse,1,3,6,64527,193581,12.5
3,baseline,html_sparse,1,3,7,64527,193581,10.6
3,baseline,html_sparse,1,3,8,64527,193581,10.7
3,baseline,html_sparse,8,0,0,58254,582540,19.8
3,baseline,html_sparse,8,0,1,58254,582540,20.4
3,baseline,html_sparse,8,0,2,58254,582540,19.7
3,baseline,html_sparse,8,0,3,58254,582540,19.6
3,baseline,html_sparse,8,0,4,58254,582540,19.6
3,baseline,html_sparse,8,0,5,58254,582540,19.4
3,baseline,html_sparse,8,0,6,58254,582540,19.8
3,baseline,html_sparse,8,0,7,58254,582540,19.7
3,baseline,html_sparse,8,0,8,58254,582540,19.5
3,baseline,html_sparse,8,1,0,58254,582540,17.8
3,baseline,html_sparse,8,1,1,58254,582540,17.1
3,baseline,html_sparse,8,1,2,58254,582540,18.0
3,baseline,html_sparse,8,1,3,58254,582540,17.3
3,baseline,html_sparse,8,1,4,58254,582540,17.6
3,baseline,html_sparse,8,1,5,58254,582540,17.0
3,baseline,html_sparse,8,1,6,58254,582540,17.5
3,baseline,html_sparse,8,1,7,58254,582540,17.0
3,baseline,html_sparse,8,1,8,58254,582540,18.9
3,baseline,html_sparse,8,2,0,58254,699048,21.0
3,baseline,html_sparse,8,2,1,58254,699048,20.8
3,baseline,html_sparse,8,2,2,58254,699048,21.0
3,baseline,html_sparse,8,2,3,58254,699048,21.2
3,baseline,html_sparse,8,2,4,58254,699048,20.9
3,baseline,html_sparse,8,2,5,58254,699048,21.0
3,baseline,html_sparse,8,2,6,58254,699048,22.9
3,baseline,html_sparse,8,2,7,58254,699048,21.3
3,baseline,html_sparse,8,2,8,58254,699048,21.1
3,baseline,html_sparse,8,3,0,58254,582540,18.7
3,baseline,html_sparse,8,3,1,58254,582540,18.9
3,baseline,html_sparse,8,3,2,58254,582540,17.8
3,baseline,html_sparse,8,3,3,58254,582540,17.9
3,baseline,html_sparse,8,3,4,58254,582540,18.3
3,baseline,html_sparse,8,3,5,58254,582540,18.1
3,baseline,html_sparse,8,3,6,58254,582540,17.9
3,baseline,html_sparse,8,3,7,58254,582540,18.7
3,baseline,html_sparse,8,3,8,58254,582540,18.2
3,baseline,html_sparse,64,0,0,32768,2162688,95.9
3,baseline,html_sparse,64,0,1,32768,2162688,95.6
3,baseline,html_sparse,64,0,2,32768,2162688,97.1
3,baseline,html_sparse,64,0,3,32768,2162688,97.4
3,baseline,html_sparse,64,0,4,32768,2162688,96.0
3,baseline,html_sparse,64,0,5,32768,2162688,96.3
3,baseline,html_sparse,64,0,6,32768,2162688,95.1
3,baseline,html_sparse,64,0,7,32768,2162688,97.4
3,baseline,html_sparse,64,0,8,32768,2162688,96.9
3,baseline,html_sparse,64,1,0,32768,2162688,91.3
3,baseline,html_sparse,64,1,1,32768,2162688,93.6
3,baseline,html_sparse,64,1,2,32768,2162688,92.0
3,baseline,html_sparse,64,1,3,32768,2162688,93.2
3,baseline,html_sparse,64,1,4,32768,2162688,95.5
3,baseline,html_sparse,64,1,5,32768,2162688,91.4
3,baseline,html_sparse,64,1,6,32768,2162688,93.8
3,baseline,html_sparse,64,1,7,32768,2162688,91.5
3,baseline,html_sparse,64,1,8,32768,2162688,91.9
3,baseline,html_sparse,64,2,0,32768,2228224,65.0
3,baseline,html_sparse,64,2,1,32768,2228224,63.4
3,baseline,html_sparse,64,2,2,32768,2228224,63.1
3,baseline,html_sparse,64,2,3,32768,2228224,63.8
3,baseline,html_sparse,64,2,4,32768,2228224,63.3
3,baseline,html_sparse,64,2,5,32768,2228224,64.4
3,baseline,html_sparse,64,2,6,32768,2228224,63.0
3,baseline,html_sparse,64,2,7,32768,2228224,63.8
3,baseline,html_sparse,64,2,8,32768,2228224,64.8
3,baseline,html_sparse,64,3,0,32768,2162688,86.4
3,baseline,html_sparse,64,3,1,32768,2162688,86.2
3,baseline,html_sparse,64,3,2,32768,2162688,93.8
3,baseline,html_sparse,64,3,3,32768,2162688,90.6
3,baseline,html_sparse,64,3,4,32768,2162688,90.7
3,baseline,html_sparse,64,3,5,32768,2162688,89.2
3,baseline,html_sparse,64,3,6,32768,2162688,89.4
3,baseline,html_sparse,64,3,7,32768,2162688,88.0
3,baseline,html_sparse,64,3,8,32768,2162688,91.5
3,baseline,html_sparse,4096,0,0,1008,4161024,5433.5
3,baseline,html_sparse,4096,0,1,1008,4161024,5596.5
3,baseline,html_sparse,4096,0,2,1008,4161024,5461.5
3,baseline,html_sparse,4096,0,3,1008,4161024,5489.3
3,baseline,html_sparse,4096,0,4,1008,4161024,5546.6
3,baseline,html_sparse,4096,0,5,1008,4161024,5442.0
3,baseline,html_sparse,4096,0,6,1008,4161024,5582.2
3,baseline,html_sparse,4096,0,7,1008,4161024,5443.4
3,baseline,html_sparse,4096,0,8,1008,4161024,5484.0
3,baseline,html_sparse,4096,1,0,1008,4161024,4582.9
3,baseline,html_sparse,4096,1,1,1008,4161024,4672.6
3,baseline,html_sparse,4096,1,2,1008,4161024,4680.2
3,baseline,html_sparse,4096,1,3,1008,4161024,4737.8
3,baseline,html_sparse,4096,1,4,1008,4161024,4686.1
3,baseline,html_sparse,4096,1,5,1008,4161024,4703.7
3,baseline,html_sparse,4096,1,6,1008,4161024,5223.0
3,baseline,html_sparse,4096,1,7,1008,4161024,4661.9
3,baseline,html_sparse,4096,1,8,1008,4161024,4646.8
3,baseline,html_sparse,4096,2,0,1008,4190256,3187.4
3,baseline,html_sparse,4096,2,1,1008,4190256,3190.4
3,baseline,html_sparse,4096,2,2,1008,4190256,3441.7
3,baseline,html_sparse,4096,2,3,1008,4190256,3254.2
3,baseline,html_sparse,4096,2,4,1008,4190256,3188.3
3,baseline,html_sparse,4096,2,5,1008,4190256,3202.0
3,baseline,html_sparse,4096,2,6,1008,4190256,3198.1
3,baseline,html_sparse,4096,2,7,1008,4190256,3271.6
3,baseline,html_sparse,4096,2,8,1008,4190256,3255.0
3,baseline,html_sparse,4096,3,0,1008,4161024,4723.3
3,baseline,html_sparse,4096,3,1,1008,4161024,4751.8
3,baseline,html_sparse,4096,3,2,1008,4161024,4685.6
3,baseline,html_sparse,4096,3,3,1008,4161024,4699.7
3,baseline,html_sparse,4096,3,4,1008,4161024,4681.8
3,baseline,html_sparse,4096,3,5,1008,4161024,4724.3
3,baseline,html_sparse,4096,3,6,1008,4161024,4797.0
3,baseline,html_sparse,4096,3,7,1008,4161024,4936.8
3,baseline,html_sparse,4096,3,8,1008,4161024,4679.4
3,baseline,html_sparse,65536,0,0,64,4227072,86306.2
3,baseline,html_sparse,65536,0,1,64,4227072,88871.7
3,baseline,html_sparse,65536,0,2,64,4227072,87327.2
3,baseline,html_sparse,65536,0,3,64,4227072,88236.7
3,baseline,html_sparse,65536,0,4,64,4227072,87309.1
3,baseline,html_sparse,65536,0,5,64,4227072,85882.2
3,baseline,html_sparse,65536,0,6,64,4227072,86395.0
3,baseline,html_sparse,65536,0,7,64,4227072,88826.0
3,baseline,html_sparse,65536,0,8,64,4227072,86883.2
3,baseline,html_sparse,65536,1,0,64,4227072,73352.1
3,baseline,html_sparse,65536,1,1,64,4227072,75093.5
3,baseline,html_sparse,65536,1,2,64,4227072,77563.8
3,baseline,html_sparse,65536,1,3,64,4227072,73151.1
3,baseline,html_sparse,65536,1,4,64,4227072,73476.0
3,baseline,html_sparse,65536,1,5,64,4227072,74754.3
3,baseline,html_sparse,65536,1,6,64,4227072,72861.1
3,baseline,html_sparse,65536,1,7,64,4227072,73191.9
3,baseline,html_sparse,65536,1,8,64,4227072,74412.1
3,baseline,html_sparse,65536,2,0,64,4256576,51795.0
3,baseline,html_sparse,65536,2,1,64,4256576,52045.3
3,baseline,html_sparse,65536,2,2,64,4256576,50803.2
3,baseline,html_sparse,65536,2,3,64,4256576,50941.1
3,baseline,html_sparse,65536,2,4,64,4256576,51970.2
3,baseline,html_sparse,65536,2,5,64,4256576,50985.0
3,baseline,html_sparse,65536,2,6,64,4256576,53977.6
3,baseline,html_sparse,65536,2,7,64,4256576,55690.2
3,baseline,html_sparse,65536,2,8,64,4256576,53475.7
3,baseline,html_sparse,65536,3,0,64,4227072,77438.0
3,baseline,html_sparse,65536,3,1,64,4227072,76190.3
3,baseline,html_sparse,65536,3,2,64,4227072,75626.9
3,baseline,html_sparse,65536,3,3,64,4227072,78116.3
3,baseline,html_sparse,65536,3,4,64,4227072,76343.6
3,baseline,html_sparse,65536,3,5,64,4227072,75376.8
3,baseline,html_sparse,65536,3,6,64,4227072,76401.6
3,baseline,html_sparse,65536,3,7,64,4227072,76397.7
3,baseline,html_sparse,65536,3,8,64,4227072,75567.2
3,baseline,html_late,1,0,0,64527,193581,9.7
3,baseline,html_late,1,0,1,64527,193581,9.4
3,baseline,html_late,1,0,2,64527,193581,9.6
3,baseline,html_late,1,0,3,64527,193581,9.5
3,baseline,html_late,1,0,4,64527,193581,9.9
3,baseline,html_late,1,0,5,64527,193581,9.5
3,baseline,html_late,1,0,6,64527,193581,9.7
3,baseline,html_late,1,0,7,64527,193581,9.7
3,baseline,html_late,1,0,8,64527,193581,9.6
3,baseline,html_late,1,1,0,64527,193581,10.1
3,baseline,html_late,1,1,1,64527,193581,10.3
3,baseline,html_late,1,1,2,64527,193581,10.5
3,baseline,html_late,1,1,3,64527,193581,10.3
3,baseline,html_late,1,1,4,64527,193581,10.3
3,baseline,html_late,1,1,5,64527,193581,10.3
3,baseline,html_late,1,1,6,64527,193581,10.2
3,baseline,html_late,1,1,7,64527,193581,13.6
3,baseline,html_late,1,1,8,64527,193581,10.4
3,baseline,html_late,1,2,0,64527,322635,14.9
3,baseline,html_late,1,2,1,64527,322635,14.9
3,baseline,html_late,1,2,2,64527,322635,15.9
3,baseline,html_late,1,2,3,64527,322635,14.9
3,baseline,html_late,1,2,4,64527,322635,17.4
3,baseline,html_late,1,2,5,64527,322635,15.0
3,baseline,html_late,1,2,6,64527,322635,15.1
3,baseline,html_late,1,2,7,64527,322635,15.7
3,baseline,html_late,1,2,8,64527,322635,14.9
3,baseline,html_late,1,3,0,64527,193581,10.2
3,baseline,html_late,1,3,1,64527,193581,10.1
3,baseline,html_late,1,3,2,64527,193581,11.0
3,baseline,html_late,1,3,3,64527,193581,11.5
3,baseline,html_late,1,3,4,64527,193581,10.6
3,baseline,html_late,1,3,5,64527,193581,11.5
3,baseline,html_late,1,3,6,64527,193581,11.0
3,baseline,html_late,1,3,7,64527,193581,10.1
3,baseline,html_late,1,3,8,64527,193581,10.2
3,baseline,html_late,8,0,0,58254,582540,18.8
3,baseline,html_late,8,0,1,58254,582540,19.0
3,baseline,html_late,8,0,2,58254,582540,19.0
3,baseline,html_late,8,0,3,58254,582540,19.0
3,baseline,html_late,8,0,4,58254,582540,20.8
3,baseline,html_late,8,0,5,58254,582540,19.4
3,baseline,html_late,8,0,6,58254,582540,19.2
3,baseline,html_late,8,0,7,58254,582540,18.9
3,baseline,html_late,8,0,8,58254,582540,19.2
3,baseline,html_late,8,1,0,58254,582540,18.1
3,baseline,html_late,8,1,1,58254,582540,17.0
3,baseline,html_late,8,1,2,58254,582540,16.9
3,baseline,html_late,8,1,3,58254,582540,17.1
3,baseline,html_late,8,1,4,58254,582540,17.3
3,baseline,html_late,8,1,5,58254,582540,17.4
3,baseline,html_late,8,1,6,58254,582540,17.4
3,baseline,html_late,8,1,7,58254,582540,17.5
3,baseline,html_late,8,1,8,58254,582540,17.0
3,baseline,html_late,8,2,0,58254,699048,20.3
3,baseline,html_late,8,2,1,58254,699048,20.3
3,baseline,html_late,8,2,2,58254,699048,20.7
3,baseline,html_late,8,2,3,58254,699048,20.1
3,baseline,html_late,8,2,4,58254,699048,21.1
3,baseline,html_late,8,2,5,58254,699048,20.3
3,baseline,html_late,8,2,6,58254,699048,20.2
3,baseline,html_late,8,2,7,58254,699048,23.2
3,baseline,html_late,8,2,8,58254,699048,20.3
3,baseline,html_late,8,3,0,58254,582540,21.8
3,baseline,html_late,8,3,1,58254,582540,21.1
3,baseline,html_late,8,3,2,58254,582540,19.8
3,baseline,html_late,8,3,3,58254,582540,18.4
3,baseline,html_late,8,3,4,58254,582540,21.2
3,baseline,html_late,8,3,5,58254,582540,17.9
3,baseline,html_late,8,3,6,58254,582540,18.4
3,baseline,html_late,8,3,7,58254,582540,18.2
3,baseline,html_late,8,3,8,58254,582540,18.2
3,baseline,html_late,64,0,0,32768,2162688,98.9
3,baseline,html_late,64,0,1,32768,2162688,96.2
3,baseline,html_late,64,0,2,32768,2162688,103.1
3,baseline,html_late,64,0,3,32768,2162688,114.0
3,baseline,html_late,64,0,4,32768,2162688,97.5
3,baseline,html_late,64,0,5,32768,2162688,96.2
3,baseline,html_late,64,0,6,32768,2162688,95.8
3,baseline,html_late,64,0,7,32768,2162688,96.2
3,baseline,html_late,64,0,8,32768,2162688,95.8
3,baseline,html_late,64,1,0,32768,2162688,92.1
3,baseline,html_late,64,1,1,32768,2162688,93.0
3,baseline,html_late,64,1,2,32768,2162688,99.9
3,baseline,html_late,64,1,3,32768,2162688,98.3
3,baseline,html_late,64,1,4,32768,2162688,102.4
3,baseline,html_late,64,1,5,32768,2162688,91.9
3,baseline,html_late,64,1,6,32768,2162688,96.8
3,baseline,html_late,64,1,7,32768,2162688,92.3
3,baseline,html_late,64,1,8,32768,2162688,92.6
3,baseline,html_late,64,2,0,32768,2228224,58.8
3,baseline,html_late,64,2,1,32768,2228224,66.2
3,baseline,html_late,64,2,2,32768,2228224,64.3
3,baseline,html_late,64,2,3,32768,2228224,65.7
3,baseline,html_late,64,2,4,32768,2228224,62.9
3,baseline,html_late,64,2,5,32768,2228224,59.8
3,baseline,html_late,64,2,6,32768,2228224,60.6
3,baseline,html_late,64,2,7,32768,2228224,59.8
3,baseline,html_late,64,2,8,32768,2228224,59.0
3,baseline,html_late,64,3,0,32768,2162688,86.0
3,baseline,html_late,64,3,1,32768,2162688,86.4
3,baseline,html_late,64,3,2,32768,2162688,85.3
3,baseline,html_late,64,3,3,32768,2162688,86.9
3,baseline,html_late,64,3,4,32768,2162688,86.3
3,baseline,html_late,64,3,5,32768,2162688,92.5
3,baseline,html_late,64,3,6,32768,2162688,85.2
3,baseline,html_late,64,3,7,32768,2162688,85.6
3,baseline,html_late,64,3,8,32768,2162688,86.5
3,baseline,html_late,4096,0,0,1008,4130784,5274.1
3,baseline,html_late,4096,0,1,1008,4130784,5307.8
3,baseline,html_late,4096,0,2,1008,4130784,5441.5
3,baseline,html_late,4096,0,3,1008,4130784,5577.5
3,baseline,html_late,4096,0,4,1008,4130784,5442.0
3,baseline,html_late,4096,0,5,1008,4130784,5341.3
3,baseline,html_late,4096,0,6,1008,4130784,5305.9
3,baseline,html_late,4096,0,7,1008,4130784,5315.6
3,baseline,html_late,4096,0,8,1008,4130784,5338.2
3,baseline,html_late,4096,1,0,1008,4130784,4668.3
3,baseline,html_late,4096,1,1,1008,4130784,4721.8
3,baseline,html_late,4096,1,2,1008,4130784,4747.4
3,baseline,html_late,4096,1,3,1008,4130784,4674.9
3,baseline,html_late,4096,1,4,1008,4130784,4724.4
3,baseline,html_late,4096,1,5,1008,4130784,4693.9
3,baseline,html_late,4096,1,6,1008,4130784,4650.7
3,baseline,html_late,4096,1,7,1008,4130784,4710.8
3,baseline,html_late,4096,1,8,1008,4130784,4734.4
3,baseline,html_late,4096,2,0,1008,4132800,3106.2
3,baseline,html_late,4096,2,1,1008,4132800,3146.9
3,baseline,html_late,4096,2,2,1008,4132800,3031.7
3,baseline,html_late,4096,2,3,1008,4132800,3027.7
3,baseline,html_late,4096,2,4,1008,4132800,3019.2
3,baseline,html_late,4096,2,5,1008,4132800,3080.8
3,baseline,html_late,4096,2,6,1008,4132800,3249.9
3,baseline,html_late,4096,2,7,1008,4132800,3238.0
3,baseline,html_late,4096,2,8,1008,4132800,3036.8
3,baseline,html_late,4096,3,0,1008,4130784,4927.8
3,baseline,html_late,4096,3,1,1008,4130784,4733.1
3,baseline,html_late,4096,3,2,1008,4130784,4630.2
3,baseline,html_late,4096,3,3,1008,4130784,4752.1
3,baseline,html_late,4096,3,4,1008,4130784,4709.4
3,baseline,html_late,4096,3,5,1008,4130784,4637.1
3,baseline,html_late,4096,3,6,1008,4130784,4764.5
3,baseline,html_late,4096,3,7,1008,4130784,4678.7
3,baseline,html_late,4096,3,8,1008,4130784,4663.8
3,baseline,html_late,65536,0,0,64,4194432,85846.3
3,baseline,html_late,65536,0,1,64,4194432,84785.1
3,baseline,html_late,65536,0,2,64,4194432,97141.6
3,baseline,html_late,65536,0,3,64,4194432,84254.8
3,baseline,html_late,65536,0,4,64,4194432,89371.3
3,baseline,html_late,65536,0,5,64,4194432,91104.0
3,baseline,html_late,65536,0,6,64,4194432,83926.2
3,baseline,html_late,65536,0,7,64,4194432,88754.8
3,baseline,html_late,65536,0,8,64,4194432,85162.5
3,baseline,html_late,65536,1,0,64,4194432,82753.0
3,baseline,html_late,65536,1,1,64,4194432,74839.2
3,baseline,html_late,65536,1,2,64,4194432,78832.5
3,baseline,html_late,65536,1,3,64,4194432,76235.2
3,baseline,html_late,65536,1,4,64,4194432,74525.3
3,baseline,html_late,65536,1,5,64,4194432,74540.7
3,baseline,html_late,65536,1,6,64,4194432,84269.2
3,baseline,html_late,65536,1,7,64,4194432,75389.1
3,baseline,html_late,65536,1,8,64,4194432,74467.5
3,baseline,html_late,65536,2,0,64,4194560,47583.4
3,baseline,html_late,65536,2,1,64,4194560,51785.5
3,baseline,html_late,65536,2,2,64,4194560,47455.0
3,baseline,html_late,65536,2,3,64,4194560,47679.5
3,baseline,html_late,65536,2,4,64,4194560,49776.3
3,baseline,html_late,65536,2,5,64,4194560,48491.6
3,baseline,html_late,65536,2,6,64,4194560,49024.3
3,baseline,html_late,65536,2,7,64,4194560,48833.3
3,baseline,html_late,65536,2,8,64,4194560,48448.8
3,baseline,html_late,65536,3,0,64,4194432,71215.4
3,baseline,html_late,65536,3,1,64,4194432,71139.7
3,baseline,html_late,65536,3,2,64,4194432,73159.4
3,baseline,html_late,65536,3,3,64,4194432,70832.5
3,baseline,html_late,65536,3,4,64,4194432,71157.2
3,baseline,html_late,65536,3,5,64,4194432,73864.5
3,baseline,html_late,65536,3,6,64,4194432,71039.2
3,baseline,html_late,65536,3,7,64,4194432,71088.7
3,baseline,html_late,65536,3,8,64,4194432,72274.2
3,baseline,double_quote_runs,17,0,0,51781,983839,30.1
3,baseline,double_quote_runs,17,0,1,51781,983839,30.7
3,baseline,double_quote_runs,17,0,2,51781,983839,30.8
3,baseline,double_quote_runs,17,0,3,51781,983839,31.0
3,baseline,double_quote_runs,17,0,4,51781,983839,31.8
3,baseline,double_quote_runs,17,0,5,51781,983839,32.3
3,baseline,double_quote_runs,17,0,6,51781,983839,34.6
3,baseline,double_quote_runs,17,0,7,51781,983839,29.9
3,baseline,double_quote_runs,17,0,8,51781,983839,29.9
3,baseline,double_quote_runs,17,1,0,51781,983839,27.5
3,baseline,double_quote_runs,17,1,1,51781,983839,27.5
3,baseline,double_quote_runs,17,1,2,51781,983839,26.8
3,baseline,double_quote_runs,17,1,3,51781,983839,27.1
3,baseline,double_quote_runs,17,1,4,51781,983839,26.8
3,baseline,double_quote_runs,17,1,5,51781,983839,26.6
3,baseline,double_quote_runs,17,1,6,51781,983839,27.3
3,baseline,double_quote_runs,17,1,7,51781,983839,28.6
3,baseline,double_quote_runs,17,1,8,51781,983839,26.6
3,baseline,double_quote_runs,17,2,0,51781,1139182,27.5
3,baseline,double_quote_runs,17,2,1,51781,1139182,27.6
3,baseline,double_quote_runs,17,2,2,51781,1139182,28.2
3,baseline,double_quote_runs,17,2,3,51781,1139182,27.2
3,baseline,double_quote_runs,17,2,4,51781,1139182,27.4
3,baseline,double_quote_runs,17,2,5,51781,1139182,27.6
3,baseline,double_quote_runs,17,2,6,51781,1139182,27.1
3,baseline,double_quote_runs,17,2,7,51781,1139182,27.5
3,baseline,double_quote_runs,17,2,8,51781,1139182,27.7
3,baseline,double_quote_runs,17,3,0,51781,983839,28.2
3,baseline,double_quote_runs,17,3,1,51781,983839,27.9
3,baseline,double_quote_runs,17,3,2,51781,983839,27.9
3,baseline,double_quote_runs,17,3,3,51781,983839,26.9
3,baseline,double_quote_runs,17,3,4,51781,983839,27.2
3,baseline,double_quote_runs,17,3,5,51781,983839,27.8
3,baseline,double_quote_runs,17,3,6,51781,983839,29.3
3,baseline,double_quote_runs,17,3,7,51781,983839,29.4
3,baseline,double_quote_runs,17,3,8,51781,983839,27.7
3,baseline,double_quote_runs,68,0,0,31775,2414900,102.2
3,baseline,double_quote_runs,68,0,1,31775,2414900,100.9
3,baseline,double_quote_runs,68,0,2,31775,2414900,104.7
3,baseline,double_quote_runs,68,0,3,31775,2414900,100.3
3,baseline,double_quote_runs,68,0,4,31775,2414900,101.3
3,baseline,double_quote_runs,68,0,5,31775,2414900,101.5
3,baseline,double_quote_runs,68,0,6,31775,2414900,104.8
3,baseline,double_quote_runs,68,0,7,31775,2414900,100.9
3,baseline,double_quote_runs,68,0,8,31775,2414900,102.4
3,baseline,double_quote_runs,68,1,0,31775,2414900,90.7
3,baseline,double_quote_runs,68,1,1,31775,2414900,101.8
3,baseline,double_quote_runs,68,1,2,31775,2414900,88.5
3,baseline,double_quote_runs,68,1,3,31775,2414900,86.9
3,baseline,double_quote_runs,68,1,4,31775,2414900,87.0
3,baseline,double_quote_runs,68,1,5,31775,2414900,87.7
3,baseline,double_quote_runs,68,1,6,31775,2414900,91.9
3,baseline,double_quote_runs,68,1,7,31775,2414900,89.0
3,baseline,double_quote_runs,68,1,8,31775,2414900,88.9
3,baseline,double_quote_runs,68,2,0,31775,2796200,70.5
3,baseline,double_quote_runs,68,2,1,31775,2796200,68.2
3,baseline,double_quote_runs,68,2,2,31775,2796200,67.1
3,baseline,double_quote_runs,68,2,3,31775,2796200,68.0
3,baseline,double_quote_runs,68,2,4,31775,2796200,67.9
3,baseline,double_quote_runs,68,2,5,31775,2796200,67.8
3,baseline,double_quote_runs,68,2,6,31775,2796200,68.0
3,baseline,double_quote_runs,68,2,7,31775,2796200,68.1
3,baseline,double_quote_runs,68,2,8,31775,2796200,73.8
3,baseline,double_quote_runs,68,3,0,31775,2414900,90.6
3,baseline,double_quote_runs,68,3,1,31775,2414900,93.2
3,baseline,double_quote_runs,68,3,2,31775,2414900,91.7
3,baseline,double_quote_runs,68,3,3,31775,2414900,109.5
3,baseline,double_quote_runs,68,3,4,31775,2414900,91.2
3,baseline,double_quote_runs,68,3,5,31775,2414900,93.0
3,baseline,double_quote_runs,68,3,6,31775,2414900,92.2
3,baseline,double_quote_runs,68,3,7,31775,2414900,92.8
3,baseline,double_quote_runs,68,3,8,31775,2414900,96.0
3,baseline,double_quote_runs,4097,0,0,1008,4615632,5534.1
3,baseline,double_quote_runs,4097,0,1,1008,4615632,5740.9
3,baseline,double_quote_runs,4097,0,2,1008,4615632,5548.2
3,baseline,double_quote_runs,4097,0,3,1008,4615632,5574.6
3,baseline,double_quote_runs,4097,0,4,1008,4615632,6059.4
3,baseline,double_quote_runs,4097,0,5,1008,4615632,5530.0
3,baseline,double_quote_runs,4097,0,6,1008,4615632,5852.5
3,baseline,double_quote_runs,4097,0,7,1008,4615632,5467.1
3,baseline,double_quote_runs,4097,0,8,1008,4615632,5419.9
3,baseline,double_quote_runs,4097,1,0,1008,4615632,4871.7
3,baseline,double_quote_runs,4097,1,1,1008,4615632,4878.0
3,baseline,double_quote_runs,4097,1,2,1008,4615632,5186.8
3,baseline,double_quote_runs,4097,1,3,1008,4615632,4906.1
3,baseline,double_quote_runs,4097,1,4,1008,4615632,4903.5
3,baseline,double_quote_runs,4097,1,5,1008,4615632,5212.4
3,baseline,double_quote_runs,4097,1,6,1008,4615632,4893.6
3,baseline,double_quote_runs,4097,1,7,1008,4615632,4984.6
3,baseline,double_quote_runs,4097,1,8,1008,4615632,4905.4
3,baseline,double_quote_runs,4097,2,0,1008,5344416,3280.3
3,baseline,double_quote_runs,4097,2,1,1008,5344416,3529.9
3,baseline,double_quote_runs,4097,2,2,1008,5344416,3731.3
3,baseline,double_quote_runs,4097,2,3,1008,5344416,3311.0
3,baseline,double_quote_runs,4097,2,4,1008,5344416,3702.9
3,baseline,double_quote_runs,4097,2,5,1008,5344416,3326.8
3,baseline,double_quote_runs,4097,2,6,1008,5344416,3385.6
3,baseline,double_quote_runs,4097,2,7,1008,5344416,3336.2
3,baseline,double_quote_runs,4097,2,8,1008,5344416,3371.0
3,baseline,double_quote_runs,4097,3,0,1008,4615632,5058.5
3,baseline,double_quote_runs,4097,3,1,1008,4615632,4834.2
3,baseline,double_quote_runs,4097,3,2,1008,4615632,4830.0
3,baseline,double_quote_runs,4097,3,3,1008,4615632,5102.4
3,baseline,double_quote_runs,4097,3,4,1008,4615632,4825.9
3,baseline,double_quote_runs,4097,3,5,1008,4615632,4827.8
3,baseline,double_quote_runs,4097,3,6,1008,4615632,5028.7
3,baseline,double_quote_runs,4097,3,7,1008,4615632,4805.9
3,baseline,double_quote_runs,4097,3,8,1008,4615632,4818.9
3,baseline,double_quote_runs,65552,0,0,64,4688896,87115.2
3,baseline,double_quote_runs,65552,0,1,64,4688896,91310.1
3,baseline,double_quote_runs,65552,0,2,64,4688896,96141.6
3,baseline,double_quote_runs,65552,0,3,64,4688896,94548.9
3,baseline,double_quote_runs,65552,0,4,64,4688896,89730.0
3,baseline,double_quote_runs,65552,0,5,64,4688896,86963.0
3,baseline,double_quote_runs,65552,0,6,64,4688896,89178.9
3,baseline,double_quote_runs,65552,0,7,64,4688896,91752.0
3,baseline,double_quote_runs,65552,0,8,64,4688896,88184.3
3,baseline,double_quote_runs,65552,1,0,64,4688896,81255.1
3,baseline,double_quote_runs,65552,1,1,64,4688896,80700.4
3,baseline,double_quote_runs,65552,1,2,64,4688896,80910.1
3,baseline,double_quote_runs,65552,1,3,64,4688896,85549.8
3,baseline,double_quote_runs,65552,1,4,64,4688896,79232.8
3,baseline,double_quote_runs,65552,1,5,64,4688896,80955.6
3,baseline,double_quote_runs,65552,1,6,64,4688896,80660.5
3,baseline,double_quote_runs,65552,1,7,64,4688896,79183.1
3,baseline,double_quote_runs,65552,1,8,64,4688896,83869.8
3,baseline,double_quote_runs,65552,2,0,64,5429248,51574.2
3,baseline,double_quote_runs,65552,2,1,64,5429248,51427.0
3,baseline,double_quote_runs,65552,2,2,64,5429248,53668.5
3,baseline,double_quote_runs,65552,2,3,64,5429248,51733.5
3,baseline,double_quote_runs,65552,2,4,64,5429248,51711.0
3,baseline,double_quote_runs,65552,2,5,64,5429248,51626.3
3,baseline,double_quote_runs,65552,2,6,64,5429248,51737.8
3,baseline,double_quote_runs,65552,2,7,64,5429248,54916.0
3,baseline,double_quote_runs,65552,2,8,64,5429248,55165.4
3,baseline,double_quote_runs,65552,3,0,64,4688896,76448.8
3,baseline,double_quote_runs,65552,3,1,64,4688896,75666.6
3,baseline,double_quote_runs,65552,3,2,64,4688896,81361.3
3,baseline,double_quote_runs,65552,3,3,64,4688896,80147.9
3,baseline,double_quote_runs,65552,3,4,64,4688896,75718.8
3,baseline,double_quote_runs,65552,3,5,64,4688896,75810.5
3,baseline,double_quote_runs,65552,3,6,64,4688896,77299.0
3,baseline,double_quote_runs,65552,3,7,64,4688896,80296.2
3,baseline,double_quote_runs,65552,3,8,64,4688896,75492.8
3,baseline,apostrophe_runs,17,0,0,51781,983839,36.0
3,baseline,apostrophe_runs,17,0,1,51781,983839,31.7
3,baseline,apostrophe_runs,17,0,2,51781,983839,31.4
3,baseline,apostrophe_runs,17,0,3,51781,983839,31.0
3,baseline,apostrophe_runs,17,0,4,51781,983839,30.6
3,baseline,apostrophe_runs,17,0,5,51781,983839,31.1
3,baseline,apostrophe_runs,17,0,6,51781,983839,30.3
3,baseline,apostrophe_runs,17,0,7,51781,983839,30.6
3,baseline,apostrophe_runs,17,0,8,51781,983839,30.4
3,baseline,apostrophe_runs,17,1,0,51781,983839,26.7
3,baseline,apostrophe_runs,17,1,1,51781,983839,26.9
3,baseline,apostrophe_runs,17,1,2,51781,983839,26.7
3,baseline,apostrophe_runs,17,1,3,51781,983839,28.2
3,baseline,apostrophe_runs,17,1,4,51781,983839,27.0
3,baseline,apostrophe_runs,17,1,5,51781,983839,27.1
3,baseline,apostrophe_runs,17,1,6,51781,983839,27.8
3,baseline,apostrophe_runs,17,1,7,51781,983839,30.9
3,baseline,apostrophe_runs,17,1,8,51781,983839,27.6
3,baseline,apostrophe_runs,17,2,0,51781,1087401,29.6
3,baseline,apostrophe_runs,17,2,1,51781,1087401,32.5
3,baseline,apostrophe_runs,17,2,2,51781,1087401,28.0
3,baseline,apostrophe_runs,17,2,3,51781,1087401,30.3
3,baseline,apostrophe_runs,17,2,4,51781,1087401,28.1
3,baseline,apostrophe_runs,17,2,5,51781,1087401,27.9
3,baseline,apostrophe_runs,17,2,6,51781,1087401,28.4
3,baseline,apostrophe_runs,17,2,7,51781,1087401,32.1
3,baseline,apostrophe_runs,17,2,8,51781,1087401,28.0
3,baseline,apostrophe_runs,17,3,0,51781,983839,27.2
3,baseline,apostrophe_runs,17,3,1,51781,983839,29.9
3,baseline,apostrophe_runs,17,3,2,51781,983839,27.8
3,baseline,apostrophe_runs,17,3,3,51781,983839,27.2
3,baseline,apostrophe_runs,17,3,4,51781,983839,27.0
3,baseline,apostrophe_runs,17,3,5,51781,983839,28.4
3,baseline,apostrophe_runs,17,3,6,51781,983839,27.4
3,baseline,apostrophe_runs,17,3,7,51781,983839,27.0
3,baseline,apostrophe_runs,17,3,8,51781,983839,27.3
3,baseline,apostrophe_runs,68,0,0,31775,2414900,100.7
3,baseline,apostrophe_runs,68,0,1,31775,2414900,100.3
3,baseline,apostrophe_runs,68,0,2,31775,2414900,101.8
3,baseline,apostrophe_runs,68,0,3,31775,2414900,102.5
3,baseline,apostrophe_runs,68,0,4,31775,2414900,108.5
3,baseline,apostrophe_runs,68,0,5,31775,2414900,100.7
3,baseline,apostrophe_runs,68,0,6,31775,2414900,100.0
3,baseline,apostrophe_runs,68,0,7,31775,2414900,100.9
3,baseline,apostrophe_runs,68,0,8,31775,2414900,101.7
3,baseline,apostrophe_runs,68,1,0,31775,2414900,86.5
3,baseline,apostrophe_runs,68,1,1,31775,2414900,85.8
3,baseline,apostrophe_runs,68,1,2,31775,2414900,88.1
3,baseline,apostrophe_runs,68,1,3,31775,2414900,90.8
3,baseline,apostrophe_runs,68,1,4,31775,2414900,86.7
3,baseline,apostrophe_runs,68,1,5,31775,2414900,86.0
3,baseline,apostrophe_runs,68,1,6,31775,2414900,86.7
3,baseline,apostrophe_runs,68,1,7,31775,2414900,88.6
3,baseline,apostrophe_runs,68,1,8,31775,2414900,86.4
3,baseline,apostrophe_runs,68,2,0,31775,2669100,69.8
3,baseline,apostrophe_runs,68,2,1,31775,2669100,67.9
3,baseline,apostrophe_runs,68,2,2,31775,2669100,68.9
3,baseline,apostrophe_runs,68,2,3,31775,2669100,68.6
3,baseline,apostrophe_runs,68,2,4,31775,2669100,68.6
3,baseline,apostrophe_runs,68,2,5,31775,2669100,73.4
3,baseline,apostrophe_runs,68,2,6,31775,2669100,69.2
3,baseline,apostrophe_runs,68,2,7,31775,2669100,68.8
3,baseline,apostrophe_runs,68,2,8,31775,2669100,67.4
3,baseline,apostrophe_runs,68,3,0,31775,2414900,92.1
3,baseline,apostrophe_runs,68,3,1,31775,2414900,91.4
3,baseline,apostrophe_runs,68,3,2,31775,2414900,90.6
3,baseline,apostrophe_runs,68,3,3,31775,2414900,90.0
3,baseline,apostrophe_runs,68,3,4,31775,2414900,97.9
3,baseline,apostrophe_runs,68,3,5,31775,2414900,102.6
3,baseline,apostrophe_runs,68,3,6,31775,2414900,98.4
3,baseline,apostrophe_runs,68,3,7,31775,2414900,98.2
3,baseline,apostrophe_runs,68,3,8,31775,2414900,98.5
3,baseline,apostrophe_runs,4097,0,0,1008,4615632,5506.5
3,baseline,apostrophe_runs,4097,0,1,1008,4615632,5662.7
3,baseline,apostrophe_runs,4097,0,2,1008,4615632,5619.1
3,baseline,apostrophe_runs,4097,0,3,1008,4615632,5551.3
3,baseline,apostrophe_runs,4097,0,4,1008,4615632,5603.7
3,baseline,apostrophe_runs,4097,0,5,1008,4615632,5543.0
3,baseline,apostrophe_runs,4097,0,6,1008,4615632,5572.5
3,baseline,apostrophe_runs,4097,0,7,1008,4615632,5577.7
3,baseline,apostrophe_runs,4097,0,8,1008,4615632,5573.9
3,baseline,apostrophe_runs,4097,1,0,1008,4615632,5020.1
3,baseline,apostrophe_runs,4097,1,1,1008,4615632,5052.1
3,baseline,apostrophe_runs,4097,1,2,1008,4615632,4960.0
3,baseline,apostrophe_runs,4097,1,3,1008,4615632,5058.2
3,baseline,apostrophe_runs,4097,1,4,1008,4615632,5037.9
3,baseline,apostrophe_runs,4097,1,5,1008,4615632,4960.9
3,baseline,apostrophe_runs,4097,1,6,1008,4615632,5009.5
3,baseline,apostrophe_runs,4097,1,7,1008,4615632,5038.6
3,baseline,apostrophe_runs,4097,1,8,1008,4615632,5215.3
3,baseline,apostrophe_runs,4097,2,0,1008,5101488,3293.2
3,baseline,apostrophe_runs,4097,2,1,1008,5101488,3285.9
3,baseline,apostrophe_runs,4097,2,2,1008,5101488,3246.1
3,baseline,apostrophe_runs,4097,2,3,1008,5101488,3421.7
3,baseline,apostrophe_runs,4097,2,4,1008,5101488,3251.1
3,baseline,apostrophe_runs,4097,2,5,1008,5101488,3253.2
3,baseline,apostrophe_runs,4097,2,6,1008,5101488,3266.6
3,baseline,apostrophe_runs,4097,2,7,1008,5101488,3244.3
3,baseline,apostrophe_runs,4097,2,8,1008,5101488,3466.9
3,baseline,apostrophe_runs,4097,3,0,1008,4615632,4994.1
3,baseline,apostrophe_runs,4097,3,1,1008,4615632,4945.3
3,baseline,apostrophe_runs,4097,3,2,1008,4615632,4839.9
3,baseline,apostrophe_runs,4097,3,3,1008,4615632,4886.9
3,baseline,apostrophe_runs,4097,3,4,1008,4615632,5025.1
3,baseline,apostrophe_runs,4097,3,5,1008,4615632,5106.4
3,baseline,apostrophe_runs,4097,3,6,1008,4615632,5000.2
3,baseline,apostrophe_runs,4097,3,7,1008,4615632,4903.7
3,baseline,apostrophe_runs,4097,3,8,1008,4615632,4828.2
3,baseline,apostrophe_runs,65552,0,0,64,4688896,89370.8
3,baseline,apostrophe_runs,65552,0,1,64,4688896,89889.4
3,baseline,apostrophe_runs,65552,0,2,64,4688896,88220.7
3,baseline,apostrophe_runs,65552,0,3,64,4688896,91088.9
3,baseline,apostrophe_runs,65552,0,4,64,4688896,88526.2
3,baseline,apostrophe_runs,65552,0,5,64,4688896,89042.7
3,baseline,apostrophe_runs,65552,0,6,64,4688896,89382.5
3,baseline,apostrophe_runs,65552,0,7,64,4688896,87681.2
3,baseline,apostrophe_runs,65552,0,8,64,4688896,90885.2
3,baseline,apostrophe_runs,65552,1,0,64,4688896,80939.3
3,baseline,apostrophe_runs,65552,1,1,64,4688896,82291.1
3,baseline,apostrophe_runs,65552,1,2,64,4688896,83351.6
3,baseline,apostrophe_runs,65552,1,3,64,4688896,80558.4
3,baseline,apostrophe_runs,65552,1,4,64,4688896,82890.5
3,baseline,apostrophe_runs,65552,1,5,64,4688896,84225.6
3,baseline,apostrophe_runs,65552,1,6,64,4688896,79725.4
3,baseline,apostrophe_runs,65552,1,7,64,4688896,81391.5
3,baseline,apostrophe_runs,65552,1,8,64,4688896,85085.6
3,baseline,apostrophe_runs,65552,2,0,64,5182464,52465.8
3,baseline,apostrophe_runs,65552,2,1,64,5182464,51035.9
3,baseline,apostrophe_runs,65552,2,2,64,5182464,51708.0
3,baseline,apostrophe_runs,65552,2,3,64,5182464,50891.4
3,baseline,apostrophe_runs,65552,2,4,64,5182464,54304.3
3,baseline,apostrophe_runs,65552,2,5,64,5182464,54671.7
3,baseline,apostrophe_runs,65552,2,6,64,5182464,51295.0
3,baseline,apostrophe_runs,65552,2,7,64,5182464,52487.2
3,baseline,apostrophe_runs,65552,2,8,64,5182464,51262.5
3,baseline,apostrophe_runs,65552,3,0,64,4688896,76269.0
3,baseline,apostrophe_runs,65552,3,1,64,4688896,76240.5
3,baseline,apostrophe_runs,65552,3,2,64,4688896,76934.8
3,baseline,apostrophe_runs,65552,3,3,64,4688896,76136.0
3,baseline,apostrophe_runs,65552,3,4,64,4688896,76994.1
3,baseline,apostrophe_runs,65552,3,5,64,4688896,77985.9
3,baseline,apostrophe_runs,65552,3,6,64,4688896,76434.4
3,baseline,apostrophe_runs,65552,3,7,64,4688896,76123.8
3,baseline,apostrophe_runs,65552,3,8,64,4688896,85044.3
