round,arm,input,input_bytes,kind,trial,calls,output_bytes,ns_per_call
0,baseline,plain,0,0,0,65536,0,3.3
0,baseline,plain,0,0,1,65536,0,3.3
0,baseline,plain,0,0,2,65536,0,3.3
0,baseline,plain,0,0,3,65536,0,3.3
0,baseline,plain,0,0,4,65536,0,3.3
0,baseline,plain,0,0,5,65536,0,3.7
0,baseline,plain,0,0,6,65536,0,3.5
0,baseline,plain,0,0,7,65536,0,3.5
0,baseline,plain,0,0,8,65536,0,3.5
0,baseline,plain,0,1,0,65536,0,4.9
0,baseline,plain,0,1,1,65536,0,4.4
0,baseline,plain,0,1,2,65536,0,3.7
0,baseline,plain,0,1,3,65536,0,3.7
0,baseline,plain,0,1,4,65536,0,3.8
0,baseline,plain,0,1,5,65536,0,3.7
0,baseline,plain,0,1,6,65536,0,3.7
0,baseline,plain,0,1,7,65536,0,3.7
0,baseline,plain,0,1,8,65536,0,4.3
0,baseline,plain,0,2,0,65536,0,6.3
0,baseline,plain,0,2,1,65536,0,6.2
0,baseline,plain,0,2,2,65536,0,6.6
0,baseline,plain,0,2,3,65536,0,6.2
0,baseline,plain,0,2,4,65536,0,6.2
0,baseline,plain,0,2,5,65536,0,6.2
0,baseline,plain,0,2,6,65536,0,6.4
0,baseline,plain,0,2,7,65536,0,6.3
0,baseline,plain,0,2,8,65536,0,6.3
0,baseline,plain,0,3,0,65536,0,3.5
0,baseline,plain,0,3,1,65536,0,3.3
0,baseline,plain,0,3,2,65536,0,3.3
0,baseline,plain,0,3,3,65536,0,3.3
0,baseline,plain,0,3,4,65536,0,3.7
0,baseline,plain,0,3,5,65536,0,3.4
0,baseline,plain,0,3,6,65536,0,3.3
0,baseline,plain,0,3,7,65536,0,3.3
0,baseline,plain,0,3,8,65536,0,3.5
0,baseline,plain,30,0,0,44620,1427840,47.6
0,baseline,plain,30,0,1,44620,1427840,50.9
0,baseline,plain,30,0,2,44620,1427840,48.4
0,baseline,plain,30,0,3,44620,1427840,48.4
0,baseline,plain,30,0,4,44620,1427840,48.7
0,baseline,plain,30,0,5,44620,1427840,48.1
0,baseline,plain,30,0,6,44620,1427840,47.9
0,baseline,plain,30,0,7,44620,1427840,48.2
0,baseline,plain,30,0,8,44620,1427840,47.9
0,baseline,plain,30,1,0,44620,1338600,40.3
0,baseline,plain,30,1,1,44620,1338600,40.4
0,baseline,plain,30,1,2,44620,1338600,40.9
0,baseline,plain,30,1,3,44620,1338600,40.8
0,baseline,plain,30,1,4,44620,1338600,42.3
0,baseline,plain,30,1,5,44620,1338600,43.9
0,baseline,plain,30,1,6,44620,1338600,42.4
0,baseline,plain,30,1,7,44620,1338600,41.2
0,baseline,plain,30,1,8,44620,1338600,41.1
0,baseline,plain,30,2,0,44620,1338600,41.8
0,baseline,plain,30,2,1,44620,1338600,40.6
0,baseline,plain,30,2,2,44620,1338600,39.8
0,baseline,plain,30,2,3,44620,1338600,40.1
0,baseline,plain,30,2,4,44620,1338600,39.8
0,baseline,plain,30,2,5,44620,1338600,39.6
0,baseline,plain,30,2,6,44620,1338600,39.9
0,baseline,plain,30,2,7,44620,1338600,40.9
0,baseline,plain,30,2,8,44620,1338600,40.0
0,baseline,plain,30,3,0,44620,1427840,46.6
0,baseline,plain,30,3,1,44620,1427840,44.6
0,baseline,plain,30,3,2,44620,1427840,43.8
0,baseline,plain,30,3,3,44620,1427840,44.4
0,baseline,plain,30,3,4,44620,1427840,44.0
0,baseline,plain,30,3,5,44620,1427840,48.3
0,baseline,plain,30,3,6,44620,1427840,44.6
0,baseline,plain,30,3,7,44620,1427840,44.2
0,baseline,plain,30,3,8,44620,1427840,44.6
0,baseline,plain,90,0,0,27235,2614560,147.5
0,baseline,plain,90,0,1,27235,2614560,138.0
0,baseline,plain,90,0,2,27235,2614560,140.7
0,baseline,plain,90,0,3,27235,2614560,140.2
0,baseline,plain,90,0,4,27235,2614560,145.4
0,baseline,plain,90,0,5,27235,2614560,139.0
0,baseline,plain,90,0,6,27235,2614560,140.6
0,baseline,plain,90,0,7,27235,2614560,138.0
0,baseline,plain,90,0,8,27235,2614560,144.4
0,baseline,plain,90,1,0,27235,2451150,120.9
0,baseline,plain,90,1,1,27235,2451150,126.6
0,baseline,plain,90,1,2,27235,2451150,130.7
0,baseline,plain,90,1,3,27235,2451150,130.8
0,baseline,plain,90,1,4,27235,2451150,121.3
0,baseline,plain,90,1,5,27235,2451150,125.2
0,baseline,plain,90,1,6,27235,2451150,122.2
0,baseline,plain,90,1,7,27235,2451150,123.1
0,baseline,plain,90,1,8,27235,2451150,122.6
0,baseline,plain,90,2,0,27235,2451150,85.5
0,baseline,plain,90,2,1,27235,2451150,114.4
0,baseline,plain,90,2,2,27235,2451150,101.1
0,baseline,plain,90,2,3,27235,2451150,86.6
0,baseline,plain,90,2,4,27235,2451150,85.7
0,baseline,plain,90,2,5,27235,2451150,87.5
0,baseline,plain,90,2,6,27235,2451150,86.2
0,baseline,plain,90,2,7,27235,2451150,104.7
0,baseline,plain,90,2,8,27235,2451150,100.4
0,baseline,plain,90,3,0,27235,2614560,127.5
0,baseline,plain,90,3,1,27235,2614560,134.5
0,baseline,plain,90,3,2,27235,2614560,131.0
0,baseline,plain,90,3,3,27235,2614560,128.2
0,baseline,plain,90,3,4,27235,2614560,129.0
0,baseline,plain,90,3,5,27235,2614560,130.3
0,baseline,plain,90,3,6,27235,2614560,135.1
0,baseline,plain,90,3,7,27235,2614560,129.1
0,baseline,plain,90,3,8,27235,2614560,133.8
0,baseline,plain,4110,0,0,1004,4401536,5547.7
0,baseline,plain,4110,0,1,1004,4401536,5602.1
0,baseline,plain,4110,0,2,1004,4401536,5639.3
0,baseline,plain,4110,0,3,1004,4401536,5528.7
0,baseline,plain,4110,0,4,1004,4401536,5622.2
0,baseline,plain,4110,0,5,1004,4401536,5629.7
0,baseline,plain,4110,0,6,1004,4401536,5585.0
0,baseline,plain,4110,0,7,1004,4401536,5580.7
0,baseline,plain,4110,0,8,1004,4401536,5611.5
0,baseline,plain,4110,1,0,1004,4126440,4893.1
0,baseline,plain,4110,1,1,1004,4126440,5019.0
0,baseline,plain,4110,1,2,1004,4126440,4864.0
0,baseline,plain,4110,1,3,1004,4126440,4841.7
0,baseline,plain,4110,1,4,1004,4126440,5032.1
0,baseline,plain,4110,1,5,1004,4126440,4884.5
0,baseline,plain,4110,1,6,1004,4126440,4883.1
0,baseline,plain,4110,1,7,1004,4126440,5183.2
0,baseline,plain,4110,1,8,1004,4126440,4870.9
0,baseline,plain,4110,2,0,1004,4126440,3240.6
0,baseline,plain,4110,2,1,1004,4126440,3162.1
0,baseline,plain,4110,2,2,1004,4126440,3162.7
0,baseline,plain,4110,2,3,1004,4126440,3220.7
0,baseline,plain,4110,2,4,1004,4126440,3143.6
0,baseline,plain,4110,2,5,1004,4126440,3257.4
0,baseline,plain,4110,2,6,1004,4126440,3164.1
0,baseline,plain,4110,2,7,1004,4126440,3162.5
0,baseline,plain,4110,2,8,1004,4126440,3230.2
0,baseline,plain,4110,3,0,1004,4401536,5282.9
0,baseline,plain,4110,3,1,1004,4401536,5080.5
0,baseline,plain,4110,3,2,1004,4401536,5193.0
0,baseline,plain,4110,3,3,1004,4401536,5268.4
0,baseline,plain,4110,3,4,1004,4401536,5097.6
0,baseline,plain,4110,3,5,1004,4401536,5222.0
0,baseline,plain,4110,3,6,1004,4401536,5199.2
0,baseline,plain,4110,3,7,1004,4401536,5096.9
0,baseline,plain,4110,3,8,1004,4401536,5179.5
0,baseline,plain,65550,0,0,64,4474880,88083.0
0,baseline,plain,65550,0,1,64,4474880,90267.5
0,baseline,plain,65550,0,2,64,4474880,88767.3
0,baseline,plain,65550,0,3,64,4474880,91573.6
0,baseline,plain,65550,0,4,64,4474880,88965.5
0,baseline,plain,65550,0,5,64,4474880,88960.7
0,baseline,plain,65550,0,6,64,4474880,90756.3
0,baseline,plain,65550,0,7,64,4474880,88612.7
0,baseline,plain,65550,0,8,64,4474880,88925.4
0,baseline,plain,65550,1,0,64,4195200,80827.2
0,baseline,plain,65550,1,1,64,4195200,79420.4
0,baseline,plain,65550,1,2,64,4195200,78699.9
0,baseline,plain,65550,1,3,64,4195200,79397.3
0,baseline,plain,65550,1,4,64,4195200,77712.2
0,baseline,plain,65550,1,5,64,4195200,78326.0
0,baseline,plain,65550,1,6,64,4195200,78454.9
0,baseline,plain,65550,1,7,64,4195200,77200.8
0,baseline,plain,65550,1,8,64,4195200,79924.3
0,baseline,plain,65550,2,0,64,4195200,49576.5
0,baseline,plain,65550,2,1,64,4195200,50832.1
0,baseline,plain,65550,2,2,64,4195200,50509.9
0,baseline,plain,65550,2,3,64,4195200,50002.7
0,baseline,plain,65550,2,4,64,4195200,49672.2
0,baseline,plain,65550,2,5,64,4195200,49620.8
0,baseline,plain,65550,2,6,64,4195200,50400.7
0,baseline,plain,65550,2,7,64,4195200,50645.6
0,baseline,plain,65550,2,8,64,4195200,50300.4
0,baseline,plain,65550,3,0,64,4474880,80287.8
0,baseline,plain,65550,3,1,64,4474880,78832.2
0,baseline,plain,65550,3,2,64,4474880,79452.9
0,baseline,plain,65550,3,3,64,4474880,81304.6
0,baseline,plain,65550,3,4,64,4474880,81645.5
0,baseline,plain,65550,3,5,64,4474880,81715.5
0,baseline,plain,65550,3,6,64,4474880,80476.1
0,baseline,plain,65550,3,7,64,4474880,80246.5
0,baseline,plain,65550,3,8,64,4474880,82906.5
0,baseline,mixed,46,0,0,38130,3660480,84.4
0,baseline,mixed,46,0,1,38130,3660480,87.0
0,baseline,mixed,46,0,2,38130,3660480,88.4
0,baseline,mixed,46,0,3,38130,3660480,85.8
0,baseline,mixed,46,0,4,38130,3660480,85.3
0,baseline,mixed,46,0,5,38130,3660480,87.7
0,baseline,mixed,46,0,6,38130,3660480,85.1
0,baseline,mixed,46,0,7,38130,3660480,87.9
0,baseline,mixed,46,0,8,38130,3660480,87.0
0,baseline,mixed,46,1,0,38130,3507960,87.1
0,baseline,mixed,46,1,1,38130,3507960,89.8
0,baseline,mixed,46,1,2,38130,3507960,88.6
0,baseline,mixed,46,1,3,38130,3507960,87.2
0,baseline,mixed,46,1,4,38130,3507960,89.9
0,baseline,mixed,46,1,5,38130,3507960,89.2
0,baseline,mixed,46,1,6,38130,3507960,91.9
0,baseline,mixed,46,1,7,38130,3507960,87.6
0,baseline,mixed,46,1,8,38130,3507960,87.7
0,baseline,mixed,46,2,0,38130,2897880,71.9
0,baseline,mixed,46,2,1,38130,2897880,74.7
0,baseline,mixed,46,2,2,38130,2897880,73.4
0,baseline,mixed,46,2,3,38130,2897880,73.0
0,baseline,mixed,46,2,4,38130,2897880,74.6
0,baseline,mixed,46,2,5,38130,2897880,75.4
0,baseline,mixed,46,2,6,38130,2897880,73.3
0,baseline,mixed,46,2,7,38130,2897880,72.8
0,baseline,mixed,46,2,8,38130,2897880,73.6
0,baseline,mixed,46,3,0,38130,3355440,82.8
0,baseline,mixed,46,3,1,38130,3355440,85.0
0,baseline,mixed,46,3,2,38130,3355440,88.9
0,baseline,mixed,46,3,3,38130,3355440,81.3
0,baseline,mixed,46,3,4,38130,3355440,84.1
0,baseline,mixed,46,3,5,38130,3355440,81.9
0,baseline,mixed,46,3,6,38130,3355440,82.5
0,baseline,mixed,46,3,7,38130,3355440,82.3
0,baseline,mixed,46,3,8,38130,3355440,82.3
0,baseline,mixed,92,0,0,26886,5162112,175.0
0,baseline,mixed,92,0,1,26886,5162112,173.2
0,baseline,mixed,92,0,2,26886,5162112,180.6
0,baseline,mixed,92,0,3,26886,5162112,175.9
0,baseline,mixed,92,0,4,26886,5162112,174.4
0,baseline,mixed,92,0,5,26886,5162112,174.3
0,baseline,mixed,92,0,6,26886,5162112,175.8
0,baseline,mixed,92,0,7,26886,5162112,174.9
0,baseline,mixed,92,0,8,26886,5162112,176.3
0,baseline,mixed,92,1,0,26886,4947024,174.5
0,baseline,mixed,92,1,1,26886,4947024,175.3
0,baseline,mixed,92,1,2,26886,4947024,178.6
0,baseline,mixed,92,1,3,26886,4947024,175.0
0,baseline,mixed,92,1,4,26886,4947024,173.4
0,baseline,mixed,92,1,5,26886,4947024,193.5
0,baseline,mixed,92,1,6,26886,4947024,172.4
0,baseline,mixed,92,1,7,26886,4947024,176.2
0,baseline,mixed,92,1,8,26886,4947024,176.0
0,baseline,mixed,92,2,0,26886,4086672,133.6
0,baseline,mixed,92,2,1,26886,4086672,127.3
0,baseline,mixed,92,2,2,26886,4086672,136.1
0,baseline,mixed,92,2,3,26886,4086672,135.5
0,baseline,mixed,92,2,4,26886,4086672,135.4
0,baseline,mixed,92,2,5,26886,4086672,135.6
0,baseline,mixed,92,2,6,26886,4086672,134.2
0,baseline,mixed,92,2,7,26886,4086672,135.3
0,baseline,mixed,92,2,8,26886,4086672,132.0
0,baseline,mixed,92,3,0,26886,4731936,167.5
0,baseline,mixed,92,3,1,26886,4731936,160.7
0,baseline,mixed,92,3,2,26886,4731936,161.6
0,baseline,mixed,92,3,3,26886,4731936,164.4
0,baseline,mixed,92,3,4,26886,4731936,170.0
0,baseline,mixed,92,3,5,26886,4731936,161.5
0,baseline,mixed,92,3,6,26886,4731936,168.6
0,baseline,mixed,92,3,7,26886,4731936,164.4
0,baseline,mixed,92,3,8,26886,4731936,161.4
0,baseline,mixed,4140,0,0,997,8614080,7067.2
0,baseline,mixed,4140,0,1,997,8614080,7027.4
0,baseline,mixed,4140,0,2,997,8614080,7121.7
0,baseline,mixed,4140,0,3,997,8614080,7093.9
0,baseline,mixed,4140,0,4,997,8614080,7054.0
0,baseline,mixed,4140,0,5,997,8614080,7110.8
0,baseline,mixed,4140,0,6,997,8614080,7102.4
0,baseline,mixed,4140,0,7,997,8614080,7077.1
0,baseline,mixed,4140,0,8,997,8614080,7053.6
0,baseline,mixed,4140,1,0,997,8255160,7453.3
0,baseline,mixed,4140,1,1,997,8255160,7543.4
0,baseline,mixed,4140,1,2,997,8255160,7355.6
0,baseline,mixed,4140,1,3,997,8255160,7414.3
0,baseline,mixed,4140,1,4,997,8255160,7355.4
0,baseline,mixed,4140,1,5,997,8255160,7525.2
0,baseline,mixed,4140,1,6,997,8255160,7334.1
0,baseline,mixed,4140,1,7,997,8255160,7490.2
0,baseline,mixed,4140,1,8,997,8255160,7350.9
0,baseline,mixed,4140,2,0,997,6819480,4917.9
0,baseline,mixed,4140,2,1,997,6819480,4909.4
0,baseline,mixed,4140,2,2,997,6819480,4895.7
0,baseline,mixed,4140,2,3,997,6819480,4941.9
0,baseline,mixed,4140,2,4,997,6819480,4904.4
0,baseline,mixed,4140,2,5,997,6819480,4950.9
0,baseline,mixed,4140,2,6,997,6819480,5312.1
0,baseline,mixed,4140,2,7,997,6819480,4760.7
0,baseline,mixed,4140,2,8,997,6819480,4831.9
0,baseline,mixed,4140,3,0,997,7896240,7035.4
0,baseline,mixed,4140,3,1,997,7896240,6908.9
0,baseline,mixed,4140,3,2,997,7896240,6936.2
0,baseline,mixed,4140,3,3,997,7896240,7073.2
0,baseline,mixed,4140,3,4,997,7896240,7150.9
0,baseline,mixed,4140,3,5,997,7896240,6972.6
0,baseline,mixed,4140,3,6,997,7896240,6840.3
0,baseline,mixed,4140,3,7,997,7896240,6607.5
0,baseline,mixed,4140,3,8,997,7896240,6914.0
0,baseline,mixed,65550,0,0,64,8755200,111786.0
0,baseline,mixed,65550,0,1,64,8755200,110696.9
0,baseline,mixed,65550,0,2,64,8755200,111572.9
0,baseline,mixed,65550,0,3,64,8755200,111109.3
0,baseline,mixed,65550,0,4,64,8755200,111789.0
0,baseline,mixed,65550,0,5,64,8755200,109785.0
0,baseline,mixed,65550,0,6,64,8755200,110425.6
0,baseline,mixed,65550,0,7,64,8755200,109944.4
0,baseline,mixed,65550,0,8,64,8755200,109557.8
0,baseline,mixed,65550,1,0,64,8390400,116817.7
0,baseline,mixed,65550,1,1,64,8390400,118301.5
0,baseline,mixed,65550,1,2,64,8390400,116480.6
0,baseline,mixed,65550,1,3,64,8390400,116010.1
0,baseline,mixed,65550,1,4,64,8390400,116384.5
0,baseline,mixed,65550,1,5,64,8390400,116692.7
0,baseline,mixed,65550,1,6,64,8390400,116137.3
0,baseline,mixed,65550,1,7,64,8390400,115952.5
0,baseline,mixed,65550,1,8,64,8390400,117164.1
0,baseline,mixed,65550,2,0,64,6931200,77048.5
0,baseline,mixed,65550,2,1,64,6931200,76554.3
0,baseline,mixed,65550,2,2,64,6931200,76183.9
0,baseline,mixed,65550,2,3,64,6931200,81175.4
0,baseline,mixed,65550,2,4,64,6931200,77366.5
0,baseline,mixed,65550,2,5,64,6931200,76620.2
0,baseline,mixed,65550,2,6,64,6931200,77849.8
0,baseline,mixed,65550,2,7,64,6931200,77723.4
0,baseline,mixed,65550,2,8,64,6931200,76443.6
0,baseline,mixed,65550,3,0,64,8025600,105749.6
0,baseline,mixed,65550,3,1,64,8025600,110310.0
0,baseline,mixed,65550,3,2,64,8025600,106594.4
0,baseline,mixed,65550,3,3,64,8025600,108471.2
0,baseline,mixed,65550,3,4,64,8025600,106222.6
0,baseline,mixed,65550,3,5,64,8025600,106997.7
0,baseline,mixed,65550,3,6,64,8025600,108467.7
0,baseline,mixed,65550,3,7,64,8025600,108797.5
0,baseline,mixed,65550,3,8,64,8025600,107362.7
0,baseline,unreserved,1,0,0,64527,64527,8.8
0,baseline,unreserved,1,0,1,64527,64527,8.9
0,baseline,unreserved,1,0,2,64527,64527,9.3
0,baseline,unreserved,1,0,3,64527,64527,8.8
0,baseline,unreserved,1,0,4,64527,64527,8.9
0,baseline,unreserved,1,0,5,64527,64527,8.9
0,baseline,unreserved,1,0,6,64527,64527,9.3
0,baseline,unreserved,1,0,7,64527,64527,8.9
0,baseline,unreserved,1,0,8,64527,64527,9.0
0,baseline,unreserved,1,1,0,64527,64527,8.9
0,baseline,unreserved,1,1,1,64527,64527,9.0
0,baseline,unreserved,1,1,2,64527,64527,8.9
0,baseline,unreserved,1,1,3,64527,64527,8.9
0,baseline,unreserved,1,1,4,64527,64527,10.0
0,baseline,unreserved,1,1,5,64527,64527,9.0
0,baseline,unreserved,1,1,6,64527,64527,8.9
0,baseline,unreserved,1,1,7,64527,64527,9.2
0,baseline,unreserved,1,1,8,64527,64527,9.1
0,baseline,unreserved,1,2,0,64527,64527,14.1
0,baseline,unreserved,1,2,1,64527,64527,14.2
0,baseline,unreserved,1,2,2,64527,64527,13.9
0,baseline,unreserved,1,2,3,64527,64527,20.6
0,baseline,unreserved,1,2,4,64527,64527,15.6
0,baseline,unreserved,1,2,5,64527,64527,14.1
0,baseline,unreserved,1,2,6,64527,64527,14.2
0,baseline,unreserved,1,2,7,64527,64527,13.8
0,baseline,unreserved,1,2,8,64527,64527,13.9
0,baseline,unreserved,1,3,0,64527,64527,9.2
0,baseline,unreserved,1,3,1,64527,64527,9.2
0,baseline,unreserved,1,3,2,64527,64527,9.3
0,baseline,unreserved,1,3,3,64527,64527,9.5
0,baseline,unreserved,1,3,4,64527,64527,9.1
0,baseline,unreserved,1,3,5,64527,64527,9.1
0,baseline,unreserved,1,3,6,64527,64527,9.2
0,baseline,unreserved,1,3,7,64527,64527,9.5
0,baseline,unreserved,1,3,8,64527,64527,9.2
0,baseline,unreserved,8,0,0,58254,466032,19.9
0,baseline,unreserved,8,0,1,58254,466032,19.1
0,baseline,unreserved,8,0,2,58254,466032,19.5
0,baseline,unreserved,8,0,3,58254,466032,19.0
0,baseline,unreserved,8,0,4,58254,466032,19.0
0,baseline,unreserved,8,0,5,58254,466032,20.4
0,baseline,unreserved,8,0,6,58254,466032,19.5
0,baseline,unreserved,8,0,7,58254,466032,19.1
0,baseline,unreserved,8,0,8,58254,466032,19.1
0,baseline,unreserved,8,1,0,58254,466032,15.5
0,baseline,unreserved,8,1,1,58254,466032,16.2
0,baseline,unreserved,8,1,2,58254,466032,15.8
0,baseline,unreserved,8,1,3,58254,466032,18.0
0,baseline,unreserved,8,1,4,58254,466032,17.3
0,baseline,unreserved,8,1,5,58254,466032,16.3
0,baseline,unreserved,8,1,6,58254,466032,16.1
0,baseline,unreserved,8,1,7,58254,466032,15.6
0,baseline,unreserved,8,1,8,58254,466032,15.6
0,baseline,unreserved,8,2,0,58254,466032,20.5
0,baseline,unreserved,8,2,1,58254,466032,19.8
0,baseline,unreserved,8,2,2,58254,466032,19.4
0,baseline,unreserved,8,2,3,58254,466032,20.1
0,baseline,unreserved,8,2,4,58254,466032,19.6
0,baseline,unreserved,8,2,5,58254,466032,19.7
0,baseline,unreserved,8,2,6,58254,466032,19.9
0,baseline,unreserved,8,2,7,58254,466032,19.8
0,baseline,unreserved,8,2,8,58254,466032,19.8
0,baseline,unreserved,8,3,0,58254,466032,17.0
0,baseline,unreserved,8,3,1,58254,466032,16.8
0,baseline,unreserved,8,3,2,58254,466032,17.3
0,baseline,unreserved,8,3,3,58254,466032,16.7
0,baseline,unreserved,8,3,4,58254,466032,16.9
0,baseline,unreserved,8,3,5,58254,466032,16.8
0,baseline,unreserved,8,3,6,58254,466032,17.2
0,baseline,unreserved,8,3,7,58254,466032,18.4
0,baseline,unreserved,8,3,8,58254,466032,17.0
0,baseline,unreserved,64,0,0,32768,2097152,99.1
0,baseline,unreserved,64,0,1,32768,2097152,95.6
0,baseline,unreserved,64,0,2,32768,2097152,96.6
0,baseline,unreserved,64,0,3,32768,2097152,95.2
0,baseline,unreserved,64,0,4,32768,2097152,96.4
0,baseline,unreserved,64,0,5,32768,2097152,103.0
0,baseline,unreserved,64,0,6,32768,2097152,96.3
0,baseline,unreserved,64,0,7,32768,2097152,96.0
0,baseline,unreserved,64,0,8,32768,2097152,95.3
0,baseline,unreserved,64,1,0,32768,2097152,89.8
0,baseline,unreserved,64,1,1,32768,2097152,93.2
0,baseline,unreserved,64,1,2,32768,2097152,90.4
0,baseline,unreserved,64,1,3,32768,2097152,93.6
0,baseline,unreserved,64,1,4,32768,2097152,91.2
0,baseline,unreserved,64,1,5,32768,2097152,90.4
0,baseline,unreserved,64,1,6,32768,2097152,89.8
0,baseline,unreserved,64,1,7,32768,2097152,89.6
0,baseline,unreserved,64,1,8,32768,2097152,94.5
0,baseline,unreserved,64,2,0,32768,2097152,62.8
0,baseline,unreserved,64,2,1,32768,2097152,63.3
0,baseline,unreserved,64,2,2,32768,2097152,62.1
0,baseline,unreserved,64,2,3,32768,2097152,64.6
0,baseline,unreserved,64,2,4,32768,2097152,62.4
0,baseline,unreserved,64,2,5,32768,2097152,62.0
0,baseline,unreserved,64,2,6,32768,2097152,63.0
0,baseline,unreserved,64,2,7,32768,2097152,63.5
0,baseline,unreserved,64,2,8,32768,2097152,64.4
0,baseline,unreserved,64,3,0,32768,2097152,87.9
0,baseline,unreserved,64,3,1,32768,2097152,88.2
0,baseline,unreserved,64,3,2,32768,2097152,88.0
0,baseline,unreserved,64,3,3,32768,2097152,87.5
0,baseline,unreserved,64,3,4,32768,2097152,92.3
0,baseline,unreserved,64,3,5,32768,2097152,87.4
0,baseline,unreserved,64,3,6,32768,2097152,86.7
0,baseline,unreserved,64,3,7,32768,2097152,85.5
0,baseline,unreserved,64,3,8,32768,2097152,85.5
0,baseline,unreserved,4096,0,0,1008,4128768,5237.8
0,baseline,unreserved,4096,0,1,1008,4128768,5222.2
0,baseline,unreserved,4096,0,2,1008,4128768,5353.2
0,baseline,unreserved,4096,0,3,1008,4128768,5350.9
0,baseline,unreserved,4096,0,4,1008,4128768,5201.3
0,baseline,unreserved,4096,0,5,1008,4128768,5246.7
0,baseline,unreserved,4096,0,6,1008,4128768,5255.7
0,baseline,unreserved,4096,0,7,1008,4128768,5241.4
0,baseline,unreserved,4096,0,8,1008,4128768,5306.6
0,baseline,unreserved,4096,1,0,1008,4128768,4779.0
0,baseline,unreserved,4096,1,1,1008,4128768,4771.0
0,baseline,unreserved,4096,1,2,1008,4128768,4873.6
0,baseline,unreserved,4096,1,3,1008,4128768,4680.9
0,baseline,unreserved,4096,1,4,1008,4128768,4755.2
0,baseline,unreserved,4096,1,5,1008,4128768,4711.3
0,baseline,unreserved,4096,1,6,1008,4128768,4751.8
0,baseline,unreserved,4096,1,7,1008,4128768,4732.6
0,baseline,unreserved,4096,1,8,1008,4128768,4636.4
0,baseline,unreserved,4096,2,0,1008,4128768,3033.7
0,baseline,unreserved,4096,2,1,1008,4128768,3161.4
0,baseline,unreserved,4096,2,2,1008,4128768,3078.8
0,baseline,unreserved,4096,2,3,1008,4128768,3053.3
0,baseline,unreserved,4096,2,4,1008,4128768,3066.4
0,baseline,unreserved,4096,2,5,1008,4128768,3159.0
0,baseline,unreserved,4096,2,6,1008,4128768,3094.0
0,baseline,unreserved,4096,2,7,1008,4128768,3118.7
0,baseline,unreserved,4096,2,8,1008,4128768,3074.5
0,baseline,unreserved,4096,3,0,1008,4128768,4494.9
0,baseline,unreserved,4096,3,1,1008,4128768,4577.1
0,baseline,unreserved,4096,3,2,1008,4128768,4554.2
0,baseline,unreserved,4096,3,3,1008,4128768,5225.6
0,baseline,unreserved,4096,3,4,1008,4128768,4534.8
0,baseline,unreserved,4096,3,5,1008,4128768,4534.8
0,baseline,unreserved,4096,3,6,1008,4128768,4947.7
0,baseline,unreserved,4096,3,7,1008,4128768,4555.6
0,baseline,unreserved,4096,3,8,1008,4128768,4557.2
0,baseline,unreserved,65536,0,0,64,4194304,84366.1
0,baseline,unreserved,65536,0,1,64,4194304,84970.0
0,baseline,unreserved,65536,0,2,64,4194304,85994.9
0,baseline,unreserved,65536,0,3,64,4194304,84156.4
0,baseline,unreserved,65536,0,4,64,4194304,84223.7
0,baseline,unreserved,65536,0,5,64,4194304,85955.5
0,baseline,unreserved,65536,0,6,64,4194304,84841.4
0,baseline,unreserved,65536,0,7,64,4194304,84153.9
0,baseline,unreserved,65536,0,8,64,4194304,85873.7
0,baseline,unreserved,65536,1,0,64,4194304,76096.3
0,baseline,unreserved,65536,1,1,64,4194304,75910.3
0,baseline,unreserved,65536,1,2,64,4194304,74745.9
0,baseline,unreserved,65536,1,3,64,4194304,74357.3
0,baseline,unreserved,65536,1,4,64,4194304,77729.8
0,baseline,unreserved,65536,1,5,64,4194304,74648.9
0,baseline,unreserved,65536,1,6,64,4194304,74575.4
0,baseline,unreserved,65536,1,7,64,4194304,77295.2
0,baseline,unreserved,65536,1,8,64,4194304,74466.1
0,baseline,unreserved,65536,2,0,64,4194304,51670.8
0,baseline,unreserved,65536,2,1,64,4194304,49451.4
0,baseline,unreserved,65536,2,2,64,4194304,53220.9
0,baseline,unreserved,65536,2,3,64,4194304,50070.5
0,baseline,unreserved,65536,2,4,64,4194304,55203.7
0,baseline,unreserved,65536,2,5,64,4194304,50402.2
0,baseline,unreserved,65536,2,6,64,4194304,49673.7
0,baseline,unreserved,65536,2,7,64,4194304,49699.2
0,baseline,unreserved,65536,2,8,64,4194304,50431.3
0,baseline,unreserved,65536,3,0,64,4194304,71286.5
0,baseline,unreserved,65536,3,1,64,4194304,72040.8
0,baseline,unreserved,65536,3,2,64,4194304,80860.3
0,baseline,unreserved,65536,3,3,64,4194304,70154.4
0,baseline,unreserved,65536,3,4,64,4194304,69781.9
0,baseline,unreserved,65536,3,5,64,4194304,69872.1
0,baseline,unreserved,65536,3,6,64,4194304,69992.2
0,baseline,unreserved,65536,3,7,64,4194304,74638.9
0,baseline,unreserved,65536,3,8,64,4194304,72291.0
0,baseline,dense,4,0,0,61680,740160,16.9
0,baseline,dense,4,0,1,61680,740160,17.0
0,baseline,dense,4,0,2,61680,740160,17.0
0,baseline,dense,4,0,3,61680,740160,16.9
0,baseline,dense,4,0,4,61680,740160,17.1
0,baseline,dense,4,0,5,61680,740160,17.0
0,baseline,dense,4,0,6,61680,740160,17.2
0,baseline,dense,4,0,7,61680,740160,17.0
0,baseline,dense,4,0,8,61680,740160,17.0
0,baseline,dense,4,1,0,61680,616800,16.2
0,baseline,dense,4,1,1,61680,616800,16.2
0,baseline,dense,4,1,2,61680,616800,17.7
0,baseline,dense,4,1,3,61680,616800,16.9
0,baseline,dense,4,1,4,61680,616800,16.9
0,baseline,dense,4,1,5,61680,616800,16.9
0,baseline,dense,4,1,6,61680,616800,18.6
0,baseline,dense,4,1,7,61680,616800,16.7
0,baseline,dense,4,1,8,61680,616800,16.4
0,baseline,dense,4,2,0,61680,246720,17.6
0,baseline,dense,4,2,1,61680,246720,17.6
0,baseline,dense,4,2,2,61680,246720,17.7
0,baseline,dense,4,2,3,61680,246720,17.9
0,baseline,dense,4,2,4,61680,246720,17.9
0,baseline,dense,4,2,5,61680,246720,17.5
0,baseline,dense,4,2,6,61680,246720,17.6
0,baseline,dense,4,2,7,61680,246720,18.0
0,baseline,dense,4,2,8,61680,246720,17.6
0,baseline,dense,4,3,0,61680,616800,18.4
0,baseline,dense,4,3,1,61680,616800,16.2
0,baseline,dense,4,3,2,61680,616800,17.6
0,baseline,dense,4,3,3,61680,616800,16.6
0,baseline,dense,4,3,4,61680,616800,16.9
0,baseline,dense,4,3,5,61680,616800,16.1
0,baseline,dense,4,3,6,61680,616800,18.9
0,baseline,dense,4,3,7,61680,616800,17.0
0,baseline,dense,4,3,8,61680,616800,15.9
0,baseline,dense,8,0,0,58254,1398096,25.6
0,baseline,dense,8,0,1,58254,1398096,25.3
0,baseline,dense,8,0,2,58254,1398096,25.6
0,baseline,dense,8,0,3,58254,1398096,26.0
0,baseline,dense,8,0,4,58254,1398096,25.9
0,baseline,dense,8,0,5,58254,1398096,25.8
0,baseline,dense,8,0,6,58254,1398096,26.3
0,baseline,dense,8,0,7,58254,1398096,26.1
0,baseline,dense,8,0,8,58254,1398096,25.9
0,baseline,dense,8,1,0,58254,1165080,26.6
0,baseline,dense,8,1,1,58254,1165080,25.2
0,baseline,dense,8,1,2,58254,1165080,24.8
0,baseline,dense,8,1,3,58254,1165080,25.2
0,baseline,dense,8,1,4,58254,1165080,25.5
0,baseline,dense,8,1,5,58254,1165080,24.9
0,baseline,dense,8,1,6,58254,1165080,25.1
0,baseline,dense,8,1,7,58254,1165080,24.8
0,baseline,dense,8,1,8,58254,1165080,24.9
0,baseline,dense,8,2,0,58254,466032,20.6
0,baseline,dense,8,2,1,58254,466032,20.2
0,baseline,dense,8,2,2,58254,466032,20.4
0,baseline,dense,8,2,3,58254,466032,20.0
0,baseline,dense,8,2,4,58254,466032,21.0
0,baseline,dense,8,2,5,58254,466032,21.0
0,baseline,dense,8,2,6,58254,466032,20.0
0,baseline,dense,8,2,7,58254,466032,22.1
0,baseline,dense,8,2,8,58254,466032,22.2
0,baseline,dense,8,3,0,58254,1165080,24.7
0,baseline,dense,8,3,1,58254,1165080,24.8
0,baseline,dense,8,3,2,58254,1165080,24.0
0,baseline,dense,8,3,3,58254,1165080,23.8
0,baseline,dense,8,3,4,58254,1165080,24.2
0,baseline,dense,8,3,5,58254,1165080,24.0
0,baseline,dense,8,3,6,58254,1165080,24.1
0,baseline,dense,8,3,7,58254,1165080,24.2
0,baseline,dense,8,3,8,58254,1165080,24.1
0,baseline,dense,64,0,0,32768,6291456,151.1
0,baseline,dense,64,0,1,32768,6291456,153.9
0,baseline,dense,64,0,2,32768,6291456,154.6
0,baseline,dense,64,0,3,32768,6291456,151.6
0,baseline,dense,64,0,4,32768,6291456,152.1
0,baseline,dense,64,0,5,32768,6291456,152.2
0,baseline,dense,64,0,6,32768,6291456,152.2
0,baseline,dense,64,0,7,32768,6291456,154.5
0,baseline,dense,64,0,8,32768,6291456,154.0
0,baseline,dense,64,1,0,32768,5242880,148.1
0,baseline,dense,64,1,1,32768,5242880,153.1
0,baseline,dense,64,1,2,32768,5242880,157.5
0,baseline,dense,64,1,3,32768,5242880,161.8
0,baseline,dense,64,1,4,32768,5242880,160.0
0,baseline,dense,64,1,5,32768,5242880,159.6
0,baseline,dense,64,1,6,32768,5242880,152.2
0,baseline,dense,64,1,7,32768,5242880,148.9
0,baseline,dense,64,1,8,32768,5242880,149.0
0,baseline,dense,64,2,0,32768,2097152,61.1
0,baseline,dense,64,2,1,32768,2097152,60.9
0,baseline,dense,64,2,2,32768,2097152,59.0
0,baseline,dense,64,2,3,32768,2097152,59.0
0,baseline,dense,64,2,4,32768,2097152,59.4
0,baseline,dense,64,2,5,32768,2097152,59.4
0,baseline,dense,64,2,6,32768,2097152,60.1
0,baseline,dense,64,2,7,32768,2097152,63.1
0,baseline,dense,64,2,8,32768,2097152,63.0
0,baseline,dense,64,3,0,32768,5242880,140.9
0,baseline,dense,64,3,1,32768,5242880,145.2
0,baseline,dense,64,3,2,32768,5242880,140.2
0,baseline,dense,64,3,3,32768,5242880,140.5
0,baseline,dense,64,3,4,32768,5242880,145.2
0,baseline,dense,64,3,5,32768,5242880,139.9
0,baseline,dense,64,3,6,32768,5242880,139.9
0,baseline,dense,64,3,7,32768,5242880,142.2
0,baseline,dense,64,3,8,32768,5242880,143.6
0,baseline,dense,4096,0,0,1008,12386304,8959.8
0,baseline,dense,4096,0,1,1008,12386304,8914.4
0,baseline,dense,4096,0,2,1008,12386304,9009.9
0,baseline,dense,4096,0,3,1008,12386304,8951.1
0,baseline,dense,4096,0,4,1008,12386304,9004.4
0,baseline,dense,4096,0,5,1008,12386304,8941.8
0,baseline,dense,4096,0,6,1008,12386304,9137.3
0,baseline,dense,4096,0,7,1008,12386304,9524.7
0,baseline,dense,4096,0,8,1008,12386304,8897.5
0,baseline,dense,4096,1,0,1008,10321920,8855.1
0,baseline,dense,4096,1,1,1008,10321920,8932.2
0,baseline,dense,4096,1,2,1008,10321920,9230.8
0,baseline,dense,4096,1,3,1008,10321920,9336.9
0,baseline,dense,4096,1,4,1008,10321920,9073.1
0,baseline,dense,4096,1,5,1008,10321920,9197.7
0,baseline,dense,4096,1,6,1008,10321920,9393.6
0,baseline,dense,4096,1,7,1008,10321920,9198.1
0,baseline,dense,4096,1,8,1008,10321920,9742.8
0,baseline,dense,4096,2,0,1008,4128768,3042.0
0,baseline,dense,4096,2,1,1008,4128768,3090.0
0,baseline,dense,4096,2,2,1008,4128768,3056.8
0,baseline,dense,4096,2,3,1008,4128768,3065.3
0,baseline,dense,4096,2,4,1008,4128768,3069.7
0,baseline,dense,4096,2,5,1008,4128768,3037.1
0,baseline,dense,4096,2,6,1008,4128768,3092.1
0,baseline,dense,4096,2,7,1008,4128768,3185.7
0,baseline,dense,4096,2,8,1008,4128768,3197.1
0,baseline,dense,4096,3,0,1008,10321920,8176.5
0,baseline,dense,4096,3,1,1008,10321920,8114.2
0,baseline,dense,4096,3,2,1008,10321920,8177.9
0,baseline,dense,4096,3,3,1008,10321920,8178.1
0,baseline,dense,4096,3,4,1008,10321920,8213.7
0,baseline,dense,4096,3,5,1008,10321920,8194.4
0,baseline,dense,4096,3,6,1008,10321920,8287.3
0,baseline,dense,4096,3,7,1008,10321920,8168.7
0,baseline,dense,4096,3,8,1008,10321920,8215.2
0,baseline,dense,65536,0,0,64,12582912,143505.0
0,baseline,dense,65536,0,1,64,12582912,140521.5
0,baseline,dense,65536,0,2,64,12582912,141451.9
0,baseline,dense,65536,0,3,64,12582912,141661.1
0,baseline,dense,65536,0,4,64,12582912,141289.4
0,baseline,dense,65536,0,5,64,12582912,140389.2
0,baseline,dense,65536,0,6,64,12582912,139519.9
0,baseline,dense,65536,0,7,64,12582912,147389.2
0,baseline,dense,65536,0,8,64,12582912,141022.2
0,baseline,dense,65536,1,0,64,10485760,142337.2
0,baseline,dense,65536,1,1,64,10485760,145539.1
0,baseline,dense,65536,1,2,64,10485760,143413.5
0,baseline,dense,65536,1,3,64,10485760,142561.3
0,baseline,dense,65536,1,4,64,10485760,144372.2
0,baseline,dense,65536,1,5,64,10485760,142551.6
0,baseline,dense,65536,1,6,64,10485760,145618.7
0,baseline,dense,65536,1,7,64,10485760,142936.8
0,baseline,dense,65536,1,8,64,10485760,142892.0
0,baseline,dense,65536,2,0,64,4194304,124729.3
0,baseline,dense,65536,2,1,64,4194304,140961.9
0,baseline,dense,65536,2,2,64,4194304,169581.6
0,baseline,dense,65536,2,3,64,4194304,90685.0
0,baseline,dense,65536,2,4,64,4194304,87771.5
0,baseline,dense,65536,2,5,64,4194304,116616.4
0,baseline,dense,65536,2,6,64,4194304,132791.8
0,baseline,dense,65536,2,7,64,4194304,104105.2
0,baseline,dense,65536,2,8,64,4194304,191575.2
0,baseline,dense,65536,3,0,64,10485760,135149.3
0,baseline,dense,65536,3,1,64,10485760,132014.5
0,baseline,dense,65536,3,2,64,10485760,133158.8
0,baseline,dense,65536,3,3,64,10485760,142112.2
0,baseline,dense,65536,3,4,64,10485760,135893.0
0,baseline,dense,65536,3,5,64,10485760,135136.7
0,baseline,dense,65536,3,6,64,10485760,136094.8
0,baseline,dense,65536,3,7,64,10485760,136082.1
0,baseline,dense,65536,3,8,64,10485760,154687.5
0,baseline,html_dense,5,0,0,60787,911805,18.7
0,baseline,html_dense,5,0,1,60787,911805,18.4
0,baseline,html_dense,5,0,2,60787,911805,19.2
0,baseline,html_dense,5,0,3,60787,911805,19.8
0,baseline,html_dense,5,0,4,60787,911805,20.1
0,baseline,html_dense,5,0,5,60787,911805,20.2
0,baseline,html_dense,5,0,6,60787,911805,18.6
0,baseline,html_dense,5,0,7,60787,911805,18.9
0,baseline,html_dense,5,0,8,60787,911805,18.5
0,baseline,html_dense,5,1,0,60787,911805,19.9
0,baseline,html_dense,5,1,1,60787,911805,20.2
0,baseline,html_dense,5,1,2,60787,911805,19.6
0,baseline,html_dense,5,1,3,60787,911805,19.7
0,baseline,html_dense,5,1,4,60787,911805,19.8
0,baseline,html_dense,5,1,5,60787,911805,19.4
0,baseline,html_dense,5,1,6,60787,911805,19.3
0,baseline,html_dense,5,1,7,60787,911805,19.5
0,baseline,html_dense,5,1,8,60787,911805,20.3
0,baseline,html_dense,5,2,0,60787,1458888,29.9
0,baseline,html_dense,5,2,1,60787,1458888,29.8
0,baseline,html_dense,5,2,2,60787,1458888,28.6
0,baseline,html_dense,5,2,3,60787,1458888,29.5
0,baseline,html_dense,5,2,4,60787,1458888,29.0
0,baseline,html_dense,5,2,5,60787,1458888,29.6
0,baseline,html_dense,5,2,6,60787,1458888,28.8
0,baseline,html_dense,5,2,7,60787,1458888,28.8
0,baseline,html_dense,5,2,8,60787,1458888,30.0
0,baseline,html_dense,5,3,0,60787,911805,19.0
0,baseline,html_dense,5,3,1,60787,911805,19.2
0,baseline,html_dense,5,3,2,60787,911805,19.1
0,baseline,html_dense,5,3,3,60787,911805,19.5
0,baseline,html_dense,5,3,4,60787,911805,19.5
0,baseline,html_dense,5,3,5,60787,911805,19.3
0,baseline,html_dense,5,3,6,60787,911805,19.3
0,baseline,html_dense,5,3,7,60787,911805,19.3
0,baseline,html_dense,5,3,8,60787,911805,20.1
0,baseline,html_dense,10,0,0,56679,1700370,29.7
0,baseline,html_dense,10,0,1,56679,1700370,29.8
0,baseline,html_dense,10,0,2,56679,1700370,29.6
0,baseline,html_dense,10,0,3,56679,1700370,29.5
0,baseline,html_dense,10,0,4,56679,1700370,31.7
0,baseline,html_dense,10,0,5,56679,1700370,30.1
0,baseline,html_dense,10,0,6,56679,1700370,29.8
0,baseline,html_dense,10,0,7,56679,1700370,30.2
0,baseline,html_dense,10,0,8,56679,1700370,29.5
0,baseline,html_dense,10,1,0,56679,1700370,30.3
0,baseline,html_dense,10,1,1,56679,1700370,32.9
0,baseline,html_dense,10,1,2,56679,1700370,32.7
0,baseline,html_dense,10,1,3,56679,1700370,31.4
0,baseline,html_dense,10,1,4,56679,1700370,30.6
0,baseline,html_dense,10,1,5,56679,1700370,30.5
0,baseline,html_dense,10,1,6,56679,1700370,30.9
0,baseline,html_dense,10,1,7,56679,1700370,30.7
0,baseline,html_dense,10,1,8,56679,1700370,30.9
0,baseline,html_dense,10,2,0,56679,2720592,37.4
0,baseline,html_dense,10,2,1,56679,2720592,36.3
0,baseline,html_dense,10,2,2,56679,2720592,36.7
0,baseline,html_dense,10,2,3,56679,2720592,36.4
0,baseline,html_dense,10,2,4,56679,2720592,36.7
0,baseline,html_dense,10,2,5,56679,2720592,40.4
0,baseline,html_dense,10,2,6,56679,2720592,39.9
0,baseline,html_dense,10,2,7,56679,2720592,37.3
0,baseline,html_dense,10,2,8,56679,2720592,36.4
0,baseline,html_dense,10,3,0,56679,1700370,32.0
0,baseline,html_dense,10,3,1,56679,1700370,32.1
0,baseline,html_dense,10,3,2,56679,1700370,31.8
0,baseline,html_dense,10,3,3,56679,1700370,31.0
0,baseline,html_dense,10,3,4,56679,1700370,30.6
0,baseline,html_dense,10,3,5,56679,1700370,31.2
0,baseline,html_dense,10,3,6,56679,1700370,30.7
0,baseline,html_dense,10,3,7,56679,1700370,30.6
0,baseline,html_dense,10,3,8,56679,1700370,30.5
0,baseline,html_dense,65,0,0,32513,6340035,161.9
0,baseline,html_dense,65,0,1,32513,6340035,158.4
0,baseline,html_dense,65,0,2,32513,6340035,156.1
0,baseline,html_dense,65,0,3,32513,6340035,153.3
0,baseline,html_dense,65,0,4,32513,6340035,153.4
0,baseline,html_dense,65,0,5,32513,6340035,154.3
0,baseline,html_dense,65,0,6,32513,6340035,154.0
0,baseline,html_dense,65,0,7,32513,6340035,154.3
0,baseline,html_dense,65,0,8,32513,6340035,154.3
0,baseline,html_dense,65,1,0,32513,6340035,164.9
0,baseline,html_dense,65,1,1,32513,6340035,171.1
0,baseline,html_dense,65,1,2,32513,6340035,165.0
0,baseline,html_dense,65,1,3,32513,6340035,166.5
0,baseline,html_dense,65,1,4,32513,6340035,168.0
0,baseline,html_dense,65,1,5,32513,6340035,165.7
0,baseline,html_dense,65,1,6,32513,6340035,166.2
0,baseline,html_dense,65,1,7,32513,6340035,168.5
0,baseline,html_dense,65,1,8,32513,6340035,165.2
0,baseline,html_dense,65,2,0,32513,10144056,144.1
0,baseline,html_dense,65,2,1,32513,10144056,143.7
0,baseline,html_dense,65,2,2,32513,10144056,148.0
0,baseline,html_dense,65,2,3,32513,10144056,149.4
0,baseline,html_dense,65,2,4,32513,10144056,151.8
0,baseline,html_dense,65,2,5,32513,10144056,147.2
0,baseline,html_dense,65,2,6,32513,10144056,144.0
0,baseline,html_dense,65,2,7,32513,10144056,143.9
0,baseline,html_dense,65,2,8,32513,10144056,144.9
0,baseline,html_dense,65,3,0,32513,6340035,160.4
0,baseline,html_dense,65,3,1,32513,6340035,162.6
0,baseline,html_dense,65,3,2,32513,6340035,159.5
0,baseline,html_dense,65,3,3,32513,6340035,161.2
0,baseline,html_dense,65,3,4,32513,6340035,161.2
0,baseline,html_dense,65,3,5,32513,6340035,160.3
0,baseline,html_dense,65,3,6,32513,6340035,162.3
0,baseline,html_dense,65,3,7,32513,6340035,159.7
0,baseline,html_dense,65,3,8,32513,6340035,161.3
0,baseline,html_dense,4100,0,0,1007,12386100,9163.0
0,baseline,html_dense,4100,0,1,1007,12386100,9169.0
0,baseline,html_dense,4100,0,2,1007,12386100,9101.6
0,baseline,html_dense,4100,0,3,1007,12386100,8805.5
0,baseline,html_dense,4100,0,4,1007,12386100,9213.7
0,baseline,html_dense,4100,0,5,1007,12386100,8835.1
0,baseline,html_dense,4100,0,6,1007,12386100,8767.0
0,baseline,html_dense,4100,0,7,1007,12386100,9308.8
0,baseline,html_dense,4100,0,8,1007,12386100,9749.7
0,baseline,html_dense,4100,1,0,1007,12386100,9734.9
0,baseline,html_dense,4100,1,1,1007,12386100,10399.7
0,baseline,html_dense,4100,1,2,1007,12386100,9742.8
0,baseline,html_dense,4100,1,3,1007,12386100,9672.0
0,baseline,html_dense,4100,1,4,1007,12386100,10181.6
0,baseline,html_dense,4100,1,5,1007,12386100,9951.0
0,baseline,html_dense,4100,1,6,1007,12386100,9779.1
0,baseline,html_dense,4100,1,7,1007,12386100,10310.4
0,baseline,html_dense,4100,1,8,1007,12386100,9765.9
0,baseline,html_dense,4100,2,0,1007,19817760,8651.3
0,baseline,html_dense,4100,2,1,1007,19817760,8626.1
0,baseline,html_dense,4100,2,2,1007,19817760,8711.9
0,baseline,html_dense,4100,2,3,1007,19817760,8573.0
0,baseline,html_dense,4100,2,4,1007,19817760,9145.0
0,baseline,html_dense,4100,2,5,1007,19817760,8568.9
0,baseline,html_dense,4100,2,6,1007,19817760,8729.4
0,baseline,html_dense,4100,2,7,1007,19817760,8553.0
0,baseline,html_dense,4100,2,8,1007,19817760,8319.8
0,baseline,html_dense,4100,3,0,1007,12386100,9246.8
0,baseline,html_dense,4100,3,1,1007,12386100,9353.9
0,baseline,html_dense,4100,3,2,1007,12386100,9251.1
0,baseline,html_dense,4100,3,3,1007,12386100,9299.0
0,baseline,html_dense,4100,3,4,1007,12386100,9326.2
0,baseline,html_dense,4100,3,5,1007,12386100,9255.7
0,baseline,html_dense,4100,3,6,1007,12386100,9273.5
0,baseline,html_dense,4100,3,7,1007,12386100,9265.2
0,baseline,html_dense,4100,3,8,1007,12386100,9315.4
0,baseline,html_dense,65540,0,0,64,12583680,142229.8
0,baseline,html_dense,65540,0,1,64,12583680,141357.1
0,baseline,html_dense,65540,0,2,64,12583680,142662.6
0,baseline,html_dense,65540,0,3,64,12583680,142509.2
0,baseline,html_dense,65540,0,4,64,12583680,141134.0
0,baseline,html_dense,65540,0,5,64,12583680,144937.6
0,baseline,html_dense,65540,0,6,64,12583680,147740.4
0,baseline,html_dense,65540,0,7,64,12583680,142087.0
0,baseline,html_dense,65540,0,8,64,12583680,142497.9
0,baseline,html_dense,65540,1,0,64,12583680,158144.6
0,baseline,html_dense,65540,1,1,64,12583680,157020.5
0,baseline,html_dense,65540,1,2,64,12583680,157259.6
0,baseline,html_dense,65540,1,3,64,12583680,157565.0
0,baseline,html_dense,65540,1,4,64,12583680,157320.2
0,baseline,html_dense,65540,1,5,64,12583680,158954.0
0,baseline,html_dense,65540,1,6,64,12583680,157846.2
0,baseline,html_dense,65540,1,7,64,12583680,157068.8
0,baseline,html_dense,65540,1,8,64,12583680,157851.9
0,baseline,html_dense,65540,2,0,64,20133888,135289.0
0,baseline,html_dense,65540,2,1,64,20133888,133384.5
0,baseline,html_dense,65540,2,2,64,20133888,135588.8
0,baseline,html_dense,65540,2,3,64,20133888,133306.8
0,baseline,html_dense,65540,2,4,64,20133888,134191.1
0,baseline,html_dense,65540,2,5,64,20133888,134312.1
0,baseline,html_dense,65540,2,6,64,20133888,134821.0
0,baseline,html_dense,65540,2,7,64,20133888,134509.1
0,baseline,html_dense,65540,2,8,64,20133888,133138.6
0,baseline,html_dense,65540,3,0,64,12583680,149575.6
0,baseline,html_dense,65540,3,1,64,12583680,148902.4
0,baseline,html_dense,65540,3,2,64,12583680,150623.0
0,baseline,html_dense,65540,3,3,64,12583680,148596.2
0,baseline,html_dense,65540,3,4,64,12583680,150325.0
0,baseline,html_dense,65540,3,5,64,12583680,149820.3
0,baseline,html_dense,65540,3,6,64,12583680,156451.5
0,baseline,html_dense,65540,3,7,64,12583680,155535.1
0,baseline,html_dense,65540,3,8,64,12583680,153191.9
0,baseline,html_sparse,1,0,0,64527,193581,9.5
0,baseline,html_sparse,1,0,1,64527,193581,9.5
0,baseline,html_sparse,1,0,2,64527,193581,10.0
0,baseline,html_sparse,1,0,3,64527,193581,10.3
0,baseline,html_sparse,1,0,4,64527,193581,9.6
0,baseline,html_sparse,1,0,5,64527,193581,10.8
0,baseline,html_sparse,1,0,6,64527,193581,9.6
0,baseline,html_sparse,1,0,7,64527,193581,9.6
0,baseline,html_sparse,1,0,8,64527,193581,9.6
0,baseline,html_sparse,1,1,0,64527,193581,10.5
0,baseline,html_sparse,1,1,1,64527,193581,10.8
0,baseline,html_sparse,1,1,2,64527,193581,12.3
0,baseline,html_sparse,1,1,3,64527,193581,10.1
0,baseline,html_sparse,1,1,4,64527,193581,10.1
0,baseline,html_sparse,1,1,5,64527,193581,10.1
0,baseline,html_sparse,1,1,6,64527,193581,10.4
0,baseline,html_sparse,1,1,7,64527,193581,10.2
0,baseline,html_sparse,1,1,8,64527,193581,10.1
0,baseline,html_sparse,1,2,0,64527,322635,15.7
0,baseline,html_sparse,1,2,1,64527,322635,15.1
0,baseline,html_sparse,1,2,2,64527,322635,15.5
0,baseline,html_sparse,1,2,3,64527,322635,15.1
0,baseline,html_sparse,1,2,4,64527,322635,15.9
0,baseline,html_sparse,1,2,5,64527,322635,15.7
0,baseline,html_sparse,1,2,6,64527,322635,15.3
0,baseline,html_sparse,1,2,7,64527,322635,15.0
0,baseline,html_sparse,1,2,8,64527,322635,18.6
0,baseline,html_sparse,1,3,0,64527,193581,10.3
0,baseline,html_sparse,1,3,1,64527,193581,11.1
0,baseline,html_sparse,1,3,2,64527,193581,10.3
0,baseline,html_sparse,1,3,3,64527,193581,10.3
0,baseline,html_sparse,1,3,4,64527,193581,10.6
0,baseline,html_sparse,1,3,5,64527,193581,10.2
0,baseline,html_sparse,1,3,6,64527,193581,10.1
0,baseline,html_sparse,1,3,7,64527,193581,11.4
0,baseline,html_sparse,1,3,8,64527,193581,10.2
0,baseline,html_sparse,8,0,0,58254,582540,19.1
0,baseline,html_sparse,8,0,1,58254,582540,19.0
0,baseline,html_sparse,8,0,2,58254,582540,19.4
0,baseline,html_sparse,8,0,3,58254,582540,19.2
0,baseline,html_sparse,8,0,4,58254,582540,19.3
0,baseline,html_sparse,8,0,5,58254,582540,19.3
0,baseline,html_sparse,8,0,6,58254,582540,20.0
0,baseline,html_sparse,8,0,7,58254,582540,20.3
0,baseline,html_sparse,8,0,8,58254,582540,20.2
0,baseline,html_sparse,8,1,0,58254,582540,19.4
0,baseline,html_sparse,8,1,1,58254,582540,17.3
0,baseline,html_sparse,8,1,2,58254,582540,17.4
0,baseline,html_sparse,8,1,3,58254,582540,17.9
0,baseline,html_sparse,8,1,4,58254,582540,18.6
0,baseline,html_sparse,8,1,5,58254,582540,17.7
0,baseline,html_sparse,8,1,6,58254,582540,18.8
0,baseline,html_sparse,8,1,7,58254,582540,17.5
0,baseline,html_sparse,8,1,8,58254,582540,17.8
0,baseline,html_sparse,8,2,0,58254,699048,20.8
0,baseline,html_sparse,8,2,1,58254,699048,20.8
0,baseline,html_sparse,8,2,2,58254,699048,21.3
0,baseline,html_sparse,8,2,3,58254,699048,20.8
0,baseline,html_sparse,8,2,4,58254,699048,20.9
0,baseline,html_sparse,8,2,5,58254,699048,21.9
0,baseline,html_sparse,8,2,6,58254,699048,21.4
0,baseline,html_sparse,8,2,7,58254,699048,21.7
0,baseline,html_sparse,8,2,8,58254,699048,21.0
0,baseline,html_sparse,8,3,0,58254,582540,18.2
0,baseline,html_sparse,8,3,1,58254,582540,18.0
0,baseline,html_sparse,8,3,2,58254,582540,17.8
0,baseline,html_sparse,8,3,3,58254,582540,18.0
0,baseline,html_sparse,8,3,4,58254,582540,18.6
0,baseline,html_sparse,8,3,5,58254,582540,18.0
0,baseline,html_sparse,8,3,6,58254,582540,17.8
0,baseline,html_sparse,8,3,7,58254,582540,18.2
0,baseline,html_sparse,8,3,8,58254,582540,18.6
0,baseline,html_sparse,64,0,0,32768,2162688,98.0
0,baseline,html_sparse,64,0,1,32768,2162688,100.0
0,baseline,html_sparse,64,0,2,32768,2162688,108.2
0,baseline,html_sparse,64,0,3,32768,2162688,100.4
0,baseline,html_sparse,64,0,4,32768,2162688,99.5
0,baseline,html_sparse,64,0,5,32768,2162688,97.7
0,baseline,html_sparse,64,0,6,32768,2162688,99.2
0,baseline,html_sparse,64,0,7,32768,2162688,98.2
0,baseline,html_sparse,64,0,8,32768,2162688,97.2
0,baseline,html_sparse,64,1,0,32768,2162688,95.3
0,baseline,html_sparse,64,1,1,32768,2162688,93.4
0,baseline,html_sparse,64,1,2,32768,2162688,92.4
0,baseline,html_sparse,64,1,3,32768,2162688,93.0
0,baseline,html_sparse,64,1,4,32768,2162688,91.5
0,baseline,html_sparse,64,1,5,32768,2162688,93.1
0,baseline,html_sparse,64,1,6,32768,2162688,92.7
0,baseline,html_sparse,64,1,7,32768,2162688,93.0
0,baseline,html_sparse,64,1,8,32768,2162688,92.0
0,baseline,html_sparse,64,2,0,32768,2228224,66.5
0,baseline,html_sparse,64,2,1,32768,2228224,62.8
0,baseline,html_sparse,64,2,2,32768,2228224,63.2
0,baseline,html_sparse,64,2,3,32768,2228224,63.1
0,baseline,html_sparse,64,2,4,32768,2228224,63.5
0,baseline,html_sparse,64,2,5,32768,2228224,63.2
0,baseline,html_sparse,64,2,6,32768,2228224,64.8
0,baseline,html_sparse,64,2,7,32768,2228224,63.1
0,baseline,html_sparse,64,2,8,32768,2228224,65.3
0,baseline,html_sparse,64,3,0,32768,2162688,85.2
0,baseline,html_sparse,64,3,1,32768,2162688,88.4
0,baseline,html_sparse,64,3,2,32768,2162688,86.4
0,baseline,html_sparse,64,3,3,32768,2162688,87.6
0,baseline,html_sparse,64,3,4,32768,2162688,85.4
0,baseline,html_sparse,64,3,5,32768,2162688,84.3
0,baseline,html_sparse,64,3,6,32768,2162688,88.7
0,baseline,html_sparse,64,3,7,32768,2162688,85.7
0,baseline,html_sparse,64,3,8,32768,2162688,87.2
0,baseline,html_sparse,4096,0,0,1008,4161024,5512.5
0,baseline,html_sparse,4096,0,1,1008,4161024,5446.1
0,baseline,html_sparse,4096,0,2,1008,4161024,5466.8
0,baseline,html_sparse,4096,0,3,1008,4161024,5482.6
0,baseline,html_sparse,4096,0,4,1008,4161024,5453.1
0,baseline,html_sparse,4096,0,5,1008,4161024,5484.8
0,baseline,html_sparse,4096,0,6,1008,4161024,5590.1
0,baseline,html_sparse,4096,0,7,1008,4161024,5548.7
0,baseline,html_sparse,4096,0,8,1008,4161024,5439.3
0,baseline,html_sparse,4096,1,0,1008,4161024,4610.8
0,baseline,html_sparse,4096,1,1,1008,4161024,4585.1
0,baseline,html_sparse,4096,1,2,1008,4161024,4685.3
0,baseline,html_sparse,4096,1,3,1008,4161024,4593.4
0,baseline,html_sparse,4096,1,4,1008,4161024,4605.2
0,baseline,html_sparse,4096,1,5,1008,4161024,4964.5
0,baseline,html_sparse,4096,1,6,1008,4161024,4658.1
0,baseline,html_sparse,4096,1,7,1008,4161024,4589.2
0,baseline,html_sparse,4096,1,8,1008,4161024,4646.9
0,baseline,html_sparse,4096,2,0,1008,4190256,3196.9
0,baseline,html_sparse,4096,2,1,1008,4190256,3228.8
0,baseline,html_sparse,4096,2,2,1008,4190256,3314.1
0,baseline,html_sparse,4096,2,3,1008,4190256,3204.6
0,baseline,html_sparse,4096,2,4,1008,4190256,3171.6
0,baseline,html_sparse,4096,2,5,1008,4190256,3192.5
0,baseline,html_sparse,4096,2,6,1008,4190256,3308.8
0,baseline,html_sparse,4096,2,7,1008,4190256,3298.7
0,baseline,html_sparse,4096,2,8,1008,4190256,3243.8
0,baseline,html_sparse,4096,3,0,1008,4161024,4985.4
0,baseline,html_sparse,4096,3,1,1008,4161024,4778.9
0,baseline,html_sparse,4096,3,2,1008,4161024,4795.1
0,baseline,html_sparse,4096,3,3,1008,4161024,4811.9
0,baseline,html_sparse,4096,3,4,1008,4161024,4791.5
0,baseline,html_sparse,4096,3,5,1008,4161024,4843.4
0,baseline,html_sparse,4096,3,6,1008,4161024,4732.5
0,baseline,html_sparse,4096,3,7,1008,4161024,4790.8
0,baseline,html_sparse,4096,3,8,1008,4161024,4838.4
0,baseline,html_sparse,65536,0,0,64,4227072,91345.0
0,baseline,html_sparse,65536,0,1,64,4227072,89709.8
0,baseline,html_sparse,65536,0,2,64,4227072,91812.8
0,baseline,html_sparse,65536,0,3,64,4227072,89925.2
0,baseline,html_sparse,65536,0,4,64,4227072,92179.6
0,baseline,html_sparse,65536,0,5,64,4227072,90907.3
0,baseline,html_sparse,65536,0,6,64,4227072,86877.1
0,baseline,html_sparse,65536,0,7,64,4227072,87067.1
0,baseline,html_sparse,65536,0,8,64,4227072,88017.2
0,baseline,html_sparse,65536,1,0,64,4227072,74540.8
0,baseline,html_sparse,65536,1,1,64,4227072,74213.9
0,baseline,html_sparse,65536,1,2,64,4227072,73579.9
0,baseline,html_sparse,65536,1,3,64,4227072,74124.8
0,baseline,html_sparse,65536,1,4,64,4227072,75125.0
0,baseline,html_sparse,65536,1,5,64,4227072,73447.0
0,baseline,html_sparse,65536,1,6,64,4227072,73970.3
0,baseline,html_sparse,65536,1,7,64,4227072,74610.3
0,baseline,html_sparse,65536,1,8,64,4227072,79763.8
0,baseline,html_sparse,65536,2,0,64,4256576,51848.0
0,baseline,html_sparse,65536,2,1,64,4256576,50643.8
0,baseline,html_sparse,65536,2,2,64,4256576,51502.6
0,baseline,html_sparse,65536,2,3,64,4256576,50672.6
0,baseline,html_sparse,65536,2,4,64,4256576,50451.6
0,baseline,html_sparse,65536,2,5,64,4256576,51785.1
0,baseline,html_sparse,65536,2,6,64,4256576,51747.8
0,baseline,html_sparse,65536,2,7,64,4256576,55980.2
0,baseline,html_sparse,65536,2,8,64,4256576,53176.8
0,baseline,html_sparse,65536,3,0,64,4227072,79103.0
0,baseline,html_sparse,65536,3,1,64,4227072,80002.7
0,baseline,html_sparse,65536,3,2,64,4227072,150206.7
0,baseline,html_sparse,65536,3,3,64,4227072,76023.0
0,baseline,html_sparse,65536,3,4,64,4227072,76116.8
0,baseline,html_sparse,65536,3,5,64,4227072,76942.4
0,baseline,html_sparse,65536,3,6,64,4227072,75304.2
0,baseline,html_sparse,65536,3,7,64,4227072,77942.8
0,baseline,html_sparse,65536,3,8,64,4227072,80870.9
0,baseline,html_late,1,0,0,64527,193581,9.6
0,baseline,html_late,1,0,1,64527,193581,9.6
0,baseline,html_late,1,0,2,64527,193581,9.4
0,baseline,html_late,1,0,3,64527,193581,10.4
0,baseline,html_late,1,0,4,64527,193581,9.6
0,baseline,html_late,1,0,5,64527,193581,9.5
0,baseline,html_late,1,0,6,64527,193581,9.7
0,baseline,html_late,1,0,7,64527,193581,10.2
0,baseline,html_late,1,0,8,64527,193581,9.5
0,baseline,html_late,1,1,0,64527,193581,10.1
0,baseline,html_late,1,1,1,64527,193581,10.1
0,baseline,html_late,1,1,2,64527,193581,11.2
0,baseline,html_late,1,1,3,64527,193581,10.1
0,baseline,html_late,1,1,4,64527,193581,10.3
0,baseline,html_late,1,1,5,64527,193581,10.3
0,baseline,html_late,1,1,6,64527,193581,10.2
0,baseline,html_late,1,1,7,64527,193581,10.2
0,baseline,html_late,1,1,8,64527,193581,10.3
0,baseline,html_late,1,2,0,64527,322635,17.2
0,baseline,html_late,1,2,1,64527,322635,17.9
0,baseline,html_late,1,2,2,64527,322635,16.3
0,baseline,html_late,1,2,3,64527,322635,15.0
0,baseline,html_late,1,2,4,64527,322635,15.1
0,baseline,html_late,1,2,5,64527,322635,15.0
0,baseline,html_late,1,2,6,64527,322635,15.0
0,baseline,html_late,1,2,7,64527,322635,15.1
0,baseline,html_late,1,2,8,64527,322635,15.0
0,baseline,html_late,1,3,0,64527,193581,10.1
0,baseline,html_late,1,3,1,64527,193581,10.3
0,baseline,html_late,1,3,2,64527,193581,10.4
0,baseline,html_late,1,3,3,64527,193581,10.1
0,baseline,html_late,1,3,4,64527,193581,10.4
0,baseline,html_late,1,3,5,64527,193581,10.4
0,baseline,html_late,1,3,6,64527,193581,10.1
0,baseline,html_late,1,3,7,64527,193581,10.2
0,baseline,html_late,1,3,8,64527,193581,10.2
0,baseline,html_late,8,0,0,58254,582540,19.6
0,baseline,html_late,8,0,1,58254,582540,19.7
0,baseline,html_late,8,0,2,58254,582540,25.0
0,baseline,html_late,8,0,3,58254,582540,19.7
0,baseline,html_late,8,0,4,58254,582540,21.4
0,baseline,html_late,8,0,5,58254,582540,19.7
0,baseline,html_late,8,0,6,58254,582540,19.8
0,baseline,html_late,8,0,7,58254,582540,19.9
0,baseline,html_late,8,0,8,58254,582540,19.8
0,baseline,html_late,8,1,0,58254,582540,17.9
0,baseline,html_late,8,1,1,58254,582540,17.8
0,baseline,html_late,8,1,2,58254,582540,19.5
0,baseline,html_late,8,1,3,58254,582540,18.8
0,baseline,html_late,8,1,4,58254,582540,18.5
0,baseline,html_late,8,1,5,58254,582540,17.8
0,baseline,html_late,8,1,6,58254,582540,20.0
0,baseline,html_late,8,1,7,58254,582540,17.7
0,baseline,html_late,8,1,8,58254,582540,17.7
0,baseline,html_late,8,2,0,58254,699048,20.9
0,baseline,html_late,8,2,1,58254,699048,21.0
0,baseline,html_late,8,2,2,58254,699048,20.4
0,baseline,html_late,8,2,3,58254,699048,20.4
0,baseline,html_late,8,2,4,58254,699048,20.8
0,baseline,html_late,8,2,5,58254,699048,20.5
0,baseline,html_late,8,2,6,58254,699048,20.7
0,baseline,html_late,8,2,7,58254,699048,20.9
0,baseline,html_late,8,2,8,58254,699048,21.1
0,baseline,html_late,8,3,0,58254,582540,17.8
0,baseline,html_late,8,3,1,58254,582540,19.3
0,baseline,html_late,8,3,2,58254,582540,20.9
0,baseline,html_late,8,3,3,58254,582540,17.6
0,baseline,html_late,8,3,4,58254,582540,20.1
0,baseline,html_late,8,3,5,58254,582540,18.3
0,baseline,html_late,8,3,6,58254,582540,17.6
0,baseline,html_late,8,3,7,58254,582540,17.9
0,baseline,html_late,8,3,8,58254,582540,18.8
0,baseline,html_late,64,0,0,32768,2162688,100.4
0,baseline,html_late,64,0,1,32768,2162688,100.4
0,baseline,html_late,64,0,2,32768,2162688,96.1
0,baseline,html_late,64,0,3,32768,2162688,98.5
0,baseline,html_late,64,0,4,32768,2162688,97.9
0,baseline,html_late,64,0,5,32768,2162688,96.6
0,baseline,html_late,64,0,6,32768,2162688,96.4
0,baseline,html_late,64,0,7,32768,2162688,96.6
0,baseline,html_late,64,0,8,32768,2162688,104.0
0,baseline,html_late,64,1,0,32768,2162688,92.0
0,baseline,html_late,64,1,1,32768,2162688,93.9
0,baseline,html_late,64,1,2,32768,2162688,95.2
0,baseline,html_late,64,1,3,32768,2162688,92.9
0,baseline,html_late,64,1,4,32768,2162688,93.7
0,baseline,html_late,64,1,5,32768,2162688,94.5
0,baseline,html_late,64,1,6,32768,2162688,94.1
0,baseline,html_late,64,1,7,32768,2162688,96.8
0,baseline,html_late,64,1,8,32768,2162688,100.4
0,baseline,html_late,64,2,0,32768,2228224,60.2
0,baseline,html_late,64,2,1,32768,2228224,59.8
0,baseline,html_late,64,2,2,32768,2228224,60.1
0,baseline,html_late,64,2,3,32768,2228224,59.0
0,baseline,html_late,64,2,4,32768,2228224,59.2
0,baseline,html_late,64,2,5,32768,2228224,59.1
0,baseline,html_late,64,2,6,32768,2228224,59.2
0,baseline,html_late,64,2,7,32768,2228224,59.1
0,baseline,html_late,64,2,8,32768,2228224,59.1
0,baseline,html_late,64,3,0,32768,2162688,87.0
0,baseline,html_late,64,3,1,32768,2162688,86.0
0,baseline,html_late,64,3,2,32768,2162688,85.3
0,baseline,html_late,64,3,3,32768,2162688,85.3
0,baseline,html_late,64,3,4,32768,2162688,85.0
0,baseline,html_late,64,3,5,32768,2162688,87.3
0,baseline,html_late,64,3,6,32768,2162688,86.1
0,baseline,html_late,64,3,7,32768,2162688,86.0
0,baseline,html_late,64,3,8,32768,2162688,85.9
0,baseline,html_late,4096,0,0,1008,4130784,5337.1
0,baseline,html_late,4096,0,1,1008,4130784,5497.9
0,baseline,html_late,4096,0,2,1008,4130784,5811.5
0,baseline,html_late,4096,0,3,1008,4130784,5288.2
0,baseline,html_late,4096,0,4,1008,4130784,5478.6
0,baseline,html_late,4096,0,5,1008,4130784,5978.3
0,baseline,html_late,4096,0,6,1008,4130784,5383.5
0,baseline,html_late,4096,0,7,1008,4130784,5616.7
0,baseline,html_late,4096,0,8,1008,4130784,5390.1
0,baseline,html_late,4096,1,0,1008,4130784,4802.4
0,baseline,html_late,4096,1,1,1008,4130784,4698.6
0,baseline,html_late,4096,1,2,1008,4130784,4674.9
0,baseline,html_late,4096,1,3,1008,4130784,4714.8
0,baseline,html_late,4096,1,4,1008,4130784,4650.5
0,baseline,html_late,4096,1,5,1008,4130784,4700.2
0,baseline,html_late,4096,1,6,1008,4130784,4885.9
0,baseline,html_late,4096,1,7,1008,4130784,4685.5
0,baseline,html_late,4096,1,8,1008,4130784,4738.7
0,baseline,html_late,4096,2,0,1008,4132800,3074.0
0,baseline,html_late,4096,2,1,1008,4132800,3030.4
0,baseline,html_late,4096,2,2,1008,4132800,3049.7
0,baseline,html_late,4096,2,3,1008,4132800,3038.5
0,baseline,html_late,4096,2,4,1008,4132800,3071.1
0,baseline,html_late,4096,2,5,1008,4132800,3087.5
0,baseline,html_late,4096,2,6,1008,4132800,3026.4
0,baseline,html_late,4096,2,7,1008,4132800,3043.9
0,baseline,html_late,4096,2,8,1008,4132800,3060.2
0,baseline,html_late,4096,3,0,1008,4130784,4409.1
0,baseline,html_late,4096,3,1,1008,4130784,4384.8
0,baseline,html_late,4096,3,2,1008,4130784,4553.6
0,baseline,html_late,4096,3,3,1008,4130784,4561.3
0,baseline,html_late,4096,3,4,1008,4130784,4424.5
0,baseline,html_late,4096,3,5,1008,4130784,4554.9
0,baseline,html_late,4096,3,6,1008,4130784,4413.8
0,baseline,html_late,4096,3,7,1008,4130784,4400.4
0,baseline,html_late,4096,3,8,1008,4130784,4439.6
0,baseline,html_late,65536,0,0,64,4194432,83461.8
0,baseline,html_late,65536,0,1,64,4194432,83005.2
0,baseline,html_late,65536,0,2,64,4194432,93692.0
0,baseline,html_late,65536,0,3,64,4194432,84183.4
0,baseline,html_late,65536,0,4,64,4194432,86696.2
0,baseline,html_late,65536,0,5,64,4194432,85503.5
0,baseline,html_late,65536,0,6,64,4194432,83605.9
0,baseline,html_late,65536,0,7,64,4194432,85465.8
0,baseline,html_late,65536,0,8,64,4194432,84945.9
0,baseline,html_late,65536,1,0,64,4194432,76663.7
0,baseline,html_late,65536,1,1,64,4194432,75506.0
0,baseline,html_late,65536,1,2,64,4194432,76212.9
0,baseline,html_late,65536,1,3,64,4194432,77730.3
0,baseline,html_late,65536,1,4,64,4194432,76768.7
0,baseline,html_late,65536,1,5,64,4194432,75018.6
0,baseline,html_late,65536,1,6,64,4194432,76131.5
0,baseline,html_late,65536,1,7,64,4194432,77900.5
0,baseline,html_late,65536,1,8,64,4194432,76497.4
0,baseline,html_late,65536,2,0,64,4194560,50400.7
0,baseline,html_late,65536,2,1,64,4194560,48418.3
0,baseline,html_late,65536,2,2,64,4194560,48976.6
0,baseline,html_late,65536,2,3,64,4194560,48292.3
0,baseline,html_late,65536,2,4,64,4194560,49018.3
0,baseline,html_late,65536,2,5,64,4194560,50656.6
0,baseline,html_late,65536,2,6,64,4194560,48584.5
0,baseline,html_late,65536,2,7,64,4194560,48966.2
0,baseline,html_late,65536,2,8,64,4194560,48204.0
0,baseline,html_late,65536,3,0,64,4194432,71227.6
0,baseline,html_late,65536,3,1,64,4194432,74347.6
0,baseline,html_late,65536,3,2,64,4194432,76242.3
0,baseline,html_late,65536,3,3,64,4194432,76569.5
0,baseline,html_late,65536,3,4,64,4194432,73752.9
0,baseline,html_late,65536,3,5,64,4194432,76849.3
0,baseline,html_late,65536,3,6,64,4194432,74059.0
0,baseline,html_late,65536,3,7,64,4194432,72966.3
0,baseline,html_late,65536,3,8,64,4194432,75176.2
1,candidate,plain,0,0,0,65536,0,3.5
1,candidate,plain,0,0,1,65536,0,3.7
1,candidate,plain,0,0,2,65536,0,3.5
1,candidate,plain,0,0,3,65536,0,3.5
1,candidate,plain,0,0,4,65536,0,3.5
1,candidate,plain,0,0,5,65536,0,3.5
1,candidate,plain,0,0,6,65536,0,3.5
1,candidate,plain,0,0,7,65536,0,3.7
1,candidate,plain,0,0,8,65536,0,3.5
1,candidate,plain,0,1,0,65536,0,3.5
1,candidate,plain,0,1,1,65536,0,3.5
1,candidate,plain,0,1,2,65536,0,3.7
1,candidate,plain,0,1,3,65536,0,3.5
1,candidate,plain,0,1,4,65536,0,3.6
1,candidate,plain,0,1,5,65536,0,3.5
1,candidate,plain,0,1,6,65536,0,3.7
1,candidate,plain,0,1,7,65536,0,3.5
1,candidate,plain,0,1,8,65536,0,3.5
1,candidate,plain,0,2,0,65536,0,5.8
1,candidate,plain,0,2,1,65536,0,6.5
1,candidate,plain,0,2,2,65536,0,5.8
1,candidate,plain,0,2,3,65536,0,5.9
1,candidate,plain,0,2,4,65536,0,6.6
1,candidate,plain,0,2,5,65536,0,6.7
1,candidate,plain,0,2,6,65536,0,6.0
1,candidate,plain,0,2,7,65536,0,5.9
1,candidate,plain,0,2,8,65536,0,6.0
1,candidate,plain,0,3,0,65536,0,3.7
1,candidate,plain,0,3,1,65536,0,3.7
1,candidate,plain,0,3,2,65536,0,3.7
1,candidate,plain,0,3,3,65536,0,3.9
1,candidate,plain,0,3,4,65536,0,3.7
1,candidate,plain,0,3,5,65536,0,3.7
1,candidate,plain,0,3,6,65536,0,3.7
1,candidate,plain,0,3,7,65536,0,4.0
1,candidate,plain,0,3,8,65536,0,3.7
1,candidate,plain,30,0,0,44620,1427840,40.4
1,candidate,plain,30,0,1,44620,1427840,41.0
1,candidate,plain,30,0,2,44620,1427840,42.2
1,candidate,plain,30,0,3,44620,1427840,40.9
1,candidate,plain,30,0,4,44620,1427840,41.2
1,candidate,plain,30,0,5,44620,1427840,42.6
1,candidate,plain,30,0,6,44620,1427840,41.3
1,candidate,plain,30,0,7,44620,1427840,41.4
1,candidate,plain,30,0,8,44620,1427840,43.1
1,candidate,plain,30,1,0,44620,1338600,40.4
1,candidate,plain,30,1,1,44620,1338600,47.2
1,candidate,plain,30,1,2,44620,1338600,44.1
1,candidate,plain,30,1,3,44620,1338600,40.8
1,candidate,plain,30,1,4,44620,1338600,41.4
1,candidate,plain,30,1,5,44620,1338600,40.4
1,candidate,plain,30,1,6,44620,1338600,41.0
1,candidate,plain,30,1,7,44620,1338600,41.0
1,candidate,plain,30,1,8,44620,1338600,40.4
1,candidate,plain,30,2,0,44620,1338600,33.1
1,candidate,plain,30,2,1,44620,1338600,33.8
1,candidate,plain,30,2,2,44620,1338600,33.7
1,candidate,plain,30,2,3,44620,1338600,33.7
1,candidate,plain,30,2,4,44620,1338600,33.7
1,candidate,plain,30,2,5,44620,1338600,33.9
1,candidate,plain,30,2,6,44620,1338600,34.5
1,candidate,plain,30,2,7,44620,1338600,33.9
1,candidate,plain,30,2,8,44620,1338600,34.4
1,candidate,plain,30,3,0,44620,1427840,44.6
1,candidate,plain,30,3,1,44620,1427840,45.4
1,candidate,plain,30,3,2,44620,1427840,46.6
1,candidate,plain,30,3,3,44620,1427840,48.0
1,candidate,plain,30,3,4,44620,1427840,45.2
1,candidate,plain,30,3,5,44620,1427840,44.5
1,candidate,plain,30,3,6,44620,1427840,45.1
1,candidate,plain,30,3,7,44620,1427840,44.5
1,candidate,plain,30,3,8,44620,1427840,45.0
1,candidate,plain,90,0,0,27235,2614560,116.8
1,candidate,plain,90,0,1,27235,2614560,117.8
1,candidate,plain,90,0,2,27235,2614560,113.9
1,candidate,plain,90,0,3,27235,2614560,118.9
1,candidate,plain,90,0,4,27235,2614560,124.1
1,candidate,plain,90,0,5,27235,2614560,117.3
1,candidate,plain,90,0,6,27235,2614560,121.6
1,candidate,plain,90,0,7,27235,2614560,117.5
1,candidate,plain,90,0,8,27235,2614560,120.6
1,candidate,plain,90,1,0,27235,2451150,121.8
1,candidate,plain,90,1,1,27235,2451150,127.5
1,candidate,plain,90,1,2,27235,2451150,124.2
1,candidate,plain,90,1,3,27235,2451150,126.9
1,candidate,plain,90,1,4,27235,2451150,123.9
1,candidate,plain,90,1,5,27235,2451150,121.5
1,candidate,plain,90,1,6,27235,2451150,124.4
1,candidate,plain,90,1,7,27235,2451150,124.9
1,candidate,plain,90,1,8,27235,2451150,123.6
1,candidate,plain,90,2,0,27235,2451150,46.1
1,candidate,plain,90,2,1,27235,2451150,45.8
1,candidate,plain,90,2,2,27235,2451150,44.2
1,candidate,plain,90,2,3,27235,2451150,44.4
1,candidate,plain,90,2,4,27235,2451150,44.3
1,candidate,plain,90,2,5,27235,2451150,44.5
1,candidate,plain,90,2,6,27235,2451150,44.5
1,candidate,plain,90,2,7,27235,2451150,51.0
1,candidate,plain,90,2,8,27235,2451150,50.0
1,candidate,plain,90,3,0,27235,2614560,140.8
1,candidate,plain,90,3,1,27235,2614560,136.1
1,candidate,plain,90,3,2,27235,2614560,132.7
1,candidate,plain,90,3,3,27235,2614560,136.2
1,candidate,plain,90,3,4,27235,2614560,130.9
1,candidate,plain,90,3,5,27235,2614560,135.1
1,candidate,plain,90,3,6,27235,2614560,135.2
1,candidate,plain,90,3,7,27235,2614560,129.5
1,candidate,plain,90,3,8,27235,2614560,141.4
1,candidate,plain,4110,0,0,1004,4401536,4658.4
1,candidate,plain,4110,0,1,1004,4401536,4716.0
1,candidate,plain,4110,0,2,1004,4401536,5319.5
1,candidate,plain,4110,0,3,1004,4401536,4661.2
1,candidate,plain,4110,0,4,1004,4401536,4775.4
1,candidate,plain,4110,0,5,1004,4401536,4888.6
1,candidate,plain,4110,0,6,1004,4401536,4757.3
1,candidate,plain,4110,0,7,1004,4401536,4758.5
1,candidate,plain,4110,0,8,1004,4401536,5052.1
1,candidate,plain,4110,1,0,1004,4126440,4926.2
1,candidate,plain,4110,1,1,1004,4126440,4810.1
1,candidate,plain,4110,1,2,1004,4126440,4881.0
1,candidate,plain,4110,1,3,1004,4126440,5274.3
1,candidate,plain,4110,1,4,1004,4126440,4933.1
1,candidate,plain,4110,1,5,1004,4126440,4905.1
1,candidate,plain,4110,1,6,1004,4126440,5060.0
1,candidate,plain,4110,1,7,1004,4126440,5260.3
1,candidate,plain,4110,1,8,1004,4126440,4870.0
1,candidate,plain,4110,2,0,1004,4126440,552.2
1,candidate,plain,4110,2,1,1004,4126440,550.3
1,candidate,plain,4110,2,2,1004,4126440,628.8
1,candidate,plain,4110,2,3,1004,4126440,574.5
1,candidate,plain,4110,2,4,1004,4126440,587.4
1,candidate,plain,4110,2,5,1004,4126440,551.9
1,candidate,plain,4110,2,6,1004,4126440,611.0
1,candidate,plain,4110,2,7,1004,4126440,568.7
1,candidate,plain,4110,2,8,1004,4126440,597.1
1,candidate,plain,4110,3,0,1004,4401536,5078.4
1,candidate,plain,4110,3,1,1004,4401536,5113.7
1,candidate,plain,4110,3,2,1004,4401536,5120.4
1,candidate,plain,4110,3,3,1004,4401536,5153.9
1,candidate,plain,4110,3,4,1004,4401536,5377.1
1,candidate,plain,4110,3,5,1004,4401536,5196.9
1,candidate,plain,4110,3,6,1004,4401536,5241.2
1,candidate,plain,4110,3,7,1004,4401536,5220.9
1,candidate,plain,4110,3,8,1004,4401536,5222.9
1,candidate,plain,65550,0,0,64,4474880,119334.6
1,candidate,plain,65550,0,1,64,4474880,99284.0
1,candidate,plain,65550,0,2,64,4474880,73928.5
1,candidate,plain,65550,0,3,64,4474880,75199.5
1,candidate,plain,65550,0,4,64,4474880,74709.0
1,candidate,plain,65550,0,5,64,4474880,74367.3
1,candidate,plain,65550,0,6,64,4474880,74988.9
1,candidate,plain,65550,0,7,64,4474880,76789.6
1,candidate,plain,65550,0,8,64,4474880,73831.0
1,candidate,plain,65550,1,0,64,4195200,79874.1
1,candidate,plain,65550,1,1,64,4195200,76456.6
1,candidate,plain,65550,1,2,64,4195200,77613.5
1,candidate,plain,65550,1,3,64,4195200,77691.5
1,candidate,plain,65550,1,4,64,4195200,76490.5
1,candidate,plain,65550,1,5,64,4195200,77424.8
1,candidate,plain,65550,1,6,64,4195200,77758.6
1,candidate,plain,65550,1,7,64,4195200,76681.0
1,candidate,plain,65550,1,8,64,4195200,77193.1
1,candidate,plain,65550,2,0,64,4195200,8929.7
1,candidate,plain,65550,2,1,64,4195200,8659.7
1,candidate,plain,65550,2,2,64,4195200,8928.9
1,candidate,plain,65550,2,3,64,4195200,9366.4
1,candidate,plain,65550,2,4,64,4195200,8676.1
1,candidate,plain,65550,2,5,64,4195200,8823.4
1,candidate,plain,65550,2,6,64,4195200,8660.8
1,candidate,plain,65550,2,7,64,4195200,8942.2
1,candidate,plain,65550,2,8,64,4195200,8667.0
1,candidate,plain,65550,3,0,64,4474880,82014.5
1,candidate,plain,65550,3,1,64,4474880,81265.2
1,candidate,plain,65550,3,2,64,4474880,82712.9
1,candidate,plain,65550,3,3,64,4474880,82919.3
1,candidate,plain,65550,3,4,64,4474880,81035.0
1,candidate,plain,65550,3,5,64,4474880,84303.4
1,candidate,plain,65550,3,6,64,4474880,81418.2
1,candidate,plain,65550,3,7,64,4474880,81882.2
1,candidate,plain,65550,3,8,64,4474880,83067.0
1,candidate,mixed,46,0,0,38130,3660480,83.0
1,candidate,mixed,46,0,1,38130,3660480,88.0
1,candidate,mixed,46,0,2,38130,3660480,85.8
1,candidate,mixed,46,0,3,38130,3660480,83.9
1,candidate,mixed,46,0,4,38130,3660480,84.3
1,candidate,mixed,46,0,5,38130,3660480,84.0
1,candidate,mixed,46,0,6,38130,3660480,87.8
1,candidate,mixed,46,0,7,38130,3660480,84.4
1,candidate,mixed,46,0,8,38130,3660480,84.1
1,candidate,mixed,46,1,0,38130,3507960,93.6
1,candidate,mixed,46,1,1,38130,3507960,87.8
1,candidate,mixed,46,1,2,38130,3507960,88.1
1,candidate,mixed,46,1,3,38130,3507960,87.9
1,candidate,mixed,46,1,4,38130,3507960,92.3
1,candidate,mixed,46,1,5,38130,3507960,87.6
1,candidate,mixed,46,1,6,38130,3507960,87.3
1,candidate,mixed,46,1,7,38130,3507960,88.2
1,candidate,mixed,46,1,8,38130,3507960,87.1
1,candidate,mixed,46,2,0,38130,2897880,65.8
1,candidate,mixed,46,2,1,38130,2897880,68.1
1,candidate,mixed,46,2,2,38130,2897880,65.7
1,candidate,mixed,46,2,3,38130,2897880,65.1
1,candidate,mixed,46,2,4,38130,2897880,70.3
1,candidate,mixed,46,2,5,38130,2897880,67.6
1,candidate,mixed,46,2,6,38130,2897880,65.0
1,candidate,mixed,46,2,7,38130,2897880,65.8
1,candidate,mixed,46,2,8,38130,2897880,63.4
1,candidate,mixed,46,3,0,38130,3355440,84.5
1,candidate,mixed,46,3,1,38130,3355440,84.7
1,candidate,mixed,46,3,2,38130,3355440,85.5
1,candidate,mixed,46,3,3,38130,3355440,95.0
1,candidate,mixed,46,3,4,38130,3355440,85.0
1,candidate,mixed,46,3,5,38130,3355440,87.3
1,candidate,mixed,46,3,6,38130,3355440,91.0
1,candidate,mixed,46,3,7,38130,3355440,90.0
1,candidate,mixed,46,3,8,38130,3355440,91.3
1,candidate,mixed,92,0,0,26886,5162112,171.2
1,candidate,mixed,92,0,1,26886,5162112,166.3
1,candidate,mixed,92,0,2,26886,5162112,169.5
1,candidate,mixed,92,0,3,26886,5162112,169.0
1,candidate,mixed,92,0,4,26886,5162112,170.7
1,candidate,mixed,92,0,5,26886,5162112,168.3
1,candidate,mixed,92,0,6,26886,5162112,171.5
1,candidate,mixed,92,0,7,26886,5162112,171.3
1,candidate,mixed,92,0,8,26886,5162112,167.4
1,candidate,mixed,92,1,0,26886,4947024,172.2
1,candidate,mixed,92,1,1,26886,4947024,175.8
1,candidate,mixed,92,1,2,26886,4947024,175.7
1,candidate,mixed,92,1,3,26886,4947024,172.3
1,candidate,mixed,92,1,4,26886,4947024,177.4
1,candidate,mixed,92,1,5,26886,4947024,172.3
1,candidate,mixed,92,1,6,26886,4947024,176.6
1,candidate,mixed,92,1,7,26886,4947024,175.0
1,candidate,mixed,92,1,8,26886,4947024,174.3
1,candidate,mixed,92,2,0,26886,4086672,108.9
1,candidate,mixed,92,2,1,26886,4086672,112.7
1,candidate,mixed,92,2,2,26886,4086672,106.9
1,candidate,mixed,92,2,3,26886,4086672,112.4
1,candidate,mixed,92,2,4,26886,4086672,101.9
1,candidate,mixed,92,2,5,26886,4086672,104.0
1,candidate,mixed,92,2,6,26886,4086672,110.6
1,candidate,mixed,92,2,7,26886,4086672,121.6
1,candidate,mixed,92,2,8,26886,4086672,103.4
1,candidate,mixed,92,3,0,26886,4731936,167.6
1,candidate,mixed,92,3,1,26886,4731936,164.5
1,candidate,mixed,92,3,2,26886,4731936,165.4
1,candidate,mixed,92,3,3,26886,4731936,165.1
1,candidate,mixed,92,3,4,26886,4731936,164.5
1,candidate,mixed,92,3,5,26886,4731936,163.7
1,candidate,mixed,92,3,6,26886,4731936,162.8
1,candidate,mixed,92,3,7,26886,4731936,161.1
1,candidate,mixed,92,3,8,26886,4731936,170.7
1,candidate,mixed,4140,0,0,997,8614080,7027.0
1,candidate,mixed,4140,0,1,997,8614080,6939.8
1,candidate,mixed,4140,0,2,997,8614080,6888.0
1,candidate,mixed,4140,0,3,997,8614080,6985.4
1,candidate,mixed,4140,0,4,997,8614080,6873.0
1,candidate,mixed,4140,0,5,997,8614080,7000.1
1,candidate,mixed,4140,0,6,997,8614080,6862.3
1,candidate,mixed,4140,0,7,997,8614080,7009.4
1,candidate,mixed,4140,0,8,997,8614080,6906.0
1,candidate,mixed,4140,1,0,997,8255160,7368.1
1,candidate,mixed,4140,1,1,997,8255160,7325.5
1,candidate,mixed,4140,1,2,997,8255160,7329.8
1,candidate,mixed,4140,1,3,997,8255160,7350.1
1,candidate,mixed,4140,1,4,997,8255160,7315.4
1,candidate,mixed,4140,1,5,997,8255160,7339.2
1,candidate,mixed,4140,1,6,997,8255160,7375.9
1,candidate,mixed,4140,1,7,997,8255160,7332.2
1,candidate,mixed,4140,1,8,997,8255160,7319.1
1,candidate,mixed,4140,2,0,997,6819480,4139.4
1,candidate,mixed,4140,2,1,997,6819480,4589.7
1,candidate,mixed,4140,2,2,997,6819480,4166.0
1,candidate,mixed,4140,2,3,997,6819480,4109.7
1,candidate,mixed,4140,2,4,997,6819480,4154.5
1,candidate,mixed,4140,2,5,997,6819480,4339.9
1,candidate,mixed,4140,2,6,997,6819480,4165.0
1,candidate,mixed,4140,2,7,997,6819480,4137.8
1,candidate,mixed,4140,2,8,997,6819480,4215.2
1,candidate,mixed,4140,3,0,997,7896240,6802.7
1,candidate,mixed,4140,3,1,997,7896240,6824.3
1,candidate,mixed,4140,3,2,997,7896240,6789.6
1,candidate,mixed,4140,3,3,997,7896240,6928.2
1,candidate,mixed,4140,3,4,997,7896240,6734.8
1,candidate,mixed,4140,3,5,997,7896240,7091.6
1,candidate,mixed,4140,3,6,997,7896240,6727.7
1,candidate,mixed,4140,3,7,997,7896240,6908.1
1,candidate,mixed,4140,3,8,997,7896240,6720.7
1,candidate,mixed,65550,0,0,64,8755200,113869.6
1,candidate,mixed,65550,0,1,64,8755200,111710.4
1,candidate,mixed,65550,0,2,64,8755200,107273.0
1,candidate,mixed,65550,0,3,64,8755200,107582.7
1,candidate,mixed,65550,0,4,64,8755200,107221.1
1,candidate,mixed,65550,0,5,64,8755200,107886.6
1,candidate,mixed,65550,0,6,64,8755200,113710.0
1,candidate,mixed,65550,0,7,64,8755200,107345.3
1,candidate,mixed,65550,0,8,64,8755200,107608.0
1,candidate,mixed,65550,1,0,64,8390400,118836.5
1,candidate,mixed,65550,1,1,64,8390400,119029.3
1,candidate,mixed,65550,1,2,64,8390400,113746.3
1,candidate,mixed,65550,1,3,64,8390400,114662.9
1,candidate,mixed,65550,1,4,64,8390400,113593.0
1,candidate,mixed,65550,1,5,64,8390400,116746.0
1,candidate,mixed,65550,1,6,64,8390400,112542.0
1,candidate,mixed,65550,1,7,64,8390400,113699.7
1,candidate,mixed,65550,1,8,64,8390400,112828.3
1,candidate,mixed,65550,2,0,64,6931200,64193.2
1,candidate,mixed,65550,2,1,64,6931200,63770.7
1,candidate,mixed,65550,2,2,64,6931200,64245.9
1,candidate,mixed,65550,2,3,64,6931200,63740.4
1,candidate,mixed,65550,2,4,64,6931200,63458.0
1,candidate,mixed,65550,2,5,64,6931200,64588.9
1,candidate,mixed,65550,2,6,64,6931200,64069.6
1,candidate,mixed,65550,2,7,64,6931200,65858.9
1,candidate,mixed,65550,2,8,64,6931200,65345.0
1,candidate,mixed,65550,3,0,64,8025600,108739.7
1,candidate,mixed,65550,3,1,64,8025600,106524.8
1,candidate,mixed,65550,3,2,64,8025600,106951.4
1,candidate,mixed,65550,3,3,64,8025600,109324.6
1,candidate,mixed,65550,3,4,64,8025600,108532.8
1,candidate,mixed,65550,3,5,64,8025600,108161.6
1,candidate,mixed,65550,3,6,64,8025600,106904.7
1,candidate,mixed,65550,3,7,64,8025600,108727.1
1,candidate,mixed,65550,3,8,64,8025600,106547.3
1,candidate,unreserved,1,0,0,64527,64527,8.9
1,candidate,unreserved,1,0,1,64527,64527,9.1
1,candidate,unreserved,1,0,2,64527,64527,10.4
1,candidate,unreserved,1,0,3,64527,64527,8.8
1,candidate,unreserved,1,0,4,64527,64527,9.5
1,candidate,unreserved,1,0,5,64527,64527,9.3
1,candidate,unreserved,1,0,6,64527,64527,9.0
1,candidate,unreserved,1,0,7,64527,64527,8.8
1,candidate,unreserved,1,0,8,64527,64527,9.1
1,candidate,unreserved,1,1,0,64527,64527,9.5
1,candidate,unreserved,1,1,1,64527,64527,9.5
1,candidate,unreserved,1,1,2,64527,64527,9.2
1,candidate,unreserved,1,1,3,64527,64527,10.2
1,candidate,unreserved,1,1,4,64527,64527,9.4
1,candidate,unreserved,1,1,5,64527,64527,9.2
1,candidate,unreserved,1,1,6,64527,64527,9.7
1,candidate,unreserved,1,1,7,64527,64527,9.5
1,candidate,unreserved,1,1,8,64527,64527,9.6
1,candidate,unreserved,1,2,0,64527,64527,13.9
1,candidate,unreserved,1,2,1,64527,64527,13.4
1,candidate,unreserved,1,2,2,64527,64527,14.9
1,candidate,unreserved,1,2,3,64527,64527,13.3
1,candidate,unreserved,1,2,4,64527,64527,13.5
1,candidate,unreserved,1,2,5,64527,64527,18.8
1,candidate,unreserved,1,2,6,64527,64527,13.3
1,candidate,unreserved,1,2,7,64527,64527,18.1
1,candidate,unreserved,1,2,8,64527,64527,13.9
1,candidate,unreserved,1,3,0,64527,64527,8.6
1,candidate,unreserved,1,3,1,64527,64527,8.8
1,candidate,unreserved,1,3,2,64527,64527,8.7
1,candidate,unreserved,1,3,3,64527,64527,9.7
1,candidate,unreserved,1,3,4,64527,64527,9.0
1,candidate,unreserved,1,3,5,64527,64527,8.8
1,candidate,unreserved,1,3,6,64527,64527,9.3
1,candidate,unreserved,1,3,7,64527,64527,8.7
1,candidate,unreserved,1,3,8,64527,64527,9.5
1,candidate,unreserved,8,0,0,58254,466032,16.1
1,candidate,unreserved,8,0,1,58254,466032,16.3
1,candidate,unreserved,8,0,2,58254,466032,16.5
1,candidate,unreserved,8,0,3,58254,466032,16.3
1,candidate,unreserved,8,0,4,58254,466032,19.6
1,candidate,unreserved,8,0,5,58254,466032,16.0
1,candidate,unreserved,8,0,6,58254,466032,24.4
1,candidate,unreserved,8,0,7,58254,466032,16.4
1,candidate,unreserved,8,0,8,58254,466032,16.3
1,candidate,unreserved,8,1,0,58254,466032,15.9
1,candidate,unreserved,8,1,1,58254,466032,16.2
1,candidate,unreserved,8,1,2,58254,466032,15.7
1,candidate,unreserved,8,1,3,58254,466032,15.6
1,candidate,unreserved,8,1,4,58254,466032,15.8
1,candidate,unreserved,8,1,5,58254,466032,16.3
1,candidate,unreserved,8,1,6,58254,466032,17.1
1,candidate,unreserved,8,1,7,58254,466032,16.5
1,candidate,unreserved,8,1,8,58254,466032,16.1
1,candidate,unreserved,8,2,0,58254,466032,18.9
1,candidate,unreserved,8,2,1,58254,466032,18.9
1,candidate,unreserved,8,2,2,58254,466032,18.9
1,candidate,unreserved,8,2,3,58254,466032,18.8
1,candidate,unreserved,8,2,4,58254,466032,18.7
1,candidate,unreserved,8,2,5,58254,466032,19.0
1,candidate,unreserved,8,2,6,58254,466032,19.9
1,candidate,unreserved,8,2,7,58254,466032,21.4
1,candidate,unreserved,8,2,8,58254,466032,18.9
1,candidate,unreserved,8,3,0,58254,466032,16.9
1,candidate,unreserved,8,3,1,58254,466032,17.0
1,candidate,unreserved,8,3,2,58254,466032,17.2
1,candidate,unreserved,8,3,3,58254,466032,17.3
1,candidate,unreserved,8,3,4,58254,466032,17.0
1,candidate,unreserved,8,3,5,58254,466032,17.1
1,candidate,unreserved,8,3,6,58254,466032,19.6
1,candidate,unreserved,8,3,7,58254,466032,18.8
1,candidate,unreserved,8,3,8,58254,466032,17.9
1,candidate,unreserved,64,0,0,32768,2097152,92.1
1,candidate,unreserved,64,0,1,32768,2097152,79.8
1,candidate,unreserved,64,0,2,32768,2097152,80.0
1,candidate,unreserved,64,0,3,32768,2097152,79.9
1,candidate,unreserved,64,0,4,32768,2097152,80.8
1,candidate,unreserved,64,0,5,32768,2097152,79.9
1,candidate,unreserved,64,0,6,32768,2097152,81.5
1,candidate,unreserved,64,0,7,32768,2097152,80.8
1,candidate,unreserved,64,0,8,32768,2097152,88.2
1,candidate,unreserved,64,1,0,32768,2097152,103.1
1,candidate,unreserved,64,1,1,32768,2097152,96.5
1,candidate,unreserved,64,1,2,32768,2097152,97.1
1,candidate,unreserved,64,1,3,32768,2097152,91.9
1,candidate,unreserved,64,1,4,32768,2097152,92.3
1,candidate,unreserved,64,1,5,32768,2097152,90.5
1,candidate,unreserved,64,1,6,32768,2097152,90.2
1,candidate,unreserved,64,1,7,32768,2097152,98.9
1,candidate,unreserved,64,1,8,32768,2097152,93.2
1,candidate,unreserved,64,2,0,32768,2097152,54.1
1,candidate,unreserved,64,2,1,32768,2097152,53.5
1,candidate,unreserved,64,2,2,32768,2097152,66.6
1,candidate,unreserved,64,2,3,32768,2097152,54.3
1,candidate,unreserved,64,2,4,32768,2097152,55.0
1,candidate,unreserved,64,2,5,32768,2097152,53.5
1,candidate,unreserved,64,2,6,32768,2097152,53.2
1,candidate,unreserved,64,2,7,32768,2097152,54.1
1,candidate,unreserved,64,2,8,32768,2097152,53.8
1,candidate,unreserved,64,3,0,32768,2097152,86.0
1,candidate,unreserved,64,3,1,32768,2097152,85.1
1,candidate,unreserved,64,3,2,32768,2097152,87.5
1,candidate,unreserved,64,3,3,32768,2097152,85.5
1,candidate,unreserved,64,3,4,32768,2097152,86.6
1,candidate,unreserved,64,3,5,32768,2097152,85.7
1,candidate,unreserved,64,3,6,32768,2097152,86.0
1,candidate,unreserved,64,3,7,32768,2097152,86.3
1,candidate,unreserved,64,3,8,32768,2097152,87.5
1,candidate,unreserved,4096,0,0,1008,4128768,4380.4
1,candidate,unreserved,4096,0,1,1008,4128768,4366.1
1,candidate,unreserved,4096,0,2,1008,4128768,4352.0
1,candidate,unreserved,4096,0,3,1008,4128768,4350.6
1,candidate,unreserved,4096,0,4,1008,4128768,4377.6
1,candidate,unreserved,4096,0,5,1008,4128768,4376.3
1,candidate,unreserved,4096,0,6,1008,4128768,4625.7
1,candidate,unreserved,4096,0,7,1008,4128768,4384.5
1,candidate,unreserved,4096,0,8,1008,4128768,4350.5
1,candidate,unreserved,4096,1,0,1008,4128768,4399.6
1,candidate,unreserved,4096,1,1,1008,4128768,4401.4
1,candidate,unreserved,4096,1,2,1008,4128768,4453.6
1,candidate,unreserved,4096,1,3,1008,4128768,4432.0
1,candidate,unreserved,4096,1,4,1008,4128768,4420.9
1,candidate,unreserved,4096,1,5,1008,4128768,4454.7
1,candidate,unreserved,4096,1,6,1008,4128768,4488.4
1,candidate,unreserved,4096,1,7,1008,4128768,4419.1
1,candidate,unreserved,4096,1,8,1008,4128768,4394.5
1,candidate,unreserved,4096,2,0,1008,4128768,557.9
1,candidate,unreserved,4096,2,1,1008,4128768,544.5
1,candidate,unreserved,4096,2,2,1008,4128768,557.5
1,candidate,unreserved,4096,2,3,1008,4128768,562.8
1,candidate,unreserved,4096,2,4,1008,4128768,548.3
1,candidate,unreserved,4096,2,5,1008,4128768,555.8
1,candidate,unreserved,4096,2,6,1008,4128768,554.6
1,candidate,unreserved,4096,2,7,1008,4128768,549.7
1,candidate,unreserved,4096,2,8,1008,4128768,544.4
1,candidate,unreserved,4096,3,0,1008,4128768,4445.0
1,candidate,unreserved,4096,3,1,1008,4128768,4482.5
1,candidate,unreserved,4096,3,2,1008,4128768,4455.9
1,candidate,unreserved,4096,3,3,1008,4128768,4555.6
1,candidate,unreserved,4096,3,4,1008,4128768,4634.9
1,candidate,unreserved,4096,3,5,1008,4128768,4458.1
1,candidate,unreserved,4096,3,6,1008,4128768,4439.3
1,candidate,unreserved,4096,3,7,1008,4128768,4897.1
1,candidate,unreserved,4096,3,8,1008,4128768,4489.1
1,candidate,unreserved,65536,0,0,64,4194304,71198.0
1,candidate,unreserved,65536,0,1,64,4194304,70542.3
1,candidate,unreserved,65536,0,2,64,4194304,70237.2
1,candidate,unreserved,65536,0,3,64,4194304,71818.0
1,candidate,unreserved,65536,0,4,64,4194304,70562.2
1,candidate,unreserved,65536,0,5,64,4194304,69943.9
1,candidate,unreserved,65536,0,6,64,4194304,70635.8
1,candidate,unreserved,65536,0,7,64,4194304,71568.2
1,candidate,unreserved,65536,0,8,64,4194304,70752.8
1,candidate,unreserved,65536,1,0,64,4194304,75650.0
1,candidate,unreserved,65536,1,1,64,4194304,74945.9
1,candidate,unreserved,65536,1,2,64,4194304,76419.6
1,candidate,unreserved,65536,1,3,64,4194304,76420.0
1,candidate,unreserved,65536,1,4,64,4194304,75151.6
1,candidate,unreserved,65536,1,5,64,4194304,75808.9
1,candidate,unreserved,65536,1,6,64,4194304,78973.2
1,candidate,unreserved,65536,1,7,64,4194304,75769.9
1,candidate,unreserved,65536,1,8,64,4194304,76847.2
1,candidate,unreserved,65536,2,0,64,4194304,12372.4
1,candidate,unreserved,65536,2,1,64,4194304,9157.8
1,candidate,unreserved,65536,2,2,64,4194304,10158.0
1,candidate,unreserved,65536,2,3,64,4194304,8620.0
1,candidate,unreserved,65536,2,4,64,4194304,8706.2
1,candidate,unreserved,65536,2,5,64,4194304,8790.0
1,candidate,unreserved,65536,2,6,64,4194304,8881.2
1,candidate,unreserved,65536,2,7,64,4194304,8614.0
1,candidate,unreserved,65536,2,8,64,4194304,8674.0
1,candidate,unreserved,65536,3,0,64,4194304,71921.6
1,candidate,unreserved,65536,3,1,64,4194304,71257.4
1,candidate,unreserved,65536,3,2,64,4194304,70920.2
1,candidate,unreserved,65536,3,3,64,4194304,72660.4
1,candidate,unreserved,65536,3,4,64,4194304,71208.1
1,candidate,unreserved,65536,3,5,64,4194304,71217.5
1,candidate,unreserved,65536,3,6,64,4194304,73114.0
1,candidate,unreserved,65536,3,7,64,4194304,71403.5
1,candidate,unreserved,65536,3,8,64,4194304,70909.7
1,candidate,dense,4,0,0,61680,740160,18.4
1,candidate,dense,4,0,1,61680,740160,17.7
1,candidate,dense,4,0,2,61680,740160,17.6
1,candidate,dense,4,0,3,61680,740160,17.3
1,candidate,dense,4,0,4,61680,740160,17.6
1,candidate,dense,4,0,5,61680,740160,17.3
1,candidate,dense,4,0,6,61680,740160,17.6
1,candidate,dense,4,0,7,61680,740160,17.7
1,candidate,dense,4,0,8,61680,740160,18.0
1,candidate,dense,4,1,0,61680,616800,16.7
1,candidate,dense,4,1,1,61680,616800,16.7
1,candidate,dense,4,1,2,61680,616800,16.9
1,candidate,dense,4,1,3,61680,616800,16.6
1,candidate,dense,4,1,4,61680,616800,17.4
1,candidate,dense,4,1,5,61680,616800,16.6
1,candidate,dense,4,1,6,61680,616800,17.1
1,candidate,dense,4,1,7,61680,616800,16.7
1,candidate,dense,4,1,8,61680,616800,16.9
1,candidate,dense,4,2,0,61680,246720,17.6
1,candidate,dense,4,2,1,61680,246720,17.3
1,candidate,dense,4,2,2,61680,246720,16.9
1,candidate,dense,4,2,3,61680,246720,17.1
1,candidate,dense,4,2,4,61680,246720,17.1
1,candidate,dense,4,2,5,61680,246720,17.3
1,candidate,dense,4,2,6,61680,246720,17.8
1,candidate,dense,4,2,7,61680,246720,17.0
1,candidate,dense,4,2,8,61680,246720,17.3
1,candidate,dense,4,3,0,61680,616800,16.2
1,candidate,dense,4,3,1,61680,616800,16.2
1,candidate,dense,4,3,2,61680,616800,16.1
1,candidate,dense,4,3,3,61680,616800,16.7
1,candidate,dense,4,3,4,61680,616800,16.1
1,candidate,dense,4,3,5,61680,616800,16.5
1,candidate,dense,4,3,6,61680,616800,16.2
1,candidate,dense,4,3,7,61680,616800,16.5
1,candidate,dense,4,3,8,61680,616800,16.2
1,candidate,dense,8,0,0,58254,1398096,26.3
1,candidate,dense,8,0,1,58254,1398096,26.6
1,candidate,dense,8,0,2,58254,1398096,28.5
1,candidate,dense,8,0,3,58254,1398096,30.2
1,candidate,dense,8,0,4,58254,1398096,29.4
1,candidate,dense,8,0,5,58254,1398096,26.5
1,candidate,dense,8,0,6,58254,1398096,26.5
1,candidate,dense,8,0,7,58254,1398096,26.5
1,candidate,dense,8,0,8,58254,1398096,27.2
1,candidate,dense,8,1,0,58254,1165080,24.9
1,candidate,dense,8,1,1,58254,1165080,24.6
1,candidate,dense,8,1,2,58254,1165080,24.8
1,candidate,dense,8,1,3,58254,1165080,25.4
1,candidate,dense,8,1,4,58254,1165080,24.6
1,candidate,dense,8,1,5,58254,1165080,25.2
1,candidate,dense,8,1,6,58254,1165080,25.4
1,candidate,dense,8,1,7,58254,1165080,25.3
1,candidate,dense,8,1,8,58254,1165080,27.7
1,candidate,dense,8,2,0,58254,466032,21.2
1,candidate,dense,8,2,1,58254,466032,20.8
1,candidate,dense,8,2,2,58254,466032,21.5
1,candidate,dense,8,2,3,58254,466032,23.4
1,candidate,dense,8,2,4,58254,466032,21.0
1,candidate,dense,8,2,5,58254,466032,21.9
1,candidate,dense,8,2,6,58254,466032,20.1
1,candidate,dense,8,2,7,58254,466032,21.5
1,candidate,dense,8,2,8,58254,466032,21.4
1,candidate,dense,8,3,0,58254,1165080,24.0
1,candidate,dense,8,3,1,58254,1165080,24.3
1,candidate,dense,8,3,2,58254,1165080,24.4
1,candidate,dense,8,3,3,58254,1165080,25.0
1,candidate,dense,8,3,4,58254,1165080,24.5
1,candidate,dense,8,3,5,58254,1165080,24.6
1,candidate,dense,8,3,6,58254,1165080,24.7
1,candidate,dense,8,3,7,58254,1165080,24.3
1,candidate,dense,8,3,8,58254,1165080,24.3
1,candidate,dense,64,0,0,32768,6291456,160.5
1,candidate,dense,64,0,1,32768,6291456,155.9
1,candidate,dense,64,0,2,32768,6291456,157.2
1,candidate,dense,64,0,3,32768,6291456,166.9
1,candidate,dense,64,0,4,32768,6291456,155.7
1,candidate,dense,64,0,5,32768,6291456,156.6
1,candidate,dense,64,0,6,32768,6291456,159.1
1,candidate,dense,64,0,7,32768,6291456,156.7
1,candidate,dense,64,0,8,32768,6291456,156.4
1,candidate,dense,64,1,0,32768,5242880,147.8
1,candidate,dense,64,1,1,32768,5242880,149.2
1,candidate,dense,64,1,2,32768,5242880,148.1
1,candidate,dense,64,1,3,32768,5242880,147.5
1,candidate,dense,64,1,4,32768,5242880,148.9
1,candidate,dense,64,1,5,32768,5242880,151.0
1,candidate,dense,64,1,6,32768,5242880,148.7
1,candidate,dense,64,1,7,32768,5242880,149.1
1,candidate,dense,64,1,8,32768,5242880,161.2
1,candidate,dense,64,2,0,32768,2097152,66.3
1,candidate,dense,64,2,1,32768,2097152,65.4
1,candidate,dense,64,2,2,32768,2097152,70.3
1,candidate,dense,64,2,3,32768,2097152,69.2
1,candidate,dense,64,2,4,32768,2097152,68.5
1,candidate,dense,64,2,5,32768,2097152,67.8
1,candidate,dense,64,2,6,32768,2097152,69.9
1,candidate,dense,64,2,7,32768,2097152,67.0
1,candidate,dense,64,2,8,32768,2097152,68.4
1,candidate,dense,64,3,0,32768,5242880,148.3
1,candidate,dense,64,3,1,32768,5242880,139.7
1,candidate,dense,64,3,2,32768,5242880,159.5
1,candidate,dense,64,3,3,32768,5242880,138.6
1,candidate,dense,64,3,4,32768,5242880,142.3
1,candidate,dense,64,3,5,32768,5242880,150.2
1,candidate,dense,64,3,6,32768,5242880,153.0
1,candidate,dense,64,3,7,32768,5242880,139.5
1,candidate,dense,64,3,8,32768,5242880,139.6
1,candidate,dense,4096,0,0,1008,12386304,9291.1
1,candidate,dense,4096,0,1,1008,12386304,9172.0
1,candidate,dense,4096,0,2,1008,12386304,9287.0
1,candidate,dense,4096,0,3,1008,12386304,9269.3
1,candidate,dense,4096,0,4,1008,12386304,9235.2
1,candidate,dense,4096,0,5,1008,12386304,9150.5
1,candidate,dense,4096,0,6,1008,12386304,9354.0
1,candidate,dense,4096,0,7,1008,12386304,9201.1
1,candidate,dense,4096,0,8,1008,12386304,9221.6
1,candidate,dense,4096,1,0,1008,10321920,8815.9
1,candidate,dense,4096,1,1,1008,10321920,8730.5
1,candidate,dense,4096,1,2,1008,10321920,8871.7
1,candidate,dense,4096,1,3,1008,10321920,9269.1
1,candidate,dense,4096,1,4,1008,10321920,9108.7
1,candidate,dense,4096,1,5,1008,10321920,9129.6
1,candidate,dense,4096,1,6,1008,10321920,9294.2
1,candidate,dense,4096,1,7,1008,10321920,9120.2
1,candidate,dense,4096,1,8,1008,10321920,9190.9
1,candidate,dense,4096,2,0,1008,4128768,584.5
1,candidate,dense,4096,2,1,1008,4128768,555.2
1,candidate,dense,4096,2,2,1008,4128768,564.3
1,candidate,dense,4096,2,3,1008,4128768,546.2
1,candidate,dense,4096,2,4,1008,4128768,565.0
1,candidate,dense,4096,2,5,1008,4128768,638.5
1,candidate,dense,4096,2,6,1008,4128768,578.2
1,candidate,dense,4096,2,7,1008,4128768,586.0
1,candidate,dense,4096,2,8,1008,4128768,576.8
1,candidate,dense,4096,3,0,1008,10321920,8151.3
1,candidate,dense,4096,3,1,1008,10321920,8108.2
1,candidate,dense,4096,3,2,1008,10321920,8148.0
1,candidate,dense,4096,3,3,1008,10321920,8292.4
1,candidate,dense,4096,3,4,1008,10321920,8163.0
1,candidate,dense,4096,3,5,1008,10321920,8147.1
1,candidate,dense,4096,3,6,1008,10321920,8230.8
1,candidate,dense,4096,3,7,1008,10321920,8171.7
1,candidate,dense,4096,3,8,1008,10321920,8668.7
1,candidate,dense,65536,0,0,64,12582912,149456.7
1,candidate,dense,65536,0,1,64,12582912,147883.7
1,candidate,dense,65536,0,2,64,12582912,147739.1
1,candidate,dense,65536,0,3,64,12582912,148744.3
1,candidate,dense,65536,0,4,64,12582912,148595.7
1,candidate,dense,65536,0,5,64,12582912,154132.3
1,candidate,dense,65536,0,6,64,12582912,152293.7
1,candidate,dense,65536,0,7,64,12582912,148284.6
1,candidate,dense,65536,0,8,64,12582912,149221.0
1,candidate,dense,65536,1,0,64,10485760,144434.8
1,candidate,dense,65536,1,1,64,10485760,140824.2
1,candidate,dense,65536,1,2,64,10485760,142415.7
1,candidate,dense,65536,1,3,64,10485760,141575.5
1,candidate,dense,65536,1,4,64,10485760,149799.4
1,candidate,dense,65536,1,5,64,10485760,142236.1
1,candidate,dense,65536,1,6,64,10485760,140851.9
1,candidate,dense,65536,1,7,64,10485760,154767.7
1,candidate,dense,65536,1,8,64,10485760,142951.3
1,candidate,dense,65536,2,0,64,4194304,8741.1
1,candidate,dense,65536,2,1,64,4194304,8734.7
1,candidate,dense,65536,2,2,64,4194304,8613.7
1,candidate,dense,65536,2,3,64,4194304,8812.8
1,candidate,dense,65536,2,4,64,4194304,8613.6
1,candidate,dense,65536,2,5,64,4194304,8618.6
1,candidate,dense,65536,2,6,64,4194304,8788.7
1,candidate,dense,65536,2,7,64,4194304,9303.6
1,candidate,dense,65536,2,8,64,4194304,8800.6
1,candidate,dense,65536,3,0,64,10485760,132920.7
1,candidate,dense,65536,3,1,64,10485760,130400.4
1,candidate,dense,65536,3,2,64,10485760,132316.1
1,candidate,dense,65536,3,3,64,10485760,134873.7
1,candidate,dense,65536,3,4,64,10485760,131137.8
1,candidate,dense,65536,3,5,64,10485760,130557.3
1,candidate,dense,65536,3,6,64,10485760,131354.7
1,candidate,dense,65536,3,7,64,10485760,132949.0
1,candidate,dense,65536,3,8,64,10485760,132038.9
1,candidate,html_dense,5,0,0,60787,911805,21.5
1,candidate,html_dense,5,0,1,60787,911805,20.3
1,candidate,html_dense,5,0,2,60787,911805,20.1
1,candidate,html_dense,5,0,3,60787,911805,19.1
1,candidate,html_dense,5,0,4,60787,911805,19.5
1,candidate,html_dense,5,0,5,60787,911805,20.5
1,candidate,html_dense,5,0,6,60787,911805,20.4
1,candidate,html_dense,5,0,7,60787,911805,24.0
1,candidate,html_dense,5,0,8,60787,911805,20.3
1,candidate,html_dense,5,1,0,60787,911805,19.5
1,candidate,html_dense,5,1,1,60787,911805,19.4
1,candidate,html_dense,5,1,2,60787,911805,19.5
1,candidate,html_dense,5,1,3,60787,911805,19.5
1,candidate,html_dense,5,1,4,60787,911805,19.4
1,candidate,html_dense,5,1,5,60787,911805,20.1
1,candidate,html_dense,5,1,6,60787,911805,19.6
1,candidate,html_dense,5,1,7,60787,911805,19.9
1,candidate,html_dense,5,1,8,60787,911805,19.6
1,candidate,html_dense,5,2,0,60787,1458888,24.5
1,candidate,html_dense,5,2,1,60787,1458888,24.1
1,candidate,html_dense,5,2,2,60787,1458888,24.8
1,candidate,html_dense,5,2,3,60787,1458888,26.1
1,candidate,html_dense,5,2,4,60787,1458888,26.0
1,candidate,html_dense,5,2,5,60787,1458888,26.0
1,candidate,html_dense,5,2,6,60787,1458888,24.2
1,candidate,html_dense,5,2,7,60787,1458888,25.0
1,candidate,html_dense,5,2,8,60787,1458888,25.1
1,candidate,html_dense,5,3,0,60787,911805,20.0
1,candidate,html_dense,5,3,1,60787,911805,19.9
1,candidate,html_dense,5,3,2,60787,911805,21.2
1,candidate,html_dense,5,3,3,60787,911805,20.2
1,candidate,html_dense,5,3,4,60787,911805,19.1
1,candidate,html_dense,5,3,5,60787,911805,20.5
1,candidate,html_dense,5,3,6,60787,911805,19.3
1,candidate,html_dense,5,3,7,60787,911805,19.6
1,candidate,html_dense,5,3,8,60787,911805,19.8
1,candidate,html_dense,10,0,0,56679,1700370,32.8
1,candidate,html_dense,10,0,1,56679,1700370,30.5
1,candidate,html_dense,10,0,2,56679,1700370,30.9
1,candidate,html_dense,10,0,3,56679,1700370,31.0
1,candidate,html_dense,10,0,4,56679,1700370,30.7
1,candidate,html_dense,10,0,5,56679,1700370,30.5
1,candidate,html_dense,10,0,6,56679,1700370,30.7
1,candidate,html_dense,10,0,7,56679,1700370,30.5
1,candidate,html_dense,10,0,8,56679,1700370,32.5
1,candidate,html_dense,10,1,0,56679,1700370,30.3
1,candidate,html_dense,10,1,1,56679,1700370,30.3
1,candidate,html_dense,10,1,2,56679,1700370,30.5
1,candidate,html_dense,10,1,3,56679,1700370,31.9
1,candidate,html_dense,10,1,4,56679,1700370,31.4
1,candidate,html_dense,10,1,5,56679,1700370,34.4
1,candidate,html_dense,10,1,6,56679,1700370,31.2
1,candidate,html_dense,10,1,7,56679,1700370,34.2
1,candidate,html_dense,10,1,8,56679,1700370,31.3
1,candidate,html_dense,10,2,0,56679,2720592,32.5
1,candidate,html_dense,10,2,1,56679,2720592,32.0
1,candidate,html_dense,10,2,2,56679,2720592,32.0
1,candidate,html_dense,10,2,3,56679,2720592,31.8
1,candidate,html_dense,10,2,4,56679,2720592,32.3
1,candidate,html_dense,10,2,5,56679,2720592,31.8
1,candidate,html_dense,10,2,6,56679,2720592,32.0
1,candidate,html_dense,10,2,7,56679,2720592,31.8
1,candidate,html_dense,10,2,8,56679,2720592,33.3
1,candidate,html_dense,10,3,0,56679,1700370,30.5
1,candidate,html_dense,10,3,1,56679,1700370,31.0
1,candidate,html_dense,10,3,2,56679,1700370,30.5
1,candidate,html_dense,10,3,3,56679,1700370,31.3
1,candidate,html_dense,10,3,4,56679,1700370,31.8
1,candidate,html_dense,10,3,5,56679,1700370,30.8
1,candidate,html_dense,10,3,6,56679,1700370,30.7
1,candidate,html_dense,10,3,7,56679,1700370,31.5
1,candidate,html_dense,10,3,8,56679,1700370,30.7
1,candidate,html_dense,65,0,0,32513,6340035,168.6
1,candidate,html_dense,65,0,1,32513,6340035,162.7
1,candidate,html_dense,65,0,2,32513,6340035,159.9
1,candidate,html_dense,65,0,3,32513,6340035,161.3
1,candidate,html_dense,65,0,4,32513,6340035,163.5
1,candidate,html_dense,65,0,5,32513,6340035,159.3
1,candidate,html_dense,65,0,6,32513,6340035,168.7
1,candidate,html_dense,65,0,7,32513,6340035,166.3
1,candidate,html_dense,65,0,8,32513,6340035,160.2
1,candidate,html_dense,65,1,0,32513,6340035,164.0
1,candidate,html_dense,65,1,1,32513,6340035,165.2
1,candidate,html_dense,65,1,2,32513,6340035,169.4
1,candidate,html_dense,65,1,3,32513,6340035,164.4
1,candidate,html_dense,65,1,4,32513,6340035,164.6
1,candidate,html_dense,65,1,5,32513,6340035,164.1
1,candidate,html_dense,65,1,6,32513,6340035,163.9
1,candidate,html_dense,65,1,7,32513,6340035,165.6
1,candidate,html_dense,65,1,8,32513,6340035,167.0
1,candidate,html_dense,65,2,0,32513,10144056,124.6
1,candidate,html_dense,65,2,1,32513,10144056,122.7
1,candidate,html_dense,65,2,2,32513,10144056,122.6
1,candidate,html_dense,65,2,3,32513,10144056,123.5
1,candidate,html_dense,65,2,4,32513,10144056,125.4
1,candidate,html_dense,65,2,5,32513,10144056,127.1
1,candidate,html_dense,65,2,6,32513,10144056,122.6
1,candidate,html_dense,65,2,7,32513,10144056,124.7
1,candidate,html_dense,65,2,8,32513,10144056,127.4
1,candidate,html_dense,65,3,0,32513,6340035,157.8
1,candidate,html_dense,65,3,1,32513,6340035,161.0
1,candidate,html_dense,65,3,2,32513,6340035,159.0
1,candidate,html_dense,65,3,3,32513,6340035,161.3
1,candidate,html_dense,65,3,4,32513,6340035,158.0
1,candidate,html_dense,65,3,5,32513,6340035,158.0
1,candidate,html_dense,65,3,6,32513,6340035,158.6
1,candidate,html_dense,65,3,7,32513,6340035,165.4
1,candidate,html_dense,65,3,8,32513,6340035,158.9
1,candidate,html_dense,4100,0,0,1007,12386100,9354.4
1,candidate,html_dense,4100,0,1,1007,12386100,9314.1
1,candidate,html_dense,4100,0,2,1007,12386100,9318.2
1,candidate,html_dense,4100,0,3,1007,12386100,9773.6
1,candidate,html_dense,4100,0,4,1007,12386100,9188.6
1,candidate,html_dense,4100,0,5,1007,12386100,9307.4
1,candidate,html_dense,4100,0,6,1007,12386100,9133.0
1,candidate,html_dense,4100,0,7,1007,12386100,9191.4
1,candidate,html_dense,4100,0,8,1007,12386100,9364.3
1,candidate,html_dense,4100,1,0,1007,12386100,9605.6
1,candidate,html_dense,4100,1,1,1007,12386100,9631.4
1,candidate,html_dense,4100,1,2,1007,12386100,9698.1
1,candidate,html_dense,4100,1,3,1007,12386100,9611.0
1,candidate,html_dense,4100,1,4,1007,12386100,9581.3
1,candidate,html_dense,4100,1,5,1007,12386100,9702.6
1,candidate,html_dense,4100,1,6,1007,12386100,9667.0
1,candidate,html_dense,4100,1,7,1007,12386100,9631.3
1,candidate,html_dense,4100,1,8,1007,12386100,9894.7
1,candidate,html_dense,4100,2,0,1007,19817760,6842.2
1,candidate,html_dense,4100,2,1,1007,19817760,6794.0
1,candidate,html_dense,4100,2,2,1007,19817760,7068.3
1,candidate,html_dense,4100,2,3,1007,19817760,7314.2
1,candidate,html_dense,4100,2,4,1007,19817760,7515.9
1,candidate,html_dense,4100,2,5,1007,19817760,6787.8
1,candidate,html_dense,4100,2,6,1007,19817760,7107.6
1,candidate,html_dense,4100,2,7,1007,19817760,7283.7
1,candidate,html_dense,4100,2,8,1007,19817760,7144.5
1,candidate,html_dense,4100,3,0,1007,12386100,9217.8
1,candidate,html_dense,4100,3,1,1007,12386100,9489.4
1,candidate,html_dense,4100,3,2,1007,12386100,9419.0
1,candidate,html_dense,4100,3,3,1007,12386100,9146.8
1,candidate,html_dense,4100,3,4,1007,12386100,9362.0
1,candidate,html_dense,4100,3,5,1007,12386100,9259.8
1,candidate,html_dense,4100,3,6,1007,12386100,9159.7
1,candidate,html_dense,4100,3,7,1007,12386100,9693.7
1,candidate,html_dense,4100,3,8,1007,12386100,9215.3
1,candidate,html_dense,65540,0,0,64,12583680,146486.5
1,candidate,html_dense,65540,0,1,64,12583680,148555.0
1,candidate,html_dense,65540,0,2,64,12583680,145743.6
1,candidate,html_dense,65540,0,3,64,12583680,146614.8
1,candidate,html_dense,65540,0,4,64,12583680,149269.6
1,candidate,html_dense,65540,0,5,64,12583680,148717.5
1,candidate,html_dense,65540,0,6,64,12583680,149087.2
1,candidate,html_dense,65540,0,7,64,12583680,146927.6
1,candidate,html_dense,65540,0,8,64,12583680,147863.1
1,candidate,html_dense,65540,1,0,64,12583680,154711.1
1,candidate,html_dense,65540,1,1,64,12583680,155611.6
1,candidate,html_dense,65540,1,2,64,12583680,159444.0
1,candidate,html_dense,65540,1,3,64,12583680,154204.8
1,candidate,html_dense,65540,1,4,64,12583680,156388.8
1,candidate,html_dense,65540,1,5,64,12583680,156228.8
1,candidate,html_dense,65540,1,6,64,12583680,155110.8
1,candidate,html_dense,65540,1,7,64,12583680,156924.8
1,candidate,html_dense,65540,1,8,64,12583680,156973.9
1,candidate,html_dense,65540,2,0,64,20133888,111381.4
1,candidate,html_dense,65540,2,1,64,20133888,107885.7
1,candidate,html_dense,65540,2,2,64,20133888,110183.8
1,candidate,html_dense,65540,2,3,64,20133888,114904.8
1,candidate,html_dense,65540,2,4,64,20133888,113800.0
1,candidate,html_dense,65540,2,5,64,20133888,108493.5
1,candidate,html_dense,65540,2,6,64,20133888,111242.9
1,candidate,html_dense,65540,2,7,64,20133888,110413.2
1,candidate,html_dense,65540,2,8,64,20133888,114482.7
1,candidate,html_dense,65540,3,0,64,12583680,150680.0
1,candidate,html_dense,65540,3,1,64,12583680,147798.1
1,candidate,html_dense,65540,3,2,64,12583680,146861.8
1,candidate,html_dense,65540,3,3,64,12583680,148556.1
1,candidate,html_dense,65540,3,4,64,12583680,149534.9
1,candidate,html_dense,65540,3,5,64,12583680,147182.1
1,candidate,html_dense,65540,3,6,64,12583680,148123.1
1,candidate,html_dense,65540,3,7,64,12583680,149290.7
1,candidate,html_dense,65540,3,8,64,12583680,147959.8
1,candidate,html_sparse,1,0,0,64527,193581,10.3
1,candidate,html_sparse,1,0,1,64527,193581,10.0
1,candidate,html_sparse,1,0,2,64527,193581,10.4
1,candidate,html_sparse,1,0,3,64527,193581,13.2
1,candidate,html_sparse,1,0,4,64527,193581,10.0
1,candidate,html_sparse,1,0,5,64527,193581,10.0
1,candidate,html_sparse,1,0,6,64527,193581,12.2
1,candidate,html_sparse,1,0,7,64527,193581,10.0
1,candidate,html_sparse,1,0,8,64527,193581,10.0
1,candidate,html_sparse,1,1,0,64527,193581,11.2
1,candidate,html_sparse,1,1,1,64527,193581,10.2
1,candidate,html_sparse,1,1,2,64527,193581,10.3
1,candidate,html_sparse,1,1,3,64527,193581,10.5
1,candidate,html_sparse,1,1,4,64527,193581,10.3
1,candidate,html_sparse,1,1,5,64527,193581,14.2
1,candidate,html_sparse,1,1,6,64527,193581,12.3
1,candidate,html_sparse,1,1,7,64527,193581,14.4
1,candidate,html_sparse,1,1,8,64527,193581,10.4
1,candidate,html_sparse,1,2,0,64527,322635,14.6
1,candidate,html_sparse,1,2,1,64527,322635,14.7
1,candidate,html_sparse,1,2,2,64527,322635,14.7
1,candidate,html_sparse,1,2,3,64527,322635,14.8
1,candidate,html_sparse,1,2,4,64527,322635,14.7
1,candidate,html_sparse,1,2,5,64527,322635,14.8
1,candidate,html_sparse,1,2,6,64527,322635,14.8
1,candidate,html_sparse,1,2,7,64527,322635,14.8
1,candidate,html_sparse,1,2,8,64527,322635,15.3
1,candidate,html_sparse,1,3,0,64527,193581,10.1
1,candidate,html_sparse,1,3,1,64527,193581,9.8
1,candidate,html_sparse,1,3,2,64527,193581,9.8
1,candidate,html_sparse,1,3,3,64527,193581,10.2
1,candidate,html_sparse,1,3,4,64527,193581,10.7
1,candidate,html_sparse,1,3,5,64527,193581,9.9
1,candidate,html_sparse,1,3,6,64527,193581,10.0
1,candidate,html_sparse,1,3,7,64527,193581,9.9
1,candidate,html_sparse,1,3,8,64527,193581,10.1
1,candidate,html_sparse,8,0,0,58254,582540,16.9
1,candidate,html_sparse,8,0,1,58254,582540,16.8
1,candidate,html_sparse,8,0,2,58254,582540,17.0
1,candidate,html_sparse,8,0,3,58254,582540,20.3
1,candidate,html_sparse,8,0,4,58254,582540,17.1
1,candidate,html_sparse,8,0,5,58254,582540,16.7
1,candidate,html_sparse,8,0,6,58254,582540,19.2
1,candidate,html_sparse,8,0,7,58254,582540,17.5
1,candidate,html_sparse,8,0,8,58254,582540,17.2
1,candidate,html_sparse,8,1,0,58254,582540,18.0
1,candidate,html_sparse,8,1,1,58254,582540,17.3
1,candidate,html_sparse,8,1,2,58254,582540,17.5
1,candidate,html_sparse,8,1,3,58254,582540,18.0
1,candidate,html_sparse,8,1,4,58254,582540,18.2
1,candidate,html_sparse,8,1,5,58254,582540,17.4
1,candidate,html_sparse,8,1,6,58254,582540,17.6
1,candidate,html_sparse,8,1,7,58254,582540,18.3
1,candidate,html_sparse,8,1,8,58254,582540,18.1
1,candidate,html_sparse,8,2,0,58254,699048,19.7
1,candidate,html_sparse,8,2,1,58254,699048,22.5
1,candidate,html_sparse,8,2,2,58254,699048,20.0
1,candidate,html_sparse,8,2,3,58254,699048,20.0
1,candidate,html_sparse,8,2,4,58254,699048,20.0
1,candidate,html_sparse,8,2,5,58254,699048,20.0
1,candidate,html_sparse,8,2,6,58254,699048,20.1
1,candidate,html_sparse,8,2,7,58254,699048,19.8
1,candidate,html_sparse,8,2,8,58254,699048,20.1
1,candidate,html_sparse,8,3,0,58254,582540,17.9
1,candidate,html_sparse,8,3,1,58254,582540,18.2
1,candidate,html_sparse,8,3,2,58254,582540,18.2
1,candidate,html_sparse,8,3,3,58254,582540,19.4
1,candidate,html_sparse,8,3,4,58254,582540,19.7
1,candidate,html_sparse,8,3,5,58254,582540,21.1
1,candidate,html_sparse,8,3,6,58254,582540,18.4
1,candidate,html_sparse,8,3,7,58254,582540,18.9
1,candidate,html_sparse,8,3,8,58254,582540,18.1
1,candidate,html_sparse,64,0,0,32768,2162688,81.3
1,candidate,html_sparse,64,0,1,32768,2162688,82.2
1,candidate,html_sparse,64,0,2,32768,2162688,81.4
1,candidate,html_sparse,64,0,3,32768,2162688,81.7
1,candidate,html_sparse,64,0,4,32768,2162688,80.9
1,candidate,html_sparse,64,0,5,32768,2162688,81.2
1,candidate,html_sparse,64,0,6,32768,2162688,82.3
1,candidate,html_sparse,64,0,7,32768,2162688,82.2
1,candidate,html_sparse,64,0,8,32768,2162688,81.4
1,candidate,html_sparse,64,1,0,32768,2162688,93.4
1,candidate,html_sparse,64,1,1,32768,2162688,93.4
1,candidate,html_sparse,64,1,2,32768,2162688,92.5
1,candidate,html_sparse,64,1,3,32768,2162688,92.0
1,candidate,html_sparse,64,1,4,32768,2162688,92.6
1,candidate,html_sparse,64,1,5,32768,2162688,91.6
1,candidate,html_sparse,64,1,6,32768,2162688,92.1
1,candidate,html_sparse,64,1,7,32768,2162688,95.1
1,candidate,html_sparse,64,1,8,32768,2162688,93.4
1,candidate,html_sparse,64,2,0,32768,2228224,52.5
1,candidate,html_sparse,64,2,1,32768,2228224,53.2
1,candidate,html_sparse,64,2,2,32768,2228224,53.6
1,candidate,html_sparse,64,2,3,32768,2228224,53.5
1,candidate,html_sparse,64,2,4,32768,2228224,52.2
1,candidate,html_sparse,64,2,5,32768,2228224,52.9
1,candidate,html_sparse,64,2,6,32768,2228224,53.0
1,candidate,html_sparse,64,2,7,32768,2228224,52.8
1,candidate,html_sparse,64,2,8,32768,2228224,53.3
1,candidate,html_sparse,64,3,0,32768,2162688,86.1
1,candidate,html_sparse,64,3,1,32768,2162688,85.0
1,candidate,html_sparse,64,3,2,32768,2162688,85.8
1,candidate,html_sparse,64,3,3,32768,2162688,86.7
1,candidate,html_sparse,64,3,4,32768,2162688,85.8
1,candidate,html_sparse,64,3,5,32768,2162688,88.1
1,candidate,html_sparse,64,3,6,32768,2162688,85.6
1,candidate,html_sparse,64,3,7,32768,2162688,88.6
1,candidate,html_sparse,64,3,8,32768,2162688,90.1
1,candidate,html_sparse,4096,0,0,1008,4161024,4550.8
1,candidate,html_sparse,4096,0,1,1008,4161024,4599.6
1,candidate,html_sparse,4096,0,2,1008,4161024,4536.1
1,candidate,html_sparse,4096,0,3,1008,4161024,4593.0
1,candidate,html_sparse,4096,0,4,1008,4161024,4578.3
1,candidate,html_sparse,4096,0,5,1008,4161024,4585.3
1,candidate,html_sparse,4096,0,6,1008,4161024,4547.9
1,candidate,html_sparse,4096,0,7,1008,4161024,4580.0
1,candidate,html_sparse,4096,0,8,1008,4161024,4533.7
1,candidate,html_sparse,4096,1,0,1008,4161024,4941.4
1,candidate,html_sparse,4096,1,1,1008,4161024,4515.1
1,candidate,html_sparse,4096,1,2,1008,4161024,4593.8
1,candidate,html_sparse,4096,1,3,1008,4161024,4554.5
1,candidate,html_sparse,4096,1,4,1008,4161024,4557.7
1,candidate,html_sparse,4096,1,5,1008,4161024,4721.7
1,candidate,html_sparse,4096,1,6,1008,4161024,4708.1
1,candidate,html_sparse,4096,1,7,1008,4161024,4525.4
1,candidate,html_sparse,4096,1,8,1008,4161024,4743.7
1,candidate,html_sparse,4096,2,0,1008,4190256,863.2
1,candidate,html_sparse,4096,2,1,1008,4190256,867.7
1,candidate,html_sparse,4096,2,2,1008,4190256,858.9
1,candidate,html_sparse,4096,2,3,1008,4190256,867.3
1,candidate,html_sparse,4096,2,4,1008,4190256,855.8
1,candidate,html_sparse,4096,2,5,1008,4190256,875.8
1,candidate,html_sparse,4096,2,6,1008,4190256,855.7
1,candidate,html_sparse,4096,2,7,1008,4190256,867.7
1,candidate,html_sparse,4096,2,8,1008,4190256,900.9
1,candidate,html_sparse,4096,3,0,1008,4161024,4761.7
1,candidate,html_sparse,4096,3,1,1008,4161024,5093.4
1,candidate,html_sparse,4096,3,2,1008,4161024,4860.0
1,candidate,html_sparse,4096,3,3,1008,4161024,4755.6
1,candidate,html_sparse,4096,3,4,1008,4161024,4695.1
1,candidate,html_sparse,4096,3,5,1008,4161024,4975.3
1,candidate,html_sparse,4096,3,6,1008,4161024,4732.9
1,candidate,html_sparse,4096,3,7,1008,4161024,4731.4
1,candidate,html_sparse,4096,3,8,1008,4161024,4731.1
1,candidate,html_sparse,65536,0,0,64,4227072,72883.7
1,candidate,html_sparse,65536,0,1,64,4227072,72898.7
1,candidate,html_sparse,65536,0,2,64,4227072,73038.4
1,candidate,html_sparse,65536,0,3,64,4227072,72850.7
1,candidate,html_sparse,65536,0,4,64,4227072,74367.7
1,candidate,html_sparse,65536,0,5,64,4227072,73610.3
1,candidate,html_sparse,65536,0,6,64,4227072,72842.3
1,candidate,html_sparse,65536,0,7,64,4227072,73408.1
1,candidate,html_sparse,65536,0,8,64,4227072,74026.5
1,candidate,html_sparse,65536,1,0,64,4227072,75846.0
1,candidate,html_sparse,65536,1,1,64,4227072,75259.3
1,candidate,html_sparse,65536,1,2,64,4227072,75109.7
1,candidate,html_sparse,65536,1,3,64,4227072,79209.0
1,candidate,html_sparse,65536,1,4,64,4227072,75418.2
1,candidate,html_sparse,65536,1,5,64,4227072,75269.4
1,candidate,html_sparse,65536,1,6,64,4227072,76786.2
1,candidate,html_sparse,65536,1,7,64,4227072,73310.1
1,candidate,html_sparse,65536,1,8,64,4227072,75149.7
1,candidate,html_sparse,65536,2,0,64,4256576,13331.3
1,candidate,html_sparse,65536,2,1,64,4256576,13499.1
1,candidate,html_sparse,65536,2,2,64,4256576,13330.2
1,candidate,html_sparse,65536,2,3,64,4256576,13617.5
1,candidate,html_sparse,65536,2,4,64,4256576,13332.7
1,candidate,html_sparse,65536,2,5,64,4256576,13503.3
1,candidate,html_sparse,65536,2,6,64,4256576,13547.4
1,candidate,html_sparse,65536,2,7,64,4256576,13333.5
1,candidate,html_sparse,65536,2,8,64,4256576,13617.7
1,candidate,html_sparse,65536,3,0,64,4227072,74801.9
1,candidate,html_sparse,65536,3,1,64,4227072,75793.2
1,candidate,html_sparse,65536,3,2,64,4227072,75727.0
1,candidate,html_sparse,65536,3,3,64,4227072,74915.3
1,candidate,html_sparse,65536,3,4,64,4227072,75979.0
1,candidate,html_sparse,65536,3,5,64,4227072,75637.1
1,candidate,html_sparse,65536,3,6,64,4227072,75277.4
1,candidate,html_sparse,65536,3,7,64,4227072,76207.3
1,candidate,html_sparse,65536,3,8,64,4227072,76370.6
1,candidate,html_late,1,0,0,64527,193581,9.8
1,candidate,html_late,1,0,1,64527,193581,9.6
1,candidate,html_late,1,0,2,64527,193581,9.6
1,candidate,html_late,1,0,3,64527,193581,9.8
1,candidate,html_late,1,0,4,64527,193581,11.3
1,candidate,html_late,1,0,5,64527,193581,9.8
1,candidate,html_late,1,0,6,64527,193581,9.8
1,candidate,html_late,1,0,7,64527,193581,9.7
1,candidate,html_late,1,0,8,64527,193581,9.7
1,candidate,html_late,1,1,0,64527,193581,13.5
1,candidate,html_late,1,1,1,64527,193581,10.6
1,candidate,html_late,1,1,2,64527,193581,10.8
1,candidate,html_late,1,1,3,64527,193581,10.3
1,candidate,html_late,1,1,4,64527,193581,10.5
1,candidate,html_late,1,1,5,64527,193581,10.3
1,candidate,html_late,1,1,6,64527,193581,10.3
1,candidate,html_late,1,1,7,64527,193581,10.5
1,candidate,html_late,1,1,8,64527,193581,10.4
1,candidate,html_late,1,2,0,64527,322635,15.6
1,candidate,html_late,1,2,1,64527,322635,14.7
1,candidate,html_late,1,2,2,64527,322635,15.8
1,candidate,html_late,1,2,3,64527,322635,14.7
1,candidate,html_late,1,2,4,64527,322635,15.2
1,candidate,html_late,1,2,5,64527,322635,14.6
1,candidate,html_late,1,2,6,64527,322635,14.9
1,candidate,html_late,1,2,7,64527,322635,14.7
1,candidate,html_late,1,2,8,64527,322635,14.6
1,candidate,html_late,1,3,0,64527,193581,10.1
1,candidate,html_late,1,3,1,64527,193581,10.0
1,candidate,html_late,1,3,2,64527,193581,10.1
1,candidate,html_late,1,3,3,64527,193581,10.0
1,candidate,html_late,1,3,4,64527,193581,10.6
1,candidate,html_late,1,3,5,64527,193581,10.1
1,candidate,html_late,1,3,6,64527,193581,11.9
1,candidate,html_late,1,3,7,64527,193581,11.4
1,candidate,html_late,1,3,8,64527,193581,10.8
1,candidate,html_late,8,0,0,58254,582540,20.3
1,candidate,html_late,8,0,1,58254,582540,17.8
1,candidate,html_late,8,0,2,58254,582540,20.8
1,candidate,html_late,8,0,3,58254,582540,17.2
1,candidate,html_late,8,0,4,58254,582540,19.4
1,candidate,html_late,8,0,5,58254,582540,17.4
1,candidate,html_late,8,0,6,58254,582540,16.9
1,candidate,html_late,8,0,7,58254,582540,17.4
1,candidate,html_late,8,0,8,58254,582540,16.8
1,candidate,html_late,8,1,0,58254,582540,17.2
1,candidate,html_late,8,1,1,58254,582540,17.2
1,candidate,html_late,8,1,2,58254,582540,17.9
1,candidate,html_late,8,1,3,58254,582540,18.0
1,candidate,html_late,8,1,4,58254,582540,17.6
1,candidate,html_late,8,1,5,58254,582540,18.4
1,candidate,html_late,8,1,6,58254,582540,18.7
1,candidate,html_late,8,1,7,58254,582540,21.1
1,candidate,html_late,8,1,8,58254,582540,19.5
1,candidate,html_late,8,2,0,58254,699048,19.5
1,candidate,html_late,8,2,1,58254,699048,19.7
1,candidate,html_late,8,2,2,58254,699048,21.1
1,candidate,html_late,8,2,3,58254,699048,21.5
1,candidate,html_late,8,2,4,58254,699048,21.6
1,candidate,html_late,8,2,5,58254,699048,19.6
1,candidate,html_late,8,2,6,58254,699048,19.9
1,candidate,html_late,8,2,7,58254,699048,19.7
1,candidate,html_late,8,2,8,58254,699048,25.2
1,candidate,html_late,8,3,0,58254,582540,18.1
1,candidate,html_late,8,3,1,58254,582540,17.8
1,candidate,html_late,8,3,2,58254,582540,18.7
1,candidate,html_late,8,3,3,58254,582540,17.9
1,candidate,html_late,8,3,4,58254,582540,18.9
1,candidate,html_late,8,3,5,58254,582540,18.3
1,candidate,html_late,8,3,6,58254,582540,19.3
1,candidate,html_late,8,3,7,58254,582540,18.1
1,candidate,html_late,8,3,8,58254,582540,18.2
1,candidate,html_late,64,0,0,32768,2162688,83.1
1,candidate,html_late,64,0,1,32768,2162688,84.6
1,candidate,html_late,64,0,2,32768,2162688,81.9
1,candidate,html_late,64,0,3,32768,2162688,82.8
1,candidate,html_late,64,0,4,32768,2162688,84.2
1,candidate,html_late,64,0,5,32768,2162688,84.2
1,candidate,html_late,64,0,6,32768,2162688,84.1
1,candidate,html_late,64,0,7,32768,2162688,83.5
1,candidate,html_late,64,0,8,32768,2162688,83.5
1,candidate,html_late,64,1,0,32768,2162688,91.8
1,candidate,html_late,64,1,1,32768,2162688,92.7
1,candidate,html_late,64,1,2,32768,2162688,92.4
1,candidate,html_late,64,1,3,32768,2162688,93.6
1,candidate,html_late,64,1,4,32768,2162688,92.2
1,candidate,html_late,64,1,5,32768,2162688,93.2
1,candidate,html_late,64,1,6,32768,2162688,92.3
1,candidate,html_late,64,1,7,32768,2162688,96.1
1,candidate,html_late,64,1,8,32768,2162688,94.3
1,candidate,html_late,64,2,0,32768,2228224,47.1
1,candidate,html_late,64,2,1,32768,2228224,48.1
1,candidate,html_late,64,2,2,32768,2228224,47.9
1,candidate,html_late,64,2,3,32768,2228224,47.1
1,candidate,html_late,64,2,4,32768,2228224,46.9
1,candidate,html_late,64,2,5,32768,2228224,47.3
1,candidate,html_late,64,2,6,32768,2228224,47.3
1,candidate,html_late,64,2,7,32768,2228224,47.2
1,candidate,html_late,64,2,8,32768,2228224,47.2
1,candidate,html_late,64,3,0,32768,2162688,89.1
1,candidate,html_late,64,3,1,32768,2162688,85.3
1,candidate,html_late,64,3,2,32768,2162688,86.8
1,candidate,html_late,64,3,3,32768,2162688,85.9
1,candidate,html_late,64,3,4,32768,2162688,85.3
1,candidate,html_late,64,3,5,32768,2162688,87.3
1,candidate,html_late,64,3,6,32768,2162688,85.5
1,candidate,html_late,64,3,7,32768,2162688,86.1
1,candidate,html_late,64,3,8,32768,2162688,85.3
1,candidate,html_late,4096,0,0,1008,4130784,4641.1
1,candidate,html_late,4096,0,1,1008,4130784,4388.0
1,candidate,html_late,4096,0,2,1008,4130784,4736.8
1,candidate,html_late,4096,0,3,1008,4130784,4579.0
1,candidate,html_late,4096,0,4,1008,4130784,4624.4
1,candidate,html_late,4096,0,5,1008,4130784,4384.0
1,candidate,html_late,4096,0,6,1008,4130784,4823.3
1,candidate,html_late,4096,0,7,1008,4130784,4862.4
1,candidate,html_late,4096,0,8,1008,4130784,4447.4
1,candidate,html_late,4096,1,0,1008,4130784,4688.8
1,candidate,html_late,4096,1,1,1008,4130784,4673.4
1,candidate,html_late,4096,1,2,1008,4130784,4687.9
1,candidate,html_late,4096,1,3,1008,4130784,4723.8
1,candidate,html_late,4096,1,4,1008,4130784,4683.7
1,candidate,html_late,4096,1,5,1008,4130784,4665.3
1,candidate,html_late,4096,1,6,1008,4130784,4708.5
1,candidate,html_late,4096,1,7,1008,4130784,4683.9
1,candidate,html_late,4096,1,8,1008,4130784,4742.6
1,candidate,html_late,4096,2,0,1008,4132800,579.9
1,candidate,html_late,4096,2,1,1008,4132800,549.8
1,candidate,html_late,4096,2,2,1008,4132800,549.7
1,candidate,html_late,4096,2,3,1008,4132800,559.9
1,candidate,html_late,4096,2,4,1008,4132800,555.1
1,candidate,html_late,4096,2,5,1008,4132800,548.7
1,candidate,html_late,4096,2,6,1008,4132800,602.4
1,candidate,html_late,4096,2,7,1008,4132800,584.9
1,candidate,html_late,4096,2,8,1008,4132800,549.0
1,candidate,html_late,4096,3,0,1008,4130784,4583.9
1,candidate,html_late,4096,3,1,1008,4130784,4439.3
1,candidate,html_late,4096,3,2,1008,4130784,4455.4
1,candidate,html_late,4096,3,3,1008,4130784,4809.1
1,candidate,html_late,4096,3,4,1008,4130784,4746.8
1,candidate,html_late,4096,3,5,1008,4130784,4534.8
1,candidate,html_late,4096,3,6,1008,4130784,4576.7
1,candidate,html_late,4096,3,7,1008,4130784,4500.8
1,candidate,html_late,4096,3,8,1008,4130784,4525.6
1,candidate,html_late,65536,0,0,64,4194432,72141.5
1,candidate,html_late,65536,0,1,64,4194432,70936.7
1,candidate,html_late,65536,0,2,64,4194432,71179.1
1,candidate,html_late,65536,0,3,64,4194432,69630.9
1,candidate,html_late,65536,0,4,64,4194432,70083.1
1,candidate,html_late,65536,0,5,64,4194432,72227.0
1,candidate,html_late,65536,0,6,64,4194432,70974.1
1,candidate,html_late,65536,0,7,64,4194432,70700.3
1,candidate,html_late,65536,0,8,64,4194432,69737.6
1,candidate,html_late,65536,1,0,64,4194432,74245.3
1,candidate,html_late,65536,1,1,64,4194432,74863.6
1,candidate,html_late,65536,1,2,64,4194432,75173.5
1,candidate,html_late,65536,1,3,64,4194432,76529.6
1,candidate,html_late,65536,1,4,64,4194432,74456.9
1,candidate,html_late,65536,1,5,64,4194432,74386.0
1,candidate,html_late,65536,1,6,64,4194432,74108.3
1,candidate,html_late,65536,1,7,64,4194432,74686.9
1,candidate,html_late,65536,1,8,64,4194432,74337.4
1,candidate,html_late,65536,2,0,64,4194560,8824.0
1,candidate,html_late,65536,2,1,64,4194560,8666.2
1,candidate,html_late,65536,2,2,64,4194560,8798.4
1,candidate,html_late,65536,2,3,64,4194560,8834.0
1,candidate,html_late,65536,2,4,64,4194560,8664.3
1,candidate,html_late,65536,2,5,64,4194560,8668.4
1,candidate,html_late,65536,2,6,64,4194560,8666.8
1,candidate,html_late,65536,2,7,64,4194560,8929.5
1,candidate,html_late,65536,2,8,64,4194560,8659.6
1,candidate,html_late,65536,3,0,64,4194432,70709.4
1,candidate,html_late,65536,3,1,64,4194432,70837.5
1,candidate,html_late,65536,3,2,64,4194432,71241.4
1,candidate,html_late,65536,3,3,64,4194432,74032.7
1,candidate,html_late,65536,3,4,64,4194432,70717.0
1,candidate,html_late,65536,3,5,64,4194432,70705.0
1,candidate,html_late,65536,3,6,64,4194432,72445.4
1,candidate,html_late,65536,3,7,64,4194432,74779.7
1,candidate,html_late,65536,3,8,64,4194432,73547.6
2,candidate,plain,0,0,0,65536,0,3.5
2,candidate,plain,0,0,1,65536,0,3.5
2,candidate,plain,0,0,2,65536,0,3.5
2,candidate,plain,0,0,3,65536,0,3.5
2,candidate,plain,0,0,4,65536,0,3.5
2,candidate,plain,0,0,5,65536,0,3.5
2,candidate,plain,0,0,6,65536,0,3.5
2,candidate,plain,0,0,7,65536,0,3.7
2,candidate,plain,0,0,8,65536,0,3.5
2,candidate,plain,0,1,0,65536,0,3.6
2,candidate,plain,0,1,1,65536,0,3.6
2,candidate,plain,0,1,2,65536,0,3.7
2,candidate,plain,0,1,3,65536,0,3.6
2,candidate,plain,0,1,4,65536,0,3.6
2,candidate,plain,0,1,5,65536,0,3.6
2,candidate,plain,0,1,6,65536,0,3.6
2,candidate,plain,0,1,7,65536,0,3.7
2,candidate,plain,0,1,8,65536,0,3.5
2,candidate,plain,0,2,0,65536,0,6.2
2,candidate,plain,0,2,1,65536,0,6.4
2,candidate,plain,0,2,2,65536,0,6.3
2,candidate,plain,0,2,3,65536,0,6.1
2,candidate,plain,0,2,4,65536,0,6.1
2,candidate,plain,0,2,5,65536,0,6.9
2,candidate,plain,0,2,6,65536,0,6.1
2,candidate,plain,0,2,7,65536,0,6.2
2,candidate,plain,0,2,8,65536,0,6.1
2,candidate,plain,0,3,0,65536,0,3.8
2,candidate,plain,0,3,1,65536,0,3.8
2,candidate,plain,0,3,2,65536,0,3.9
2,candidate,plain,0,3,3,65536,0,3.8
2,candidate,plain,0,3,4,65536,0,3.8
2,candidate,plain,0,3,5,65536,0,3.8
2,candidate,plain,0,3,6,65536,0,3.8
2,candidate,plain,0,3,7,65536,0,3.8
2,candidate,plain,0,3,8,65536,0,3.8
2,candidate,plain,30,0,0,44620,1427840,40.8
2,candidate,plain,30,0,1,44620,1427840,40.8
2,candidate,plain,30,0,2,44620,1427840,41.4
2,candidate,plain,30,0,3,44620,1427840,41.1
2,candidate,plain,30,0,4,44620,1427840,41.0
2,candidate,plain,30,0,5,44620,1427840,41.1
2,candidate,plain,30,0,6,44620,1427840,41.3
2,candidate,plain,30,0,7,44620,1427840,41.3
2,candidate,plain,30,0,8,44620,1427840,41.2
2,candidate,plain,30,1,0,44620,1338600,40.0
2,candidate,plain,30,1,1,44620,1338600,40.3
2,candidate,plain,30,1,2,44620,1338600,42.6
2,candidate,plain,30,1,3,44620,1338600,42.1
2,candidate,plain,30,1,4,44620,1338600,41.3
2,candidate,plain,30,1,5,44620,1338600,40.6
2,candidate,plain,30,1,6,44620,1338600,40.5
2,candidate,plain,30,1,7,44620,1338600,41.4
2,candidate,plain,30,1,8,44620,1338600,40.3
2,candidate,plain,30,2,0,44620,1338600,33.6
2,candidate,plain,30,2,1,44620,1338600,33.6
2,candidate,plain,30,2,2,44620,1338600,33.5
2,candidate,plain,30,2,3,44620,1338600,33.9
2,candidate,plain,30,2,4,44620,1338600,33.3
2,candidate,plain,30,2,5,44620,1338600,35.1
2,candidate,plain,30,2,6,44620,1338600,35.4
2,candidate,plain,30,2,7,44620,1338600,33.8
2,candidate,plain,30,2,8,44620,1338600,35.0
2,candidate,plain,30,3,0,44620,1427840,44.0
2,candidate,plain,30,3,1,44620,1427840,44.9
2,candidate,plain,30,3,2,44620,1427840,43.8
2,candidate,plain,30,3,3,44620,1427840,46.4
2,candidate,plain,30,3,4,44620,1427840,44.4
2,candidate,plain,30,3,5,44620,1427840,44.3
2,candidate,plain,30,3,6,44620,1427840,44.1
2,candidate,plain,30,3,7,44620,1427840,44.4
2,candidate,plain,30,3,8,44620,1427840,43.9
2,candidate,plain,90,0,0,27235,2614560,112.7
2,candidate,plain,90,0,1,27235,2614560,114.5
2,candidate,plain,90,0,2,27235,2614560,112.4
2,candidate,plain,90,0,3,27235,2614560,113.2
2,candidate,plain,90,0,4,27235,2614560,111.2
2,candidate,plain,90,0,5,27235,2614560,115.8
2,candidate,plain,90,0,6,27235,2614560,121.5
2,candidate,plain,90,0,7,27235,2614560,127.5
2,candidate,plain,90,0,8,27235,2614560,125.5
2,candidate,plain,90,1,0,27235,2451150,125.0
2,candidate,plain,90,1,1,27235,2451150,122.1
2,candidate,plain,90,1,2,27235,2451150,120.4
2,candidate,plain,90,1,3,27235,2451150,123.9
2,candidate,plain,90,1,4,27235,2451150,120.5
2,candidate,plain,90,1,5,27235,2451150,121.0
2,candidate,plain,90,1,6,27235,2451150,124.3
2,candidate,plain,90,1,7,27235,2451150,122.5
2,candidate,plain,90,1,8,27235,2451150,122.9
2,candidate,plain,90,2,0,27235,2451150,45.0
2,candidate,plain,90,2,1,27235,2451150,49.0
2,candidate,plain,90,2,2,27235,2451150,45.8
2,candidate,plain,90,2,3,27235,2451150,45.2
2,candidate,plain,90,2,4,27235,2451150,46.1
2,candidate,plain,90,2,5,27235,2451150,45.3
2,candidate,plain,90,2,6,27235,2451150,46.6
2,candidate,plain,90,2,7,27235,2451150,45.8
2,candidate,plain,90,2,8,27235,2451150,46.5
2,candidate,plain,90,3,0,27235,2614560,129.0
2,candidate,plain,90,3,1,27235,2614560,129.0
2,candidate,plain,90,3,2,27235,2614560,129.2
2,candidate,plain,90,3,3,27235,2614560,130.1
2,candidate,plain,90,3,4,27235,2614560,129.6
2,candidate,plain,90,3,5,27235,2614560,129.9
2,candidate,plain,90,3,6,27235,2614560,131.4
2,candidate,plain,90,3,7,27235,2614560,130.1
2,candidate,plain,90,3,8,27235,2614560,127.9
2,candidate,plain,4110,0,0,1004,4401536,4688.1
2,candidate,plain,4110,0,1,1004,4401536,4645.5
2,candidate,plain,4110,0,2,1004,4401536,4748.3
2,candidate,plain,4110,0,3,1004,4401536,4660.2
2,candidate,plain,4110,0,4,1004,4401536,4643.7
2,candidate,plain,4110,0,5,1004,4401536,4664.6
2,candidate,plain,4110,0,6,1004,4401536,4680.4
2,candidate,plain,4110,0,7,1004,4401536,4625.9
2,candidate,plain,4110,0,8,1004,4401536,4658.4
2,candidate,plain,4110,1,0,1004,4126440,4866.1
2,candidate,plain,4110,1,1,1004,4126440,4871.6
2,candidate,plain,4110,1,2,1004,4126440,4837.7
2,candidate,plain,4110,1,3,1004,4126440,4851.3
2,candidate,plain,4110,1,4,1004,4126440,4876.8
2,candidate,plain,4110,1,5,1004,4126440,4857.6
2,candidate,plain,4110,1,6,1004,4126440,5179.2
2,candidate,plain,4110,1,7,1004,4126440,4866.1
2,candidate,plain,4110,1,8,1004,4126440,4843.3
2,candidate,plain,4110,2,0,1004,4126440,561.0
2,candidate,plain,4110,2,1,1004,4126440,562.9
2,candidate,plain,4110,2,2,1004,4126440,550.7
2,candidate,plain,4110,2,3,1004,4126440,550.9
2,candidate,plain,4110,2,4,1004,4126440,558.3
2,candidate,plain,4110,2,5,1004,4126440,561.1
2,candidate,plain,4110,2,6,1004,4126440,552.3
2,candidate,plain,4110,2,7,1004,4126440,557.0
2,candidate,plain,4110,2,8,1004,4126440,578.6
2,candidate,plain,4110,3,0,1004,4401536,5042.6
2,candidate,plain,4110,3,1,1004,4401536,5044.7
2,candidate,plain,4110,3,2,1004,4401536,5118.3
2,candidate,plain,4110,3,3,1004,4401536,5043.8
2,candidate,plain,4110,3,4,1004,4401536,5031.1
2,candidate,plain,4110,3,5,1004,4401536,5393.3
2,candidate,plain,4110,3,6,1004,4401536,5149.9
2,candidate,plain,4110,3,7,1004,4401536,5073.5
2,candidate,plain,4110,3,8,1004,4401536,5186.0
2,candidate,plain,65550,0,0,64,4474880,77489.9
2,candidate,plain,65550,0,1,64,4474880,73742.1
2,candidate,plain,65550,0,2,64,4474880,73533.6
2,candidate,plain,65550,0,3,64,4474880,74294.1
2,candidate,plain,65550,0,4,64,4474880,73902.7
2,candidate,plain,65550,0,5,64,4474880,80062.8
2,candidate,plain,65550,0,6,64,4474880,79000.6
2,candidate,plain,65550,0,7,64,4474880,73701.6
2,candidate,plain,65550,0,8,64,4474880,76794.2
2,candidate,plain,65550,1,0,64,4195200,76792.8
2,candidate,plain,65550,1,1,64,4195200,77097.5
2,candidate,plain,65550,1,2,64,4195200,76540.8
2,candidate,plain,65550,1,3,64,4195200,80829.4
2,candidate,plain,65550,1,4,64,4195200,79826.2
2,candidate,plain,65550,1,5,64,4195200,77455.5
2,candidate,plain,65550,1,6,64,4195200,76626.6
2,candidate,plain,65550,1,7,64,4195200,77759.1
2,candidate,plain,65550,1,8,64,4195200,76501.1
2,candidate,plain,65550,2,0,64,4195200,9020.0
2,candidate,plain,65550,2,1,64,4195200,8706.3
2,candidate,plain,65550,2,2,64,4195200,8709.8
2,candidate,plain,65550,2,3,64,4195200,8708.4
2,candidate,plain,65550,2,4,64,4195200,8891.0
2,candidate,plain,65550,2,5,64,4195200,8719.9
2,candidate,plain,65550,2,6,64,4195200,8822.1
2,candidate,plain,65550,2,7,64,4195200,9020.6
2,candidate,plain,65550,2,8,64,4195200,8713.1
2,candidate,plain,65550,3,0,64,4474880,81720.0
2,candidate,plain,65550,3,1,64,4474880,80433.0
2,candidate,plain,65550,3,2,64,4474880,82207.6
2,candidate,plain,65550,3,3,64,4474880,82333.3
2,candidate,plain,65550,3,4,64,4474880,81641.0
2,candidate,plain,65550,3,5,64,4474880,82148.4
2,candidate,plain,65550,3,6,64,4474880,81631.2
2,candidate,plain,65550,3,7,64,4474880,80731.2
2,candidate,plain,65550,3,8,64,4474880,82282.6
2,candidate,mixed,46,0,0,38130,3660480,86.9
2,candidate,mixed,46,0,1,38130,3660480,82.8
2,candidate,mixed,46,0,2,38130,3660480,82.8
2,candidate,mixed,46,0,3,38130,3660480,84.9
2,candidate,mixed,46,0,4,38130,3660480,84.3
2,candidate,mixed,46,0,5,38130,3660480,83.4
2,candidate,mixed,46,0,6,38130,3660480,83.1
2,candidate,mixed,46,0,7,38130,3660480,83.3
2,candidate,mixed,46,0,8,38130,3660480,84.7
2,candidate,mixed,46,1,0,38130,3507960,86.6
2,candidate,mixed,46,1,1,38130,3507960,88.2
2,candidate,mixed,46,1,2,38130,3507960,87.1
2,candidate,mixed,46,1,3,38130,3507960,86.8
2,candidate,mixed,46,1,4,38130,3507960,87.0
2,candidate,mixed,46,1,5,38130,3507960,86.8
2,candidate,mixed,46,1,6,38130,3507960,87.1
2,candidate,mixed,46,1,7,38130,3507960,93.6
2,candidate,mixed,46,1,8,38130,3507960,86.0
2,candidate,mixed,46,2,0,38130,2897880,63.2
2,candidate,mixed,46,2,1,38130,2897880,64.3
2,candidate,mixed,46,2,2,38130,2897880,62.0
2,candidate,mixed,46,2,3,38130,2897880,61.5
2,candidate,mixed,46,2,4,38130,2897880,61.6
2,candidate,mixed,46,2,5,38130,2897880,62.1
2,candidate,mixed,46,2,6,38130,2897880,61.6
2,candidate,mixed,46,2,7,38130,2897880,64.2
2,candidate,mixed,46,2,8,38130,2897880,69.9
2,candidate,mixed,46,3,0,38130,3355440,83.2
2,candidate,mixed,46,3,1,38130,3355440,82.3
2,candidate,mixed,46,3,2,38130,3355440,83.5
2,candidate,mixed,46,3,3,38130,3355440,81.8
2,candidate,mixed,46,3,4,38130,3355440,81.7
2,candidate,mixed,46,3,5,38130,3355440,82.0
2,candidate,mixed,46,3,6,38130,3355440,82.6
2,candidate,mixed,46,3,7,38130,3355440,85.1
2,candidate,mixed,46,3,8,38130,3355440,81.8
2,candidate,mixed,92,0,0,26886,5162112,173.5
2,candidate,mixed,92,0,1,26886,5162112,169.0
2,candidate,mixed,92,0,2,26886,5162112,169.3
2,candidate,mixed,92,0,3,26886,5162112,165.3
2,candidate,mixed,92,0,4,26886,5162112,165.7
2,candidate,mixed,92,0,5,26886,5162112,163.1
2,candidate,mixed,92,0,6,26886,5162112,165.9
2,candidate,mixed,92,0,7,26886,5162112,168.9
2,candidate,mixed,92,0,8,26886,5162112,169.5
2,candidate,mixed,92,1,0,26886,4947024,176.0
2,candidate,mixed,92,1,1,26886,4947024,177.5
2,candidate,mixed,92,1,2,26886,4947024,181.0
2,candidate,mixed,92,1,3,26886,4947024,178.9
2,candidate,mixed,92,1,4,26886,4947024,177.8
2,candidate,mixed,92,1,5,26886,4947024,183.2
2,candidate,mixed,92,1,6,26886,4947024,214.4
2,candidate,mixed,92,1,7,26886,4947024,178.8
2,candidate,mixed,92,1,8,26886,4947024,177.1
2,candidate,mixed,92,2,0,26886,4086672,109.6
2,candidate,mixed,92,2,1,26886,4086672,112.6
2,candidate,mixed,92,2,2,26886,4086672,103.7
2,candidate,mixed,92,2,3,26886,4086672,106.0
2,candidate,mixed,92,2,4,26886,4086672,104.2
2,candidate,mixed,92,2,5,26886,4086672,106.9
2,candidate,mixed,92,2,6,26886,4086672,112.2
2,candidate,mixed,92,2,7,26886,4086672,115.8
2,candidate,mixed,92,2,8,26886,4086672,104.9
2,candidate,mixed,92,3,0,26886,4731936,160.6
2,candidate,mixed,92,3,1,26886,4731936,162.1
2,candidate,mixed,92,3,2,26886,4731936,180.5
2,candidate,mixed,92,3,3,26886,4731936,163.0
2,candidate,mixed,92,3,4,26886,4731936,162.2
2,candidate,mixed,92,3,5,26886,4731936,162.4
2,candidate,mixed,92,3,6,26886,4731936,161.5
2,candidate,mixed,92,3,7,26886,4731936,160.9
2,candidate,mixed,92,3,8,26886,4731936,163.3
2,candidate,mixed,4140,0,0,997,8614080,6997.4
2,candidate,mixed,4140,0,1,997,8614080,6804.3
2,candidate,mixed,4140,0,2,997,8614080,6867.1
2,candidate,mixed,4140,0,3,997,8614080,6798.0
2,candidate,mixed,4140,0,4,997,8614080,6831.4
2,candidate,mixed,4140,0,5,997,8614080,6951.3
2,candidate,mixed,4140,0,6,997,8614080,6989.6
2,candidate,mixed,4140,0,7,997,8614080,6843.8
2,candidate,mixed,4140,0,8,997,8614080,6830.9
2,candidate,mixed,4140,1,0,997,8255160,7299.1
2,candidate,mixed,4140,1,1,997,8255160,7238.0
2,candidate,mixed,4140,1,2,997,8255160,7260.5
2,candidate,mixed,4140,1,3,997,8255160,7280.1
2,candidate,mixed,4140,1,4,997,8255160,7250.9
2,candidate,mixed,4140,1,5,997,8255160,7242.2
2,candidate,mixed,4140,1,6,997,8255160,7209.0
2,candidate,mixed,4140,1,7,997,8255160,7288.2
2,candidate,mixed,4140,1,8,997,8255160,7230.5
2,candidate,mixed,4140,2,0,997,6819480,3988.9
2,candidate,mixed,4140,2,1,997,6819480,3997.4
2,candidate,mixed,4140,2,2,997,6819480,4029.5
2,candidate,mixed,4140,2,3,997,6819480,4039.4
2,candidate,mixed,4140,2,4,997,6819480,4013.2
2,candidate,mixed,4140,2,5,997,6819480,4182.4
2,candidate,mixed,4140,2,6,997,6819480,3990.5
2,candidate,mixed,4140,2,7,997,6819480,4022.2
2,candidate,mixed,4140,2,8,997,6819480,4037.8
2,candidate,mixed,4140,3,0,997,7896240,6842.2
2,candidate,mixed,4140,3,1,997,7896240,6837.0
2,candidate,mixed,4140,3,2,997,7896240,6886.3
2,candidate,mixed,4140,3,3,997,7896240,6653.8
2,candidate,mixed,4140,3,4,997,7896240,6655.8
2,candidate,mixed,4140,3,5,997,7896240,6830.6
2,candidate,mixed,4140,3,6,997,7896240,6840.0
2,candidate,mixed,4140,3,7,997,7896240,6738.7
2,candidate,mixed,4140,3,8,997,7896240,6698.8
2,candidate,mixed,65550,0,0,64,8755200,112894.9
2,candidate,mixed,65550,0,1,64,8755200,112567.0
2,candidate,mixed,65550,0,2,64,8755200,112645.2
2,candidate,mixed,65550,0,3,64,8755200,114823.4
2,candidate,mixed,65550,0,4,64,8755200,113269.1
2,candidate,mixed,65550,0,5,64,8755200,113355.8
2,candidate,mixed,65550,0,6,64,8755200,111939.8
2,candidate,mixed,65550,0,7,64,8755200,112733.8
2,candidate,mixed,65550,0,8,64,8755200,110654.3
2,candidate,mixed,65550,1,0,64,8390400,114263.2
2,candidate,mixed,65550,1,1,64,8390400,114187.3
2,candidate,mixed,65550,1,2,64,8390400,121988.9
2,candidate,mixed,65550,1,3,64,8390400,116604.2
2,candidate,mixed,65550,1,4,64,8390400,115843.1
2,candidate,mixed,65550,1,5,64,8390400,114145.5
2,candidate,mixed,65550,1,6,64,8390400,114682.8
2,candidate,mixed,65550,1,7,64,8390400,118398.6
2,candidate,mixed,65550,1,8,64,8390400,117251.0
2,candidate,mixed,65550,2,0,64,6931200,64105.2
2,candidate,mixed,65550,2,1,64,6931200,63489.7
2,candidate,mixed,65550,2,2,64,6931200,62211.4
2,candidate,mixed,65550,2,3,64,6931200,63842.2
2,candidate,mixed,65550,2,4,64,6931200,66369.1
2,candidate,mixed,65550,2,5,64,6931200,64659.1
2,candidate,mixed,65550,2,6,64,6931200,63054.5
2,candidate,mixed,65550,2,7,64,6931200,62206.2
2,candidate,mixed,65550,2,8,64,6931200,62842.7
2,candidate,mixed,65550,3,0,64,8025600,106155.3
2,candidate,mixed,65550,3,1,64,8025600,105774.5
2,candidate,mixed,65550,3,2,64,8025600,105258.9
2,candidate,mixed,65550,3,3,64,8025600,109987.5
2,candidate,mixed,65550,3,4,64,8025600,111004.0
2,candidate,mixed,65550,3,5,64,8025600,107885.7
2,candidate,mixed,65550,3,6,64,8025600,105555.6
2,candidate,mixed,65550,3,7,64,8025600,106366.3
2,candidate,mixed,65550,3,8,64,8025600,111104.0
2,candidate,unreserved,1,0,0,64527,64527,9.0
2,candidate,unreserved,1,0,1,64527,64527,8.8
2,candidate,unreserved,1,0,2,64527,64527,8.8
2,candidate,unreserved,1,0,3,64527,64527,9.2
2,candidate,unreserved,1,0,4,64527,64527,8.8
2,candidate,unreserved,1,0,5,64527,64527,8.8
2,candidate,unreserved,1,0,6,64527,64527,9.4
2,candidate,unreserved,1,0,7,64527,64527,9.0
2,candidate,unreserved,1,0,8,64527,64527,9.0
2,candidate,unreserved,1,1,0,64527,64527,9.0
2,candidate,unreserved,1,1,1,64527,64527,9.0
2,candidate,unreserved,1,1,2,64527,64527,12.6
2,candidate,unreserved,1,1,3,64527,64527,9.0
2,candidate,unreserved,1,1,4,64527,64527,9.2
2,candidate,unreserved,1,1,5,64527,64527,9.2
2,candidate,unreserved,1,1,6,64527,64527,9.0
2,candidate,unreserved,1,1,7,64527,64527,9.2
2,candidate,unreserved,1,1,8,64527,64527,9.7
2,candidate,unreserved,1,2,0,64527,64527,14.1
2,candidate,unreserved,1,2,1,64527,64527,14.2
2,candidate,unreserved,1,2,2,64527,64527,19.2
2,candidate,unreserved,1,2,3,64527,64527,14.5
2,candidate,unreserved,1,2,4,64527,64527,14.2
2,candidate,unreserved,1,2,5,64527,64527,13.8
2,candidate,unreserved,1,2,6,64527,64527,13.5
2,candidate,unreserved,1,2,7,64527,64527,13.3
2,candidate,unreserved,1,2,8,64527,64527,16.6
2,candidate,unreserved,1,3,0,64527,64527,8.7
2,candidate,unreserved,1,3,1,64527,64527,8.6
2,candidate,unreserved,1,3,2,64527,64527,8.6
2,candidate,unreserved,1,3,3,64527,64527,8.9
2,candidate,unreserved,1,3,4,64527,64527,8.6
2,candidate,unreserved,1,3,5,64527,64527,8.6
2,candidate,unreserved,1,3,6,64527,64527,8.8
2,candidate,unreserved,1,3,7,64527,64527,8.8
2,candidate,unreserved,1,3,8,64527,64527,8.7
2,candidate,unreserved,8,0,0,58254,466032,15.8
2,candidate,unreserved,8,0,1,58254,466032,16.4
2,candidate,unreserved,8,0,2,58254,466032,16.5
2,candidate,unreserved,8,0,3,58254,466032,16.6
2,candidate,unreserved,8,0,4,58254,466032,17.4
2,candidate,unreserved,8,0,5,58254,466032,16.4
2,candidate,unreserved,8,0,6,58254,466032,16.3
2,candidate,unreserved,8,0,7,58254,466032,16.6
2,candidate,unreserved,8,0,8,58254,466032,16.5
2,candidate,unreserved,8,1,0,58254,466032,15.8
2,candidate,unreserved,8,1,1,58254,466032,17.8
2,candidate,unreserved,8,1,2,58254,466032,18.1
2,candidate,unreserved,8,1,3,58254,466032,15.8
2,candidate,unreserved,8,1,4,58254,466032,15.9
2,candidate,unreserved,8,1,5,58254,466032,16.1
2,candidate,unreserved,8,1,6,58254,466032,16.1
2,candidate,unreserved,8,1,7,58254,466032,17.2
2,candidate,unreserved,8,1,8,58254,466032,15.9
2,candidate,unreserved,8,2,0,58254,466032,18.9
2,candidate,unreserved,8,2,1,58254,466032,18.8
2,candidate,unreserved,8,2,2,58254,466032,18.9
2,candidate,unreserved,8,2,3,58254,466032,18.6
2,candidate,unreserved,8,2,4,58254,466032,18.8
2,candidate,unreserved,8,2,5,58254,466032,20.1
2,candidate,unreserved,8,2,6,58254,466032,20.7
2,candidate,unreserved,8,2,7,58254,466032,18.8
2,candidate,unreserved,8,2,8,58254,466032,19.8
2,candidate,unreserved,8,3,0,58254,466032,17.3
2,candidate,unreserved,8,3,1,58254,466032,17.3
2,candidate,unreserved,8,3,2,58254,466032,17.1
2,candidate,unreserved,8,3,3,58254,466032,17.4
2,candidate,unreserved,8,3,4,58254,466032,17.4
2,candidate,unreserved,8,3,5,58254,466032,17.4
2,candidate,unreserved,8,3,6,58254,466032,17.1
2,candidate,unreserved,8,3,7,58254,466032,18.1
2,candidate,unreserved,8,3,8,58254,466032,17.4
2,candidate,unreserved,64,0,0,32768,2097152,102.2
2,candidate,unreserved,64,0,1,32768,2097152,101.6
2,candidate,unreserved,64,0,2,32768,2097152,102.1
2,candidate,unreserved,64,0,3,32768,2097152,99.7
2,candidate,unreserved,64,0,4,32768,2097152,98.1
2,candidate,unreserved,64,0,5,32768,2097152,81.0
2,candidate,unreserved,64,0,6,32768,2097152,80.7
2,candidate,unreserved,64,0,7,32768,2097152,81.7
2,candidate,unreserved,64,0,8,32768,2097152,82.2
2,candidate,unreserved,64,1,0,32768,2097152,90.4
2,candidate,unreserved,64,1,1,32768,2097152,91.7
2,candidate,unreserved,64,1,2,32768,2097152,91.4
2,candidate,unreserved,64,1,3,32768,2097152,96.0
2,candidate,unreserved,64,1,4,32768,2097152,92.0
2,candidate,unreserved,64,1,5,32768,2097152,91.9
2,candidate,unreserved,64,1,6,32768,2097152,91.6
2,candidate,unreserved,64,1,7,32768,2097152,92.9
2,candidate,unreserved,64,1,8,32768,2097152,91.8
2,candidate,unreserved,64,2,0,32768,2097152,52.3
2,candidate,unreserved,64,2,1,32768,2097152,53.7
2,candidate,unreserved,64,2,2,32768,2097152,53.0
2,candidate,unreserved,64,2,3,32768,2097152,51.6
2,candidate,unreserved,64,2,4,32768,2097152,52.8
2,candidate,unreserved,64,2,5,32768,2097152,52.7
2,candidate,unreserved,64,2,6,32768,2097152,52.7
2,candidate,unreserved,64,2,7,32768,2097152,52.2
2,candidate,unreserved,64,2,8,32768,2097152,52.1
2,candidate,unreserved,64,3,0,32768,2097152,85.2
2,candidate,unreserved,64,3,1,32768,2097152,86.3
2,candidate,unreserved,64,3,2,32768,2097152,85.2
2,candidate,unreserved,64,3,3,32768,2097152,88.2
2,candidate,unreserved,64,3,4,32768,2097152,85.9
2,candidate,unreserved,64,3,5,32768,2097152,85.6
2,candidate,unreserved,64,3,6,32768,2097152,87.2
2,candidate,unreserved,64,3,7,32768,2097152,88.0
2,candidate,unreserved,64,3,8,32768,2097152,87.3
2,candidate,unreserved,4096,0,0,1008,4128768,4621.4
2,candidate,unreserved,4096,0,1,1008,4128768,4527.8
2,candidate,unreserved,4096,0,2,1008,4128768,4523.5
2,candidate,unreserved,4096,0,3,1008,4128768,4544.3
2,candidate,unreserved,4096,0,4,1008,4128768,4780.4
2,candidate,unreserved,4096,0,5,1008,4128768,4732.6
2,candidate,unreserved,4096,0,6,1008,4128768,4576.0
2,candidate,unreserved,4096,0,7,1008,4128768,4561.7
2,candidate,unreserved,4096,0,8,1008,4128768,4556.5
2,candidate,unreserved,4096,1,0,1008,4128768,4451.7
2,candidate,unreserved,4096,1,1,1008,4128768,4759.9
2,candidate,unreserved,4096,1,2,1008,4128768,4724.9
2,candidate,unreserved,4096,1,3,1008,4128768,4416.4
2,candidate,unreserved,4096,1,4,1008,4128768,4402.1
2,candidate,unreserved,4096,1,5,1008,4128768,4467.5
2,candidate,unreserved,4096,1,6,1008,4128768,4421.5
2,candidate,unreserved,4096,1,7,1008,4128768,4862.9
2,candidate,unreserved,4096,1,8,1008,4128768,4451.7
2,candidate,unreserved,4096,2,0,1008,4128768,554.4
2,candidate,unreserved,4096,2,1,1008,4128768,547.9
2,candidate,unreserved,4096,2,2,1008,4128768,583.7
2,candidate,unreserved,4096,2,3,1008,4128768,587.6
2,candidate,unreserved,4096,2,4,1008,4128768,567.8
2,candidate,unreserved,4096,2,5,1008,4128768,585.4
2,candidate,unreserved,4096,2,6,1008,4128768,629.8
2,candidate,unreserved,4096,2,7,1008,4128768,562.3
2,candidate,unreserved,4096,2,8,1008,4128768,559.3
2,candidate,unreserved,4096,3,0,1008,4128768,4573.4
2,candidate,unreserved,4096,3,1,1008,4128768,4503.6
2,candidate,unreserved,4096,3,2,1008,4128768,4535.5
2,candidate,unreserved,4096,3,3,1008,4128768,4467.6
2,candidate,unreserved,4096,3,4,1008,4128768,4514.9
2,candidate,unreserved,4096,3,5,1008,4128768,4427.9
2,candidate,unreserved,4096,3,6,1008,4128768,4556.3
2,candidate,unreserved,4096,3,7,1008,4128768,4532.2
2,candidate,unreserved,4096,3,8,1008,4128768,4526.4
2,candidate,unreserved,65536,0,0,64,4194304,70953.7
2,candidate,unreserved,65536,0,1,64,4194304,72907.3
2,candidate,unreserved,65536,0,2,64,4194304,69538.6
2,candidate,unreserved,65536,0,3,64,4194304,74307.6
2,candidate,unreserved,65536,0,4,64,4194304,72906.8
2,candidate,unreserved,65536,0,5,64,4194304,73585.2
2,candidate,unreserved,65536,0,6,64,4194304,69323.9
2,candidate,unreserved,65536,0,7,64,4194304,70498.9
2,candidate,unreserved,65536,0,8,64,4194304,69659.1
2,candidate,unreserved,65536,1,0,64,4194304,75442.3
2,candidate,unreserved,65536,1,1,64,4194304,75659.2
2,candidate,unreserved,65536,1,2,64,4194304,74735.1
2,candidate,unreserved,65536,1,3,64,4194304,75121.4
2,candidate,unreserved,65536,1,4,64,4194304,75014.2
2,candidate,unreserved,65536,1,5,64,4194304,74642.4
2,candidate,unreserved,65536,1,6,64,4194304,74857.6
2,candidate,unreserved,65536,1,7,64,4194304,77144.6
2,candidate,unreserved,65536,1,8,64,4194304,74393.7
2,candidate,unreserved,65536,2,0,64,4194304,8795.7
2,candidate,unreserved,65536,2,1,64,4194304,9009.5
2,candidate,unreserved,65536,2,2,64,4194304,8707.5
2,candidate,unreserved,65536,2,3,64,4194304,8693.2
2,candidate,unreserved,65536,2,4,64,4194304,8662.4
2,candidate,unreserved,65536,2,5,64,4194304,8828.7
2,candidate,unreserved,65536,2,6,64,4194304,8661.2
2,candidate,unreserved,65536,2,7,64,4194304,8662.1
2,candidate,unreserved,65536,2,8,64,4194304,9073.2
2,candidate,unreserved,65536,3,0,64,4194304,72008.7
2,candidate,unreserved,65536,3,1,64,4194304,71344.9
2,candidate,unreserved,65536,3,2,64,4194304,72302.8
2,candidate,unreserved,65536,3,3,64,4194304,70829.3
2,candidate,unreserved,65536,3,4,64,4194304,72069.8
2,candidate,unreserved,65536,3,5,64,4194304,71255.2
2,candidate,unreserved,65536,3,6,64,4194304,72030.3
2,candidate,unreserved,65536,3,7,64,4194304,72358.0
2,candidate,unreserved,65536,3,8,64,4194304,70735.2
2,candidate,dense,4,0,0,61680,740160,18.0
2,candidate,dense,4,0,1,61680,740160,18.0
2,candidate,dense,4,0,2,61680,740160,18.5
2,candidate,dense,4,0,3,61680,740160,17.9
2,candidate,dense,4,0,4,61680,740160,18.1
2,candidate,dense,4,0,5,61680,740160,19.1
2,candidate,dense,4,0,6,61680,740160,17.9
2,candidate,dense,4,0,7,61680,740160,18.1
2,candidate,dense,4,0,8,61680,740160,17.9
2,candidate,dense,4,1,0,61680,616800,17.0
2,candidate,dense,4,1,1,61680,616800,16.5
2,candidate,dense,4,1,2,61680,616800,17.1
2,candidate,dense,4,1,3,61680,616800,16.6
2,candidate,dense,4,1,4,61680,616800,16.9
2,candidate,dense,4,1,5,61680,616800,16.7
2,candidate,dense,4,1,6,61680,616800,19.0
2,candidate,dense,4,1,7,61680,616800,17.3
2,candidate,dense,4,1,8,61680,616800,19.5
2,candidate,dense,4,2,0,61680,246720,18.6
2,candidate,dense,4,2,1,61680,246720,16.9
2,candidate,dense,4,2,2,61680,246720,17.2
2,candidate,dense,4,2,3,61680,246720,17.5
2,candidate,dense,4,2,4,61680,246720,17.1
2,candidate,dense,4,2,5,61680,246720,17.3
2,candidate,dense,4,2,6,61680,246720,20.3
2,candidate,dense,4,2,7,61680,246720,17.0
2,candidate,dense,4,2,8,61680,246720,23.1
2,candidate,dense,4,3,0,61680,616800,16.4
2,candidate,dense,4,3,1,61680,616800,16.0
2,candidate,dense,4,3,2,61680,616800,16.3
2,candidate,dense,4,3,3,61680,616800,16.2
2,candidate,dense,4,3,4,61680,616800,17.3
2,candidate,dense,4,3,5,61680,616800,16.2
2,candidate,dense,4,3,6,61680,616800,16.9
2,candidate,dense,4,3,7,61680,616800,16.0
2,candidate,dense,4,3,8,61680,616800,16.4
2,candidate,dense,8,0,0,58254,1398096,26.2
2,candidate,dense,8,0,1,58254,1398096,26.9
2,candidate,dense,8,0,2,58254,1398096,26.4
2,candidate,dense,8,0,3,58254,1398096,26.7
2,candidate,dense,8,0,4,58254,1398096,26.6
2,candidate,dense,8,0,5,58254,1398096,26.3
2,candidate,dense,8,0,6,58254,1398096,26.6
2,candidate,dense,8,0,7,58254,1398096,26.5
2,candidate,dense,8,0,8,58254,1398096,27.2
2,candidate,dense,8,1,0,58254,1165080,25.3
2,candidate,dense,8,1,1,58254,1165080,24.9
2,candidate,dense,8,1,2,58254,1165080,25.2
2,candidate,dense,8,1,3,58254,1165080,24.6
2,candidate,dense,8,1,4,58254,1165080,24.9
2,candidate,dense,8,1,5,58254,1165080,25.4
2,candidate,dense,8,1,6,58254,1165080,24.7
2,candidate,dense,8,1,7,58254,1165080,25.0
2,candidate,dense,8,1,8,58254,1165080,25.1
2,candidate,dense,8,2,0,58254,466032,22.2
2,candidate,dense,8,2,1,58254,466032,21.9
2,candidate,dense,8,2,2,58254,466032,22.0
2,candidate,dense,8,2,3,58254,466032,22.2
2,candidate,dense,8,2,4,58254,466032,22.1
2,candidate,dense,8,2,5,58254,466032,20.8
2,candidate,dense,8,2,6,58254,466032,20.8
2,candidate,dense,8,2,7,58254,466032,20.8
2,candidate,dense,8,2,8,58254,466032,21.2
2,candidate,dense,8,3,0,58254,1165080,23.9
2,candidate,dense,8,3,1,58254,1165080,23.8
2,candidate,dense,8,3,2,58254,1165080,24.1
2,candidate,dense,8,3,3,58254,1165080,24.2
2,candidate,dense,8,3,4,58254,1165080,23.8
2,candidate,dense,8,3,5,58254,1165080,23.9
2,candidate,dense,8,3,6,58254,1165080,25.1
2,candidate,dense,8,3,7,58254,1165080,23.8
2,candidate,dense,8,3,8,58254,1165080,23.9
2,candidate,dense,64,0,0,32768,6291456,163.6
2,candidate,dense,64,0,1,32768,6291456,159.4
2,candidate,dense,64,0,2,32768,6291456,156.9
2,candidate,dense,64,0,3,32768,6291456,155.7
2,candidate,dense,64,0,4,32768,6291456,157.5
2,candidate,dense,64,0,5,32768,6291456,160.1
2,candidate,dense,64,0,6,32768,6291456,174.7
2,candidate,dense,64,0,7,32768,6291456,164.8
2,candidate,dense,64,0,8,32768,6291456,181.0
2,candidate,dense,64,1,0,32768,5242880,161.3
2,candidate,dense,64,1,1,32768,5242880,149.3
2,candidate,dense,64,1,2,32768,5242880,154.7
2,candidate,dense,64,1,3,32768,5242880,155.0
2,candidate,dense,64,1,4,32768,5242880,147.8
2,candidate,dense,64,1,5,32768,5242880,153.4
2,candidate,dense,64,1,6,32768,5242880,148.1
2,candidate,dense,64,1,7,32768,5242880,147.4
2,candidate,dense,64,1,8,32768,5242880,156.0
2,candidate,dense,64,2,0,32768,2097152,65.6
2,candidate,dense,64,2,1,32768,2097152,66.3
2,candidate,dense,64,2,2,32768,2097152,65.4
2,candidate,dense,64,2,3,32768,2097152,66.0
2,candidate,dense,64,2,4,32768,2097152,66.1
2,candidate,dense,64,2,5,32768,2097152,65.8
2,candidate,dense,64,2,6,32768,2097152,66.9
2,candidate,dense,64,2,7,32768,2097152,65.6
2,candidate,dense,64,2,8,32768,2097152,66.3
2,candidate,dense,64,3,0,32768,5242880,140.6
2,candidate,dense,64,3,1,32768,5242880,140.6
2,candidate,dense,64,3,2,32768,5242880,139.3
2,candidate,dense,64,3,3,32768,5242880,139.5
2,candidate,dense,64,3,4,32768,5242880,140.4
2,candidate,dense,64,3,5,32768,5242880,146.1
2,candidate,dense,64,3,6,32768,5242880,142.9
2,candidate,dense,64,3,7,32768,5242880,142.3
2,candidate,dense,64,3,8,32768,5242880,140.8
2,candidate,dense,4096,0,0,1008,12386304,9189.5
2,candidate,dense,4096,0,1,1008,12386304,9229.1
2,candidate,dense,4096,0,2,1008,12386304,9170.7
2,candidate,dense,4096,0,3,1008,12386304,9514.9
2,candidate,dense,4096,0,4,1008,12386304,9368.2
2,candidate,dense,4096,0,5,1008,12386304,9113.2
2,candidate,dense,4096,0,6,1008,12386304,9129.8
2,candidate,dense,4096,0,7,1008,12386304,9612.2
2,candidate,dense,4096,0,8,1008,12386304,9359.1
2,candidate,dense,4096,1,0,1008,10321920,8738.4
2,candidate,dense,4096,1,1,1008,10321920,8785.8
2,candidate,dense,4096,1,2,1008,10321920,8723.2
2,candidate,dense,4096,1,3,1008,10321920,8791.0
2,candidate,dense,4096,1,4,1008,10321920,8751.8
2,candidate,dense,4096,1,5,1008,10321920,9438.4
2,candidate,dense,4096,1,6,1008,10321920,8723.5
2,candidate,dense,4096,1,7,1008,10321920,9131.1
2,candidate,dense,4096,1,8,1008,10321920,9103.9
2,candidate,dense,4096,2,0,1008,4128768,561.8
2,candidate,dense,4096,2,1,1008,4128768,549.4
2,candidate,dense,4096,2,2,1008,4128768,565.4
2,candidate,dense,4096,2,3,1008,4128768,546.5
2,candidate,dense,4096,2,4,1008,4128768,547.3
2,candidate,dense,4096,2,5,1008,4128768,558.5
2,candidate,dense,4096,2,6,1008,4128768,549.0
2,candidate,dense,4096,2,7,1008,4128768,560.3
2,candidate,dense,4096,2,8,1008,4128768,548.9
2,candidate,dense,4096,3,0,1008,10321920,8315.5
2,candidate,dense,4096,3,1,1008,10321920,8578.9
2,candidate,dense,4096,3,2,1008,10321920,8413.8
2,candidate,dense,4096,3,3,1008,10321920,8443.5
2,candidate,dense,4096,3,4,1008,10321920,8430.0
2,candidate,dense,4096,3,5,1008,10321920,8361.2
2,candidate,dense,4096,3,6,1008,10321920,8563.7
2,candidate,dense,4096,3,7,1008,10321920,8364.5
2,candidate,dense,4096,3,8,1008,10321920,8728.6
2,candidate,dense,65536,0,0,64,12582912,147939.1
2,candidate,dense,65536,0,1,64,12582912,148298.5
2,candidate,dense,65536,0,2,64,12582912,147252.0
2,candidate,dense,65536,0,3,64,12582912,148835.8
2,candidate,dense,65536,0,4,64,12582912,146935.3
2,candidate,dense,65536,0,5,64,12582912,155322.2
2,candidate,dense,65536,0,6,64,12582912,148923.2
2,candidate,dense,65536,0,7,64,12582912,147573.8
2,candidate,dense,65536,0,8,64,12582912,148189.0
2,candidate,dense,65536,1,0,64,10485760,141435.2
2,candidate,dense,65536,1,1,64,10485760,141755.1
2,candidate,dense,65536,1,2,64,10485760,141462.7
2,candidate,dense,65536,1,3,64,10485760,141799.4
2,candidate,dense,65536,1,4,64,10485760,141253.6
2,candidate,dense,65536,1,5,64,10485760,140943.8
2,candidate,dense,65536,1,6,64,10485760,140671.6
2,candidate,dense,65536,1,7,64,10485760,142832.5
2,candidate,dense,65536,1,8,64,10485760,140478.0
2,candidate,dense,65536,2,0,64,4194304,8678.8
2,candidate,dense,65536,2,1,64,4194304,8675.7
2,candidate,dense,65536,2,2,64,4194304,8695.2
2,candidate,dense,65536,2,3,64,4194304,8948.7
2,candidate,dense,65536,2,4,64,4194304,8659.1
2,candidate,dense,65536,2,5,64,4194304,8773.0
2,candidate,dense,65536,2,6,64,4194304,8830.5
2,candidate,dense,65536,2,7,64,4194304,8664.3
2,candidate,dense,65536,2,8,64,4194304,8663.5
2,candidate,dense,65536,3,0,64,10485760,130467.1
2,candidate,dense,65536,3,1,64,10485760,130073.7
2,candidate,dense,65536,3,2,64,10485760,129693.0
2,candidate,dense,65536,3,3,64,10485760,136326.2
2,candidate,dense,65536,3,4,64,10485760,129980.4
2,candidate,dense,65536,3,5,64,10485760,131089.3
2,candidate,dense,65536,3,6,64,10485760,129657.6
2,candidate,dense,65536,3,7,64,10485760,136252.2
2,candidate,dense,65536,3,8,64,10485760,129426.1
2,candidate,html_dense,5,0,0,60787,911805,19.4
2,candidate,html_dense,5,0,1,60787,911805,19.3
2,candidate,html_dense,5,0,2,60787,911805,19.4
2,candidate,html_dense,5,0,3,60787,911805,19.3
2,candidate,html_dense,5,0,4,60787,911805,19.5
2,candidate,html_dense,5,0,5,60787,911805,19.4
2,candidate,html_dense,5,0,6,60787,911805,19.4
2,candidate,html_dense,5,0,7,60787,911805,19.7
2,candidate,html_dense,5,0,8,60787,911805,19.7
2,candidate,html_dense,5,1,0,60787,911805,19.5
2,candidate,html_dense,5,1,1,60787,911805,20.0
2,candidate,html_dense,5,1,2,60787,911805,19.9
2,candidate,html_dense,5,1,3,60787,911805,20.5
2,candidate,html_dense,5,1,4,60787,911805,19.6
2,candidate,html_dense,5,1,5,60787,911805,20.1
2,candidate,html_dense,5,1,6,60787,911805,19.9
2,candidate,html_dense,5,1,7,60787,911805,19.9
2,candidate,html_dense,5,1,8,60787,911805,20.3
2,candidate,html_dense,5,2,0,60787,1458888,25.0
2,candidate,html_dense,5,2,1,60787,1458888,25.2
2,candidate,html_dense,5,2,2,60787,1458888,25.4
2,candidate,html_dense,5,2,3,60787,1458888,25.1
2,candidate,html_dense,5,2,4,60787,1458888,25.4
2,candidate,html_dense,5,2,5,60787,1458888,25.7
2,candidate,html_dense,5,2,6,60787,1458888,25.3
2,candidate,html_dense,5,2,7,60787,1458888,25.3
2,candidate,html_dense,5,2,8,60787,1458888,26.7
2,candidate,html_dense,5,3,0,60787,911805,19.2
2,candidate,html_dense,5,3,1,60787,911805,20.1
2,candidate,html_dense,5,3,2,60787,911805,19.7
2,candidate,html_dense,5,3,3,60787,911805,19.6
2,candidate,html_dense,5,3,4,60787,911805,19.7
2,candidate,html_dense,5,3,5,60787,911805,19.6
2,candidate,html_dense,5,3,6,60787,911805,19.6
2,candidate,html_dense,5,3,7,60787,911805,19.7
2,candidate,html_dense,5,3,8,60787,911805,19.4
2,candidate,html_dense,10,0,0,56679,1700370,31.1
2,candidate,html_dense,10,0,1,56679,1700370,31.3
2,candidate,html_dense,10,0,2,56679,1700370,30.8
2,candidate,html_dense,10,0,3,56679,1700370,31.2
2,candidate,html_dense,10,0,4,56679,1700370,31.1
2,candidate,html_dense,10,0,5,56679,1700370,31.6
2,candidate,html_dense,10,0,6,56679,1700370,31.3
2,candidate,html_dense,10,0,7,56679,1700370,31.9
2,candidate,html_dense,10,0,8,56679,1700370,31.2
2,candidate,html_dense,10,1,0,56679,1700370,30.2
2,candidate,html_dense,10,1,1,56679,1700370,31.6
2,candidate,html_dense,10,1,2,56679,1700370,30.4
2,candidate,html_dense,10,1,3,56679,1700370,30.7
2,candidate,html_dense,10,1,4,56679,1700370,30.7
2,candidate,html_dense,10,1,5,56679,1700370,30.9
2,candidate,html_dense,10,1,6,56679,1700370,30.8
2,candidate,html_dense,10,1,7,56679,1700370,30.6
2,candidate,html_dense,10,1,8,56679,1700370,30.4
2,candidate,html_dense,10,2,0,56679,2720592,31.9
2,candidate,html_dense,10,2,1,56679,2720592,32.2
2,candidate,html_dense,10,2,2,56679,2720592,44.1
2,candidate,html_dense,10,2,3,56679,2720592,33.1
2,candidate,html_dense,10,2,4,56679,2720592,32.1
2,candidate,html_dense,10,2,5,56679,2720592,32.2
2,candidate,html_dense,10,2,6,56679,2720592,32.0
2,candidate,html_dense,10,2,7,56679,2720592,32.1
2,candidate,html_dense,10,2,8,56679,2720592,32.1
2,candidate,html_dense,10,3,0,56679,1700370,30.7
2,candidate,html_dense,10,3,1,56679,1700370,30.5
2,candidate,html_dense,10,3,2,56679,1700370,30.7
2,candidate,html_dense,10,3,3,56679,1700370,30.8
2,candidate,html_dense,10,3,4,56679,1700370,31.0
2,candidate,html_dense,10,3,5,56679,1700370,31.5
2,candidate,html_dense,10,3,6,56679,1700370,31.1
2,candidate,html_dense,10,3,7,56679,1700370,30.8
2,candidate,html_dense,10,3,8,56679,1700370,30.6
2,candidate,html_dense,65,0,0,32513,6340035,158.9
2,candidate,html_dense,65,0,1,32513,6340035,158.6
2,candidate,html_dense,65,0,2,32513,6340035,158.4
2,candidate,html_dense,65,0,3,32513,6340035,164.9
2,candidate,html_dense,65,0,4,32513,6340035,165.5
2,candidate,html_dense,65,0,5,32513,6340035,159.3
2,candidate,html_dense,65,0,6,32513,6340035,158.4
2,candidate,html_dense,65,0,7,32513,6340035,158.1
2,candidate,html_dense,65,0,8,32513,6340035,158.8
2,candidate,html_dense,65,1,0,32513,6340035,168.2
2,candidate,html_dense,65,1,1,32513,6340035,166.4
2,candidate,html_dense,65,1,2,32513,6340035,164.9
2,candidate,html_dense,65,1,3,32513,6340035,165.1
2,candidate,html_dense,65,1,4,32513,6340035,163.5
2,candidate,html_dense,65,1,5,32513,6340035,171.7
2,candidate,html_dense,65,1,6,32513,6340035,164.3
2,candidate,html_dense,65,1,7,32513,6340035,164.3
2,candidate,html_dense,65,1,8,32513,6340035,180.6
2,candidate,html_dense,65,2,0,32513,10144056,124.4
2,candidate,html_dense,65,2,1,32513,10144056,136.6
2,candidate,html_dense,65,2,2,32513,10144056,125.4
2,candidate,html_dense,65,2,3,32513,10144056,124.8
2,candidate,html_dense,65,2,4,32513,10144056,125.2
2,candidate,html_dense,65,2,5,32513,10144056,129.2
2,candidate,html_dense,65,2,6,32513,10144056,126.9
2,candidate,html_dense,65,2,7,32513,10144056,124.1
2,candidate,html_dense,65,2,8,32513,10144056,124.9
2,candidate,html_dense,65,3,0,32513,6340035,161.6
2,candidate,html_dense,65,3,1,32513,6340035,158.6
2,candidate,html_dense,65,3,2,32513,6340035,160.6
2,candidate,html_dense,65,3,3,32513,6340035,159.3
2,candidate,html_dense,65,3,4,32513,6340035,160.3
2,candidate,html_dense,65,3,5,32513,6340035,165.6
2,candidate,html_dense,65,3,6,32513,6340035,159.1
2,candidate,html_dense,65,3,7,32513,6340035,159.3
2,candidate,html_dense,65,3,8,32513,6340035,160.0
2,candidate,html_dense,4100,0,0,1007,12386100,9530.5
2,candidate,html_dense,4100,0,1,1007,12386100,9325.2
2,candidate,html_dense,4100,0,2,1007,12386100,9634.1
2,candidate,html_dense,4100,0,3,1007,12386100,9528.0
2,candidate,html_dense,4100,0,4,1007,12386100,9434.9
2,candidate,html_dense,4100,0,5,1007,12386100,9349.4
2,candidate,html_dense,4100,0,6,1007,12386100,9323.5
2,candidate,html_dense,4100,0,7,1007,12386100,9266.3
2,candidate,html_dense,4100,0,8,1007,12386100,9249.5
2,candidate,html_dense,4100,1,0,1007,12386100,9766.6
2,candidate,html_dense,4100,1,1,1007,12386100,9650.9
2,candidate,html_dense,4100,1,2,1007,12386100,9679.7
2,candidate,html_dense,4100,1,3,1007,12386100,9705.5
2,candidate,html_dense,4100,1,4,1007,12386100,9772.5
2,candidate,html_dense,4100,1,5,1007,12386100,9684.3
2,candidate,html_dense,4100,1,6,1007,12386100,9612.1
2,candidate,html_dense,4100,1,7,1007,12386100,9714.7
2,candidate,html_dense,4100,1,8,1007,12386100,9579.4
2,candidate,html_dense,4100,2,0,1007,19817760,6895.6
2,candidate,html_dense,4100,2,1,1007,19817760,6892.6
2,candidate,html_dense,4100,2,2,1007,19817760,6806.5
2,candidate,html_dense,4100,2,3,1007,19817760,6815.1
2,candidate,html_dense,4100,2,4,1007,19817760,6816.1
2,candidate,html_dense,4100,2,5,1007,19817760,6925.5
2,candidate,html_dense,4100,2,6,1007,19817760,7125.1
2,candidate,html_dense,4100,2,7,1007,19817760,6836.3
2,candidate,html_dense,4100,2,8,1007,19817760,6854.7
2,candidate,html_dense,4100,3,0,1007,12386100,9423.9
2,candidate,html_dense,4100,3,1,1007,12386100,9203.5
2,candidate,html_dense,4100,3,2,1007,12386100,9167.6
2,candidate,html_dense,4100,3,3,1007,12386100,9407.8
2,candidate,html_dense,4100,3,4,1007,12386100,9289.7
2,candidate,html_dense,4100,3,5,1007,12386100,9180.6
2,candidate,html_dense,4100,3,6,1007,12386100,9357.5
2,candidate,html_dense,4100,3,7,1007,12386100,9317.1
2,candidate,html_dense,4100,3,8,1007,12386100,9372.5
2,candidate,html_dense,65540,0,0,64,12583680,167031.1
2,candidate,html_dense,65540,0,1,64,12583680,154083.9
2,candidate,html_dense,65540,0,2,64,12583680,153079.1
2,candidate,html_dense,65540,0,3,64,12583680,154807.9
2,candidate,html_dense,65540,0,4,64,12583680,155925.5
2,candidate,html_dense,65540,0,5,64,12583680,160294.2
2,candidate,html_dense,65540,0,6,64,12583680,157287.5
2,candidate,html_dense,65540,0,7,64,12583680,147970.4
2,candidate,html_dense,65540,0,8,64,12583680,147269.1
2,candidate,html_dense,65540,1,0,64,12583680,157036.0
2,candidate,html_dense,65540,1,1,64,12583680,154509.2
2,candidate,html_dense,65540,1,2,64,12583680,155265.2
2,candidate,html_dense,65540,1,3,64,12583680,157632.0
2,candidate,html_dense,65540,1,4,64,12583680,154452.2
2,candidate,html_dense,65540,1,5,64,12583680,157701.8
2,candidate,html_dense,65540,1,6,64,12583680,157003.9
2,candidate,html_dense,65540,1,7,64,12583680,154588.8
2,candidate,html_dense,65540,1,8,64,12583680,155962.7
2,candidate,html_dense,65540,2,0,64,20133888,108372.7
2,candidate,html_dense,65540,2,1,64,20133888,108441.1
2,candidate,html_dense,65540,2,2,64,20133888,109677.5
2,candidate,html_dense,65540,2,3,64,20133888,109615.4
2,candidate,html_dense,65540,2,4,64,20133888,111768.0
2,candidate,html_dense,65540,2,5,64,20133888,109413.0
2,candidate,html_dense,65540,2,6,64,20133888,110356.1
2,candidate,html_dense,65540,2,7,64,20133888,110439.4
2,candidate,html_dense,65540,2,8,64,20133888,111197.2
2,candidate,html_dense,65540,3,0,64,12583680,145678.4
2,candidate,html_dense,65540,3,1,64,12583680,147196.0
2,candidate,html_dense,65540,3,2,64,12583680,150372.0
2,candidate,html_dense,65540,3,3,64,12583680,146525.3
2,candidate,html_dense,65540,3,4,64,12583680,146115.1
2,candidate,html_dense,65540,3,5,64,12583680,146336.4
2,candidate,html_dense,65540,3,6,64,12583680,147291.9
2,candidate,html_dense,65540,3,7,64,12583680,147916.1
2,candidate,html_dense,65540,3,8,64,12583680,147177.0
2,candidate,html_sparse,1,0,0,64527,193581,9.7
2,candidate,html_sparse,1,0,1,64527,193581,9.6
2,candidate,html_sparse,1,0,2,64527,193581,11.4
2,candidate,html_sparse,1,0,3,64527,193581,9.6
2,candidate,html_sparse,1,0,4,64527,193581,9.6
2,candidate,html_sparse,1,0,5,64527,193581,9.8
2,candidate,html_sparse,1,0,6,64527,193581,9.7
2,candidate,html_sparse,1,0,7,64527,193581,9.8
2,candidate,html_sparse,1,0,8,64527,193581,10.5
2,candidate,html_sparse,1,1,0,64527,193581,10.6
2,candidate,html_sparse,1,1,1,64527,193581,10.2
2,candidate,html_sparse,1,1,2,64527,193581,10.2
2,candidate,html_sparse,1,1,3,64527,193581,10.4
2,candidate,html_sparse,1,1,4,64527,193581,10.6
2,candidate,html_sparse,1,1,5,64527,193581,10.5
2,candidate,html_sparse,1,1,6,64527,193581,10.3
2,candidate,html_sparse,1,1,7,64527,193581,10.3
2,candidate,html_sparse,1,1,8,64527,193581,10.5
2,candidate,html_sparse,1,2,0,64527,322635,18.5
2,candidate,html_sparse,1,2,1,64527,322635,15.2
2,candidate,html_sparse,1,2,2,64527,322635,14.4
2,candidate,html_sparse,1,2,3,64527,322635,14.5
2,candidate,html_sparse,1,2,4,64527,322635,14.8
2,candidate,html_sparse,1,2,5,64527,322635,14.7
2,candidate,html_sparse,1,2,6,64527,322635,14.7
2,candidate,html_sparse,1,2,7,64527,322635,14.5
2,candidate,html_sparse,1,2,8,64527,322635,15.5
2,candidate,html_sparse,1,3,0,64527,193581,10.8
2,candidate,html_sparse,1,3,1,64527,193581,10.2
2,candidate,html_sparse,1,3,2,64527,193581,10.2
2,candidate,html_sparse,1,3,3,64527,193581,10.7
2,candidate,html_sparse,1,3,4,64527,193581,10.2
2,candidate,html_sparse,1,3,5,64527,193581,10.3
2,candidate,html_sparse,1,3,6,64527,193581,10.4
2,candidate,html_sparse,1,3,7,64527,193581,10.5
2,candidate,html_sparse,1,3,8,64527,193581,10.3
2,candidate,html_sparse,8,0,0,58254,582540,16.7
2,candidate,html_sparse,8,0,1,58254,582540,17.0
2,candidate,html_sparse,8,0,2,58254,582540,18.0
2,candidate,html_sparse,8,0,3,58254,582540,20.0
2,candidate,html_sparse,8,0,4,58254,582540,18.6
2,candidate,html_sparse,8,0,5,58254,582540,17.7
2,candidate,html_sparse,8,0,6,58254,582540,17.3
2,candidate,html_sparse,8,0,7,58254,582540,16.7
2,candidate,html_sparse,8,0,8,58254,582540,17.0
2,candidate,html_sparse,8,1,0,58254,582540,17.4
2,candidate,html_sparse,8,1,1,58254,582540,17.7
2,candidate,html_sparse,8,1,2,58254,582540,17.7
2,candidate,html_sparse,8,1,3,58254,582540,17.5
2,candidate,html_sparse,8,1,4,58254,582540,17.7
2,candidate,html_sparse,8,1,5,58254,582540,18.4
2,candidate,html_sparse,8,1,6,58254,582540,17.5
2,candidate,html_sparse,8,1,7,58254,582540,17.7
2,candidate,html_sparse,8,1,8,58254,582540,18.1
2,candidate,html_sparse,8,2,0,58254,699048,19.9
2,candidate,html_sparse,8,2,1,58254,699048,19.8
2,candidate,html_sparse,8,2,2,58254,699048,20.8
2,candidate,html_sparse,8,2,3,58254,699048,21.1
2,candidate,html_sparse,8,2,4,58254,699048,20.4
2,candidate,html_sparse,8,2,5,58254,699048,22.6
2,candidate,html_sparse,8,2,6,58254,699048,19.8
2,candidate,html_sparse,8,2,7,58254,699048,26.1
2,candidate,html_sparse,8,2,8,58254,699048,22.2
2,candidate,html_sparse,8,3,0,58254,582540,17.8
2,candidate,html_sparse,8,3,1,58254,582540,18.1
2,candidate,html_sparse,8,3,2,58254,582540,20.7
2,candidate,html_sparse,8,3,3,58254,582540,20.6
2,candidate,html_sparse,8,3,4,58254,582540,19.0
2,candidate,html_sparse,8,3,5,58254,582540,19.1
2,candidate,html_sparse,8,3,6,58254,582540,18.2
2,candidate,html_sparse,8,3,7,58254,582540,19.1
2,candidate,html_sparse,8,3,8,58254,582540,17.9
2,candidate,html_sparse,64,0,0,32768,2162688,83.9
2,candidate,html_sparse,64,0,1,32768,2162688,82.1
2,candidate,html_sparse,64,0,2,32768,2162688,80.8
2,candidate,html_sparse,64,0,3,32768,2162688,82.5
2,candidate,html_sparse,64,0,4,32768,2162688,81.5
2,candidate,html_sparse,64,0,5,32768,2162688,81.1
2,candidate,html_sparse,64,0,6,32768,2162688,82.3
2,candidate,html_sparse,64,0,7,32768,2162688,81.7
2,candidate,html_sparse,64,0,8,32768,2162688,81.2
2,candidate,html_sparse,64,1,0,32768,2162688,95.4
2,candidate,html_sparse,64,1,1,32768,2162688,91.8
2,candidate,html_sparse,64,1,2,32768,2162688,92.6
2,candidate,html_sparse,64,1,3,32768,2162688,90.8
2,candidate,html_sparse,64,1,4,32768,2162688,90.9
2,candidate,html_sparse,64,1,5,32768,2162688,91.0
2,candidate,html_sparse,64,1,6,32768,2162688,91.1
2,candidate,html_sparse,64,1,7,32768,2162688,90.9
2,candidate,html_sparse,64,1,8,32768,2162688,92.3
2,candidate,html_sparse,64,2,0,32768,2228224,55.2
2,candidate,html_sparse,64,2,1,32768,2228224,55.3
2,candidate,html_sparse,64,2,2,32768,2228224,52.2
2,candidate,html_sparse,64,2,3,32768,2228224,53.1
2,candidate,html_sparse,64,2,4,32768,2228224,52.7
2,candidate,html_sparse,64,2,5,32768,2228224,52.6
2,candidate,html_sparse,64,2,6,32768,2228224,53.6
2,candidate,html_sparse,64,2,7,32768,2228224,53.9
2,candidate,html_sparse,64,2,8,32768,2228224,58.9
2,candidate,html_sparse,64,3,0,32768,2162688,87.8
2,candidate,html_sparse,64,3,1,32768,2162688,86.5
2,candidate,html_sparse,64,3,2,32768,2162688,91.1
2,candidate,html_sparse,64,3,3,32768,2162688,91.0
2,candidate,html_sparse,64,3,4,32768,2162688,94.2
2,candidate,html_sparse,64,3,5,32768,2162688,90.9
2,candidate,html_sparse,64,3,6,32768,2162688,93.5
2,candidate,html_sparse,64,3,7,32768,2162688,91.9
2,candidate,html_sparse,64,3,8,32768,2162688,91.7
2,candidate,html_sparse,4096,0,0,1008,4161024,4598.0
2,candidate,html_sparse,4096,0,1,1008,4161024,4864.2
2,candidate,html_sparse,4096,0,2,1008,4161024,4559.4
2,candidate,html_sparse,4096,0,3,1008,4161024,4558.1
2,candidate,html_sparse,4096,0,4,1008,4161024,4582.9
2,candidate,html_sparse,4096,0,5,1008,4161024,4566.7
2,candidate,html_sparse,4096,0,6,1008,4161024,4557.1
2,candidate,html_sparse,4096,0,7,1008,4161024,4553.1
2,candidate,html_sparse,4096,0,8,1008,4161024,4607.6
2,candidate,html_sparse,4096,1,0,1008,4161024,4602.5
2,candidate,html_sparse,4096,1,1,1008,4161024,5452.4
2,candidate,html_sparse,4096,1,2,1008,4161024,4636.5
2,candidate,html_sparse,4096,1,3,1008,4161024,4618.8
2,candidate,html_sparse,4096,1,4,1008,4161024,4713.0
2,candidate,html_sparse,4096,1,5,1008,4161024,4606.1
2,candidate,html_sparse,4096,1,6,1008,4161024,4585.3
2,candidate,html_sparse,4096,1,7,1008,4161024,4693.1
2,candidate,html_sparse,4096,1,8,1008,4161024,4576.6
2,candidate,html_sparse,4096,2,0,1008,4190256,874.3
2,candidate,html_sparse,4096,2,1,1008,4190256,865.9
2,candidate,html_sparse,4096,2,2,1008,4190256,870.3
2,candidate,html_sparse,4096,2,3,1008,4190256,871.3
2,candidate,html_sparse,4096,2,4,1008,4190256,988.9
2,candidate,html_sparse,4096,2,5,1008,4190256,945.9
2,candidate,html_sparse,4096,2,6,1008,4190256,1097.7
2,candidate,html_sparse,4096,2,7,1008,4190256,1069.5
2,candidate,html_sparse,4096,2,8,1008,4190256,934.7
2,candidate,html_sparse,4096,3,0,1008,4161024,4706.7
2,candidate,html_sparse,4096,3,1,1008,4161024,4694.1
2,candidate,html_sparse,4096,3,2,1008,4161024,4708.1
2,candidate,html_sparse,4096,3,3,1008,4161024,4785.9
2,candidate,html_sparse,4096,3,4,1008,4161024,4815.9
2,candidate,html_sparse,4096,3,5,1008,4161024,4700.1
2,candidate,html_sparse,4096,3,6,1008,4161024,4733.7
2,candidate,html_sparse,4096,3,7,1008,4161024,4734.5
2,candidate,html_sparse,4096,3,8,1008,4161024,4736.2
2,candidate,html_sparse,65536,0,0,64,4227072,75414.0
2,candidate,html_sparse,65536,0,1,64,4227072,73178.0
2,candidate,html_sparse,65536,0,2,64,4227072,72156.3
2,candidate,html_sparse,65536,0,3,64,4227072,74144.2
2,candidate,html_sparse,65536,0,4,64,4227072,72227.1
2,candidate,html_sparse,65536,0,5,64,4227072,72402.2
2,candidate,html_sparse,65536,0,6,64,4227072,74543.1
2,candidate,html_sparse,65536,0,7,64,4227072,72691.8
2,candidate,html_sparse,65536,0,8,64,4227072,72185.7
2,candidate,html_sparse,65536,1,0,64,4227072,72373.5
2,candidate,html_sparse,65536,1,1,64,4227072,72093.0
2,candidate,html_sparse,65536,1,2,64,4227072,73883.7
2,candidate,html_sparse,65536,1,3,64,4227072,75622.7
2,candidate,html_sparse,65536,1,4,64,4227072,76872.0
2,candidate,html_sparse,65536,1,5,64,4227072,75675.3
2,candidate,html_sparse,65536,1,6,64,4227072,75928.2
2,candidate,html_sparse,65536,1,7,64,4227072,71550.2
2,candidate,html_sparse,65536,1,8,64,4227072,72607.9
2,candidate,html_sparse,65536,2,0,64,4256576,13282.7
2,candidate,html_sparse,65536,2,1,64,4256576,13468.8
2,candidate,html_sparse,65536,2,2,64,4256576,14420.0
2,candidate,html_sparse,65536,2,3,64,4256576,13390.6
2,candidate,html_sparse,65536,2,4,64,4256576,13535.3
2,candidate,html_sparse,65536,2,5,64,4256576,14349.6
2,candidate,html_sparse,65536,2,6,64,4256576,13610.8
2,candidate,html_sparse,65536,2,7,64,4256576,13284.7
2,candidate,html_sparse,65536,2,8,64,4256576,13464.1
2,candidate,html_sparse,65536,3,0,64,4227072,79685.4
2,candidate,html_sparse,65536,3,1,64,4227072,78069.0
2,candidate,html_sparse,65536,3,2,64,4227072,80588.7
2,candidate,html_sparse,65536,3,3,64,4227072,81980.0
2,candidate,html_sparse,65536,3,4,64,4227072,78406.0
2,candidate,html_sparse,65536,3,5,64,4227072,78537.1
2,candidate,html_sparse,65536,3,6,64,4227072,77884.9
2,candidate,html_sparse,65536,3,7,64,4227072,77765.8
2,candidate,html_sparse,65536,3,8,64,4227072,81719.5
2,candidate,html_late,1,0,0,64527,193581,10.5
2,candidate,html_late,1,0,1,64527,193581,9.6
2,candidate,html_late,1,0,2,64527,193581,9.6
2,candidate,html_late,1,0,3,64527,193581,9.8
2,candidate,html_late,1,0,4,64527,193581,9.7
2,candidate,html_late,1,0,5,64527,193581,12.2
2,candidate,html_late,1,0,6,64527,193581,10.1
2,candidate,html_late,1,0,7,64527,193581,9.7
2,candidate,html_late,1,0,8,64527,193581,12.5
2,candidate,html_late,1,1,0,64527,193581,10.2
2,candidate,html_late,1,1,1,64527,193581,11.4
2,candidate,html_late,1,1,2,64527,193581,10.3
2,candidate,html_late,1,1,3,64527,193581,11.1
2,candidate,html_late,1,1,4,64527,193581,10.5
2,candidate,html_late,1,1,5,64527,193581,10.3
2,candidate,html_late,1,1,6,64527,193581,10.4
2,candidate,html_late,1,1,7,64527,193581,11.5
2,candidate,html_late,1,1,8,64527,193581,10.4
2,candidate,html_late,1,2,0,64527,322635,16.2
2,candidate,html_late,1,2,1,64527,322635,15.1
2,candidate,html_late,1,2,2,64527,322635,15.1
2,candidate,html_late,1,2,3,64527,322635,14.7
2,candidate,html_late,1,2,4,64527,322635,14.9
2,candidate,html_late,1,2,5,64527,322635,14.7
2,candidate,html_late,1,2,6,64527,322635,14.5
2,candidate,html_late,1,2,7,64527,322635,18.8
2,candidate,html_late,1,2,8,64527,322635,14.5
2,candidate,html_late,1,3,0,64527,193581,10.3
2,candidate,html_late,1,3,1,64527,193581,9.8
2,candidate,html_late,1,3,2,64527,193581,10.0
2,candidate,html_late,1,3,3,64527,193581,9.8
2,candidate,html_late,1,3,4,64527,193581,10.0
2,candidate,html_late,1,3,5,64527,193581,10.0
2,candidate,html_late,1,3,6,64527,193581,11.4
2,candidate,html_late,1,3,7,64527,193581,9.9
2,candidate,html_late,1,3,8,64527,193581,10.2
2,candidate,html_late,8,0,0,58254,582540,16.9
2,candidate,html_late,8,0,1,58254,582540,17.6
2,candidate,html_late,8,0,2,58254,582540,18.2
2,candidate,html_late,8,0,3,58254,582540,17.7
2,candidate,html_late,8,0,4,58254,582540,17.8
2,candidate,html_late,8,0,5,58254,582540,18.4
2,candidate,html_late,8,0,6,58254,582540,18.9
2,candidate,html_late,8,0,7,58254,582540,17.9
2,candidate,html_late,8,0,8,58254,582540,17.8
2,candidate,html_late,8,1,0,58254,582540,18.0
2,candidate,html_late,8,1,1,58254,582540,17.3
2,candidate,html_late,8,1,2,58254,582540,17.9
2,candidate,html_late,8,1,3,58254,582540,17.5
2,candidate,html_late,8,1,4,58254,582540,17.9
2,candidate,html_late,8,1,5,58254,582540,17.3
2,candidate,html_late,8,1,6,58254,582540,17.6
2,candidate,html_late,8,1,7,58254,582540,17.9
2,candidate,html_late,8,1,8,58254,582540,17.8
2,candidate,html_late,8,2,0,58254,699048,19.9
2,candidate,html_late,8,2,1,58254,699048,19.8
2,candidate,html_late,8,2,2,58254,699048,22.8
2,candidate,html_late,8,2,3,58254,699048,20.2
2,candidate,html_late,8,2,4,58254,699048,21.4
2,candidate,html_late,8,2,5,58254,699048,19.7
2,candidate,html_late,8,2,6,58254,699048,19.7
2,candidate,html_late,8,2,7,58254,699048,19.7
2,candidate,html_late,8,2,8,58254,699048,21.4
2,candidate,html_late,8,3,0,58254,582540,17.7
2,candidate,html_late,8,3,1,58254,582540,18.1
2,candidate,html_late,8,3,2,58254,582540,18.9
2,candidate,html_late,8,3,3,58254,582540,21.9
2,candidate,html_late,8,3,4,58254,582540,19.2
2,candidate,html_late,8,3,5,58254,582540,20.4
2,candidate,html_late,8,3,6,58254,582540,18.3
2,candidate,html_late,8,3,7,58254,582540,18.0
2,candidate,html_late,8,3,8,58254,582540,17.8
2,candidate,html_late,64,0,0,32768,2162688,88.8
2,candidate,html_late,64,0,1,32768,2162688,88.8
2,candidate,html_late,64,0,2,32768,2162688,93.0
2,candidate,html_late,64,0,3,32768,2162688,86.1
2,candidate,html_late,64,0,4,32768,2162688,95.4
2,candidate,html_late,64,0,5,32768,2162688,89.1
2,candidate,html_late,64,0,6,32768,2162688,85.5
2,candidate,html_late,64,0,7,32768,2162688,85.7
2,candidate,html_late,64,0,8,32768,2162688,85.8
2,candidate,html_late,64,1,0,32768,2162688,103.2
2,candidate,html_late,64,1,1,32768,2162688,100.1
2,candidate,html_late,64,1,2,32768,2162688,92.1
2,candidate,html_late,64,1,3,32768,2162688,101.6
2,candidate,html_late,64,1,4,32768,2162688,94.7
2,candidate,html_late,64,1,5,32768,2162688,91.9
2,candidate,html_late,64,1,6,32768,2162688,93.0
2,candidate,html_late,64,1,7,32768,2162688,91.6
2,candidate,html_late,64,1,8,32768,2162688,92.1
2,candidate,html_late,64,2,0,32768,2228224,47.1
2,candidate,html_late,64,2,1,32768,2228224,47.0
2,candidate,html_late,64,2,2,32768,2228224,47.3
2,candidate,html_late,64,2,3,32768,2228224,47.0
2,candidate,html_late,64,2,4,32768,2228224,49.0
2,candidate,html_late,64,2,5,32768,2228224,47.2
2,candidate,html_late,64,2,6,32768,2228224,47.4
2,candidate,html_late,64,2,7,32768,2228224,47.4
2,candidate,html_late,64,2,8,32768,2228224,47.6
2,candidate,html_late,64,3,0,32768,2162688,87.3
2,candidate,html_late,64,3,1,32768,2162688,89.8
2,candidate,html_late,64,3,2,32768,2162688,86.5
2,candidate,html_late,64,3,3,32768,2162688,86.7
2,candidate,html_late,64,3,4,32768,2162688,88.1
2,candidate,html_late,64,3,5,32768,2162688,86.6
2,candidate,html_late,64,3,6,32768,2162688,86.5
2,candidate,html_late,64,3,7,32768,2162688,87.1
2,candidate,html_late,64,3,8,32768,2162688,87.0
2,candidate,html_late,4096,0,0,1008,4130784,4416.1
2,candidate,html_late,4096,0,1,1008,4130784,4551.9
2,candidate,html_late,4096,0,2,1008,4130784,4425.9
2,candidate,html_late,4096,0,3,1008,4130784,4400.6
2,candidate,html_late,4096,0,4,1008,4130784,4489.4
2,candidate,html_late,4096,0,5,1008,4130784,4395.5
2,candidate,html_late,4096,0,6,1008,4130784,4406.5
2,candidate,html_late,4096,0,7,1008,4130784,4408.3
2,candidate,html_late,4096,0,8,1008,4130784,4421.4
2,candidate,html_late,4096,1,0,1008,4130784,4701.8
2,candidate,html_late,4096,1,1,1008,4130784,4654.6
2,candidate,html_late,4096,1,2,1008,4130784,4679.0
2,candidate,html_late,4096,1,3,1008,4130784,4711.6
2,candidate,html_late,4096,1,4,1008,4130784,4682.8
2,candidate,html_late,4096,1,5,1008,4130784,4684.7
2,candidate,html_late,4096,1,6,1008,4130784,4706.4
2,candidate,html_late,4096,1,7,1008,4130784,4676.4
2,candidate,html_late,4096,1,8,1008,4130784,4676.3
2,candidate,html_late,4096,2,0,1008,4132800,554.9
2,candidate,html_late,4096,2,1,1008,4132800,555.5
2,candidate,html_late,4096,2,2,1008,4132800,548.8
2,candidate,html_late,4096,2,3,1008,4132800,548.7
2,candidate,html_late,4096,2,4,1008,4132800,557.2
2,candidate,html_late,4096,2,5,1008,4132800,547.8
2,candidate,html_late,4096,2,6,1008,4132800,547.6
2,candidate,html_late,4096,2,7,1008,4132800,547.9
2,candidate,html_late,4096,2,8,1008,4132800,564.2
2,candidate,html_late,4096,3,0,1008,4130784,4492.8
2,candidate,html_late,4096,3,1,1008,4130784,4506.9
2,candidate,html_late,4096,3,2,1008,4130784,4476.9
2,candidate,html_late,4096,3,3,1008,4130784,4553.5
2,candidate,html_late,4096,3,4,1008,4130784,4460.7
2,candidate,html_late,4096,3,5,1008,4130784,4522.9
2,candidate,html_late,4096,3,6,1008,4130784,4561.8
2,candidate,html_late,4096,3,7,1008,4130784,4419.7
2,candidate,html_late,4096,3,8,1008,4130784,4517.5
2,candidate,html_late,65536,0,0,64,4194432,71225.4
2,candidate,html_late,65536,0,1,64,4194432,70894.1
2,candidate,html_late,65536,0,2,64,4194432,71016.1
2,candidate,html_late,65536,0,3,64,4194432,69984.8
2,candidate,html_late,65536,0,4,64,4194432,70911.8
2,candidate,html_late,65536,0,5,64,4194432,70459.4
2,candidate,html_late,65536,0,6,64,4194432,70311.0
2,candidate,html_late,65536,0,7,64,4194432,70181.6
2,candidate,html_late,65536,0,8,64,4194432,70529.4
2,candidate,html_late,65536,1,0,64,4194432,74892.6
2,candidate,html_late,65536,1,1,64,4194432,76520.8
2,candidate,html_late,65536,1,2,64,4194432,75142.7
2,candidate,html_late,65536,1,3,64,4194432,75005.1
2,candidate,html_late,65536,1,4,64,4194432,75883.7
2,candidate,html_late,65536,1,5,64,4194432,76826.4
2,candidate,html_late,65536,1,6,64,4194432,78096.6
2,candidate,html_late,65536,1,7,64,4194432,75590.7
2,candidate,html_late,65536,1,8,64,4194432,75076.9
2,candidate,html_late,65536,2,0,64,4194560,8706.8
2,candidate,html_late,65536,2,1,64,4194560,8874.8
2,candidate,html_late,65536,2,2,64,4194560,8708.4
2,candidate,html_late,65536,2,3,64,4194560,8842.1
2,candidate,html_late,65536,2,4,64,4194560,8849.9
2,candidate,html_late,65536,2,5,64,4194560,8664.5
2,candidate,html_late,65536,2,6,64,4194560,9488.6
2,candidate,html_late,65536,2,7,64,4194560,8678.8
2,candidate,html_late,65536,2,8,64,4194560,8832.3
2,candidate,html_late,65536,3,0,64,4194432,71354.3
2,candidate,html_late,65536,3,1,64,4194432,76472.2
2,candidate,html_late,65536,3,2,64,4194432,70491.6
2,candidate,html_late,65536,3,3,64,4194432,70988.2
2,candidate,html_late,65536,3,4,64,4194432,69839.8
2,candidate,html_late,65536,3,5,64,4194432,74543.2
2,candidate,html_late,65536,3,6,64,4194432,70460.3
2,candidate,html_late,65536,3,7,64,4194432,70887.1
2,candidate,html_late,65536,3,8,64,4194432,70702.5
3,baseline,plain,0,0,0,65536,0,3.3
3,baseline,plain,0,0,1,65536,0,3.3
3,baseline,plain,0,0,2,65536,0,3.6
3,baseline,plain,0,0,3,65536,0,3.3
3,baseline,plain,0,0,4,65536,0,3.3
3,baseline,plain,0,0,5,65536,0,3.3
3,baseline,plain,0,0,6,65536,0,3.5
3,baseline,plain,0,0,7,65536,0,3.3
3,baseline,plain,0,0,8,65536,0,3.3
3,baseline,plain,0,1,0,65536,0,3.5
3,baseline,plain,0,1,1,65536,0,3.5
3,baseline,plain,0,1,2,65536,0,3.5
3,baseline,plain,0,1,3,65536,0,3.5
3,baseline,plain,0,1,4,65536,0,3.6
3,baseline,plain,0,1,5,65536,0,3.5
3,baseline,plain,0,1,6,65536,0,3.6
3,baseline,plain,0,1,7,65536,0,3.5
3,baseline,plain,0,1,8,65536,0,3.7
3,baseline,plain,0,2,0,65536,0,6.4
3,baseline,plain,0,2,1,65536,0,6.3
3,baseline,plain,0,2,2,65536,0,6.4
3,baseline,plain,0,2,3,65536,0,6.5
3,baseline,plain,0,2,4,65536,0,6.2
3,baseline,plain,0,2,5,65536,0,7.6
3,baseline,plain,0,2,6,65536,0,6.3
3,baseline,plain,0,2,7,65536,0,6.5
3,baseline,plain,0,2,8,65536,0,6.3
3,baseline,plain,0,3,0,65536,0,3.1
3,baseline,plain,0,3,1,65536,0,3.1
3,baseline,plain,0,3,2,65536,0,4.9
3,baseline,plain,0,3,3,65536,0,3.1
3,baseline,plain,0,3,4,65536,0,3.1
3,baseline,plain,0,3,5,65536,0,3.2
3,baseline,plain,0,3,6,65536,0,3.4
3,baseline,plain,0,3,7,65536,0,3.1
3,baseline,plain,0,3,8,65536,0,3.1
3,baseline,plain,30,0,0,44620,1427840,49.9
3,baseline,plain,30,0,1,44620,1427840,49.7
3,baseline,plain,30,0,2,44620,1427840,53.3
3,baseline,plain,30,0,3,44620,1427840,49.9
3,baseline,plain,30,0,4,44620,1427840,50.5
3,baseline,plain,30,0,5,44620,1427840,50.7
3,baseline,plain,30,0,6,44620,1427840,51.2
3,baseline,plain,30,0,7,44620,1427840,50.1
3,baseline,plain,30,0,8,44620,1427840,49.9
3,baseline,plain,30,1,0,44620,1338600,41.7
3,baseline,plain,30,1,1,44620,1338600,40.7
3,baseline,plain,30,1,2,44620,1338600,40.7
3,baseline,plain,30,1,3,44620,1338600,41.0
3,baseline,plain,30,1,4,44620,1338600,42.8
3,baseline,plain,30,1,5,44620,1338600,40.8
3,baseline,plain,30,1,6,44620,1338600,40.8
3,baseline,plain,30,1,7,44620,1338600,41.7
3,baseline,plain,30,1,8,44620,1338600,40.7
3,baseline,plain,30,2,0,44620,1338600,40.4
3,baseline,plain,30,2,1,44620,1338600,40.6
3,baseline,plain,30,2,2,44620,1338600,40.0
3,baseline,plain,30,2,3,44620,1338600,39.4
3,baseline,plain,30,2,4,44620,1338600,40.0
3,baseline,plain,30,2,5,44620,1338600,39.9
3,baseline,plain,30,2,6,44620,1338600,39.8
3,baseline,plain,30,2,7,44620,1338600,40.8
3,baseline,plain,30,2,8,44620,1338600,41.7
3,baseline,plain,30,3,0,44620,1427840,44.3
3,baseline,plain,30,3,1,44620,1427840,44.0
3,baseline,plain,30,3,2,44620,1427840,44.0
3,baseline,plain,30,3,3,44620,1427840,46.9
3,baseline,plain,30,3,4,44620,1427840,44.3
3,baseline,plain,30,3,5,44620,1427840,43.7
3,baseline,plain,30,3,6,44620,1427840,44.7
3,baseline,plain,30,3,7,44620,1427840,43.8
3,baseline,plain,30,3,8,44620,1427840,43.5
3,baseline,plain,90,0,0,27235,2614560,140.4
3,baseline,plain,90,0,1,27235,2614560,142.0
3,baseline,plain,90,0,2,27235,2614560,142.2
3,baseline,plain,90,0,3,27235,2614560,140.5
3,baseline,plain,90,0,4,27235,2614560,145.6
3,baseline,plain,90,0,5,27235,2614560,140.6
3,baseline,plain,90,0,6,27235,2614560,143.3
3,baseline,plain,90,0,7,27235,2614560,142.8
3,baseline,plain,90,0,8,27235,2614560,145.2
3,baseline,plain,90,1,0,27235,2451150,120.3
3,baseline,plain,90,1,1,27235,2451150,129.1
3,baseline,plain,90,1,2,27235,2451150,124.0
3,baseline,plain,90,1,3,27235,2451150,123.0
3,baseline,plain,90,1,4,27235,2451150,122.6
3,baseline,plain,90,1,5,27235,2451150,122.0
3,baseline,plain,90,1,6,27235,2451150,126.2
3,baseline,plain,90,1,7,27235,2451150,123.2
3,baseline,plain,90,1,8,27235,2451150,121.5
3,baseline,plain,90,2,0,27235,2451150,83.4
3,baseline,plain,90,2,1,27235,2451150,82.3
3,baseline,plain,90,2,2,27235,2451150,83.0
3,baseline,plain,90,2,3,27235,2451150,82.5
3,baseline,plain,90,2,4,27235,2451150,82.9
3,baseline,plain,90,2,5,27235,2451150,83.1
3,baseline,plain,90,2,6,27235,2451150,83.6
3,baseline,plain,90,2,7,27235,2451150,85.5
3,baseline,plain,90,2,8,27235,2451150,81.9
3,baseline,plain,90,3,0,27235,2614560,126.8
3,baseline,plain,90,3,1,27235,2614560,133.5
3,baseline,plain,90,3,2,27235,2614560,143.2
3,baseline,plain,90,3,3,27235,2614560,127.8
3,baseline,plain,90,3,4,27235,2614560,127.4
3,baseline,plain,90,3,5,27235,2614560,127.7
3,baseline,plain,90,3,6,27235,2614560,132.9
3,baseline,plain,90,3,7,27235,2614560,129.5
3,baseline,plain,90,3,8,27235,2614560,127.3
3,baseline,plain,4110,0,0,1004,4401536,5858.2
3,baseline,plain,4110,0,1,1004,4401536,5768.7
3,baseline,plain,4110,0,2,1004,4401536,5952.5
3,baseline,plain,4110,0,3,1004,4401536,5730.5
3,baseline,plain,4110,0,4,1004,4401536,5723.6
3,baseline,plain,4110,0,5,1004,4401536,5901.3
3,baseline,plain,4110,0,6,1004,4401536,5722.5
3,baseline,plain,4110,0,7,1004,4401536,5874.7
3,baseline,plain,4110,0,8,1004,4401536,5729.8
3,baseline,plain,4110,1,0,1004,4126440,4927.4
3,baseline,plain,4110,1,1,1004,4126440,4876.2
3,baseline,plain,4110,1,2,1004,4126440,4917.2
3,baseline,plain,4110,1,3,1004,4126440,4965.5
3,baseline,plain,4110,1,4,1004,4126440,4889.3
3,baseline,plain,4110,1,5,1004,4126440,4903.0
3,baseline,plain,4110,1,6,1004,4126440,5077.7
3,baseline,plain,4110,1,7,1004,4126440,5250.2
3,baseline,plain,4110,1,8,1004,4126440,4972.1
3,baseline,plain,4110,2,0,1004,4126440,3162.1
3,baseline,plain,4110,2,1,1004,4126440,3222.2
3,baseline,plain,4110,2,2,1004,4126440,3136.1
3,baseline,plain,4110,2,3,1004,4126440,3323.9
3,baseline,plain,4110,2,4,1004,4126440,3153.4
3,baseline,plain,4110,2,5,1004,4126440,3171.6
3,baseline,plain,4110,2,6,1004,4126440,3161.3
3,baseline,plain,4110,2,7,1004,4126440,3162.6
3,baseline,plain,4110,2,8,1004,4126440,3267.9
3,baseline,plain,4110,3,0,1004,4401536,5031.5
3,baseline,plain,4110,3,1,1004,4401536,5174.2
3,baseline,plain,4110,3,2,1004,4401536,5112.3
3,baseline,plain,4110,3,3,1004,4401536,5070.1
3,baseline,plain,4110,3,4,1004,4401536,5401.7
3,baseline,plain,4110,3,5,1004,4401536,5019.7
3,baseline,plain,4110,3,6,1004,4401536,5034.8
3,baseline,plain,4110,3,7,1004,4401536,5311.7
3,baseline,plain,4110,3,8,1004,4401536,5111.5
3,baseline,plain,65550,0,0,64,4474880,89866.2
3,baseline,plain,65550,0,1,64,4474880,88381.2
3,baseline,plain,65550,0,2,64,4474880,90127.2
3,baseline,plain,65550,0,3,64,4474880,88348.2
3,baseline,plain,65550,0,4,64,4474880,88771.0
3,baseline,plain,65550,0,5,64,4474880,95727.9
3,baseline,plain,65550,0,6,64,4474880,88732.9
3,baseline,plain,65550,0,7,64,4474880,88711.8
3,baseline,plain,65550,0,8,64,4474880,89961.9
3,baseline,plain,65550,1,0,64,4195200,79366.4
3,baseline,plain,65550,1,1,64,4195200,83251.2
3,baseline,plain,65550,1,2,64,4195200,77706.3
3,baseline,plain,65550,1,3,64,4195200,77947.4
3,baseline,plain,65550,1,4,64,4195200,77374.9
3,baseline,plain,65550,1,5,64,4195200,77300.8
3,baseline,plain,65550,1,6,64,4195200,84958.8
3,baseline,plain,65550,1,7,64,4195200,86528.8
3,baseline,plain,65550,1,8,64,4195200,78345.7
3,baseline,plain,65550,2,0,64,4195200,51716.9
3,baseline,plain,65550,2,1,64,4195200,49380.0
3,baseline,plain,65550,2,2,64,4195200,49580.0
3,baseline,plain,65550,2,3,64,4195200,49642.0
3,baseline,plain,65550,2,4,64,4195200,50773.2
3,baseline,plain,65550,2,5,64,4195200,50943.6
3,baseline,plain,65550,2,6,64,4195200,49706.2
3,baseline,plain,65550,2,7,64,4195200,50008.9
3,baseline,plain,65550,2,8,64,4195200,49683.7
3,baseline,plain,65550,3,0,64,4474880,83710.9
3,baseline,plain,65550,3,1,64,4474880,83533.0
3,baseline,plain,65550,3,2,64,4474880,87298.6
3,baseline,plain,65550,3,3,64,4474880,84071.4
3,baseline,plain,65550,3,4,64,4474880,87322.4
3,baseline,plain,65550,3,5,64,4474880,82320.3
3,baseline,plain,65550,3,6,64,4474880,84240.5
3,baseline,plain,65550,3,7,64,4474880,86819.8
3,baseline,plain,65550,3,8,64,4474880,87495.5
3,baseline,mixed,46,0,0,38130,3660480,87.0
3,baseline,mixed,46,0,1,38130,3660480,85.5
3,baseline,mixed,46,0,2,38130,3660480,84.9
3,baseline,mixed,46,0,3,38130,3660480,85.2
3,baseline,mixed,46,0,4,38130,3660480,86.0
3,baseline,mixed,46,0,5,38130,3660480,88.9
3,baseline,mixed,46,0,6,38130,3660480,86.9
3,baseline,mixed,46,0,7,38130,3660480,84.9
3,baseline,mixed,46,0,8,38130,3660480,85.4
3,baseline,mixed,46,1,0,38130,3507960,87.6
3,baseline,mixed,46,1,1,38130,3507960,87.6
3,baseline,mixed,46,1,2,38130,3507960,88.5
3,baseline,mixed,46,1,3,38130,3507960,91.6
3,baseline,mixed,46,1,4,38130,3507960,87.8
3,baseline,mixed,46,1,5,38130,3507960,88.2
3,baseline,mixed,46,1,6,38130,3507960,87.9
3,baseline,mixed,46,1,7,38130,3507960,95.5
3,baseline,mixed,46,1,8,38130,3507960,92.6
3,baseline,mixed,46,2,0,38130,2897880,77.5
3,baseline,mixed,46,2,1,38130,2897880,79.1
3,baseline,mixed,46,2,2,38130,2897880,78.5
3,baseline,mixed,46,2,3,38130,2897880,78.8
3,baseline,mixed,46,2,4,38130,2897880,77.8
3,baseline,mixed,46,2,5,38130,2897880,77.5
3,baseline,mixed,46,2,6,38130,2897880,78.5
3,baseline,mixed,46,2,7,38130,2897880,76.5
3,baseline,mixed,46,2,8,38130,2897880,78.2
3,baseline,mixed,46,3,0,38130,3355440,81.1
3,baseline,mixed,46,3,1,38130,3355440,82.7
3,baseline,mixed,46,3,2,38130,3355440,82.5
3,baseline,mixed,46,3,3,38130,3355440,83.2
3,baseline,mixed,46,3,4,38130,3355440,81.7
3,baseline,mixed,46,3,5,38130,3355440,82.4
3,baseline,mixed,46,3,6,38130,3355440,85.0
3,baseline,mixed,46,3,7,38130,3355440,82.8
3,baseline,mixed,46,3,8,38130,3355440,82.3
3,baseline,mixed,92,0,0,26886,5162112,173.9
3,baseline,mixed,92,0,1,26886,5162112,167.8
3,baseline,mixed,92,0,2,26886,5162112,167.7
3,baseline,mixed,92,0,3,26886,5162112,169.9
3,baseline,mixed,92,0,4,26886,5162112,168.9
3,baseline,mixed,92,0,5,26886,5162112,169.5
3,baseline,mixed,92,0,6,26886,5162112,168.8
3,baseline,mixed,92,0,7,26886,5162112,172.2
3,baseline,mixed,92,0,8,26886,5162112,167.3
3,baseline,mixed,92,1,0,26886,4947024,174.9
3,baseline,mixed,92,1,1,26886,4947024,173.4
3,baseline,mixed,92,1,2,26886,4947024,175.1
3,baseline,mixed,92,1,3,26886,4947024,191.4
3,baseline,mixed,92,1,4,26886,4947024,174.4
3,baseline,mixed,92,1,5,26886,4947024,177.2
3,baseline,mixed,92,1,6,26886,4947024,178.8
3,baseline,mixed,92,1,7,26886,4947024,174.5
3,baseline,mixed,92,1,8,26886,4947024,176.8
3,baseline,mixed,92,2,0,26886,4086672,135.0
3,baseline,mixed,92,2,1,26886,4086672,129.1
3,baseline,mixed,92,2,2,26886,4086672,130.8
3,baseline,mixed,92,2,3,26886,4086672,130.6
3,baseline,mixed,92,2,4,26886,4086672,130.8
3,baseline,mixed,92,2,5,26886,4086672,128.0
3,baseline,mixed,92,2,6,26886,4086672,131.5
3,baseline,mixed,92,2,7,26886,4086672,136.9
3,baseline,mixed,92,2,8,26886,4086672,137.0
3,baseline,mixed,92,3,0,26886,4731936,162.7
3,baseline,mixed,92,3,1,26886,4731936,177.2
3,baseline,mixed,92,3,2,26886,4731936,162.2
3,baseline,mixed,92,3,3,26886,4731936,161.1
3,baseline,mixed,92,3,4,26886,4731936,164.4
3,baseline,mixed,92,3,5,26886,4731936,170.7
3,baseline,mixed,92,3,6,26886,4731936,179.7
3,baseline,mixed,92,3,7,26886,4731936,170.0
3,baseline,mixed,92,3,8,26886,4731936,167.6
3,baseline,mixed,4140,0,0,997,8614080,7005.5
3,baseline,mixed,4140,0,1,997,8614080,7048.6
3,baseline,mixed,4140,0,2,997,8614080,7050.8
3,baseline,mixed,4140,0,3,997,8614080,7071.8
3,baseline,mixed,4140,0,4,997,8614080,7069.9
3,baseline,mixed,4140,0,5,997,8614080,7047.6
3,baseline,mixed,4140,0,6,997,8614080,7056.4
3,baseline,mixed,4140,0,7,997,8614080,7065.8
3,baseline,mixed,4140,0,8,997,8614080,7074.4
3,baseline,mixed,4140,1,0,997,8255160,7611.4
3,baseline,mixed,4140,1,1,997,8255160,7355.2
3,baseline,mixed,4140,1,2,997,8255160,7504.1
3,baseline,mixed,4140,1,3,997,8255160,7337.0
3,baseline,mixed,4140,1,4,997,8255160,7717.0
3,baseline,mixed,4140,1,5,997,8255160,7355.1
3,baseline,mixed,4140,1,6,997,8255160,7697.8
3,baseline,mixed,4140,1,7,997,8255160,7333.2
3,baseline,mixed,4140,1,8,997,8255160,7590.4
3,baseline,mixed,4140,2,0,997,6819480,4918.6
3,baseline,mixed,4140,2,1,997,6819480,4835.7
3,baseline,mixed,4140,2,2,997,6819480,4883.6
3,baseline,mixed,4140,2,3,997,6819480,4865.0
3,baseline,mixed,4140,2,4,997,6819480,4955.5
3,baseline,mixed,4140,2,5,997,6819480,4930.6
3,baseline,mixed,4140,2,6,997,6819480,4895.6
3,baseline,mixed,4140,2,7,997,6819480,4984.2
3,baseline,mixed,4140,2,8,997,6819480,4938.0
3,baseline,mixed,4140,3,0,997,7896240,6854.2
3,baseline,mixed,4140,3,1,997,7896240,6694.1
3,baseline,mixed,4140,3,2,997,7896240,6774.1
3,baseline,mixed,4140,3,3,997,7896240,6624.7
3,baseline,mixed,4140,3,4,997,7896240,6802.3
3,baseline,mixed,4140,3,5,997,7896240,6796.1
3,baseline,mixed,4140,3,6,997,7896240,6665.4
3,baseline,mixed,4140,3,7,997,7896240,6769.6
3,baseline,mixed,4140,3,8,997,7896240,6632.4
3,baseline,mixed,65550,0,0,64,8755200,110306.7
3,baseline,mixed,65550,0,1,64,8755200,108936.8
3,baseline,mixed,65550,0,2,64,8755200,109340.3
3,baseline,mixed,65550,0,3,64,8755200,110903.6
3,baseline,mixed,65550,0,4,64,8755200,109574.3
3,baseline,mixed,65550,0,5,64,8755200,109126.4
3,baseline,mixed,65550,0,6,64,8755200,111003.0
3,baseline,mixed,65550,0,7,64,8755200,110151.6
3,baseline,mixed,65550,0,8,64,8755200,117511.6
3,baseline,mixed,65550,1,0,64,8390400,125210.5
3,baseline,mixed,65550,1,1,64,8390400,120745.6
3,baseline,mixed,65550,1,2,64,8390400,123067.6
3,baseline,mixed,65550,1,3,64,8390400,119533.9
3,baseline,mixed,65550,1,4,64,8390400,121422.6
3,baseline,mixed,65550,1,5,64,8390400,125501.7
3,baseline,mixed,65550,1,6,64,8390400,121848.3
3,baseline,mixed,65550,1,7,64,8390400,121078.2
3,baseline,mixed,65550,1,8,64,8390400,118125.7
3,baseline,mixed,65550,2,0,64,6931200,76297.2
3,baseline,mixed,65550,2,1,64,6931200,80964.6
3,baseline,mixed,65550,2,2,64,6931200,76180.9
3,baseline,mixed,65550,2,3,64,6931200,76080.9
3,baseline,mixed,65550,2,4,64,6931200,76733.6
3,baseline,mixed,65550,2,5,64,6931200,75471.0
3,baseline,mixed,65550,2,6,64,6931200,76004.6
3,baseline,mixed,65550,2,7,64,6931200,79719.5
3,baseline,mixed,65550,2,8,64,6931200,77251.0
3,baseline,mixed,65550,3,0,64,8025600,106131.5
3,baseline,mixed,65550,3,1,64,8025600,106158.7
3,baseline,mixed,65550,3,2,64,8025600,110578.3
3,baseline,mixed,65550,3,3,64,8025600,106627.8
3,baseline,mixed,65550,3,4,64,8025600,106511.1
3,baseline,mixed,65550,3,5,64,8025600,107198.0
3,baseline,mixed,65550,3,6,64,8025600,107223.3
3,baseline,mixed,65550,3,7,64,8025600,109054.8
3,baseline,mixed,65550,3,8,64,8025600,105768.7
3,baseline,unreserved,1,0,0,64527,64527,11.3
3,baseline,unreserved,1,0,1,64527,64527,8.9
3,baseline,unreserved,1,0,2,64527,64527,8.8
3,baseline,unreserved,1,0,3,64527,64527,9.1
3,baseline,unreserved,1,0,4,64527,64527,8.8
3,baseline,unreserved,1,0,5,64527,64527,9.3
3,baseline,unreserved,1,0,6,64527,64527,9.0
3,baseline,unreserved,1,0,7,64527,64527,9.0
3,baseline,unreserved,1,0,8,64527,64527,8.8
3,baseline,unreserved,1,1,0,64527,64527,9.6
3,baseline,unreserved,1,1,1,64527,64527,8.8
3,baseline,unreserved,1,1,2,64527,64527,10.1
3,baseline,unreserved,1,1,3,64527,64527,9.2
3,baseline,unreserved,1,1,4,64527,64527,9.1
3,baseline,unreserved,1,1,5,64527,64527,9.2
3,baseline,unreserved,1,1,6,64527,64527,8.9
3,baseline,unreserved,1,1,7,64527,64527,9.9
3,baseline,unreserved,1,1,8,64527,64527,9.0
3,baseline,unreserved,1,2,0,64527,64527,13.9
3,baseline,unreserved,1,2,1,64527,64527,13.7
3,baseline,unreserved,1,2,2,64527,64527,14.3
3,baseline,unreserved,1,2,3,64527,64527,13.9
3,baseline,unreserved,1,2,4,64527,64527,13.9
3,baseline,unreserved,1,2,5,64527,64527,13.9
3,baseline,unreserved,1,2,6,64527,64527,14.9
3,baseline,unreserved,1,2,7,64527,64527,17.6
3,baseline,unreserved,1,2,8,64527,64527,14.0
3,baseline,unreserved,1,3,0,64527,64527,9.1
3,baseline,unreserved,1,3,1,64527,64527,9.0
3,baseline,unreserved,1,3,2,64527,64527,9.0
3,baseline,unreserved,1,3,3,64527,64527,10.1
3,baseline,unreserved,1,3,4,64527,64527,9.1
3,baseline,unreserved,1,3,5,64527,64527,9.0
3,baseline,unreserved,1,3,6,64527,64527,10.2
3,baseline,unreserved,1,3,7,64527,64527,9.7
3,baseline,unreserved,1,3,8,64527,64527,9.5
3,baseline,unreserved,8,0,0,58254,466032,18.8
3,baseline,unreserved,8,0,1,58254,466032,18.9
3,baseline,unreserved,8,0,2,58254,466032,19.0
3,baseline,unreserved,8,0,3,58254,466032,19.5
3,baseline,unreserved,8,0,4,58254,466032,18.9
3,baseline,unreserved,8,0,5,58254,466032,18.6
3,baseline,unreserved,8,0,6,58254,466032,19.5
3,baseline,unreserved,8,0,7,58254,466032,19.0
3,baseline,unreserved,8,0,8,58254,466032,19.0
3,baseline,unreserved,8,1,0,58254,466032,16.5
3,baseline,unreserved,8,1,1,58254,466032,16.2
3,baseline,unreserved,8,1,2,58254,466032,16.6
3,baseline,unreserved,8,1,3,58254,466032,16.7
3,baseline,unreserved,8,1,4,58254,466032,15.6
3,baseline,unreserved,8,1,5,58254,466032,16.1
3,baseline,unreserved,8,1,6,58254,466032,16.8
3,baseline,unreserved,8,1,7,58254,466032,16.3
3,baseline,unreserved,8,1,8,58254,466032,18.1
3,baseline,unreserved,8,2,0,58254,466032,20.7
3,baseline,unreserved,8,2,1,58254,466032,20.6
3,baseline,unreserved,8,2,2,58254,466032,21.0
3,baseline,unreserved,8,2,3,58254,466032,21.2
3,baseline,unreserved,8,2,4,58254,466032,20.7
3,baseline,unreserved,8,2,5,58254,466032,21.1
3,baseline,unreserved,8,2,6,58254,466032,20.9
3,baseline,unreserved,8,2,7,58254,466032,21.0
3,baseline,unreserved,8,2,8,58254,466032,21.6
3,baseline,unreserved,8,3,0,58254,466032,16.7
3,baseline,unreserved,8,3,1,58254,466032,16.5
3,baseline,unreserved,8,3,2,58254,466032,16.7
3,baseline,unreserved,8,3,3,58254,466032,17.0
3,baseline,unreserved,8,3,4,58254,466032,17.0
3,baseline,unreserved,8,3,5,58254,466032,16.6
3,baseline,unreserved,8,3,6,58254,466032,18.0
3,baseline,unreserved,8,3,7,58254,466032,17.9
3,baseline,unreserved,8,3,8,58254,466032,17.9
3,baseline,unreserved,64,0,0,32768,2097152,95.4
3,baseline,unreserved,64,0,1,32768,2097152,94.2
3,baseline,unreserved,64,0,2,32768,2097152,95.1
3,baseline,unreserved,64,0,3,32768,2097152,96.5
3,baseline,unreserved,64,0,4,32768,2097152,95.1
3,baseline,unreserved,64,0,5,32768,2097152,97.1
3,baseline,unreserved,64,0,6,32768,2097152,94.1
3,baseline,unreserved,64,0,7,32768,2097152,100.8
3,baseline,unreserved,64,0,8,32768,2097152,98.0
3,baseline,unreserved,64,1,0,32768,2097152,89.1
3,baseline,unreserved,64,1,1,32768,2097152,90.3
3,baseline,unreserved,64,1,2,32768,2097152,89.3
3,baseline,unreserved,64,1,3,32768,2097152,90.7
3,baseline,unreserved,64,1,4,32768,2097152,90.3
3,baseline,unreserved,64,1,5,32768,2097152,89.3
3,baseline,unreserved,64,1,6,32768,2097152,92.1
3,baseline,unreserved,64,1,7,32768,2097152,91.3
3,baseline,unreserved,64,1,8,32768,2097152,91.4
3,baseline,unreserved,64,2,0,32768,2097152,61.6
3,baseline,unreserved,64,2,1,32768,2097152,66.4
3,baseline,unreserved,64,2,2,32768,2097152,61.9
3,baseline,unreserved,64,2,3,32768,2097152,62.0
3,baseline,unreserved,64,2,4,32768,2097152,61.9
3,baseline,unreserved,64,2,5,32768,2097152,62.2
3,baseline,unreserved,64,2,6,32768,2097152,61.6
3,baseline,unreserved,64,2,7,32768,2097152,62.2
3,baseline,unreserved,64,2,8,32768,2097152,63.1
3,baseline,unreserved,64,3,0,32768,2097152,84.4
3,baseline,unreserved,64,3,1,32768,2097152,86.3
3,baseline,unreserved,64,3,2,32768,2097152,85.2
3,baseline,unreserved,64,3,3,32768,2097152,83.9
3,baseline,unreserved,64,3,4,32768,2097152,85.1
3,baseline,unreserved,64,3,5,32768,2097152,85.7
3,baseline,unreserved,64,3,6,32768,2097152,84.6
3,baseline,unreserved,64,3,7,32768,2097152,84.4
3,baseline,unreserved,64,3,8,32768,2097152,88.7
3,baseline,unreserved,4096,0,0,1008,4128768,5308.5
3,baseline,unreserved,4096,0,1,1008,4128768,5362.9
3,baseline,unreserved,4096,0,2,1008,4128768,5354.2
3,baseline,unreserved,4096,0,3,1008,4128768,5241.1
3,baseline,unreserved,4096,0,4,1008,4128768,5427.0
3,baseline,unreserved,4096,0,5,1008,4128768,5256.4
3,baseline,unreserved,4096,0,6,1008,4128768,5245.2
3,baseline,unreserved,4096,0,7,1008,4128768,5230.5
3,baseline,unreserved,4096,0,8,1008,4128768,5260.3
3,baseline,unreserved,4096,1,0,1008,4128768,5188.9
3,baseline,unreserved,4096,1,1,1008,4128768,4948.8
3,baseline,unreserved,4096,1,2,1008,4128768,4839.2
3,baseline,unreserved,4096,1,3,1008,4128768,4938.8
3,baseline,unreserved,4096,1,4,1008,4128768,4861.7
3,baseline,unreserved,4096,1,5,1008,4128768,4807.1
3,baseline,unreserved,4096,1,6,1008,4128768,5117.3
3,baseline,unreserved,4096,1,7,1008,4128768,4892.9
3,baseline,unreserved,4096,1,8,1008,4128768,4812.1
3,baseline,unreserved,4096,2,0,1008,4128768,3006.6
3,baseline,unreserved,4096,2,1,1008,4128768,3012.3
3,baseline,unreserved,4096,2,2,1008,4128768,3022.0
3,baseline,unreserved,4096,2,3,1008,4128768,3044.1
3,baseline,unreserved,4096,2,4,1008,4128768,3527.4
3,baseline,unreserved,4096,2,5,1008,4128768,3208.8
3,baseline,unreserved,4096,2,6,1008,4128768,3211.6
3,baseline,unreserved,4096,2,7,1008,4128768,3089.5
3,baseline,unreserved,4096,2,8,1008,4128768,3072.5
3,baseline,unreserved,4096,3,0,1008,4128768,4506.1
3,baseline,unreserved,4096,3,1,1008,4128768,4593.1
3,baseline,unreserved,4096,3,2,1008,4128768,4596.2
3,baseline,unreserved,4096,3,3,1008,4128768,4498.9
3,baseline,unreserved,4096,3,4,1008,4128768,4486.6
3,baseline,unreserved,4096,3,5,1008,4128768,4659.5
3,baseline,unreserved,4096,3,6,1008,4128768,4514.6
3,baseline,unreserved,4096,3,7,1008,4128768,4496.5
3,baseline,unreserved,4096,3,8,1008,4128768,4674.5
3,baseline,unreserved,65536,0,0,64,4194304,86451.8
3,baseline,unreserved,65536,0,1,64,4194304,84121.0
3,baseline,unreserved,65536,0,2,64,4194304,83950.2
3,baseline,unreserved,65536,0,3,64,4194304,84127.2
3,baseline,unreserved,65536,0,4,64,4194304,90809.2
3,baseline,unreserved,65536,0,5,64,4194304,86257.6
3,baseline,unreserved,65536,0,6,64,4194304,84392.5
3,baseline,unreserved,65536,0,7,64,4194304,91090.5
3,baseline,unreserved,65536,0,8,64,4194304,83034.7
3,baseline,unreserved,65536,1,0,64,4194304,74642.1
3,baseline,unreserved,65536,1,1,64,4194304,78040.4
3,baseline,unreserved,65536,1,2,64,4194304,74563.8
3,baseline,unreserved,65536,1,3,64,4194304,74775.2
3,baseline,unreserved,65536,1,4,64,4194304,74001.1
3,baseline,unreserved,65536,1,5,64,4194304,73692.8
3,baseline,unreserved,65536,1,6,64,4194304,76808.6
3,baseline,unreserved,65536,1,7,64,4194304,74143.8
3,baseline,unreserved,65536,1,8,64,4194304,73691.9
3,baseline,unreserved,65536,2,0,64,4194304,47637.4
3,baseline,unreserved,65536,2,1,64,4194304,47798.5
3,baseline,unreserved,65536,2,2,64,4194304,47737.1
3,baseline,unreserved,65536,2,3,64,4194304,49863.7
3,baseline,unreserved,65536,2,4,64,4194304,49478.7
3,baseline,unreserved,65536,2,5,64,4194304,47645.5
3,baseline,unreserved,65536,2,6,64,4194304,47904.3
3,baseline,unreserved,65536,2,7,64,4194304,47743.5
3,baseline,unreserved,65536,2,8,64,4194304,48624.9
3,baseline,unreserved,65536,3,0,64,4194304,70190.8
3,baseline,unreserved,65536,3,1,64,4194304,73888.3
3,baseline,unreserved,65536,3,2,64,4194304,72099.8
3,baseline,unreserved,65536,3,3,64,4194304,70694.9
3,baseline,unreserved,65536,3,4,64,4194304,71391.3
3,baseline,unreserved,65536,3,5,64,4194304,71506.9
3,baseline,unreserved,65536,3,6,64,4194304,70886.0
3,baseline,unreserved,65536,3,7,64,4194304,69703.4
3,baseline,unreserved,65536,3,8,64,4194304,74897.9
3,baseline,dense,4,0,0,61680,740160,17.6
3,baseline,dense,4,0,1,61680,740160,17.4
3,baseline,dense,4,0,2,61680,740160,17.7
3,baseline,dense,4,0,3,61680,740160,17.6
3,baseline,dense,4,0,4,61680,740160,17.7
3,baseline,dense,4,0,5,61680,740160,17.7
3,baseline,dense,4,0,6,61680,740160,17.7
3,baseline,dense,4,0,7,61680,740160,17.6
3,baseline,dense,4,0,8,61680,740160,17.5
3,baseline,dense,4,1,0,61680,616800,16.3
3,baseline,dense,4,1,1,61680,616800,16.1
3,baseline,dense,4,1,2,61680,616800,16.5
3,baseline,dense,4,1,3,61680,616800,16.5
3,baseline,dense,4,1,4,61680,616800,16.9
3,baseline,dense,4,1,5,61680,616800,16.7
3,baseline,dense,4,1,6,61680,616800,17.7
3,baseline,dense,4,1,7,61680,616800,19.3
3,baseline,dense,4,1,8,61680,616800,17.4
3,baseline,dense,4,2,0,61680,246720,17.6
3,baseline,dense,4,2,1,61680,246720,17.4
3,baseline,dense,4,2,2,61680,246720,18.2
3,baseline,dense,4,2,3,61680,246720,17.5
3,baseline,dense,4,2,4,61680,246720,18.4
3,baseline,dense,4,2,5,61680,246720,17.7
3,baseline,dense,4,2,6,61680,246720,17.8
3,baseline,dense,4,2,7,61680,246720,17.5
3,baseline,dense,4,2,8,61680,246720,17.8
3,baseline,dense,4,3,0,61680,616800,16.1
3,baseline,dense,4,3,1,61680,616800,16.4
3,baseline,dense,4,3,2,61680,616800,15.9
3,baseline,dense,4,3,3,61680,616800,16.1
3,baseline,dense,4,3,4,61680,616800,16.4
3,baseline,dense,4,3,5,61680,616800,16.8
3,baseline,dense,4,3,6,61680,616800,17.3
3,baseline,dense,4,3,7,61680,616800,17.7
3,baseline,dense,4,3,8,61680,616800,16.7
3,baseline,dense,8,0,0,58254,1398096,27.0
3,baseline,dense,8,0,1,58254,1398096,28.0
3,baseline,dense,8,0,2,58254,1398096,25.9
3,baseline,dense,8,0,3,58254,1398096,26.1
3,baseline,dense,8,0,4,58254,1398096,25.6
3,baseline,dense,8,0,5,58254,1398096,25.8
3,baseline,dense,8,0,6,58254,1398096,25.5
3,baseline,dense,8,0,7,58254,1398096,25.8
3,baseline,dense,8,0,8,58254,1398096,25.7
3,baseline,dense,8,1,0,58254,1165080,28.0
3,baseline,dense,8,1,1,58254,1165080,29.5
3,baseline,dense,8,1,2,58254,1165080,24.7
3,baseline,dense,8,1,3,58254,1165080,24.9
3,baseline,dense,8,1,4,58254,1165080,25.6
3,baseline,dense,8,1,5,58254,1165080,24.7
3,baseline,dense,8,1,6,58254,1165080,25.2
3,baseline,dense,8,1,7,58254,1165080,24.9
3,baseline,dense,8,1,8,58254,1165080,24.9
3,baseline,dense,8,2,0,58254,466032,20.2
3,baseline,dense,8,2,1,58254,466032,20.1
3,baseline,dense,8,2,2,58254,466032,20.3
3,baseline,dense,8,2,3,58254,466032,20.5
3,baseline,dense,8,2,4,58254,466032,20.3
3,baseline,dense,8,2,5,58254,466032,20.3
3,baseline,dense,8,2,6,58254,466032,20.4
3,baseline,dense,8,2,7,58254,466032,21.1
3,baseline,dense,8,2,8,58254,466032,20.5
3,baseline,dense,8,3,0,58254,1165080,24.0
3,baseline,dense,8,3,1,58254,1165080,24.1
3,baseline,dense,8,3,2,58254,1165080,24.6
3,baseline,dense,8,3,3,58254,1165080,24.2
3,baseline,dense,8,3,4,58254,1165080,24.5
3,baseline,dense,8,3,5,58254,1165080,23.8
3,baseline,dense,8,3,6,58254,1165080,23.9
3,baseline,dense,8,3,7,58254,1165080,23.9
3,baseline,dense,8,3,8,58254,1165080,24.9
3,baseline,dense,64,0,0,32768,6291456,151.2
3,baseline,dense,64,0,1,32768,6291456,153.9
3,baseline,dense,64,0,2,32768,6291456,151.3
3,baseline,dense,64,0,3,32768,6291456,150.6
3,baseline,dense,64,0,4,32768,6291456,155.0
3,baseline,dense,64,0,5,32768,6291456,152.8
3,baseline,dense,64,0,6,32768,6291456,152.5
3,baseline,dense,64,0,7,32768,6291456,155.4
3,baseline,dense,64,0,8,32768,6291456,154.7
3,baseline,dense,64,1,0,32768,5242880,158.0
3,baseline,dense,64,1,1,32768,5242880,151.0
3,baseline,dense,64,1,2,32768,5242880,150.8
3,baseline,dense,64,1,3,32768,5242880,157.5
3,baseline,dense,64,1,4,32768,5242880,152.4
3,baseline,dense,64,1,5,32768,5242880,150.9
3,baseline,dense,64,1,6,32768,5242880,161.9
3,baseline,dense,64,1,7,32768,5242880,153.0
3,baseline,dense,64,1,8,32768,5242880,150.3
3,baseline,dense,64,2,0,32768,2097152,59.9
3,baseline,dense,64,2,1,32768,2097152,59.6
3,baseline,dense,64,2,2,32768,2097152,60.5
3,baseline,dense,64,2,3,32768,2097152,59.4
3,baseline,dense,64,2,4,32768,2097152,59.8
3,baseline,dense,64,2,5,32768,2097152,59.7
3,baseline,dense,64,2,6,32768,2097152,59.3
3,baseline,dense,64,2,7,32768,2097152,62.8
3,baseline,dense,64,2,8,32768,2097152,60.4
3,baseline,dense,64,3,0,32768,5242880,140.5
3,baseline,dense,64,3,1,32768,5242880,152.1
3,baseline,dense,64,3,2,32768,5242880,142.2
3,baseline,dense,64,3,3,32768,5242880,141.3
3,baseline,dense,64,3,4,32768,5242880,145.9
3,baseline,dense,64,3,5,32768,5242880,141.0
3,baseline,dense,64,3,6,32768,5242880,142.2
3,baseline,dense,64,3,7,32768,5242880,141.0
3,baseline,dense,64,3,8,32768,5242880,145.1
3,baseline,dense,4096,0,0,1008,12386304,9486.3
3,baseline,dense,4096,0,1,1008,12386304,8907.7
3,baseline,dense,4096,0,2,1008,12386304,9047.9
3,baseline,dense,4096,0,3,1008,12386304,9080.4
3,baseline,dense,4096,0,4,1008,12386304,8979.3
3,baseline,dense,4096,0,5,1008,12386304,9399.2
3,baseline,dense,4096,0,6,1008,12386304,8928.9
3,baseline,dense,4096,0,7,1008,12386304,8949.6
3,baseline,dense,4096,0,8,1008,12386304,9327.6
3,baseline,dense,4096,1,0,1008,10321920,8947.9
3,baseline,dense,4096,1,1,1008,10321920,8945.5
3,baseline,dense,4096,1,2,1008,10321920,9431.5
3,baseline,dense,4096,1,3,1008,10321920,8848.4
3,baseline,dense,4096,1,4,1008,10321920,9053.7
3,baseline,dense,4096,1,5,1008,10321920,9001.6
3,baseline,dense,4096,1,6,1008,10321920,9086.9
3,baseline,dense,4096,1,7,1008,10321920,8810.2
3,baseline,dense,4096,1,8,1008,10321920,8782.2
3,baseline,dense,4096,2,0,1008,4128768,3082.7
3,baseline,dense,4096,2,1,1008,4128768,3128.8
3,baseline,dense,4096,2,2,1008,4128768,3088.6
3,baseline,dense,4096,2,3,1008,4128768,3194.6
3,baseline,dense,4096,2,4,1008,4128768,3088.1
3,baseline,dense,4096,2,5,1008,4128768,3070.2
3,baseline,dense,4096,2,6,1008,4128768,3085.0
3,baseline,dense,4096,2,7,1008,4128768,3069.0
3,baseline,dense,4096,2,8,1008,4128768,3210.7
3,baseline,dense,4096,3,0,1008,10321920,8577.5
3,baseline,dense,4096,3,1,1008,10321920,8262.7
3,baseline,dense,4096,3,2,1008,10321920,8106.2
3,baseline,dense,4096,3,3,1008,10321920,8335.0
3,baseline,dense,4096,3,4,1008,10321920,8108.9
3,baseline,dense,4096,3,5,1008,10321920,8075.6
3,baseline,dense,4096,3,6,1008,10321920,8312.1
3,baseline,dense,4096,3,7,1008,10321920,8973.6
3,baseline,dense,4096,3,8,1008,10321920,8375.8
3,baseline,dense,65536,0,0,64,12582912,146517.5
3,baseline,dense,65536,0,1,64,12582912,147212.2
3,baseline,dense,65536,0,2,64,12582912,142337.9
3,baseline,dense,65536,0,3,64,12582912,141966.2
3,baseline,dense,65536,0,4,64,12582912,150687.7
3,baseline,dense,65536,0,5,64,12582912,145057.6
3,baseline,dense,65536,0,6,64,12582912,139920.8
3,baseline,dense,65536,0,7,64,12582912,146292.1
3,baseline,dense,65536,0,8,64,12582912,142803.9
3,baseline,dense,65536,1,0,64,10485760,142559.2
3,baseline,dense,65536,1,1,64,10485760,148654.6
3,baseline,dense,65536,1,2,64,10485760,149877.3
3,baseline,dense,65536,1,3,64,10485760,150194.1
3,baseline,dense,65536,1,4,64,10485760,156385.9
3,baseline,dense,65536,1,5,64,10485760,145337.2
3,baseline,dense,65536,1,6,64,10485760,148339.0
3,baseline,dense,65536,1,7,64,10485760,155307.1
3,baseline,dense,65536,1,8,64,10485760,162955.0
3,baseline,dense,65536,2,0,64,4194304,76432.6
3,baseline,dense,65536,2,1,64,4194304,76220.0
3,baseline,dense,65536,2,2,64,4194304,197083.6
3,baseline,dense,65536,2,3,64,4194304,74461.1
3,baseline,dense,65536,2,4,64,4194304,143767.2
3,baseline,dense,65536,2,5,64,4194304,47586.6
3,baseline,dense,65536,2,6,64,4194304,101806.8
3,baseline,dense,65536,2,7,64,4194304,106621.9
3,baseline,dense,65536,2,8,64,4194304,100068.9
3,baseline,dense,65536,3,0,64,10485760,132743.2
3,baseline,dense,65536,3,1,64,10485760,131632.9
3,baseline,dense,65536,3,2,64,10485760,131023.8
3,baseline,dense,65536,3,3,64,10485760,130329.8
3,baseline,dense,65536,3,4,64,10485760,133284.4
3,baseline,dense,65536,3,5,64,10485760,130588.6
3,baseline,dense,65536,3,6,64,10485760,130986.4
3,baseline,dense,65536,3,7,64,10485760,130991.0
3,baseline,dense,65536,3,8,64,10485760,131860.4
3,baseline,html_dense,5,0,0,60787,911805,18.7
3,baseline,html_dense,5,0,1,60787,911805,19.8
3,baseline,html_dense,5,0,2,60787,911805,19.1
3,baseline,html_dense,5,0,3,60787,911805,18.7
3,baseline,html_dense,5,0,4,60787,911805,19.2
3,baseline,html_dense,5,0,5,60787,911805,18.9
3,baseline,html_dense,5,0,6,60787,911805,18.9
3,baseline,html_dense,5,0,7,60787,911805,18.7
3,baseline,html_dense,5,0,8,60787,911805,18.7
3,baseline,html_dense,5,1,0,60787,911805,20.0
3,baseline,html_dense,5,1,1,60787,911805,20.0
3,baseline,html_dense,5,1,2,60787,911805,19.9
3,baseline,html_dense,5,1,3,60787,911805,19.8
3,baseline,html_dense,5,1,4,60787,911805,19.4
3,baseline,html_dense,5,1,5,60787,911805,19.7
3,baseline,html_dense,5,1,6,60787,911805,20.5
3,baseline,html_dense,5,1,7,60787,911805,20.0
3,baseline,html_dense,5,1,8,60787,911805,20.0
3,baseline,html_dense,5,2,0,60787,1458888,29.7
3,baseline,html_dense,5,2,1,60787,1458888,29.8
3,baseline,html_dense,5,2,2,60787,1458888,30.1
3,baseline,html_dense,5,2,3,60787,1458888,30.1
3,baseline,html_dense,5,2,4,60787,1458888,30.5
3,baseline,html_dense,5,2,5,60787,1458888,32.6
3,baseline,html_dense,5,2,6,60787,1458888,29.7
3,baseline,html_dense,5,2,7,60787,1458888,30.0
3,baseline,html_dense,5,2,8,60787,1458888,29.8
3,baseline,html_dense,5,3,0,60787,911805,19.6
3,baseline,html_dense,5,3,1,60787,911805,19.4
3,baseline,html_dense,5,3,2,60787,911805,19.4
3,baseline,html_dense,5,3,3,60787,911805,22.0
3,baseline,html_dense,5,3,4,60787,911805,19.7
3,baseline,html_dense,5,3,5,60787,911805,19.4
3,baseline,html_dense,5,3,6,60787,911805,19.7
3,baseline,html_dense,5,3,7,60787,911805,19.7
3,baseline,html_dense,5,3,8,60787,911805,19.8
3,baseline,html_dense,10,0,0,56679,1700370,29.6
3,baseline,html_dense,10,0,1,56679,1700370,30.4
3,baseline,html_dense,10,0,2,56679,1700370,30.1
3,baseline,html_dense,10,0,3,56679,1700370,31.3
3,baseline,html_dense,10,0,4,56679,1700370,30.1
3,baseline,html_dense,10,0,5,56679,1700370,30.6
3,baseline,html_dense,10,0,6,56679,1700370,30.2
3,baseline,html_dense,10,0,7,56679,1700370,29.9
3,baseline,html_dense,10,0,8,56679,1700370,32.1
3,baseline,html_dense,10,1,0,56679,1700370,30.4
3,baseline,html_dense,10,1,1,56679,1700370,30.7
3,baseline,html_dense,10,1,2,56679,1700370,30.6
3,baseline,html_dense,10,1,3,56679,1700370,30.7
3,baseline,html_dense,10,1,4,56679,1700370,31.4
3,baseline,html_dense,10,1,5,56679,1700370,32.3
3,baseline,html_dense,10,1,6,56679,1700370,30.8
3,baseline,html_dense,10,1,7,56679,1700370,30.8
3,baseline,html_dense,10,1,8,56679,1700370,31.4
3,baseline,html_dense,10,2,0,56679,2720592,37.3
3,baseline,html_dense,10,2,1,56679,2720592,37.2
3,baseline,html_dense,10,2,2,56679,2720592,36.5
3,baseline,html_dense,10,2,3,56679,2720592,37.2
3,baseline,html_dense,10,2,4,56679,2720592,36.8
3,baseline,html_dense,10,2,5,56679,2720592,37.0
3,baseline,html_dense,10,2,6,56679,2720592,37.1
3,baseline,html_dense,10,2,7,56679,2720592,38.3
3,baseline,html_dense,10,2,8,56679,2720592,37.2
3,baseline,html_dense,10,3,0,56679,1700370,31.1
3,baseline,html_dense,10,3,1,56679,1700370,30.8
3,baseline,html_dense,10,3,2,56679,1700370,30.7
3,baseline,html_dense,10,3,3,56679,1700370,32.7
3,baseline,html_dense,10,3,4,56679,1700370,30.8
3,baseline,html_dense,10,3,5,56679,1700370,30.8
3,baseline,html_dense,10,3,6,56679,1700370,31.1
3,baseline,html_dense,10,3,7,56679,1700370,30.7
3,baseline,html_dense,10,3,8,56679,1700370,32.1
3,baseline,html_dense,65,0,0,32513,6340035,154.4
3,baseline,html_dense,65,0,1,32513,6340035,152.6
3,baseline,html_dense,65,0,2,32513,6340035,156.3
3,baseline,html_dense,65,0,3,32513,6340035,155.6
3,baseline,html_dense,65,0,4,32513,6340035,153.6
3,baseline,html_dense,65,0,5,32513,6340035,156.2
3,baseline,html_dense,65,0,6,32513,6340035,155.1
3,baseline,html_dense,65,0,7,32513,6340035,155.2
3,baseline,html_dense,65,0,8,32513,6340035,156.0
3,baseline,html_dense,65,1,0,32513,6340035,165.1
3,baseline,html_dense,65,1,1,32513,6340035,168.0
3,baseline,html_dense,65,1,2,32513,6340035,164.9
3,baseline,html_dense,65,1,3,32513,6340035,165.7
3,baseline,html_dense,65,1,4,32513,6340035,171.5
3,baseline,html_dense,65,1,5,32513,6340035,165.5
3,baseline,html_dense,65,1,6,32513,6340035,165.4
3,baseline,html_dense,65,1,7,32513,6340035,169.4
3,baseline,html_dense,65,1,8,32513,6340035,165.1
3,baseline,html_dense,65,2,0,32513,10144056,146.5
3,baseline,html_dense,65,2,1,32513,10144056,150.3
3,baseline,html_dense,65,2,2,32513,10144056,156.9
3,baseline,html_dense,65,2,3,32513,10144056,152.0
3,baseline,html_dense,65,2,4,32513,10144056,147.4
3,baseline,html_dense,65,2,5,32513,10144056,149.9
3,baseline,html_dense,65,2,6,32513,10144056,148.5
3,baseline,html_dense,65,2,7,32513,10144056,149.1
3,baseline,html_dense,65,2,8,32513,10144056,149.5
3,baseline,html_dense,65,3,0,32513,6340035,161.7
3,baseline,html_dense,65,3,1,32513,6340035,160.6
3,baseline,html_dense,65,3,2,32513,6340035,173.5
3,baseline,html_dense,65,3,3,32513,6340035,161.9
3,baseline,html_dense,65,3,4,32513,6340035,161.8
3,baseline,html_dense,65,3,5,32513,6340035,163.0
3,baseline,html_dense,65,3,6,32513,6340035,166.9
3,baseline,html_dense,65,3,7,32513,6340035,166.0
3,baseline,html_dense,65,3,8,32513,6340035,167.8
3,baseline,html_dense,4100,0,0,1007,12386100,8866.3
3,baseline,html_dense,4100,0,1,1007,12386100,8802.7
3,baseline,html_dense,4100,0,2,1007,12386100,9391.8
3,baseline,html_dense,4100,0,3,1007,12386100,9341.7
3,baseline,html_dense,4100,0,4,1007,12386100,8963.4
3,baseline,html_dense,4100,0,5,1007,12386100,9173.3
3,baseline,html_dense,4100,0,6,1007,12386100,9402.2
3,baseline,html_dense,4100,0,7,1007,12386100,8807.0
3,baseline,html_dense,4100,0,8,1007,12386100,9047.7
3,baseline,html_dense,4100,1,0,1007,12386100,9753.6
3,baseline,html_dense,4100,1,1,1007,12386100,9891.1
3,baseline,html_dense,4100,1,2,1007,12386100,10336.1
3,baseline,html_dense,4100,1,3,1007,12386100,9763.9
3,baseline,html_dense,4100,1,4,1007,12386100,9983.1
3,baseline,html_dense,4100,1,5,1007,12386100,10001.8
3,baseline,html_dense,4100,1,6,1007,12386100,9700.4
3,baseline,html_dense,4100,1,7,1007,12386100,9867.5
3,baseline,html_dense,4100,1,8,1007,12386100,9897.2
3,baseline,html_dense,4100,2,0,1007,19817760,8388.6
3,baseline,html_dense,4100,2,1,1007,19817760,8689.8
3,baseline,html_dense,4100,2,2,1007,19817760,8500.2
3,baseline,html_dense,4100,2,3,1007,19817760,8411.7
3,baseline,html_dense,4100,2,4,1007,19817760,8548.0
3,baseline,html_dense,4100,2,5,1007,19817760,8559.3
3,baseline,html_dense,4100,2,6,1007,19817760,8588.9
3,baseline,html_dense,4100,2,7,1007,19817760,8451.7
3,baseline,html_dense,4100,2,8,1007,19817760,8490.5
3,baseline,html_dense,4100,3,0,1007,12386100,9345.5
3,baseline,html_dense,4100,3,1,1007,12386100,9306.3
3,baseline,html_dense,4100,3,2,1007,12386100,9326.7
3,baseline,html_dense,4100,3,3,1007,12386100,9337.5
3,baseline,html_dense,4100,3,4,1007,12386100,9276.7
3,baseline,html_dense,4100,3,5,1007,12386100,9330.1
3,baseline,html_dense,4100,3,6,1007,12386100,9552.3
3,baseline,html_dense,4100,3,7,1007,12386100,9519.6
3,baseline,html_dense,4100,3,8,1007,12386100,9381.1
3,baseline,html_dense,65540,0,0,64,12583680,147035.2
3,baseline,html_dense,65540,0,1,64,12583680,160348.0
3,baseline,html_dense,65540,0,2,64,12583680,146200.3
3,baseline,html_dense,65540,0,3,64,12583680,149620.3
3,baseline,html_dense,65540,0,4,64,12583680,146313.6
3,baseline,html_dense,65540,0,5,64,12583680,150302.3
3,baseline,html_dense,65540,0,6,64,12583680,145263.5
3,baseline,html_dense,65540,0,7,64,12583680,143929.1
3,baseline,html_dense,65540,0,8,64,12583680,147911.3
3,baseline,html_dense,65540,1,0,64,12583680,164601.0
3,baseline,html_dense,65540,1,1,64,12583680,165322.0
3,baseline,html_dense,65540,1,2,64,12583680,166335.3
3,baseline,html_dense,65540,1,3,64,12583680,172425.2
3,baseline,html_dense,65540,1,4,64,12583680,162083.4
3,baseline,html_dense,65540,1,5,64,12583680,158418.3
3,baseline,html_dense,65540,1,6,64,12583680,159903.7
3,baseline,html_dense,65540,1,7,64,12583680,156692.5
3,baseline,html_dense,65540,1,8,64,12583680,160177.0
3,baseline,html_dense,65540,2,0,64,20133888,133906.9
3,baseline,html_dense,65540,2,1,64,20133888,135316.1
3,baseline,html_dense,65540,2,2,64,20133888,131411.1
3,baseline,html_dense,65540,2,3,64,20133888,136705.3
3,baseline,html_dense,65540,2,4,64,20133888,132415.3
3,baseline,html_dense,65540,2,5,64,20133888,132331.8
3,baseline,html_dense,65540,2,6,64,20133888,133229.8
3,baseline,html_dense,65540,2,7,64,20133888,135860.3
3,baseline,html_dense,65540,2,8,64,20133888,144690.2
3,baseline,html_dense,65540,3,0,64,12583680,151070.8
3,baseline,html_dense,65540,3,1,64,12583680,146895.8
3,baseline,html_dense,65540,3,2,64,12583680,147210.3
3,baseline,html_dense,65540,3,3,64,12583680,150721.3
3,baseline,html_dense,65540,3,4,64,12583680,149852.6
3,baseline,html_dense,65540,3,5,64,12583680,146683.0
3,baseline,html_dense,65540,3,6,64,12583680,146452.0
3,baseline,html_dense,65540,3,7,64,12583680,152557.4
3,baseline,html_dense,65540,3,8,64,12583680,146514.7
3,baseline,html_sparse,1,0,0,64527,193581,9.4
3,baseline,html_sparse,1,0,1,64527,193581,9.4
3,baseline,html_sparse,1,0,2,64527,193581,11.3
3,baseline,html_sparse,1,0,3,64527,193581,14.5
3,baseline,html_sparse,1,0,4,64527,193581,9.6
3,baseline,html_sparse,1,0,5,64527,193581,9.4
3,baseline,html_sparse,1,0,6,64527,193581,9.4
3,baseline,html_sparse,1,0,7,64527,193581,9.5
3,baseline,html_sparse,1,0,8,64527,193581,9.4
3,baseline,html_sparse,1,1,0,64527,193581,10.4
3,baseline,html_sparse,1,1,1,64527,193581,10.0
3,baseline,html_sparse,1,1,2,64527,193581,10.2
3,baseline,html_sparse,1,1,3,64527,193581,10.1
3,baseline,html_sparse,1,1,4,64527,193581,10.1
3,baseline,html_sparse,1,1,5,64527,193581,12.4
3,baseline,html_sparse,1,1,6,64527,193581,10.3
3,baseline,html_sparse,1,1,7,64527,193581,10.1
3,baseline,html_sparse,1,1,8,64527,193581,12.6
3,baseline,html_sparse,1,2,0,64527,322635,15.5
3,baseline,html_sparse,1,2,1,64527,322635,18.5
3,baseline,html_sparse,1,2,2,64527,322635,15.5
3,baseline,html_sparse,1,2,3,64527,322635,18.9
3,baseline,html_sparse,1,2,4,64527,322635,15.5
3,baseline,html_sparse,1,2,5,64527,322635,16.0
3,baseline,html_sparse,1,2,6,64527,322635,16.6
3,baseline,html_sparse,1,2,7,64527,322635,15.6
3,baseline,html_sparse,1,2,8,64527,322635,15.5
3,baseline,html_sparse,1,3,0,64527,193581,10.2
3,baseline,html_sparse,1,3,1,64527,193581,10.2
3,baseline,html_sparse,1,3,2,64527,193581,10.2
3,baseline,html_sparse,1,3,3,64527,193581,11.1
3,baseline,html_sparse,1,3,4,64527,193581,11.5
3,baseline,html_sparse,1,3,5,64527,193581,10.2
3,baseline,html_sparse,1,3,6,64527,193581,10.3
3,baseline,html_sparse,1,3,7,64527,193581,10.4
3,baseline,html_sparse,1,3,8,64527,193581,10.1
3,baseline,html_sparse,8,0,0,58254,582540,19.2
3,baseline,html_sparse,8,0,1,58254,582540,20.8
3,baseline,html_sparse,8,0,2,58254,582540,19.5
3,baseline,html_sparse,8,0,3,58254,582540,19.4
3,baseline,html_sparse,8,0,4,58254,582540,19.4
3,baseline,html_sparse,8,0,5,58254,582540,19.3
3,baseline,html_sparse,8,0,6,58254,582540,19.5
3,baseline,html_sparse,8,0,7,58254,582540,19.7
3,baseline,html_sparse,8,0,8,58254,582540,19.8
3,baseline,html_sparse,8,1,0,58254,582540,18.7
3,baseline,html_sparse,8,1,1,58254,582540,18.1
3,baseline,html_sparse,8,1,2,58254,582540,18.3
3,baseline,html_sparse,8,1,3,58254,582540,17.6
3,baseline,html_sparse,8,1,4,58254,582540,17.7
3,baseline,html_sparse,8,1,5,58254,582540,17.2
3,baseline,html_sparse,8,1,6,58254,582540,17.9
3,baseline,html_sparse,8,1,7,58254,582540,18.1
3,baseline,html_sparse,8,1,8,58254,582540,17.6
3,baseline,html_sparse,8,2,0,58254,699048,20.8
3,baseline,html_sparse,8,2,1,58254,699048,22.3
3,baseline,html_sparse,8,2,2,58254,699048,21.5
3,baseline,html_sparse,8,2,3,58254,699048,20.7
3,baseline,html_sparse,8,2,4,58254,699048,21.1
3,baseline,html_sparse,8,2,5,58254,699048,22.0
3,baseline,html_sparse,8,2,6,58254,699048,20.9
3,baseline,html_sparse,8,2,7,58254,699048,21.1
3,baseline,html_sparse,8,2,8,58254,699048,21.2
3,baseline,html_sparse,8,3,0,58254,582540,19.1
3,baseline,html_sparse,8,3,1,58254,582540,17.8
3,baseline,html_sparse,8,3,2,58254,582540,18.2
3,baseline,html_sparse,8,3,3,58254,582540,18.7
3,baseline,html_sparse,8,3,4,58254,582540,17.9
3,baseline,html_sparse,8,3,5,58254,582540,18.0
3,baseline,html_sparse,8,3,6,58254,582540,18.1
3,baseline,html_sparse,8,3,7,58254,582540,22.0
3,baseline,html_sparse,8,3,8,58254,582540,18.9
3,baseline,html_sparse,64,0,0,32768,2162688,94.6
3,baseline,html_sparse,64,0,1,32768,2162688,94.9
3,baseline,html_sparse,64,0,2,32768,2162688,94.4
3,baseline,html_sparse,64,0,3,32768,2162688,95.6
3,baseline,html_sparse,64,0,4,32768,2162688,98.7
3,baseline,html_sparse,64,0,5,32768,2162688,99.3
3,baseline,html_sparse,64,0,6,32768,2162688,95.2
3,baseline,html_sparse,64,0,7,32768,2162688,95.8
3,baseline,html_sparse,64,0,8,32768,2162688,96.1
3,baseline,html_sparse,64,1,0,32768,2162688,92.4
3,baseline,html_sparse,64,1,1,32768,2162688,94.3
3,baseline,html_sparse,64,1,2,32768,2162688,91.4
3,baseline,html_sparse,64,1,3,32768,2162688,91.4
3,baseline,html_sparse,64,1,4,32768,2162688,99.5
3,baseline,html_sparse,64,1,5,32768,2162688,96.0
3,baseline,html_sparse,64,1,6,32768,2162688,91.4
3,baseline,html_sparse,64,1,7,32768,2162688,91.3
3,baseline,html_sparse,64,1,8,32768,2162688,90.7
3,baseline,html_sparse,64,2,0,32768,2228224,62.7
3,baseline,html_sparse,64,2,1,32768,2228224,63.0
3,baseline,html_sparse,64,2,2,32768,2228224,65.4
3,baseline,html_sparse,64,2,3,32768,2228224,64.3
3,baseline,html_sparse,64,2,4,32768,2228224,72.7
3,baseline,html_sparse,64,2,5,32768,2228224,67.2
3,baseline,html_sparse,64,2,6,32768,2228224,65.0
3,baseline,html_sparse,64,2,7,32768,2228224,63.8
3,baseline,html_sparse,64,2,8,32768,2228224,64.3
3,baseline,html_sparse,64,3,0,32768,2162688,89.2
3,baseline,html_sparse,64,3,1,32768,2162688,88.8
3,baseline,html_sparse,64,3,2,32768,2162688,91.2
3,baseline,html_sparse,64,3,3,32768,2162688,89.8
3,baseline,html_sparse,64,3,4,32768,2162688,86.8
3,baseline,html_sparse,64,3,5,32768,2162688,91.0
3,baseline,html_sparse,64,3,6,32768,2162688,91.2
3,baseline,html_sparse,64,3,7,32768,2162688,87.8
3,baseline,html_sparse,64,3,8,32768,2162688,91.2
3,baseline,html_sparse,4096,0,0,1008,4161024,5785.6
3,baseline,html_sparse,4096,0,1,1008,4161024,5382.4
3,baseline,html_sparse,4096,0,2,1008,4161024,5723.7
3,baseline,html_sparse,4096,0,3,1008,4161024,5457.2
3,baseline,html_sparse,4096,0,4,1008,4161024,5391.7
3,baseline,html_sparse,4096,0,5,1008,4161024,5705.5
3,baseline,html_sparse,4096,0,6,1008,4161024,5563.0
3,baseline,html_sparse,4096,0,7,1008,4161024,5462.6
3,baseline,html_sparse,4096,0,8,1008,4161024,5826.1
3,baseline,html_sparse,4096,1,0,1008,4161024,4730.2
3,baseline,html_sparse,4096,1,1,1008,4161024,4848.4
3,baseline,html_sparse,4096,1,2,1008,4161024,4561.1
3,baseline,html_sparse,4096,1,3,1008,4161024,4625.6
3,baseline,html_sparse,4096,1,4,1008,4161024,4862.8
3,baseline,html_sparse,4096,1,5,1008,4161024,4636.5
3,baseline,html_sparse,4096,1,6,1008,4161024,4573.7
3,baseline,html_sparse,4096,1,7,1008,4161024,4699.6
3,baseline,html_sparse,4096,1,8,1008,4161024,4562.9
3,baseline,html_sparse,4096,2,0,1008,4190256,3365.5
3,baseline,html_sparse,4096,2,1,1008,4190256,3190.0
3,baseline,html_sparse,4096,2,2,1008,4190256,3152.9
3,baseline,html_sparse,4096,2,3,1008,4190256,3271.2
3,baseline,html_sparse,4096,2,4,1008,4190256,3168.3
3,baseline,html_sparse,4096,2,5,1008,4190256,3241.6
3,baseline,html_sparse,4096,2,6,1008,4190256,3243.8
3,baseline,html_sparse,4096,2,7,1008,4190256,3163.3
3,baseline,html_sparse,4096,2,8,1008,4190256,3271.4
3,baseline,html_sparse,4096,3,0,1008,4161024,4767.8
3,baseline,html_sparse,4096,3,1,1008,4161024,4685.1
3,baseline,html_sparse,4096,3,2,1008,4161024,4738.3
3,baseline,html_sparse,4096,3,3,1008,4161024,4804.9
3,baseline,html_sparse,4096,3,4,1008,4161024,4721.3
3,baseline,html_sparse,4096,3,5,1008,4161024,4751.4
3,baseline,html_sparse,4096,3,6,1008,4161024,5004.8
3,baseline,html_sparse,4096,3,7,1008,4161024,4734.4
3,baseline,html_sparse,4096,3,8,1008,4161024,4699.4
3,baseline,html_sparse,65536,0,0,64,4227072,85815.4
3,baseline,html_sparse,65536,0,1,64,4227072,89877.3
3,baseline,html_sparse,65536,0,2,64,4227072,85576.8
3,baseline,html_sparse,65536,0,3,64,4227072,85925.0
3,baseline,html_sparse,65536,0,4,64,4227072,86810.5
3,baseline,html_sparse,65536,0,5,64,4227072,85819.0
3,baseline,html_sparse,65536,0,6,64,4227072,86206.2
3,baseline,html_sparse,65536,0,7,64,4227072,90024.4
3,baseline,html_sparse,65536,0,8,64,4227072,85751.7
3,baseline,html_sparse,65536,1,0,64,4227072,73479.1
3,baseline,html_sparse,65536,1,1,64,4227072,72799.4
3,baseline,html_sparse,65536,1,2,64,4227072,72439.6
3,baseline,html_sparse,65536,1,3,64,4227072,74058.0
3,baseline,html_sparse,65536,1,4,64,4227072,73599.2
3,baseline,html_sparse,65536,1,5,64,4227072,72912.0
3,baseline,html_sparse,65536,1,6,64,4227072,73631.2
3,baseline,html_sparse,65536,1,7,64,4227072,72199.3
3,baseline,html_sparse,65536,1,8,64,4227072,72862.8
3,baseline,html_sparse,65536,2,0,64,4256576,52768.4
3,baseline,html_sparse,65536,2,1,64,4256576,52831.7
3,baseline,html_sparse,65536,2,2,64,4256576,52307.6
3,baseline,html_sparse,65536,2,3,64,4256576,52701.5
3,baseline,html_sparse,65536,2,4,64,4256576,53729.1
3,baseline,html_sparse,65536,2,5,64,4256576,54320.5
3,baseline,html_sparse,65536,2,6,64,4256576,52710.5
3,baseline,html_sparse,65536,2,7,64,4256576,52633.4
3,baseline,html_sparse,65536,2,8,64,4256576,53598.6
3,baseline,html_sparse,65536,3,0,64,4227072,77129.2
3,baseline,html_sparse,65536,3,1,64,4227072,75246.0
3,baseline,html_sparse,65536,3,2,64,4227072,75125.7
3,baseline,html_sparse,65536,3,3,64,4227072,76898.0
3,baseline,html_sparse,65536,3,4,64,4227072,77026.7
3,baseline,html_sparse,65536,3,5,64,4227072,80693.2
3,baseline,html_sparse,65536,3,6,64,4227072,79858.9
3,baseline,html_sparse,65536,3,7,64,4227072,76521.4
3,baseline,html_sparse,65536,3,8,64,4227072,75238.4
3,baseline,html_late,1,0,0,64527,193581,9.4
3,baseline,html_late,1,0,1,64527,193581,9.4
3,baseline,html_late,1,0,2,64527,193581,10.1
3,baseline,html_late,1,0,3,64527,193581,13.2
3,baseline,html_late,1,0,4,64527,193581,9.4
3,baseline,html_late,1,0,5,64527,193581,9.6
3,baseline,html_late,1,0,6,64527,193581,9.8
3,baseline,html_late,1,0,7,64527,193581,10.9
3,baseline,html_late,1,0,8,64527,193581,11.1
3,baseline,html_late,1,1,0,64527,193581,11.4
3,baseline,html_late,1,1,1,64527,193581,10.0
3,baseline,html_late,1,1,2,64527,193581,10.5
3,baseline,html_late,1,1,3,64527,193581,10.0
3,baseline,html_late,1,1,4,64527,193581,10.1
3,baseline,html_late,1,1,5,64527,193581,11.0
3,baseline,html_late,1,1,6,64527,193581,10.1
3,baseline,html_late,1,1,7,64527,193581,10.2
3,baseline,html_late,1,1,8,64527,193581,10.8
3,baseline,html_late,1,2,0,64527,322635,14.8
3,baseline,html_late,1,2,1,64527,322635,14.8
3,baseline,html_late,1,2,2,64527,322635,17.8
3,baseline,html_late,1,2,3,64527,322635,14.7
3,baseline,html_late,1,2,4,64527,322635,19.7
3,baseline,html_late,1,2,5,64527,322635,15.0
3,baseline,html_late,1,2,6,64527,322635,14.8
3,baseline,html_late,1,2,7,64527,322635,14.9
3,baseline,html_late,1,2,8,64527,322635,15.4
3,baseline,html_late,1,3,0,64527,193581,10.4
3,baseline,html_late,1,3,1,64527,193581,10.8
3,baseline,html_late,1,3,2,64527,193581,10.1
3,baseline,html_late,1,3,3,64527,193581,10.1
3,baseline,html_late,1,3,4,64527,193581,10.8
3,baseline,html_late,1,3,5,64527,193581,10.1
3,baseline,html_late,1,3,6,64527,193581,11.0
3,baseline,html_late,1,3,7,64527,193581,10.3
3,baseline,html_late,1,3,8,64527,193581,10.2
3,baseline,html_late,8,0,0,58254,582540,18.7
3,baseline,html_late,8,0,1,58254,582540,18.8
3,baseline,html_late,8,0,2,58254,582540,19.7
3,baseline,html_late,8,0,3,58254,582540,19.1
3,baseline,html_late,8,0,4,58254,582540,18.9
3,baseline,html_late,8,0,5,58254,582540,18.8
3,baseline,html_late,8,0,6,58254,582540,18.9
3,baseline,html_late,8,0,7,58254,582540,19.0
3,baseline,html_late,8,0,8,58254,582540,18.9
3,baseline,html_late,8,1,0,58254,582540,17.5
3,baseline,html_late,8,1,1,58254,582540,17.3
3,baseline,html_late,8,1,2,58254,582540,17.3
3,baseline,html_late,8,1,3,58254,582540,17.4
3,baseline,html_late,8,1,4,58254,582540,17.7
3,baseline,html_late,8,1,5,58254,582540,17.3
3,baseline,html_late,8,1,6,58254,582540,17.5
3,baseline,html_late,8,1,7,58254,582540,18.0
3,baseline,html_late,8,1,8,58254,582540,17.9
3,baseline,html_late,8,2,0,58254,699048,20.5
3,baseline,html_late,8,2,1,58254,699048,20.2
3,baseline,html_late,8,2,2,58254,699048,20.7
3,baseline,html_late,8,2,3,58254,699048,20.4
3,baseline,html_late,8,2,4,58254,699048,20.7
3,baseline,html_late,8,2,5,58254,699048,20.5
3,baseline,html_late,8,2,6,58254,699048,21.2
3,baseline,html_late,8,2,7,58254,699048,20.5
3,baseline,html_late,8,2,8,58254,699048,20.4
3,baseline,html_late,8,3,0,58254,582540,18.4
3,baseline,html_late,8,3,1,58254,582540,18.1
3,baseline,html_late,8,3,2,58254,582540,18.6
3,baseline,html_late,8,3,3,58254,582540,19.9
3,baseline,html_late,8,3,4,58254,582540,18.2
3,baseline,html_late,8,3,5,58254,582540,18.3
3,baseline,html_late,8,3,6,58254,582540,18.0
3,baseline,html_late,8,3,7,58254,582540,20.6
3,baseline,html_late,8,3,8,58254,582540,22.8
3,baseline,html_late,64,0,0,32768,2162688,96.3
3,baseline,html_late,64,0,1,32768,2162688,95.8
3,baseline,html_late,64,0,2,32768,2162688,97.0
3,baseline,html_late,64,0,3,32768,2162688,101.3
3,baseline,html_late,64,0,4,32768,2162688,109.7
3,baseline,html_late,64,0,5,32768,2162688,99.4
3,baseline,html_late,64,0,6,32768,2162688,96.2
3,baseline,html_late,64,0,7,32768,2162688,96.2
3,baseline,html_late,64,0,8,32768,2162688,121.2
3,baseline,html_late,64,1,0,32768,2162688,94.9
3,baseline,html_late,64,1,1,32768,2162688,95.3
3,baseline,html_late,64,1,2,32768,2162688,95.1
3,baseline,html_late,64,1,3,32768,2162688,93.8
3,baseline,html_late,64,1,4,32768,2162688,93.8
3,baseline,html_late,64,1,5,32768,2162688,94.9
3,baseline,html_late,64,1,6,32768,2162688,93.5
3,baseline,html_late,64,1,7,32768,2162688,96.5
3,baseline,html_late,64,1,8,32768,2162688,98.9
3,baseline,html_late,64,2,0,32768,2228224,60.4
3,baseline,html_late,64,2,1,32768,2228224,60.9
3,baseline,html_late,64,2,2,32768,2228224,64.6
3,baseline,html_late,64,2,3,32768,2228224,59.8
3,baseline,html_late,64,2,4,32768,2228224,64.5
3,baseline,html_late,64,2,5,32768,2228224,59.3
3,baseline,html_late,64,2,6,32768,2228224,60.2
3,baseline,html_late,64,2,7,32768,2228224,59.7
3,baseline,html_late,64,2,8,32768,2228224,59.7
3,baseline,html_late,64,3,0,32768,2162688,85.5
3,baseline,html_late,64,3,1,32768,2162688,86.3
3,baseline,html_late,64,3,2,32768,2162688,86.6
3,baseline,html_late,64,3,3,32768,2162688,100.0
3,baseline,html_late,64,3,4,32768,2162688,89.9
3,baseline,html_late,64,3,5,32768,2162688,84.6
3,baseline,html_late,64,3,6,32768,2162688,86.0
3,baseline,html_late,64,3,7,32768,2162688,86.3
3,baseline,html_late,64,3,8,32768,2162688,86.1
3,baseline,html_late,4096,0,0,1008,4130784,5287.8
3,baseline,html_late,4096,0,1,1008,4130784,5442.7
3,baseline,html_late,4096,0,2,1008,4130784,5284.5
3,baseline,html_late,4096,0,3,1008,4130784,5326.8
3,baseline,html_late,4096,0,4,1008,4130784,5353.3
3,baseline,html_late,4096,0,5,1008,4130784,5276.7
3,baseline,html_late,4096,0,6,1008,4130784,5321.3
3,baseline,html_late,4096,0,7,1008,4130784,5977.6
3,baseline,html_late,4096,0,8,1008,4130784,5208.9
3,baseline,html_late,4096,1,0,1008,4130784,4695.7
3,baseline,html_late,4096,1,1,1008,4130784,4655.3
3,baseline,html_late,4096,1,2,1008,4130784,4612.2
3,baseline,html_late,4096,1,3,1008,4130784,4830.4
3,baseline,html_late,4096,1,4,1008,4130784,4763.8
3,baseline,html_late,4096,1,5,1008,4130784,4680.4
3,baseline,html_late,4096,1,6,1008,4130784,4639.1
3,baseline,html_late,4096,1,7,1008,4130784,4671.7
3,baseline,html_late,4096,1,8,1008,4130784,4603.1
3,baseline,html_late,4096,2,0,1008,4132800,3324.7
3,baseline,html_late,4096,2,1,1008,4132800,3014.5
3,baseline,html_late,4096,2,2,1008,4132800,3003.5
3,baseline,html_late,4096,2,3,1008,4132800,3013.9
3,baseline,html_late,4096,2,4,1008,4132800,3136.7
3,baseline,html_late,4096,2,5,1008,4132800,3047.5
3,baseline,html_late,4096,2,6,1008,4132800,3048.0
3,baseline,html_late,4096,2,7,1008,4132800,3024.4
3,baseline,html_late,4096,2,8,1008,4132800,3125.7
3,baseline,html_late,4096,3,0,1008,4130784,4516.5
3,baseline,html_late,4096,3,1,1008,4130784,4558.7
3,baseline,html_late,4096,3,2,1008,4130784,4599.2
3,baseline,html_late,4096,3,3,1008,4130784,4533.6
3,baseline,html_late,4096,3,4,1008,4130784,4587.3
3,baseline,html_late,4096,3,5,1008,4130784,4538.1
3,baseline,html_late,4096,3,6,1008,4130784,4684.7
3,baseline,html_late,4096,3,7,1008,4130784,4580.2
3,baseline,html_late,4096,3,8,1008,4130784,4506.2
3,baseline,html_late,65536,0,0,64,4194432,85036.0
3,baseline,html_late,65536,0,1,64,4194432,86354.2
3,baseline,html_late,65536,0,2,64,4194432,86122.5
3,baseline,html_late,65536,0,3,64,4194432,84055.8
3,baseline,html_late,65536,0,4,64,4194432,86664.5
3,baseline,html_late,65536,0,5,64,4194432,85164.5
3,baseline,html_late,65536,0,6,64,4194432,84609.1
3,baseline,html_late,65536,0,7,64,4194432,86187.0
3,baseline,html_late,65536,0,8,64,4194432,85662.3
3,baseline,html_late,65536,1,0,64,4194432,83572.8
3,baseline,html_late,65536,1,1,64,4194432,74414.3
3,baseline,html_late,65536,1,2,64,4194432,74568.5
3,baseline,html_late,65536,1,3,64,4194432,78728.4
3,baseline,html_late,65536,1,4,64,4194432,82825.8
3,baseline,html_late,65536,1,5,64,4194432,75517.6
3,baseline,html_late,65536,1,6,64,4194432,76561.2
3,baseline,html_late,65536,1,7,64,4194432,74453.8
3,baseline,html_late,65536,1,8,64,4194432,74565.7
3,baseline,html_late,65536,2,0,64,4194560,50179.3
3,baseline,html_late,65536,2,1,64,4194560,54142.8
3,baseline,html_late,65536,2,2,64,4194560,48219.4
3,baseline,html_late,65536,2,3,64,4194560,48966.2
3,baseline,html_late,65536,2,4,64,4194560,49159.3
3,baseline,html_late,65536,2,5,64,4194560,48241.5
3,baseline,html_late,65536,2,6,64,4194560,49241.2
3,baseline,html_late,65536,2,7,64,4194560,48251.2
3,baseline,html_late,65536,2,8,64,4194560,48213.7
3,baseline,html_late,65536,3,0,64,4194432,72277.0
3,baseline,html_late,65536,3,1,64,4194432,72089.9
3,baseline,html_late,65536,3,2,64,4194432,73840.6
3,baseline,html_late,65536,3,3,64,4194432,72272.3
3,baseline,html_late,65536,3,4,64,4194432,71536.6
3,baseline,html_late,65536,3,5,64,4194432,72561.4
3,baseline,html_late,65536,3,6,64,4194432,73078.6
3,baseline,html_late,65536,3,7,64,4194432,71205.5
3,baseline,html_late,65536,3,8,64,4194432,73378.3
