round,arm,input,input_bytes,form,trial,calls,output_bytes,ns_per_call
0,baseline,plain,0,0,0,32768,0,13.3
0,baseline,plain,0,0,1,32768,0,12.6
0,baseline,plain,0,0,2,32768,0,13.1
0,baseline,plain,0,0,3,32768,0,12.5
0,baseline,plain,0,0,4,32768,0,12.8
0,baseline,plain,0,0,5,32768,0,12.7
0,baseline,plain,0,0,6,32768,0,15.5
0,baseline,plain,0,1,0,32768,0,14.0
0,baseline,plain,0,1,1,32768,0,14.0
0,baseline,plain,0,1,2,32768,0,14.7
0,baseline,plain,0,1,3,32768,0,14.8
0,baseline,plain,0,1,4,32768,0,16.8
0,baseline,plain,0,1,5,32768,0,15.4
0,baseline,plain,0,1,6,32768,0,14.3
0,baseline,plain,30,0,0,22310,669300,46.7
0,baseline,plain,30,0,1,22310,669300,47.0
0,baseline,plain,30,0,2,22310,669300,48.0
0,baseline,plain,30,0,3,22310,669300,44.9
0,baseline,plain,30,0,4,22310,669300,46.8
0,baseline,plain,30,0,5,22310,669300,48.7
0,baseline,plain,30,0,6,22310,669300,46.4
0,baseline,plain,30,1,0,22310,669300,46.0
0,baseline,plain,30,1,1,22310,669300,51.0
0,baseline,plain,30,1,2,22310,669300,49.5
0,baseline,plain,30,1,3,22310,669300,46.0
0,baseline,plain,30,1,4,22310,669300,46.8
0,baseline,plain,30,1,5,22310,669300,47.2
0,baseline,plain,30,1,6,22310,669300,50.5
0,baseline,plain,90,0,0,13617,1225530,26.1
0,baseline,plain,90,0,1,13617,1225530,26.9
0,baseline,plain,90,0,2,13617,1225530,26.1
0,baseline,plain,90,0,3,13617,1225530,27.2
0,baseline,plain,90,0,4,13617,1225530,26.1
0,baseline,plain,90,0,5,13617,1225530,27.2
0,baseline,plain,90,0,6,13617,1225530,26.1
0,baseline,plain,90,1,0,13617,1225530,29.5
0,baseline,plain,90,1,1,13617,1225530,28.9
0,baseline,plain,90,1,2,13617,1225530,29.5
0,baseline,plain,90,1,3,13617,1225530,28.9
0,baseline,plain,90,1,4,13617,1225530,29.0
0,baseline,plain,90,1,5,13617,1225530,33.2
0,baseline,plain,90,1,6,13617,1225530,29.5
0,baseline,plain,4110,0,0,502,2063220,78.5
0,baseline,plain,4110,0,1,502,2063220,78.4
0,baseline,plain,4110,0,2,502,2063220,78.3
0,baseline,plain,4110,0,3,502,2063220,78.3
0,baseline,plain,4110,0,4,502,2063220,78.6
0,baseline,plain,4110,0,5,502,2063220,78.5
0,baseline,plain,4110,0,6,502,2063220,78.5
0,baseline,plain,4110,1,0,502,2063220,92.2
0,baseline,plain,4110,1,1,502,2063220,92.0
0,baseline,plain,4110,1,2,502,2063220,92.3
0,baseline,plain,4110,1,3,502,2063220,92.3
0,baseline,plain,4110,1,4,502,2063220,92.3
0,baseline,plain,4110,1,5,502,2063220,92.3
0,baseline,plain,4110,1,6,502,2063220,92.4
0,baseline,plain,65550,0,0,64,4195200,1241.6
0,baseline,plain,65550,0,1,64,4195200,1240.4
0,baseline,plain,65550,0,2,64,4195200,1239.6
0,baseline,plain,65550,0,3,64,4195200,1240.4
0,baseline,plain,65550,0,4,64,4195200,1239.0
0,baseline,plain,65550,0,5,64,4195200,1397.1
0,baseline,plain,65550,0,6,64,4195200,1240.9
0,baseline,plain,65550,1,0,64,4195200,1409.2
0,baseline,plain,65550,1,1,64,4195200,1409.3
0,baseline,plain,65550,1,2,64,4195200,1409.5
0,baseline,plain,65550,1,3,64,4195200,1407.8
0,baseline,plain,65550,1,4,64,4195200,1569.0
0,baseline,plain,65550,1,5,64,4195200,1405.4
0,baseline,plain,65550,1,6,64,4195200,1407.3
0,baseline,sparse,53,0,0,17924,914124,63.6
0,baseline,sparse,53,0,1,17924,914124,64.0
0,baseline,sparse,53,0,2,17924,914124,65.3
0,baseline,sparse,53,0,3,17924,914124,64.3
0,baseline,sparse,53,0,4,17924,914124,63.9
0,baseline,sparse,53,0,5,17924,914124,64.2
0,baseline,sparse,53,0,6,17924,914124,66.1
0,baseline,sparse,53,1,0,17924,914124,68.4
0,baseline,sparse,53,1,1,17924,914124,73.3
0,baseline,sparse,53,1,2,17924,914124,69.1
0,baseline,sparse,53,1,3,17924,914124,72.5
0,baseline,sparse,53,1,4,17924,914124,73.2
0,baseline,sparse,53,1,5,17924,914124,70.2
0,baseline,sparse,53,1,6,17924,914124,75.2
0,baseline,sparse,106,0,0,12336,1258272,92.5
0,baseline,sparse,106,0,1,12336,1258272,90.4
0,baseline,sparse,106,0,2,12336,1258272,89.0
0,baseline,sparse,106,0,3,12336,1258272,92.9
0,baseline,sparse,106,0,4,12336,1258272,95.3
0,baseline,sparse,106,0,5,12336,1258272,89.6
0,baseline,sparse,106,0,6,12336,1258272,91.7
0,baseline,sparse,106,1,0,12336,1258272,95.3
0,baseline,sparse,106,1,1,12336,1258272,91.4
0,baseline,sparse,106,1,2,12336,1258272,95.5
0,baseline,sparse,106,1,3,12336,1258272,92.2
0,baseline,sparse,106,1,4,12336,1258272,93.8
0,baseline,sparse,106,1,5,12336,1258272,91.8
0,baseline,sparse,106,1,6,12336,1258272,91.6
0,baseline,sparse,4134,0,0,499,1985022,3706.9
0,baseline,sparse,4134,0,1,499,1985022,3667.6
0,baseline,sparse,4134,0,2,499,1985022,3735.8
0,baseline,sparse,4134,0,3,499,1985022,3687.1
0,baseline,sparse,4134,0,4,499,1985022,3732.3
0,baseline,sparse,4134,0,5,499,1985022,3683.9
0,baseline,sparse,4134,0,6,499,1985022,3830.2
0,baseline,sparse,4134,1,0,499,1985022,3824.3
0,baseline,sparse,4134,1,1,499,1985022,3830.3
0,baseline,sparse,4134,1,2,499,1985022,4175.6
0,baseline,sparse,4134,1,3,499,1985022,4014.0
0,baseline,sparse,4134,1,4,499,1985022,3815.5
0,baseline,sparse,4134,1,5,499,1985022,3847.4
0,baseline,sparse,4134,1,6,499,1985022,3829.2
0,baseline,sparse,65561,0,0,64,4037568,59962.9
0,baseline,sparse,65561,0,1,64,4037568,58891.6
0,baseline,sparse,65561,0,2,64,4037568,60192.2
0,baseline,sparse,65561,0,3,64,4037568,59067.2
0,baseline,sparse,65561,0,4,64,4037568,60623.6
0,baseline,sparse,65561,0,5,64,4037568,58949.8
0,baseline,sparse,65561,0,6,64,4037568,59632.8
0,baseline,sparse,65561,1,0,64,4037568,71996.8
0,baseline,sparse,65561,1,1,64,4037568,61566.3
0,baseline,sparse,65561,1,2,64,4037568,61415.1
0,baseline,sparse,65561,1,3,64,4037568,62542.5
0,baseline,sparse,65561,1,4,64,4037568,61949.3
0,baseline,sparse,65561,1,5,64,4037568,61813.7
0,baseline,sparse,65561,1,6,64,4037568,61533.5
0,baseline,dense,12,0,0,27594,110376,24.9
0,baseline,dense,12,0,1,27594,110376,23.6
0,baseline,dense,12,0,2,27594,110376,25.1
0,baseline,dense,12,0,3,27594,110376,23.1
0,baseline,dense,12,0,4,27594,110376,24.1
0,baseline,dense,12,0,5,27594,110376,23.3
0,baseline,dense,12,0,6,27594,110376,23.5
0,baseline,dense,12,1,0,27594,110376,23.0
0,baseline,dense,12,1,1,27594,110376,27.5
0,baseline,dense,12,1,2,27594,110376,23.4
0,baseline,dense,12,1,3,27594,110376,23.0
0,baseline,dense,12,1,4,27594,110376,23.0
0,baseline,dense,12,1,5,27594,110376,23.7
0,baseline,dense,12,1,6,27594,110376,23.5
0,baseline,dense,72,0,0,15420,370080,50.4
0,baseline,dense,72,0,1,15420,370080,50.6
0,baseline,dense,72,0,2,15420,370080,50.0
0,baseline,dense,72,0,3,15420,370080,48.7
0,baseline,dense,72,0,4,15420,370080,50.9
0,baseline,dense,72,0,5,15420,370080,65.1
0,baseline,dense,72,0,6,15420,370080,51.3
0,baseline,dense,72,1,0,15420,370080,47.7
0,baseline,dense,72,1,1,15420,370080,48.0
0,baseline,dense,72,1,2,15420,370080,47.5
0,baseline,dense,72,1,3,15420,370080,49.1
0,baseline,dense,72,1,4,15420,370080,48.7
0,baseline,dense,72,1,5,15420,370080,48.0
0,baseline,dense,72,1,6,15420,370080,48.2
0,baseline,dense,4104,0,0,503,688104,1575.1
0,baseline,dense,4104,0,1,503,688104,1592.4
0,baseline,dense,4104,0,2,503,688104,1660.3
0,baseline,dense,4104,0,3,503,688104,1598.7
0,baseline,dense,4104,0,4,503,688104,1601.5
0,baseline,dense,4104,0,5,503,688104,1596.6
0,baseline,dense,4104,0,6,503,688104,1637.2
0,baseline,dense,4104,1,0,503,688104,1648.6
0,baseline,dense,4104,1,1,503,688104,1646.5
0,baseline,dense,4104,1,2,503,688104,1667.7
0,baseline,dense,4104,1,3,503,688104,1652.4
0,baseline,dense,4104,1,4,503,688104,1670.4
0,baseline,dense,4104,1,5,503,688104,1654.9
0,baseline,dense,4104,1,6,503,688104,1665.2
0,baseline,dense,65544,0,0,64,1398272,26892.2
0,baseline,dense,65544,0,1,64,1398272,25735.2
0,baseline,dense,65544,0,2,64,1398272,25592.8
0,baseline,dense,65544,0,3,64,1398272,25992.8
0,baseline,dense,65544,0,4,64,1398272,25547.6
0,baseline,dense,65544,0,5,64,1398272,26318.1
0,baseline,dense,65544,0,6,64,1398272,25814.8
0,baseline,dense,65544,1,0,64,1398272,26991.1
0,baseline,dense,65544,1,1,64,1398272,26135.8
0,baseline,dense,65544,1,2,64,1398272,26220.0
0,baseline,dense,65544,1,3,64,1398272,26374.4
0,baseline,dense,65544,1,4,64,1398272,26030.3
0,baseline,dense,65544,1,5,64,1398272,26126.7
0,baseline,dense,65544,1,6,64,1398272,26272.2
0,baseline,plus,8,0,0,29127,233016,26.0
0,baseline,plus,8,0,1,29127,233016,26.6
0,baseline,plus,8,0,2,29127,233016,26.9
0,baseline,plus,8,0,3,29127,233016,25.9
0,baseline,plus,8,0,4,29127,233016,25.8
0,baseline,plus,8,0,5,29127,233016,25.9
0,baseline,plus,8,0,6,29127,233016,25.8
0,baseline,plus,8,1,0,29127,233016,25.5
0,baseline,plus,8,1,1,29127,233016,25.8
0,baseline,plus,8,1,2,29127,233016,26.2
0,baseline,plus,8,1,3,29127,233016,25.9
0,baseline,plus,8,1,4,29127,233016,26.1
0,baseline,plus,8,1,5,29127,233016,26.0
0,baseline,plus,8,1,6,29127,233016,25.9
0,baseline,plus,64,0,0,16384,1048576,25.4
0,baseline,plus,64,0,1,16384,1048576,26.0
0,baseline,plus,64,0,2,16384,1048576,26.5
0,baseline,plus,64,0,3,16384,1048576,25.5
0,baseline,plus,64,0,4,16384,1048576,26.0
0,baseline,plus,64,0,5,16384,1048576,25.4
0,baseline,plus,64,0,6,16384,1048576,26.0
0,baseline,plus,64,1,0,16384,1048576,78.6
0,baseline,plus,64,1,1,16384,1048576,79.9
0,baseline,plus,64,1,2,16384,1048576,78.8
0,baseline,plus,64,1,3,16384,1048576,78.4
0,baseline,plus,64,1,4,16384,1048576,79.8
0,baseline,plus,64,1,5,16384,1048576,80.3
0,baseline,plus,64,1,6,16384,1048576,84.4
0,baseline,plus,4096,0,0,504,2064384,80.4
0,baseline,plus,4096,0,1,504,2064384,80.4
0,baseline,plus,4096,0,2,504,2064384,80.7
0,baseline,plus,4096,0,3,504,2064384,81.1
0,baseline,plus,4096,0,4,504,2064384,80.7
0,baseline,plus,4096,0,5,504,2064384,80.7
0,baseline,plus,4096,0,6,504,2064384,80.8
0,baseline,plus,4096,1,0,504,2064384,3760.5
0,baseline,plus,4096,1,1,504,2064384,4034.9
0,baseline,plus,4096,1,2,504,2064384,3873.8
0,baseline,plus,4096,1,3,504,2064384,3832.8
0,baseline,plus,4096,1,4,504,2064384,3786.7
0,baseline,plus,4096,1,5,504,2064384,3945.6
0,baseline,plus,4096,1,6,504,2064384,3768.5
0,baseline,plus,65536,0,0,64,4194304,1229.1
0,baseline,plus,65536,0,1,64,4194304,1229.6
0,baseline,plus,65536,0,2,64,4194304,1227.7
0,baseline,plus,65536,0,3,64,4194304,1229.5
0,baseline,plus,65536,0,4,64,4194304,1228.2
0,baseline,plus,65536,0,5,64,4194304,1226.6
0,baseline,plus,65536,0,6,64,4194304,1227.4
0,baseline,plus,65536,1,0,64,4194304,60482.7
0,baseline,plus,65536,1,1,64,4194304,61975.6
0,baseline,plus,65536,1,2,64,4194304,60505.2
0,baseline,plus,65536,1,3,64,4194304,60215.1
0,baseline,plus,65536,1,4,64,4194304,60352.2
0,baseline,plus,65536,1,5,64,4194304,61988.2
0,baseline,plus,65536,1,6,64,4194304,60672.7
0,baseline,mixed,10,0,0,28339,170034,24.4
0,baseline,mixed,10,0,1,28339,170034,24.2
0,baseline,mixed,10,0,2,28339,170034,24.2
0,baseline,mixed,10,0,3,28339,170034,23.9
0,baseline,mixed,10,0,4,28339,170034,24.2
0,baseline,mixed,10,0,5,28339,170034,27.1
0,baseline,mixed,10,0,6,28339,170034,36.7
0,baseline,mixed,10,1,0,28339,170034,23.8
0,baseline,mixed,10,1,1,28339,170034,24.2
0,baseline,mixed,10,1,2,28339,170034,24.2
0,baseline,mixed,10,1,3,28339,170034,24.1
0,baseline,mixed,10,1,4,28339,170034,23.8
0,baseline,mixed,10,1,5,28339,170034,24.9
0,baseline,mixed,10,1,6,28339,170034,24.8
0,baseline,mixed,70,0,0,15650,657300,73.4
0,baseline,mixed,70,0,1,15650,657300,62.8
0,baseline,mixed,70,0,2,15650,657300,62.7
0,baseline,mixed,70,0,3,15650,657300,60.3
0,baseline,mixed,70,0,4,15650,657300,62.2
0,baseline,mixed,70,0,5,15650,657300,63.6
0,baseline,mixed,70,0,6,15650,657300,63.9
0,baseline,mixed,70,1,0,15650,657300,60.7
0,baseline,mixed,70,1,1,15650,657300,73.6
0,baseline,mixed,70,1,2,15650,657300,62.9
0,baseline,mixed,70,1,3,15650,657300,61.8
0,baseline,mixed,70,1,4,15650,657300,60.8
0,baseline,mixed,70,1,5,15650,657300,62.5
0,baseline,mixed,70,1,6,15650,657300,60.8
0,baseline,mixed,4100,0,0,503,1237380,2530.1
0,baseline,mixed,4100,0,1,503,1237380,2576.7
0,baseline,mixed,4100,0,2,503,1237380,2529.0
0,baseline,mixed,4100,0,3,503,1237380,2529.0
0,baseline,mixed,4100,0,4,503,1237380,2493.8
0,baseline,mixed,4100,0,5,503,1237380,2534.7
0,baseline,mixed,4100,0,6,503,1237380,2568.7
0,baseline,mixed,4100,1,0,503,1237380,2641.4
0,baseline,mixed,4100,1,1,503,1237380,2685.6
0,baseline,mixed,4100,1,2,503,1237380,2683.9
0,baseline,mixed,4100,1,3,503,1237380,2732.4
0,baseline,mixed,4100,1,4,503,1237380,2767.9
0,baseline,mixed,4100,1,5,503,1237380,2730.1
0,baseline,mixed,4100,1,6,503,1237380,2727.1
0,baseline,mixed,65540,0,0,64,2516736,40935.6
0,baseline,mixed,65540,0,1,64,2516736,40241.0
0,baseline,mixed,65540,0,2,64,2516736,40477.9
0,baseline,mixed,65540,0,3,64,2516736,40601.4
0,baseline,mixed,65540,0,4,64,2516736,40325.1
0,baseline,mixed,65540,0,5,64,2516736,41834.7
0,baseline,mixed,65540,0,6,64,2516736,41712.2
0,baseline,mixed,65540,1,0,64,2516736,40881.5
0,baseline,mixed,65540,1,1,64,2516736,41672.7
0,baseline,mixed,65540,1,2,64,2516736,41043.0
0,baseline,mixed,65540,1,3,64,2516736,41260.8
0,baseline,mixed,65540,1,4,64,2516736,40958.0
0,baseline,mixed,65540,1,5,64,2516736,40410.7
0,baseline,mixed,65540,1,6,64,2516736,41584.2
0,baseline,late_escape,8,0,0,29127,174762,24.8
0,baseline,late_escape,8,0,1,29127,174762,24.5
0,baseline,late_escape,8,0,2,29127,174762,24.2
0,baseline,late_escape,8,0,3,29127,174762,24.5
0,baseline,late_escape,8,0,4,29127,174762,23.7
0,baseline,late_escape,8,0,5,29127,174762,26.8
0,baseline,late_escape,8,0,6,29127,174762,25.3
0,baseline,late_escape,8,1,0,29127,174762,26.3
0,baseline,late_escape,8,1,1,29127,174762,25.0
0,baseline,late_escape,8,1,2,29127,174762,24.9
0,baseline,late_escape,8,1,3,29127,174762,25.6
0,baseline,late_escape,8,1,4,29127,174762,27.5
0,baseline,late_escape,8,1,5,29127,174762,26.5
0,baseline,late_escape,8,1,6,29127,174762,25.9
0,baseline,late_escape,64,0,0,16384,1015808,33.0
0,baseline,late_escape,64,0,1,16384,1015808,32.8
0,baseline,late_escape,64,0,2,16384,1015808,33.3
0,baseline,late_escape,64,0,3,16384,1015808,32.6
0,baseline,late_escape,64,0,4,16384,1015808,33.6
0,baseline,late_escape,64,0,5,16384,1015808,33.5
0,baseline,late_escape,64,0,6,16384,1015808,34.0
0,baseline,late_escape,64,1,0,16384,1015808,34.1
0,baseline,late_escape,64,1,1,16384,1015808,34.2
0,baseline,late_escape,64,1,2,16384,1015808,34.1
0,baseline,late_escape,64,1,3,16384,1015808,35.4
0,baseline,late_escape,64,1,4,16384,1015808,34.5
0,baseline,late_escape,64,1,5,16384,1015808,34.3
0,baseline,late_escape,64,1,6,16384,1015808,34.8
0,baseline,late_escape,4096,0,0,504,2063376,83.9
0,baseline,late_escape,4096,0,1,504,2063376,83.9
0,baseline,late_escape,4096,0,2,504,2063376,83.9
0,baseline,late_escape,4096,0,3,504,2063376,83.8
0,baseline,late_escape,4096,0,4,504,2063376,83.8
0,baseline,late_escape,4096,0,5,504,2063376,83.4
0,baseline,late_escape,4096,0,6,504,2063376,83.4
0,baseline,late_escape,4096,1,0,504,2063376,98.9
0,baseline,late_escape,4096,1,1,504,2063376,98.9
0,baseline,late_escape,4096,1,2,504,2063376,98.8
0,baseline,late_escape,4096,1,3,504,2063376,99.0
0,baseline,late_escape,4096,1,4,504,2063376,98.8
0,baseline,late_escape,4096,1,5,504,2063376,119.4
0,baseline,late_escape,4096,1,6,504,2063376,98.9
0,baseline,late_escape,65536,0,0,64,4194176,1266.0
0,baseline,late_escape,65536,0,1,64,4194176,1264.9
0,baseline,late_escape,65536,0,2,64,4194176,1264.6
0,baseline,late_escape,65536,0,3,64,4194176,1263.8
0,baseline,late_escape,65536,0,4,64,4194176,1764.5
0,baseline,late_escape,65536,0,5,64,4194176,1267.1
0,baseline,late_escape,65536,0,6,64,4194176,1266.0
0,baseline,late_escape,65536,1,0,64,4194176,1377.0
0,baseline,late_escape,65536,1,1,64,4194176,1378.2
0,baseline,late_escape,65536,1,2,64,4194176,1377.4
0,baseline,late_escape,65536,1,3,64,4194176,1573.8
0,baseline,late_escape,65536,1,4,64,4194176,1377.9
0,baseline,late_escape,65536,1,5,64,4194176,1380.9
0,baseline,late_escape,65536,1,6,64,4194176,1379.3
0,baseline,early_escape,8,0,0,29127,174762,24.4
0,baseline,early_escape,8,0,1,29127,174762,24.1
0,baseline,early_escape,8,0,2,29127,174762,24.2
0,baseline,early_escape,8,0,3,29127,174762,24.1
0,baseline,early_escape,8,0,4,29127,174762,24.5
0,baseline,early_escape,8,0,5,29127,174762,24.9
0,baseline,early_escape,8,0,6,29127,174762,24.2
0,baseline,early_escape,8,1,0,29127,174762,24.7
0,baseline,early_escape,8,1,1,29127,174762,24.6
0,baseline,early_escape,8,1,2,29127,174762,24.4
0,baseline,early_escape,8,1,3,29127,174762,24.3
0,baseline,early_escape,8,1,4,29127,174762,26.3
0,baseline,early_escape,8,1,5,29127,174762,25.0
0,baseline,early_escape,8,1,6,29127,174762,25.0
0,baseline,early_escape,64,0,0,16384,1015808,76.4
0,baseline,early_escape,64,0,1,16384,1015808,76.2
0,baseline,early_escape,64,0,2,16384,1015808,77.2
0,baseline,early_escape,64,0,3,16384,1015808,75.8
0,baseline,early_escape,64,0,4,16384,1015808,77.1
0,baseline,early_escape,64,0,5,16384,1015808,79.8
0,baseline,early_escape,64,0,6,16384,1015808,81.0
0,baseline,early_escape,64,1,0,16384,1015808,79.9
0,baseline,early_escape,64,1,1,16384,1015808,78.2
0,baseline,early_escape,64,1,2,16384,1015808,79.3
0,baseline,early_escape,64,1,3,16384,1015808,81.0
0,baseline,early_escape,64,1,4,16384,1015808,78.1
0,baseline,early_escape,64,1,5,16384,1015808,77.4
0,baseline,early_escape,64,1,6,16384,1015808,81.9
0,baseline,early_escape,4096,0,0,504,2063376,3769.6
0,baseline,early_escape,4096,0,1,504,2063376,3735.3
0,baseline,early_escape,4096,0,2,504,2063376,3782.1
0,baseline,early_escape,4096,0,3,504,2063376,3735.7
0,baseline,early_escape,4096,0,4,504,2063376,3728.2
0,baseline,early_escape,4096,0,5,504,2063376,3724.9
0,baseline,early_escape,4096,0,6,504,2063376,3734.8
0,baseline,early_escape,4096,1,0,504,2063376,3909.2
0,baseline,early_escape,4096,1,1,504,2063376,3830.2
0,baseline,early_escape,4096,1,2,504,2063376,3772.2
0,baseline,early_escape,4096,1,3,504,2063376,3782.7
0,baseline,early_escape,4096,1,4,504,2063376,3833.1
0,baseline,early_escape,4096,1,5,504,2063376,3826.7
0,baseline,early_escape,4096,1,6,504,2063376,3803.3
0,baseline,early_escape,65536,0,0,64,4194176,60100.7
0,baseline,early_escape,65536,0,1,64,4194176,60103.7
0,baseline,early_escape,65536,0,2,64,4194176,60456.4
0,baseline,early_escape,65536,0,3,64,4194176,62393.5
0,baseline,early_escape,65536,0,4,64,4194176,60587.6
0,baseline,early_escape,65536,0,5,64,4194176,59989.0
0,baseline,early_escape,65536,0,6,64,4194176,59849.9
0,baseline,early_escape,65536,1,0,64,4194176,62476.8
0,baseline,early_escape,65536,1,1,64,4194176,63250.3
0,baseline,early_escape,65536,1,2,64,4194176,67296.1
0,baseline,early_escape,65536,1,3,64,4194176,63727.1
0,baseline,early_escape,65536,1,4,64,4194176,63150.0
0,baseline,early_escape,65536,1,5,64,4194176,63290.3
0,baseline,early_escape,65536,1,6,64,4194176,62720.4
0,baseline,repeated_runs,8,0,0,29127,174762,23.9
0,baseline,repeated_runs,8,0,1,29127,174762,24.1
0,baseline,repeated_runs,8,0,2,29127,174762,24.0
0,baseline,repeated_runs,8,0,3,29127,174762,24.0
0,baseline,repeated_runs,8,0,4,29127,174762,24.2
0,baseline,repeated_runs,8,0,5,29127,174762,24.5
0,baseline,repeated_runs,8,0,6,29127,174762,24.0
0,baseline,repeated_runs,8,1,0,29127,174762,23.8
0,baseline,repeated_runs,8,1,1,29127,174762,23.5
0,baseline,repeated_runs,8,1,2,29127,174762,23.6
0,baseline,repeated_runs,8,1,3,29127,174762,24.2
0,baseline,repeated_runs,8,1,4,29127,174762,26.6
0,baseline,repeated_runs,8,1,5,29127,174762,23.7
0,baseline,repeated_runs,8,1,6,29127,174762,24.3
0,baseline,repeated_runs,64,0,0,16384,1015808,78.7
0,baseline,repeated_runs,64,0,1,16384,1015808,78.0
0,baseline,repeated_runs,64,0,2,16384,1015808,76.9
0,baseline,repeated_runs,64,0,3,16384,1015808,77.0
0,baseline,repeated_runs,64,0,4,16384,1015808,79.2
0,baseline,repeated_runs,64,0,5,16384,1015808,77.7
0,baseline,repeated_runs,64,0,6,16384,1015808,76.8
0,baseline,repeated_runs,64,1,0,16384,1015808,77.8
0,baseline,repeated_runs,64,1,1,16384,1015808,77.3
0,baseline,repeated_runs,64,1,2,16384,1015808,76.6
0,baseline,repeated_runs,64,1,3,16384,1015808,77.4
0,baseline,repeated_runs,64,1,4,16384,1015808,77.4
0,baseline,repeated_runs,64,1,5,16384,1015808,76.7
0,baseline,repeated_runs,64,1,6,16384,1015808,81.8
0,baseline,repeated_runs,4096,0,0,504,2048256,3806.5
0,baseline,repeated_runs,4096,0,1,504,2048256,3719.6
0,baseline,repeated_runs,4096,0,2,504,2048256,3817.8
0,baseline,repeated_runs,4096,0,3,504,2048256,3749.9
0,baseline,repeated_runs,4096,0,4,504,2048256,3754.7
0,baseline,repeated_runs,4096,0,5,504,2048256,3738.7
0,baseline,repeated_runs,4096,0,6,504,2048256,3757.6
0,baseline,repeated_runs,4096,1,0,504,2048256,3763.2
0,baseline,repeated_runs,4096,1,1,504,2048256,3798.4
0,baseline,repeated_runs,4096,1,2,504,2048256,3797.2
0,baseline,repeated_runs,4096,1,3,504,2048256,3786.4
0,baseline,repeated_runs,4096,1,4,504,2048256,3812.1
0,baseline,repeated_runs,4096,1,5,504,2048256,3900.7
0,baseline,repeated_runs,4096,1,6,504,2048256,3833.8
0,baseline,repeated_runs,65536,0,0,64,4161536,61727.9
0,baseline,repeated_runs,65536,0,1,64,4161536,60324.3
0,baseline,repeated_runs,65536,0,2,64,4161536,60917.3
0,baseline,repeated_runs,65536,0,3,64,4161536,60224.6
0,baseline,repeated_runs,65536,0,4,64,4161536,61015.2
0,baseline,repeated_runs,65536,0,5,64,4161536,60229.3
0,baseline,repeated_runs,65536,0,6,64,4161536,61636.3
0,baseline,repeated_runs,65536,1,0,64,4161536,61580.8
0,baseline,repeated_runs,65536,1,1,64,4161536,63124.8
0,baseline,repeated_runs,65536,1,2,64,4161536,62802.1
0,baseline,repeated_runs,65536,1,3,64,4161536,61482.2
0,baseline,repeated_runs,65536,1,4,64,4161536,61814.1
0,baseline,repeated_runs,65536,1,5,64,4161536,62676.2
0,baseline,repeated_runs,65536,1,6,64,4161536,61640.5
1,candidate,plain,0,0,0,32768,0,12.9
1,candidate,plain,0,0,1,32768,0,12.7
1,candidate,plain,0,0,2,32768,0,12.8
1,candidate,plain,0,0,3,32768,0,12.7
1,candidate,plain,0,0,4,32768,0,13.2
1,candidate,plain,0,0,5,32768,0,12.9
1,candidate,plain,0,0,6,32768,0,12.7
1,candidate,plain,0,1,0,32768,0,16.3
1,candidate,plain,0,1,1,32768,0,16.9
1,candidate,plain,0,1,2,32768,0,16.2
1,candidate,plain,0,1,3,32768,0,16.1
1,candidate,plain,0,1,4,32768,0,16.3
1,candidate,plain,0,1,5,32768,0,15.9
1,candidate,plain,0,1,6,32768,0,16.0
1,candidate,plain,30,0,0,22310,669300,49.3
1,candidate,plain,30,0,1,22310,669300,46.7
1,candidate,plain,30,0,2,22310,669300,44.2
1,candidate,plain,30,0,3,22310,669300,44.5
1,candidate,plain,30,0,4,22310,669300,43.9
1,candidate,plain,30,0,5,22310,669300,45.6
1,candidate,plain,30,0,6,22310,669300,44.4
1,candidate,plain,30,1,0,22310,669300,46.7
1,candidate,plain,30,1,1,22310,669300,46.4
1,candidate,plain,30,1,2,22310,669300,51.3
1,candidate,plain,30,1,3,22310,669300,47.6
1,candidate,plain,30,1,4,22310,669300,47.5
1,candidate,plain,30,1,5,22310,669300,48.3
1,candidate,plain,30,1,6,22310,669300,47.5
1,candidate,plain,90,0,0,13617,1225530,26.8
1,candidate,plain,90,0,1,13617,1225530,26.4
1,candidate,plain,90,0,2,13617,1225530,26.1
1,candidate,plain,90,0,3,13617,1225530,27.0
1,candidate,plain,90,0,4,13617,1225530,26.0
1,candidate,plain,90,0,5,13617,1225530,26.2
1,candidate,plain,90,0,6,13617,1225530,26.2
1,candidate,plain,90,1,0,13617,1225530,29.9
1,candidate,plain,90,1,1,13617,1225530,32.1
1,candidate,plain,90,1,2,13617,1225530,29.1
1,candidate,plain,90,1,3,13617,1225530,29.6
1,candidate,plain,90,1,4,13617,1225530,29.2
1,candidate,plain,90,1,5,13617,1225530,29.9
1,candidate,plain,90,1,6,13617,1225530,29.6
1,candidate,plain,4110,0,0,502,2063220,83.1
1,candidate,plain,4110,0,1,502,2063220,83.4
1,candidate,plain,4110,0,2,502,2063220,83.5
1,candidate,plain,4110,0,3,502,2063220,83.3
1,candidate,plain,4110,0,4,502,2063220,83.5
1,candidate,plain,4110,0,5,502,2063220,83.6
1,candidate,plain,4110,0,6,502,2063220,83.3
1,candidate,plain,4110,1,0,502,2063220,94.2
1,candidate,plain,4110,1,1,502,2063220,94.4
1,candidate,plain,4110,1,2,502,2063220,94.6
1,candidate,plain,4110,1,3,502,2063220,95.0
1,candidate,plain,4110,1,4,502,2063220,94.8
1,candidate,plain,4110,1,5,502,2063220,94.8
1,candidate,plain,4110,1,6,502,2063220,94.8
1,candidate,plain,65550,0,0,64,4195200,1250.6
1,candidate,plain,65550,0,1,64,4195200,1250.4
1,candidate,plain,65550,0,2,64,4195200,1249.5
1,candidate,plain,65550,0,3,64,4195200,1248.2
1,candidate,plain,65550,0,4,64,4195200,1248.0
1,candidate,plain,65550,0,5,64,4195200,1248.7
1,candidate,plain,65550,0,6,64,4195200,1248.0
1,candidate,plain,65550,1,0,64,4195200,1453.1
1,candidate,plain,65550,1,1,64,4195200,1454.2
1,candidate,plain,65550,1,2,64,4195200,1942.5
1,candidate,plain,65550,1,3,64,4195200,1455.9
1,candidate,plain,65550,1,4,64,4195200,1456.2
1,candidate,plain,65550,1,5,64,4195200,1856.8
1,candidate,plain,65550,1,6,64,4195200,1458.2
1,candidate,sparse,53,0,0,17924,914124,63.6
1,candidate,sparse,53,0,1,17924,914124,63.2
1,candidate,sparse,53,0,2,17924,914124,63.3
1,candidate,sparse,53,0,3,17924,914124,63.1
1,candidate,sparse,53,0,4,17924,914124,64.5
1,candidate,sparse,53,0,5,17924,914124,62.8
1,candidate,sparse,53,0,6,17924,914124,63.9
1,candidate,sparse,53,1,0,17924,914124,69.8
1,candidate,sparse,53,1,1,17924,914124,71.8
1,candidate,sparse,53,1,2,17924,914124,73.4
1,candidate,sparse,53,1,3,17924,914124,69.5
1,candidate,sparse,53,1,4,17924,914124,71.0
1,candidate,sparse,53,1,5,17924,914124,74.1
1,candidate,sparse,53,1,6,17924,914124,75.9
1,candidate,sparse,106,0,0,12336,1258272,91.6
1,candidate,sparse,106,0,1,12336,1258272,91.5
1,candidate,sparse,106,0,2,12336,1258272,96.1
1,candidate,sparse,106,0,3,12336,1258272,91.3
1,candidate,sparse,106,0,4,12336,1258272,92.2
1,candidate,sparse,106,0,5,12336,1258272,93.0
1,candidate,sparse,106,0,6,12336,1258272,91.8
1,candidate,sparse,106,1,0,12336,1258272,93.3
1,candidate,sparse,106,1,1,12336,1258272,94.0
1,candidate,sparse,106,1,2,12336,1258272,94.5
1,candidate,sparse,106,1,3,12336,1258272,93.2
1,candidate,sparse,106,1,4,12336,1258272,93.8
1,candidate,sparse,106,1,5,12336,1258272,93.8
1,candidate,sparse,106,1,6,12336,1258272,94.3
1,candidate,sparse,4134,0,0,499,1985022,1763.3
1,candidate,sparse,4134,0,1,499,1985022,1812.8
1,candidate,sparse,4134,0,2,499,1985022,1780.2
1,candidate,sparse,4134,0,3,499,1985022,1783.3
1,candidate,sparse,4134,0,4,499,1985022,1767.7
1,candidate,sparse,4134,0,5,499,1985022,1783.0
1,candidate,sparse,4134,0,6,499,1985022,1799.3
1,candidate,sparse,4134,1,0,499,1985022,2593.9
1,candidate,sparse,4134,1,1,499,1985022,2642.9
1,candidate,sparse,4134,1,2,499,1985022,2548.7
1,candidate,sparse,4134,1,3,499,1985022,2525.8
1,candidate,sparse,4134,1,4,499,1985022,2559.7
1,candidate,sparse,4134,1,5,499,1985022,2560.5
1,candidate,sparse,4134,1,6,499,1985022,2623.0
1,candidate,sparse,65561,0,0,64,4037568,33780.2
1,candidate,sparse,65561,0,1,64,4037568,31281.3
1,candidate,sparse,65561,0,2,64,4037568,30890.3
1,candidate,sparse,65561,0,3,64,4037568,31654.0
1,candidate,sparse,65561,0,4,64,4037568,31340.4
1,candidate,sparse,65561,0,5,64,4037568,30292.6
1,candidate,sparse,65561,0,6,64,4037568,32067.1
1,candidate,sparse,65561,1,0,64,4037568,39724.7
1,candidate,sparse,65561,1,1,64,4037568,39809.7
1,candidate,sparse,65561,1,2,64,4037568,39723.6
1,candidate,sparse,65561,1,3,64,4037568,39560.3
1,candidate,sparse,65561,1,4,64,4037568,42227.8
1,candidate,sparse,65561,1,5,64,4037568,40052.8
1,candidate,sparse,65561,1,6,64,4037568,39733.0
1,candidate,dense,12,0,0,27594,110376,23.1
1,candidate,dense,12,0,1,27594,110376,23.0
1,candidate,dense,12,0,2,27594,110376,23.0
1,candidate,dense,12,0,3,27594,110376,24.1
1,candidate,dense,12,0,4,27594,110376,23.0
1,candidate,dense,12,0,5,27594,110376,23.2
1,candidate,dense,12,0,6,27594,110376,25.0
1,candidate,dense,12,1,0,27594,110376,24.3
1,candidate,dense,12,1,1,27594,110376,24.5
1,candidate,dense,12,1,2,27594,110376,25.5
1,candidate,dense,12,1,3,27594,110376,24.0
1,candidate,dense,12,1,4,27594,110376,24.7
1,candidate,dense,12,1,5,27594,110376,24.5
1,candidate,dense,12,1,6,27594,110376,24.4
1,candidate,dense,72,0,0,15420,370080,46.5
1,candidate,dense,72,0,1,15420,370080,47.2
1,candidate,dense,72,0,2,15420,370080,48.3
1,candidate,dense,72,0,3,15420,370080,46.8
1,candidate,dense,72,0,4,15420,370080,46.6
1,candidate,dense,72,0,5,15420,370080,46.9
1,candidate,dense,72,0,6,15420,370080,46.9
1,candidate,dense,72,1,0,15420,370080,49.6
1,candidate,dense,72,1,1,15420,370080,51.2
1,candidate,dense,72,1,2,15420,370080,49.1
1,candidate,dense,72,1,3,15420,370080,48.3
1,candidate,dense,72,1,4,15420,370080,48.6
1,candidate,dense,72,1,5,15420,370080,47.4
1,candidate,dense,72,1,6,15420,370080,47.9
1,candidate,dense,4104,0,0,503,688104,1852.5
1,candidate,dense,4104,0,1,503,688104,2014.9
1,candidate,dense,4104,0,2,503,688104,1796.1
1,candidate,dense,4104,0,3,503,688104,1902.3
1,candidate,dense,4104,0,4,503,688104,1798.3
1,candidate,dense,4104,0,5,503,688104,1892.1
1,candidate,dense,4104,0,6,503,688104,1820.6
1,candidate,dense,4104,1,0,503,688104,1657.6
1,candidate,dense,4104,1,1,503,688104,1657.3
1,candidate,dense,4104,1,2,503,688104,1672.2
1,candidate,dense,4104,1,3,503,688104,1687.2
1,candidate,dense,4104,1,4,503,688104,1803.6
1,candidate,dense,4104,1,5,503,688104,1642.4
1,candidate,dense,4104,1,6,503,688104,1627.4
1,candidate,dense,65544,0,0,64,1398272,25768.1
1,candidate,dense,65544,0,1,64,1398272,27040.7
1,candidate,dense,65544,0,2,64,1398272,26879.5
1,candidate,dense,65544,0,3,64,1398272,28183.7
1,candidate,dense,65544,0,4,64,1398272,28665.8
1,candidate,dense,65544,0,5,64,1398272,26257.0
1,candidate,dense,65544,0,6,64,1398272,27173.1
1,candidate,dense,65544,1,0,64,1398272,26308.8
1,candidate,dense,65544,1,1,64,1398272,26021.9
1,candidate,dense,65544,1,2,64,1398272,26701.8
1,candidate,dense,65544,1,3,64,1398272,28179.4
1,candidate,dense,65544,1,4,64,1398272,26126.6
1,candidate,dense,65544,1,5,64,1398272,26123.1
1,candidate,dense,65544,1,6,64,1398272,26099.9
1,candidate,plus,8,0,0,29127,233016,25.2
1,candidate,plus,8,0,1,29127,233016,25.5
1,candidate,plus,8,0,2,29127,233016,25.9
1,candidate,plus,8,0,3,29127,233016,29.8
1,candidate,plus,8,0,4,29127,233016,43.2
1,candidate,plus,8,0,5,29127,233016,42.0
1,candidate,plus,8,0,6,29127,233016,25.2
1,candidate,plus,8,1,0,29127,233016,26.7
1,candidate,plus,8,1,1,29127,233016,32.4
1,candidate,plus,8,1,2,29127,233016,26.8
1,candidate,plus,8,1,3,29127,233016,25.6
1,candidate,plus,8,1,4,29127,233016,25.4
1,candidate,plus,8,1,5,29127,233016,26.0
1,candidate,plus,8,1,6,29127,233016,25.8
1,candidate,plus,64,0,0,16384,1048576,25.6
1,candidate,plus,64,0,1,16384,1048576,25.6
1,candidate,plus,64,0,2,16384,1048576,25.6
1,candidate,plus,64,0,3,16384,1048576,27.7
1,candidate,plus,64,0,4,16384,1048576,25.7
1,candidate,plus,64,0,5,16384,1048576,27.2
1,candidate,plus,64,0,6,16384,1048576,25.7
1,candidate,plus,64,1,0,16384,1048576,87.3
1,candidate,plus,64,1,1,16384,1048576,81.5
1,candidate,plus,64,1,2,16384,1048576,78.5
1,candidate,plus,64,1,3,16384,1048576,78.6
1,candidate,plus,64,1,4,16384,1048576,90.8
1,candidate,plus,64,1,5,16384,1048576,87.7
1,candidate,plus,64,1,6,16384,1048576,79.9
1,candidate,plus,4096,0,0,504,2064384,83.6
1,candidate,plus,4096,0,1,504,2064384,82.9
1,candidate,plus,4096,0,2,504,2064384,83.3
1,candidate,plus,4096,0,3,504,2064384,82.9
1,candidate,plus,4096,0,4,504,2064384,83.3
1,candidate,plus,4096,0,5,504,2064384,83.1
1,candidate,plus,4096,0,6,504,2064384,83.7
1,candidate,plus,4096,1,0,504,2064384,3881.8
1,candidate,plus,4096,1,1,504,2064384,3836.5
1,candidate,plus,4096,1,2,504,2064384,3887.6
1,candidate,plus,4096,1,3,504,2064384,3809.1
1,candidate,plus,4096,1,4,504,2064384,4376.9
1,candidate,plus,4096,1,5,504,2064384,4091.9
1,candidate,plus,4096,1,6,504,2064384,3889.3
1,candidate,plus,65536,0,0,64,4194304,1239.2
1,candidate,plus,65536,0,1,64,4194304,1237.9
1,candidate,plus,65536,0,2,64,4194304,1238.4
1,candidate,plus,65536,0,3,64,4194304,1238.2
1,candidate,plus,65536,0,4,64,4194304,1237.6
1,candidate,plus,65536,0,5,64,4194304,1355.9
1,candidate,plus,65536,0,6,64,4194304,1235.2
1,candidate,plus,65536,1,0,64,4194304,61142.0
1,candidate,plus,65536,1,1,64,4194304,62569.2
1,candidate,plus,65536,1,2,64,4194304,61768.2
1,candidate,plus,65536,1,3,64,4194304,60883.3
1,candidate,plus,65536,1,4,64,4194304,61221.4
1,candidate,plus,65536,1,5,64,4194304,61559.2
1,candidate,plus,65536,1,6,64,4194304,64697.2
1,candidate,mixed,10,0,0,28339,170034,24.5
1,candidate,mixed,10,0,1,28339,170034,24.7
1,candidate,mixed,10,0,2,28339,170034,24.7
1,candidate,mixed,10,0,3,28339,170034,24.8
1,candidate,mixed,10,0,4,28339,170034,24.7
1,candidate,mixed,10,0,5,28339,170034,24.5
1,candidate,mixed,10,0,6,28339,170034,24.2
1,candidate,mixed,10,1,0,28339,170034,26.1
1,candidate,mixed,10,1,1,28339,170034,25.8
1,candidate,mixed,10,1,2,28339,170034,26.8
1,candidate,mixed,10,1,3,28339,170034,25.1
1,candidate,mixed,10,1,4,28339,170034,24.9
1,candidate,mixed,10,1,5,28339,170034,25.3
1,candidate,mixed,10,1,6,28339,170034,25.8
1,candidate,mixed,70,0,0,15650,657300,60.3
1,candidate,mixed,70,0,1,15650,657300,65.3
1,candidate,mixed,70,0,2,15650,657300,61.5
1,candidate,mixed,70,0,3,15650,657300,62.8
1,candidate,mixed,70,0,4,15650,657300,60.9
1,candidate,mixed,70,0,5,15650,657300,62.6
1,candidate,mixed,70,0,6,15650,657300,60.8
1,candidate,mixed,70,1,0,15650,657300,66.3
1,candidate,mixed,70,1,1,15650,657300,66.0
1,candidate,mixed,70,1,2,15650,657300,68.1
1,candidate,mixed,70,1,3,15650,657300,83.1
1,candidate,mixed,70,1,4,15650,657300,67.8
1,candidate,mixed,70,1,5,15650,657300,65.6
1,candidate,mixed,70,1,6,15650,657300,67.3
1,candidate,mixed,4100,0,0,503,1237380,2565.2
1,candidate,mixed,4100,0,1,503,1237380,2566.7
1,candidate,mixed,4100,0,2,503,1237380,2571.0
1,candidate,mixed,4100,0,3,503,1237380,2805.8
1,candidate,mixed,4100,0,4,503,1237380,2603.9
1,candidate,mixed,4100,0,5,503,1237380,2586.2
1,candidate,mixed,4100,0,6,503,1237380,2568.2
1,candidate,mixed,4100,1,0,503,1237380,2631.5
1,candidate,mixed,4100,1,1,503,1237380,2685.1
1,candidate,mixed,4100,1,2,503,1237380,2680.0
1,candidate,mixed,4100,1,3,503,1237380,2992.6
1,candidate,mixed,4100,1,4,503,1237380,2711.7
1,candidate,mixed,4100,1,5,503,1237380,2658.3
1,candidate,mixed,4100,1,6,503,1237380,2686.1
1,candidate,mixed,65540,0,0,64,2516736,40742.9
1,candidate,mixed,65540,0,1,64,2516736,46928.6
1,candidate,mixed,65540,0,2,64,2516736,40447.8
1,candidate,mixed,65540,0,3,64,2516736,40688.8
1,candidate,mixed,65540,0,4,64,2516736,40531.1
1,candidate,mixed,65540,0,5,64,2516736,40575.7
1,candidate,mixed,65540,0,6,64,2516736,40570.5
1,candidate,mixed,65540,1,0,64,2516736,42407.0
1,candidate,mixed,65540,1,1,64,2516736,41921.2
1,candidate,mixed,65540,1,2,64,2516736,42173.3
1,candidate,mixed,65540,1,3,64,2516736,43334.0
1,candidate,mixed,65540,1,4,64,2516736,42341.2
1,candidate,mixed,65540,1,5,64,2516736,42510.3
1,candidate,mixed,65540,1,6,64,2516736,41834.5
1,candidate,late_escape,8,0,0,29127,174762,24.2
1,candidate,late_escape,8,0,1,29127,174762,24.1
1,candidate,late_escape,8,0,2,29127,174762,27.7
1,candidate,late_escape,8,0,3,29127,174762,24.8
1,candidate,late_escape,8,0,4,29127,174762,25.2
1,candidate,late_escape,8,0,5,29127,174762,24.4
1,candidate,late_escape,8,0,6,29127,174762,24.6
1,candidate,late_escape,8,1,0,29127,174762,24.7
1,candidate,late_escape,8,1,1,29127,174762,24.6
1,candidate,late_escape,8,1,2,29127,174762,25.4
1,candidate,late_escape,8,1,3,29127,174762,25.1
1,candidate,late_escape,8,1,4,29127,174762,24.5
1,candidate,late_escape,8,1,5,29127,174762,25.0
1,candidate,late_escape,8,1,6,29127,174762,25.0
1,candidate,late_escape,64,0,0,16384,1015808,32.5
1,candidate,late_escape,64,0,1,16384,1015808,32.6
1,candidate,late_escape,64,0,2,16384,1015808,32.2
1,candidate,late_escape,64,0,3,16384,1015808,35.4
1,candidate,late_escape,64,0,4,16384,1015808,32.5
1,candidate,late_escape,64,0,5,16384,1015808,33.0
1,candidate,late_escape,64,0,6,16384,1015808,31.5
1,candidate,late_escape,64,1,0,16384,1015808,34.3
1,candidate,late_escape,64,1,1,16384,1015808,34.6
1,candidate,late_escape,64,1,2,16384,1015808,34.6
1,candidate,late_escape,64,1,3,16384,1015808,34.7
1,candidate,late_escape,64,1,4,16384,1015808,37.1
1,candidate,late_escape,64,1,5,16384,1015808,33.9
1,candidate,late_escape,64,1,6,16384,1015808,34.7
1,candidate,late_escape,4096,0,0,504,2063376,104.7
1,candidate,late_escape,4096,0,1,504,2063376,91.0
1,candidate,late_escape,4096,0,2,504,2063376,91.0
1,candidate,late_escape,4096,0,3,504,2063376,91.3
1,candidate,late_escape,4096,0,4,504,2063376,91.0
1,candidate,late_escape,4096,0,5,504,2063376,110.8
1,candidate,late_escape,4096,0,6,504,2063376,91.1
1,candidate,late_escape,4096,1,0,504,2063376,122.5
1,candidate,late_escape,4096,1,1,504,2063376,102.4
1,candidate,late_escape,4096,1,2,504,2063376,102.4
1,candidate,late_escape,4096,1,3,504,2063376,102.7
1,candidate,late_escape,4096,1,4,504,2063376,102.5
1,candidate,late_escape,4096,1,5,504,2063376,102.4
1,candidate,late_escape,4096,1,6,504,2063376,102.5
1,candidate,late_escape,65536,0,0,64,4194176,1309.1
1,candidate,late_escape,65536,0,1,64,4194176,1308.2
1,candidate,late_escape,65536,0,2,64,4194176,1309.0
1,candidate,late_escape,65536,0,3,64,4194176,1309.3
1,candidate,late_escape,65536,0,4,64,4194176,1592.9
1,candidate,late_escape,65536,0,5,64,4194176,1307.6
1,candidate,late_escape,65536,0,6,64,4194176,1309.8
1,candidate,late_escape,65536,1,0,64,4194176,1376.0
1,candidate,late_escape,65536,1,1,64,4194176,1504.2
1,candidate,late_escape,65536,1,2,64,4194176,1375.6
1,candidate,late_escape,65536,1,3,64,4194176,1375.9
1,candidate,late_escape,65536,1,4,64,4194176,1375.2
1,candidate,late_escape,65536,1,5,64,4194176,1373.5
1,candidate,late_escape,65536,1,6,64,4194176,1374.8
1,candidate,early_escape,8,0,0,29127,174762,23.8
1,candidate,early_escape,8,0,1,29127,174762,24.2
1,candidate,early_escape,8,0,2,29127,174762,24.3
1,candidate,early_escape,8,0,3,29127,174762,24.5
1,candidate,early_escape,8,0,4,29127,174762,24.3
1,candidate,early_escape,8,0,5,29127,174762,24.4
1,candidate,early_escape,8,0,6,29127,174762,24.3
1,candidate,early_escape,8,1,0,29127,174762,25.0
1,candidate,early_escape,8,1,1,29127,174762,25.1
1,candidate,early_escape,8,1,2,29127,174762,25.0
1,candidate,early_escape,8,1,3,29127,174762,25.4
1,candidate,early_escape,8,1,4,29127,174762,25.1
1,candidate,early_escape,8,1,5,29127,174762,25.2
1,candidate,early_escape,8,1,6,29127,174762,25.3
1,candidate,early_escape,64,0,0,16384,1015808,75.0
1,candidate,early_escape,64,0,1,16384,1015808,75.2
1,candidate,early_escape,64,0,2,16384,1015808,76.5
1,candidate,early_escape,64,0,3,16384,1015808,76.0
1,candidate,early_escape,64,0,4,16384,1015808,74.3
1,candidate,early_escape,64,0,5,16384,1015808,76.7
1,candidate,early_escape,64,0,6,16384,1015808,74.3
1,candidate,early_escape,64,1,0,16384,1015808,78.9
1,candidate,early_escape,64,1,1,16384,1015808,77.8
1,candidate,early_escape,64,1,2,16384,1015808,84.3
1,candidate,early_escape,64,1,3,16384,1015808,77.8
1,candidate,early_escape,64,1,4,16384,1015808,80.1
1,candidate,early_escape,64,1,5,16384,1015808,78.9
1,candidate,early_escape,64,1,6,16384,1015808,79.2
1,candidate,early_escape,4096,0,0,504,2063376,97.4
1,candidate,early_escape,4096,0,1,504,2063376,114.6
1,candidate,early_escape,4096,0,2,504,2063376,97.1
1,candidate,early_escape,4096,0,3,504,2063376,97.2
1,candidate,early_escape,4096,0,4,504,2063376,97.2
1,candidate,early_escape,4096,0,5,504,2063376,97.0
1,candidate,early_escape,4096,0,6,504,2063376,97.2
1,candidate,early_escape,4096,1,0,504,2063376,111.1
1,candidate,early_escape,4096,1,1,504,2063376,111.1
1,candidate,early_escape,4096,1,2,504,2063376,111.0
1,candidate,early_escape,4096,1,3,504,2063376,111.1
1,candidate,early_escape,4096,1,4,504,2063376,132.1
1,candidate,early_escape,4096,1,5,504,2063376,112.7
1,candidate,early_escape,4096,1,6,504,2063376,110.5
1,candidate,early_escape,65536,0,0,64,4194176,1280.5
1,candidate,early_escape,65536,0,1,64,4194176,1257.7
1,candidate,early_escape,65536,0,2,64,4194176,1258.8
1,candidate,early_escape,65536,0,3,64,4194176,1261.5
1,candidate,early_escape,65536,0,4,64,4194176,1260.7
1,candidate,early_escape,65536,0,5,64,4194176,1257.9
1,candidate,early_escape,65536,0,6,64,4194176,1259.6
1,candidate,early_escape,65536,1,0,64,4194176,1697.1
1,candidate,early_escape,65536,1,1,64,4194176,1402.0
1,candidate,early_escape,65536,1,2,64,4194176,1401.7
1,candidate,early_escape,65536,1,3,64,4194176,1397.6
1,candidate,early_escape,65536,1,4,64,4194176,1401.0
1,candidate,early_escape,65536,1,5,64,4194176,1399.2
1,candidate,early_escape,65536,1,6,64,4194176,1398.5
1,candidate,repeated_runs,8,0,0,29127,174762,26.3
1,candidate,repeated_runs,8,0,1,29127,174762,25.8
1,candidate,repeated_runs,8,0,2,29127,174762,28.1
1,candidate,repeated_runs,8,0,3,29127,174762,25.9
1,candidate,repeated_runs,8,0,4,29127,174762,24.7
1,candidate,repeated_runs,8,0,5,29127,174762,24.1
1,candidate,repeated_runs,8,0,6,29127,174762,25.4
1,candidate,repeated_runs,8,1,0,29127,174762,27.9
1,candidate,repeated_runs,8,1,1,29127,174762,25.2
1,candidate,repeated_runs,8,1,2,29127,174762,25.1
1,candidate,repeated_runs,8,1,3,29127,174762,25.2
1,candidate,repeated_runs,8,1,4,29127,174762,25.2
1,candidate,repeated_runs,8,1,5,29127,174762,25.6
1,candidate,repeated_runs,8,1,6,29127,174762,25.3
1,candidate,repeated_runs,64,0,0,16384,1015808,77.6
1,candidate,repeated_runs,64,0,1,16384,1015808,74.0
1,candidate,repeated_runs,64,0,2,16384,1015808,78.0
1,candidate,repeated_runs,64,0,3,16384,1015808,77.7
1,candidate,repeated_runs,64,0,4,16384,1015808,75.2
1,candidate,repeated_runs,64,0,5,16384,1015808,74.6
1,candidate,repeated_runs,64,0,6,16384,1015808,76.6
1,candidate,repeated_runs,64,1,0,16384,1015808,79.4
1,candidate,repeated_runs,64,1,1,16384,1015808,79.7
1,candidate,repeated_runs,64,1,2,16384,1015808,84.0
1,candidate,repeated_runs,64,1,3,16384,1015808,84.5
1,candidate,repeated_runs,64,1,4,16384,1015808,79.8
1,candidate,repeated_runs,64,1,5,16384,1015808,79.4
1,candidate,repeated_runs,64,1,6,16384,1015808,79.0
1,candidate,repeated_runs,4096,0,0,504,2048256,430.1
1,candidate,repeated_runs,4096,0,1,504,2048256,413.1
1,candidate,repeated_runs,4096,0,2,504,2048256,428.6
1,candidate,repeated_runs,4096,0,3,504,2048256,447.5
1,candidate,repeated_runs,4096,0,4,504,2048256,412.3
1,candidate,repeated_runs,4096,0,5,504,2048256,407.7
1,candidate,repeated_runs,4096,0,6,504,2048256,414.2
1,candidate,repeated_runs,4096,1,0,504,2048256,433.2
1,candidate,repeated_runs,4096,1,1,504,2048256,428.0
1,candidate,repeated_runs,4096,1,2,504,2048256,427.7
1,candidate,repeated_runs,4096,1,3,504,2048256,441.0
1,candidate,repeated_runs,4096,1,4,504,2048256,429.5
1,candidate,repeated_runs,4096,1,5,504,2048256,429.6
1,candidate,repeated_runs,4096,1,6,504,2048256,428.5
1,candidate,repeated_runs,65536,0,0,64,4161536,6222.1
1,candidate,repeated_runs,65536,0,1,64,4161536,7594.0
1,candidate,repeated_runs,65536,0,2,64,4161536,6507.9
1,candidate,repeated_runs,65536,0,3,64,4161536,6389.6
1,candidate,repeated_runs,65536,0,4,64,4161536,6229.5
1,candidate,repeated_runs,65536,0,5,64,4161536,15014.4
1,candidate,repeated_runs,65536,0,6,64,4161536,6413.4
1,candidate,repeated_runs,65536,1,0,64,4161536,6741.9
1,candidate,repeated_runs,65536,1,1,64,4161536,6699.5
1,candidate,repeated_runs,65536,1,2,64,4161536,7574.6
1,candidate,repeated_runs,65536,1,3,64,4161536,6741.5
1,candidate,repeated_runs,65536,1,4,64,4161536,6752.6
1,candidate,repeated_runs,65536,1,5,64,4161536,6612.5
1,candidate,repeated_runs,65536,1,6,64,4161536,6613.7
2,candidate,plain,0,0,0,32768,0,13.4
2,candidate,plain,0,0,1,32768,0,16.2
2,candidate,plain,0,0,2,32768,0,13.3
2,candidate,plain,0,0,3,32768,0,13.6
2,candidate,plain,0,0,4,32768,0,14.9
2,candidate,plain,0,0,5,32768,0,15.7
2,candidate,plain,0,0,6,32768,0,13.5
2,candidate,plain,0,1,0,32768,0,19.8
2,candidate,plain,0,1,1,32768,0,18.5
2,candidate,plain,0,1,2,32768,0,16.7
2,candidate,plain,0,1,3,32768,0,18.1
2,candidate,plain,0,1,4,32768,0,17.6
2,candidate,plain,0,1,5,32768,0,17.1
2,candidate,plain,0,1,6,32768,0,17.8
2,candidate,plain,30,0,0,22310,669300,45.4
2,candidate,plain,30,0,1,22310,669300,45.9
2,candidate,plain,30,0,2,22310,669300,45.1
2,candidate,plain,30,0,3,22310,669300,44.4
2,candidate,plain,30,0,4,22310,669300,44.0
2,candidate,plain,30,0,5,22310,669300,45.4
2,candidate,plain,30,0,6,22310,669300,45.3
2,candidate,plain,30,1,0,22310,669300,49.6
2,candidate,plain,30,1,1,22310,669300,50.6
2,candidate,plain,30,1,2,22310,669300,51.0
2,candidate,plain,30,1,3,22310,669300,49.6
2,candidate,plain,30,1,4,22310,669300,49.3
2,candidate,plain,30,1,5,22310,669300,49.2
2,candidate,plain,30,1,6,22310,669300,48.4
2,candidate,plain,90,0,0,13617,1225530,29.1
2,candidate,plain,90,0,1,13617,1225530,29.6
2,candidate,plain,90,0,2,13617,1225530,30.1
2,candidate,plain,90,0,3,13617,1225530,29.5
2,candidate,plain,90,0,4,13617,1225530,30.0
2,candidate,plain,90,0,5,13617,1225530,30.2
2,candidate,plain,90,0,6,13617,1225530,33.1
2,candidate,plain,90,1,0,13617,1225530,29.9
2,candidate,plain,90,1,1,13617,1225530,29.3
2,candidate,plain,90,1,2,13617,1225530,30.0
2,candidate,plain,90,1,3,13617,1225530,29.6
2,candidate,plain,90,1,4,13617,1225530,30.6
2,candidate,plain,90,1,5,13617,1225530,33.8
2,candidate,plain,90,1,6,13617,1225530,29.3
2,candidate,plain,4110,0,0,502,2063220,83.5
2,candidate,plain,4110,0,1,502,2063220,83.4
2,candidate,plain,4110,0,2,502,2063220,83.4
2,candidate,plain,4110,0,3,502,2063220,83.3
2,candidate,plain,4110,0,4,502,2063220,83.4
2,candidate,plain,4110,0,5,502,2063220,103.9
2,candidate,plain,4110,0,6,502,2063220,83.3
2,candidate,plain,4110,1,0,502,2063220,93.9
2,candidate,plain,4110,1,1,502,2063220,93.9
2,candidate,plain,4110,1,2,502,2063220,141.5
2,candidate,plain,4110,1,3,502,2063220,149.2
2,candidate,plain,4110,1,4,502,2063220,93.8
2,candidate,plain,4110,1,5,502,2063220,93.7
2,candidate,plain,4110,1,6,502,2063220,93.8
2,candidate,plain,65550,0,0,64,4195200,1262.7
2,candidate,plain,65550,0,1,64,4195200,1261.5
2,candidate,plain,65550,0,2,64,4195200,1260.7
2,candidate,plain,65550,0,3,64,4195200,1259.8
2,candidate,plain,65550,0,4,64,4195200,1262.1
2,candidate,plain,65550,0,5,64,4195200,1262.4
2,candidate,plain,65550,0,6,64,4195200,1445.4
2,candidate,plain,65550,1,0,64,4195200,1455.9
2,candidate,plain,65550,1,1,64,4195200,1452.3
2,candidate,plain,65550,1,2,64,4195200,1456.0
2,candidate,plain,65550,1,3,64,4195200,1456.2
2,candidate,plain,65550,1,4,64,4195200,1457.9
2,candidate,plain,65550,1,5,64,4195200,1455.0
2,candidate,plain,65550,1,6,64,4195200,1612.9
2,candidate,sparse,53,0,0,17924,914124,64.6
2,candidate,sparse,53,0,1,17924,914124,63.7
2,candidate,sparse,53,0,2,17924,914124,66.4
2,candidate,sparse,53,0,3,17924,914124,65.4
2,candidate,sparse,53,0,4,17924,914124,64.2
2,candidate,sparse,53,0,5,17924,914124,64.6
2,candidate,sparse,53,0,6,17924,914124,65.4
2,candidate,sparse,53,1,0,17924,914124,70.4
2,candidate,sparse,53,1,1,17924,914124,73.5
2,candidate,sparse,53,1,2,17924,914124,73.6
2,candidate,sparse,53,1,3,17924,914124,71.0
2,candidate,sparse,53,1,4,17924,914124,71.1
2,candidate,sparse,53,1,5,17924,914124,72.2
2,candidate,sparse,53,1,6,17924,914124,71.1
2,candidate,sparse,106,0,0,12336,1258272,90.1
2,candidate,sparse,106,0,1,12336,1258272,91.8
2,candidate,sparse,106,0,2,12336,1258272,90.7
2,candidate,sparse,106,0,3,12336,1258272,92.8
2,candidate,sparse,106,0,4,12336,1258272,91.7
2,candidate,sparse,106,0,5,12336,1258272,93.3
2,candidate,sparse,106,0,6,12336,1258272,90.1
2,candidate,sparse,106,1,0,12336,1258272,91.1
2,candidate,sparse,106,1,1,12336,1258272,91.1
2,candidate,sparse,106,1,2,12336,1258272,91.8
2,candidate,sparse,106,1,3,12336,1258272,99.2
2,candidate,sparse,106,1,4,12336,1258272,99.9
2,candidate,sparse,106,1,5,12336,1258272,92.4
2,candidate,sparse,106,1,6,12336,1258272,96.0
2,candidate,sparse,4134,0,0,499,1985022,1767.9
2,candidate,sparse,4134,0,1,499,1985022,1818.2
2,candidate,sparse,4134,0,2,499,1985022,1824.2
2,candidate,sparse,4134,0,3,499,1985022,1818.9
2,candidate,sparse,4134,0,4,499,1985022,1866.3
2,candidate,sparse,4134,0,5,499,1985022,1772.2
2,candidate,sparse,4134,0,6,499,1985022,1799.7
2,candidate,sparse,4134,1,0,499,1985022,2542.1
2,candidate,sparse,4134,1,1,499,1985022,2714.9
2,candidate,sparse,4134,1,2,499,1985022,2717.5
2,candidate,sparse,4134,1,3,499,1985022,2579.3
2,candidate,sparse,4134,1,4,499,1985022,2523.2
2,candidate,sparse,4134,1,5,499,1985022,2568.1
2,candidate,sparse,4134,1,6,499,1985022,2591.1
2,candidate,sparse,65561,0,0,64,4037568,28562.0
2,candidate,sparse,65561,0,1,64,4037568,28777.4
2,candidate,sparse,65561,0,2,64,4037568,28741.6
2,candidate,sparse,65561,0,3,64,4037568,28302.5
2,candidate,sparse,65561,0,4,64,4037568,27770.8
2,candidate,sparse,65561,0,5,64,4037568,29079.0
2,candidate,sparse,65561,0,6,64,4037568,27590.1
2,candidate,sparse,65561,1,0,64,4037568,40075.8
2,candidate,sparse,65561,1,1,64,4037568,39917.7
2,candidate,sparse,65561,1,2,64,4037568,41514.2
2,candidate,sparse,65561,1,3,64,4037568,40037.8
2,candidate,sparse,65561,1,4,64,4037568,39500.0
2,candidate,sparse,65561,1,5,64,4037568,40139.4
2,candidate,sparse,65561,1,6,64,4037568,39962.5
2,candidate,dense,12,0,0,27594,110376,23.3
2,candidate,dense,12,0,1,27594,110376,24.6
2,candidate,dense,12,0,2,27594,110376,24.5
2,candidate,dense,12,0,3,27594,110376,23.4
2,candidate,dense,12,0,4,27594,110376,23.8
2,candidate,dense,12,0,5,27594,110376,25.5
2,candidate,dense,12,0,6,27594,110376,23.8
2,candidate,dense,12,1,0,27594,110376,25.3
2,candidate,dense,12,1,1,27594,110376,24.0
2,candidate,dense,12,1,2,27594,110376,24.2
2,candidate,dense,12,1,3,27594,110376,24.0
2,candidate,dense,12,1,4,27594,110376,24.6
2,candidate,dense,12,1,5,27594,110376,24.5
2,candidate,dense,12,1,6,27594,110376,23.9
2,candidate,dense,72,0,0,15420,370080,48.4
2,candidate,dense,72,0,1,15420,370080,50.3
2,candidate,dense,72,0,2,15420,370080,49.6
2,candidate,dense,72,0,3,15420,370080,49.5
2,candidate,dense,72,0,4,15420,370080,46.8
2,candidate,dense,72,0,5,15420,370080,46.6
2,candidate,dense,72,0,6,15420,370080,47.1
2,candidate,dense,72,1,0,15420,370080,49.5
2,candidate,dense,72,1,1,15420,370080,50.9
2,candidate,dense,72,1,2,15420,370080,49.5
2,candidate,dense,72,1,3,15420,370080,48.2
2,candidate,dense,72,1,4,15420,370080,48.8
2,candidate,dense,72,1,5,15420,370080,49.1
2,candidate,dense,72,1,6,15420,370080,48.5
2,candidate,dense,4104,0,0,503,688104,1798.3
2,candidate,dense,4104,0,1,503,688104,1808.3
2,candidate,dense,4104,0,2,503,688104,1796.3
2,candidate,dense,4104,0,3,503,688104,1842.2
2,candidate,dense,4104,0,4,503,688104,1805.5
2,candidate,dense,4104,0,5,503,688104,1823.2
2,candidate,dense,4104,0,6,503,688104,1810.6
2,candidate,dense,4104,1,0,503,688104,1659.1
2,candidate,dense,4104,1,1,503,688104,1657.8
2,candidate,dense,4104,1,2,503,688104,1619.3
2,candidate,dense,4104,1,3,503,688104,1622.5
2,candidate,dense,4104,1,4,503,688104,1656.4
2,candidate,dense,4104,1,5,503,688104,1630.7
2,candidate,dense,4104,1,6,503,688104,1716.2
2,candidate,dense,65544,0,0,64,1398272,28301.2
2,candidate,dense,65544,0,1,64,1398272,25897.0
2,candidate,dense,65544,0,2,64,1398272,27057.0
2,candidate,dense,65544,0,3,64,1398272,27390.7
2,candidate,dense,65544,0,4,64,1398272,27540.0
2,candidate,dense,65544,0,5,64,1398272,27249.2
2,candidate,dense,65544,0,6,64,1398272,26980.7
2,candidate,dense,65544,1,0,64,1398272,26127.7
2,candidate,dense,65544,1,1,64,1398272,26117.8
2,candidate,dense,65544,1,2,64,1398272,26072.8
2,candidate,dense,65544,1,3,64,1398272,26183.1
2,candidate,dense,65544,1,4,64,1398272,26090.2
2,candidate,dense,65544,1,5,64,1398272,26146.4
2,candidate,dense,65544,1,6,64,1398272,26505.5
2,candidate,plus,8,0,0,29127,233016,26.0
2,candidate,plus,8,0,1,29127,233016,25.5
2,candidate,plus,8,0,2,29127,233016,26.0
2,candidate,plus,8,0,3,29127,233016,25.9
2,candidate,plus,8,0,4,29127,233016,25.9
2,candidate,plus,8,0,5,29127,233016,26.5
2,candidate,plus,8,0,6,29127,233016,26.0
2,candidate,plus,8,1,0,29127,233016,26.4
2,candidate,plus,8,1,1,29127,233016,26.2
2,candidate,plus,8,1,2,29127,233016,26.9
2,candidate,plus,8,1,3,29127,233016,26.3
2,candidate,plus,8,1,4,29127,233016,27.2
2,candidate,plus,8,1,5,29127,233016,26.3
2,candidate,plus,8,1,6,29127,233016,26.2
2,candidate,plus,64,0,0,16384,1048576,29.1
2,candidate,plus,64,0,1,16384,1048576,27.3
2,candidate,plus,64,0,2,16384,1048576,26.9
2,candidate,plus,64,0,3,16384,1048576,26.9
2,candidate,plus,64,0,4,16384,1048576,26.7
2,candidate,plus,64,0,5,16384,1048576,27.6
2,candidate,plus,64,0,6,16384,1048576,31.1
2,candidate,plus,64,1,0,16384,1048576,79.8
2,candidate,plus,64,1,1,16384,1048576,80.0
2,candidate,plus,64,1,2,16384,1048576,80.8
2,candidate,plus,64,1,3,16384,1048576,80.2
2,candidate,plus,64,1,4,16384,1048576,78.7
2,candidate,plus,64,1,5,16384,1048576,83.0
2,candidate,plus,64,1,6,16384,1048576,81.9
2,candidate,plus,4096,0,0,504,2064384,84.3
2,candidate,plus,4096,0,1,504,2064384,83.8
2,candidate,plus,4096,0,2,504,2064384,84.1
2,candidate,plus,4096,0,3,504,2064384,83.8
2,candidate,plus,4096,0,4,504,2064384,83.8
2,candidate,plus,4096,0,5,504,2064384,83.8
2,candidate,plus,4096,0,6,504,2064384,84.0
2,candidate,plus,4096,1,0,504,2064384,3899.6
2,candidate,plus,4096,1,1,504,2064384,3906.0
2,candidate,plus,4096,1,2,504,2064384,3900.0
2,candidate,plus,4096,1,3,504,2064384,3929.6
2,candidate,plus,4096,1,4,504,2064384,3846.1
2,candidate,plus,4096,1,5,504,2064384,3851.4
2,candidate,plus,4096,1,6,504,2064384,3862.7
2,candidate,plus,65536,0,0,64,4194304,1236.8
2,candidate,plus,65536,0,1,64,4194304,1238.4
2,candidate,plus,65536,0,2,64,4194304,1238.0
2,candidate,plus,65536,0,3,64,4194304,1240.1
2,candidate,plus,65536,0,4,64,4194304,1239.5
2,candidate,plus,65536,0,5,64,4194304,1236.6
2,candidate,plus,65536,0,6,64,4194304,1237.8
2,candidate,plus,65536,1,0,64,4194304,60776.2
2,candidate,plus,65536,1,1,64,4194304,62468.5
2,candidate,plus,65536,1,2,64,4194304,60600.0
2,candidate,plus,65536,1,3,64,4194304,60738.9
2,candidate,plus,65536,1,4,64,4194304,61278.0
2,candidate,plus,65536,1,5,64,4194304,60901.7
2,candidate,plus,65536,1,6,64,4194304,60950.1
2,candidate,mixed,10,0,0,28339,170034,24.7
2,candidate,mixed,10,0,1,28339,170034,24.4
2,candidate,mixed,10,0,2,28339,170034,24.3
2,candidate,mixed,10,0,3,28339,170034,24.1
2,candidate,mixed,10,0,4,28339,170034,23.9
2,candidate,mixed,10,0,5,28339,170034,36.2
2,candidate,mixed,10,0,6,28339,170034,27.1
2,candidate,mixed,10,1,0,28339,170034,25.4
2,candidate,mixed,10,1,1,28339,170034,25.0
2,candidate,mixed,10,1,2,28339,170034,25.2
2,candidate,mixed,10,1,3,28339,170034,25.7
2,candidate,mixed,10,1,4,28339,170034,25.1
2,candidate,mixed,10,1,5,28339,170034,25.5
2,candidate,mixed,10,1,6,28339,170034,25.9
2,candidate,mixed,70,0,0,15650,657300,64.5
2,candidate,mixed,70,0,1,15650,657300,63.0
2,candidate,mixed,70,0,2,15650,657300,62.0
2,candidate,mixed,70,0,3,15650,657300,60.9
2,candidate,mixed,70,0,4,15650,657300,60.0
2,candidate,mixed,70,0,5,15650,657300,60.8
2,candidate,mixed,70,0,6,15650,657300,60.8
2,candidate,mixed,70,1,0,15650,657300,67.0
2,candidate,mixed,70,1,1,15650,657300,68.3
2,candidate,mixed,70,1,2,15650,657300,68.3
2,candidate,mixed,70,1,3,15650,657300,68.0
2,candidate,mixed,70,1,4,15650,657300,65.2
2,candidate,mixed,70,1,5,15650,657300,67.2
2,candidate,mixed,70,1,6,15650,657300,65.5
2,candidate,mixed,4100,0,0,503,1237380,3088.7
2,candidate,mixed,4100,0,1,503,1237380,2580.4
2,candidate,mixed,4100,0,2,503,1237380,2556.4
2,candidate,mixed,4100,0,3,503,1237380,2594.5
2,candidate,mixed,4100,0,4,503,1237380,2709.6
2,candidate,mixed,4100,0,5,503,1237380,2575.4
2,candidate,mixed,4100,0,6,503,1237380,2607.2
2,candidate,mixed,4100,1,0,503,1237380,2681.0
2,candidate,mixed,4100,1,1,503,1237380,2826.3
2,candidate,mixed,4100,1,2,503,1237380,2635.5
2,candidate,mixed,4100,1,3,503,1237380,2613.6
2,candidate,mixed,4100,1,4,503,1237380,2595.8
2,candidate,mixed,4100,1,5,503,1237380,2619.5
2,candidate,mixed,4100,1,6,503,1237380,2620.2
2,candidate,mixed,65540,0,0,64,2516736,41155.1
2,candidate,mixed,65540,0,1,64,2516736,41767.1
2,candidate,mixed,65540,0,2,64,2516736,41155.7
2,candidate,mixed,65540,0,3,64,2516736,41179.0
2,candidate,mixed,65540,0,4,64,2516736,42334.8
2,candidate,mixed,65540,0,5,64,2516736,43794.9
2,candidate,mixed,65540,0,6,64,2516736,41508.4
2,candidate,mixed,65540,1,0,64,2516736,41837.6
2,candidate,mixed,65540,1,1,64,2516736,41649.3
2,candidate,mixed,65540,1,2,64,2516736,42948.2
2,candidate,mixed,65540,1,3,64,2516736,42874.1
2,candidate,mixed,65540,1,4,64,2516736,42051.9
2,candidate,mixed,65540,1,5,64,2516736,42115.1
2,candidate,mixed,65540,1,6,64,2516736,41656.8
2,candidate,late_escape,8,0,0,29127,174762,23.9
2,candidate,late_escape,8,0,1,29127,174762,24.0
2,candidate,late_escape,8,0,2,29127,174762,23.6
2,candidate,late_escape,8,0,3,29127,174762,24.3
2,candidate,late_escape,8,0,4,29127,174762,24.5
2,candidate,late_escape,8,0,5,29127,174762,23.8
2,candidate,late_escape,8,0,6,29127,174762,24.2
2,candidate,late_escape,8,1,0,29127,174762,24.9
2,candidate,late_escape,8,1,1,29127,174762,24.7
2,candidate,late_escape,8,1,2,29127,174762,24.8
2,candidate,late_escape,8,1,3,29127,174762,25.0
2,candidate,late_escape,8,1,4,29127,174762,25.3
2,candidate,late_escape,8,1,5,29127,174762,25.2
2,candidate,late_escape,8,1,6,29127,174762,24.4
2,candidate,late_escape,64,0,0,16384,1015808,33.8
2,candidate,late_escape,64,0,1,16384,1015808,33.1
2,candidate,late_escape,64,0,2,16384,1015808,35.3
2,candidate,late_escape,64,0,3,16384,1015808,34.2
2,candidate,late_escape,64,0,4,16384,1015808,34.6
2,candidate,late_escape,64,0,5,16384,1015808,34.3
2,candidate,late_escape,64,0,6,16384,1015808,33.6
2,candidate,late_escape,64,1,0,16384,1015808,35.7
2,candidate,late_escape,64,1,1,16384,1015808,33.9
2,candidate,late_escape,64,1,2,16384,1015808,36.3
2,candidate,late_escape,64,1,3,16384,1015808,34.7
2,candidate,late_escape,64,1,4,16384,1015808,34.1
2,candidate,late_escape,64,1,5,16384,1015808,34.3
2,candidate,late_escape,64,1,6,16384,1015808,35.2
2,candidate,late_escape,4096,0,0,504,2063376,89.7
2,candidate,late_escape,4096,0,1,504,2063376,90.1
2,candidate,late_escape,4096,0,2,504,2063376,89.8
2,candidate,late_escape,4096,0,3,504,2063376,89.8
2,candidate,late_escape,4096,0,4,504,2063376,89.8
2,candidate,late_escape,4096,0,5,504,2063376,90.5
2,candidate,late_escape,4096,0,6,504,2063376,89.8
2,candidate,late_escape,4096,1,0,504,2063376,99.0
2,candidate,late_escape,4096,1,1,504,2063376,98.9
2,candidate,late_escape,4096,1,2,504,2063376,98.9
2,candidate,late_escape,4096,1,3,504,2063376,99.1
2,candidate,late_escape,4096,1,4,504,2063376,99.0
2,candidate,late_escape,4096,1,5,504,2063376,98.9
2,candidate,late_escape,4096,1,6,504,2063376,99.0
2,candidate,late_escape,65536,0,0,64,4194176,1234.3
2,candidate,late_escape,65536,0,1,64,4194176,1233.2
2,candidate,late_escape,65536,0,2,64,4194176,1231.5
2,candidate,late_escape,65536,0,3,64,4194176,1234.3
2,candidate,late_escape,65536,0,4,64,4194176,1395.7
2,candidate,late_escape,65536,0,5,64,4194176,1232.7
2,candidate,late_escape,65536,0,6,64,4194176,1232.1
2,candidate,late_escape,65536,1,0,64,4194176,1869.8
2,candidate,late_escape,65536,1,1,64,4194176,1972.2
2,candidate,late_escape,65536,1,2,64,4194176,1968.4
2,candidate,late_escape,65536,1,3,64,4194176,2017.6
2,candidate,late_escape,65536,1,4,64,4194176,1895.6
2,candidate,late_escape,65536,1,5,64,4194176,1842.1
2,candidate,late_escape,65536,1,6,64,4194176,2072.3
2,candidate,early_escape,8,0,0,29127,174762,24.2
2,candidate,early_escape,8,0,1,29127,174762,23.5
2,candidate,early_escape,8,0,2,29127,174762,24.0
2,candidate,early_escape,8,0,3,29127,174762,24.0
2,candidate,early_escape,8,0,4,29127,174762,26.0
2,candidate,early_escape,8,0,5,29127,174762,24.2
2,candidate,early_escape,8,0,6,29127,174762,24.2
2,candidate,early_escape,8,1,0,29127,174762,24.5
2,candidate,early_escape,8,1,1,29127,174762,24.8
2,candidate,early_escape,8,1,2,29127,174762,25.2
2,candidate,early_escape,8,1,3,29127,174762,24.4
2,candidate,early_escape,8,1,4,29127,174762,25.9
2,candidate,early_escape,8,1,5,29127,174762,24.8
2,candidate,early_escape,8,1,6,29127,174762,25.0
2,candidate,early_escape,64,0,0,16384,1015808,75.3
2,candidate,early_escape,64,0,1,16384,1015808,77.5
2,candidate,early_escape,64,0,2,16384,1015808,80.1
2,candidate,early_escape,64,0,3,16384,1015808,75.6
2,candidate,early_escape,64,0,4,16384,1015808,74.3
2,candidate,early_escape,64,0,5,16384,1015808,74.0
2,candidate,early_escape,64,0,6,16384,1015808,75.7
2,candidate,early_escape,64,1,0,16384,1015808,79.2
2,candidate,early_escape,64,1,1,16384,1015808,108.2
2,candidate,early_escape,64,1,2,16384,1015808,79.0
2,candidate,early_escape,64,1,3,16384,1015808,79.4
2,candidate,early_escape,64,1,4,16384,1015808,79.7
2,candidate,early_escape,64,1,5,16384,1015808,79.1
2,candidate,early_escape,64,1,6,16384,1015808,80.5
2,candidate,early_escape,4096,0,0,504,2063376,97.0
2,candidate,early_escape,4096,0,1,504,2063376,97.0
2,candidate,early_escape,4096,0,2,504,2063376,97.1
2,candidate,early_escape,4096,0,3,504,2063376,97.0
2,candidate,early_escape,4096,0,4,504,2063376,96.9
2,candidate,early_escape,4096,0,5,504,2063376,97.0
2,candidate,early_escape,4096,0,6,504,2063376,97.0
2,candidate,early_escape,4096,1,0,504,2063376,108.2
2,candidate,early_escape,4096,1,1,504,2063376,108.5
2,candidate,early_escape,4096,1,2,504,2063376,134.6
2,candidate,early_escape,4096,1,3,504,2063376,109.0
2,candidate,early_escape,4096,1,4,504,2063376,131.7
2,candidate,early_escape,4096,1,5,504,2063376,108.9
2,candidate,early_escape,4096,1,6,504,2063376,131.3
2,candidate,early_escape,65536,0,0,64,4194176,1309.1
2,candidate,early_escape,65536,0,1,64,4194176,1306.8
2,candidate,early_escape,65536,0,2,64,4194176,1306.3
2,candidate,early_escape,65536,0,3,64,4194176,1447.1
2,candidate,early_escape,65536,0,4,64,4194176,1476.7
2,candidate,early_escape,65536,0,5,64,4194176,1307.7
2,candidate,early_escape,65536,0,6,64,4194176,1307.4
2,candidate,early_escape,65536,1,0,64,4194176,1694.0
2,candidate,early_escape,65536,1,1,64,4194176,1386.7
2,candidate,early_escape,65536,1,2,64,4194176,1388.5
2,candidate,early_escape,65536,1,3,64,4194176,1388.7
2,candidate,early_escape,65536,1,4,64,4194176,1386.2
2,candidate,early_escape,65536,1,5,64,4194176,1620.9
2,candidate,early_escape,65536,1,6,64,4194176,1573.8
2,candidate,repeated_runs,8,0,0,29127,174762,24.5
2,candidate,repeated_runs,8,0,1,29127,174762,23.8
2,candidate,repeated_runs,8,0,2,29127,174762,24.2
2,candidate,repeated_runs,8,0,3,29127,174762,26.9
2,candidate,repeated_runs,8,0,4,29127,174762,23.9
2,candidate,repeated_runs,8,0,5,29127,174762,25.5
2,candidate,repeated_runs,8,0,6,29127,174762,24.4
2,candidate,repeated_runs,8,1,0,29127,174762,26.2
2,candidate,repeated_runs,8,1,1,29127,174762,26.9
2,candidate,repeated_runs,8,1,2,29127,174762,26.5
2,candidate,repeated_runs,8,1,3,29127,174762,27.6
2,candidate,repeated_runs,8,1,4,29127,174762,26.1
2,candidate,repeated_runs,8,1,5,29127,174762,27.2
2,candidate,repeated_runs,8,1,6,29127,174762,26.8
2,candidate,repeated_runs,64,0,0,16384,1015808,76.0
2,candidate,repeated_runs,64,0,1,16384,1015808,78.3
2,candidate,repeated_runs,64,0,2,16384,1015808,76.0
2,candidate,repeated_runs,64,0,3,16384,1015808,76.0
2,candidate,repeated_runs,64,0,4,16384,1015808,77.2
2,candidate,repeated_runs,64,0,5,16384,1015808,76.3
2,candidate,repeated_runs,64,0,6,16384,1015808,74.6
2,candidate,repeated_runs,64,1,0,16384,1015808,95.2
2,candidate,repeated_runs,64,1,1,16384,1015808,79.9
2,candidate,repeated_runs,64,1,2,16384,1015808,79.6
2,candidate,repeated_runs,64,1,3,16384,1015808,81.4
2,candidate,repeated_runs,64,1,4,16384,1015808,78.1
2,candidate,repeated_runs,64,1,5,16384,1015808,79.3
2,candidate,repeated_runs,64,1,6,16384,1015808,83.0
2,candidate,repeated_runs,4096,0,0,504,2048256,414.4
2,candidate,repeated_runs,4096,0,1,504,2048256,426.7
2,candidate,repeated_runs,4096,0,2,504,2048256,412.6
2,candidate,repeated_runs,4096,0,3,504,2048256,411.4
2,candidate,repeated_runs,4096,0,4,504,2048256,411.3
2,candidate,repeated_runs,4096,0,5,504,2048256,411.9
2,candidate,repeated_runs,4096,0,6,504,2048256,437.9
2,candidate,repeated_runs,4096,1,0,504,2048256,433.0
2,candidate,repeated_runs,4096,1,1,504,2048256,437.0
2,candidate,repeated_runs,4096,1,2,504,2048256,435.6
2,candidate,repeated_runs,4096,1,3,504,2048256,669.1
2,candidate,repeated_runs,4096,1,4,504,2048256,639.6
2,candidate,repeated_runs,4096,1,5,504,2048256,707.8
2,candidate,repeated_runs,4096,1,6,504,2048256,561.9
2,candidate,repeated_runs,65536,0,0,64,4161536,6302.9
2,candidate,repeated_runs,65536,0,1,64,4161536,6427.3
2,candidate,repeated_runs,65536,0,2,64,4161536,6473.7
2,candidate,repeated_runs,65536,0,3,64,4161536,6309.3
2,candidate,repeated_runs,65536,0,4,64,4161536,6452.9
2,candidate,repeated_runs,65536,0,5,64,4161536,6287.4
2,candidate,repeated_runs,65536,0,6,64,4161536,6426.7
2,candidate,repeated_runs,65536,1,0,64,4161536,7771.9
2,candidate,repeated_runs,65536,1,1,64,4161536,7024.0
2,candidate,repeated_runs,65536,1,2,64,4161536,6854.0
2,candidate,repeated_runs,65536,1,3,64,4161536,6830.1
2,candidate,repeated_runs,65536,1,4,64,4161536,6821.5
2,candidate,repeated_runs,65536,1,5,64,4161536,6815.0
2,candidate,repeated_runs,65536,1,6,64,4161536,7008.6
3,baseline,plain,0,0,0,32768,0,23.2
3,baseline,plain,0,0,1,32768,0,18.1
3,baseline,plain,0,0,2,32768,0,18.5
3,baseline,plain,0,0,3,32768,0,12.6
3,baseline,plain,0,0,4,32768,0,14.5
3,baseline,plain,0,0,5,32768,0,12.5
3,baseline,plain,0,0,6,32768,0,12.5
3,baseline,plain,0,1,0,32768,0,12.5
3,baseline,plain,0,1,1,32768,0,16.2
3,baseline,plain,0,1,2,32768,0,12.5
3,baseline,plain,0,1,3,32768,0,12.5
3,baseline,plain,0,1,4,32768,0,12.5
3,baseline,plain,0,1,5,32768,0,18.4
3,baseline,plain,0,1,6,32768,0,17.0
3,baseline,plain,30,0,0,22310,669300,44.6
3,baseline,plain,30,0,1,22310,669300,46.0
3,baseline,plain,30,0,2,22310,669300,44.6
3,baseline,plain,30,0,3,22310,669300,45.2
3,baseline,plain,30,0,4,22310,669300,44.6
3,baseline,plain,30,0,5,22310,669300,44.9
3,baseline,plain,30,0,6,22310,669300,44.6
3,baseline,plain,30,1,0,22310,669300,46.3
3,baseline,plain,30,1,1,22310,669300,46.8
3,baseline,plain,30,1,2,22310,669300,47.4
3,baseline,plain,30,1,3,22310,669300,48.3
3,baseline,plain,30,1,4,22310,669300,46.9
3,baseline,plain,30,1,5,22310,669300,47.4
3,baseline,plain,30,1,6,22310,669300,46.4
3,baseline,plain,90,0,0,13617,1225530,27.5
3,baseline,plain,90,0,1,13617,1225530,27.4
3,baseline,plain,90,0,2,13617,1225530,26.1
3,baseline,plain,90,0,3,13617,1225530,28.0
3,baseline,plain,90,0,4,13617,1225530,26.2
3,baseline,plain,90,0,5,13617,1225530,26.2
3,baseline,plain,90,0,6,13617,1225530,26.8
3,baseline,plain,90,1,0,13617,1225530,31.5
3,baseline,plain,90,1,1,13617,1225530,29.0
3,baseline,plain,90,1,2,13617,1225530,28.9
3,baseline,plain,90,1,3,13617,1225530,30.0
3,baseline,plain,90,1,4,13617,1225530,30.1
3,baseline,plain,90,1,5,13617,1225530,29.0
3,baseline,plain,90,1,6,13617,1225530,29.6
3,baseline,plain,4110,0,0,502,2063220,93.1
3,baseline,plain,4110,0,1,502,2063220,93.1
3,baseline,plain,4110,0,2,502,2063220,111.6
3,baseline,plain,4110,0,3,502,2063220,95.5
3,baseline,plain,4110,0,4,502,2063220,89.6
3,baseline,plain,4110,0,5,502,2063220,81.9
3,baseline,plain,4110,0,6,502,2063220,81.9
3,baseline,plain,4110,1,0,502,2063220,131.7
3,baseline,plain,4110,1,1,502,2063220,131.7
3,baseline,plain,4110,1,2,502,2063220,131.5
3,baseline,plain,4110,1,3,502,2063220,131.5
3,baseline,plain,4110,1,4,502,2063220,131.6
3,baseline,plain,4110,1,5,502,2063220,131.5
3,baseline,plain,4110,1,6,502,2063220,153.9
3,baseline,plain,65550,0,0,64,4195200,1407.4
3,baseline,plain,65550,0,1,64,4195200,1227.1
3,baseline,plain,65550,0,2,64,4195200,1230.2
3,baseline,plain,65550,0,3,64,4195200,1374.1
3,baseline,plain,65550,0,4,64,4195200,1226.5
3,baseline,plain,65550,0,5,64,4195200,1229.1
3,baseline,plain,65550,0,6,64,4195200,1228.8
3,baseline,plain,65550,1,0,64,4195200,2379.5
3,baseline,plain,65550,1,1,64,4195200,2366.2
3,baseline,plain,65550,1,2,64,4195200,2357.4
3,baseline,plain,65550,1,3,64,4195200,1943.7
3,baseline,plain,65550,1,4,64,4195200,1440.8
3,baseline,plain,65550,1,5,64,4195200,1440.2
3,baseline,plain,65550,1,6,64,4195200,1966.8
3,baseline,sparse,53,0,0,17924,914124,63.2
3,baseline,sparse,53,0,1,17924,914124,75.6
3,baseline,sparse,53,0,2,17924,914124,70.8
3,baseline,sparse,53,0,3,17924,914124,68.5
3,baseline,sparse,53,0,4,17924,914124,69.7
3,baseline,sparse,53,0,5,17924,914124,64.8
3,baseline,sparse,53,0,6,17924,914124,64.4
3,baseline,sparse,53,1,0,17924,914124,69.8
3,baseline,sparse,53,1,1,17924,914124,67.8
3,baseline,sparse,53,1,2,17924,914124,68.4
3,baseline,sparse,53,1,3,17924,914124,67.7
3,baseline,sparse,53,1,4,17924,914124,67.3
3,baseline,sparse,53,1,5,17924,914124,66.5
3,baseline,sparse,53,1,6,17924,914124,66.0
3,baseline,sparse,106,0,0,12336,1258272,87.8
3,baseline,sparse,106,0,1,12336,1258272,91.1
3,baseline,sparse,106,0,2,12336,1258272,89.5
3,baseline,sparse,106,0,3,12336,1258272,119.8
3,baseline,sparse,106,0,4,12336,1258272,108.8
3,baseline,sparse,106,0,5,12336,1258272,98.4
3,baseline,sparse,106,0,6,12336,1258272,92.1
3,baseline,sparse,106,1,0,12336,1258272,93.0
3,baseline,sparse,106,1,1,12336,1258272,90.4
3,baseline,sparse,106,1,2,12336,1258272,91.5
3,baseline,sparse,106,1,3,12336,1258272,94.3
3,baseline,sparse,106,1,4,12336,1258272,95.6
3,baseline,sparse,106,1,5,12336,1258272,150.7
3,baseline,sparse,106,1,6,12336,1258272,135.1
3,baseline,sparse,4134,0,0,499,1985022,3672.0
3,baseline,sparse,4134,0,1,499,1985022,3661.7
3,baseline,sparse,4134,0,2,499,1985022,4104.7
3,baseline,sparse,4134,0,3,499,1985022,3827.3
3,baseline,sparse,4134,0,4,499,1985022,4006.8
3,baseline,sparse,4134,0,5,499,1985022,3650.5
3,baseline,sparse,4134,0,6,499,1985022,3642.1
3,baseline,sparse,4134,1,0,499,1985022,3956.3
3,baseline,sparse,4134,1,1,499,1985022,3915.2
3,baseline,sparse,4134,1,2,499,1985022,3918.5
3,baseline,sparse,4134,1,3,499,1985022,3879.5
3,baseline,sparse,4134,1,4,499,1985022,3810.7
3,baseline,sparse,4134,1,5,499,1985022,3839.8
3,baseline,sparse,4134,1,6,499,1985022,3842.0
3,baseline,sparse,65561,0,0,64,4037568,60159.8
3,baseline,sparse,65561,0,1,64,4037568,58845.7
3,baseline,sparse,65561,0,2,64,4037568,58822.9
3,baseline,sparse,65561,0,3,64,4037568,133589.8
3,baseline,sparse,65561,0,4,64,4037568,58826.2
3,baseline,sparse,65561,0,5,64,4037568,59117.1
3,baseline,sparse,65561,0,6,64,4037568,62544.8
3,baseline,sparse,65561,1,0,64,4037568,62047.8
3,baseline,sparse,65561,1,1,64,4037568,62958.5
3,baseline,sparse,65561,1,2,64,4037568,61675.0
3,baseline,sparse,65561,1,3,64,4037568,62156.5
3,baseline,sparse,65561,1,4,64,4037568,61619.5
3,baseline,sparse,65561,1,5,64,4037568,63644.1
3,baseline,sparse,65561,1,6,64,4037568,62010.3
3,baseline,dense,12,0,0,27594,110376,24.2
3,baseline,dense,12,0,1,27594,110376,27.7
3,baseline,dense,12,0,2,27594,110376,23.7
3,baseline,dense,12,0,3,27594,110376,24.0
3,baseline,dense,12,0,4,27594,110376,24.1
3,baseline,dense,12,0,5,27594,110376,23.6
3,baseline,dense,12,0,6,27594,110376,24.3
3,baseline,dense,12,1,0,27594,110376,23.2
3,baseline,dense,12,1,1,27594,110376,23.2
3,baseline,dense,12,1,2,27594,110376,23.0
3,baseline,dense,12,1,3,27594,110376,23.3
3,baseline,dense,12,1,4,27594,110376,23.4
3,baseline,dense,12,1,5,27594,110376,23.5
3,baseline,dense,12,1,6,27594,110376,23.0
3,baseline,dense,72,0,0,15420,370080,47.8
3,baseline,dense,72,0,1,15420,370080,47.2
3,baseline,dense,72,0,2,15420,370080,47.4
3,baseline,dense,72,0,3,15420,370080,47.6
3,baseline,dense,72,0,4,15420,370080,48.5
3,baseline,dense,72,0,5,15420,370080,47.3
3,baseline,dense,72,0,6,15420,370080,47.5
3,baseline,dense,72,1,0,15420,370080,50.8
3,baseline,dense,72,1,1,15420,370080,47.7
3,baseline,dense,72,1,2,15420,370080,47.1
3,baseline,dense,72,1,3,15420,370080,47.2
3,baseline,dense,72,1,4,15420,370080,47.4
3,baseline,dense,72,1,5,15420,370080,47.8
3,baseline,dense,72,1,6,15420,370080,47.6
3,baseline,dense,4104,0,0,503,688104,1626.6
3,baseline,dense,4104,0,1,503,688104,1580.3
3,baseline,dense,4104,0,2,503,688104,1619.5
3,baseline,dense,4104,0,3,503,688104,1566.2
3,baseline,dense,4104,0,4,503,688104,1613.5
3,baseline,dense,4104,0,5,503,688104,1742.6
3,baseline,dense,4104,0,6,503,688104,1610.9
3,baseline,dense,4104,1,0,503,688104,1650.0
3,baseline,dense,4104,1,1,503,688104,1657.9
3,baseline,dense,4104,1,2,503,688104,1664.6
3,baseline,dense,4104,1,3,503,688104,1673.6
3,baseline,dense,4104,1,4,503,688104,1670.7
3,baseline,dense,4104,1,5,503,688104,1650.4
3,baseline,dense,4104,1,6,503,688104,1663.7
3,baseline,dense,65544,0,0,64,1398272,25795.8
3,baseline,dense,65544,0,1,64,1398272,25403.3
3,baseline,dense,65544,0,2,64,1398272,25366.1
3,baseline,dense,65544,0,3,64,1398272,26162.0
3,baseline,dense,65544,0,4,64,1398272,24839.2
3,baseline,dense,65544,0,5,64,1398272,25278.9
3,baseline,dense,65544,0,6,64,1398272,26347.7
3,baseline,dense,65544,1,0,64,1398272,26273.6
3,baseline,dense,65544,1,1,64,1398272,26106.9
3,baseline,dense,65544,1,2,64,1398272,25918.7
3,baseline,dense,65544,1,3,64,1398272,26245.2
3,baseline,dense,65544,1,4,64,1398272,26290.5
3,baseline,dense,65544,1,5,64,1398272,26982.4
3,baseline,dense,65544,1,6,64,1398272,26166.7
3,baseline,plus,8,0,0,29127,233016,25.7
3,baseline,plus,8,0,1,29127,233016,25.7
3,baseline,plus,8,0,2,29127,233016,25.7
3,baseline,plus,8,0,3,29127,233016,26.1
3,baseline,plus,8,0,4,29127,233016,25.4
3,baseline,plus,8,0,5,29127,233016,26.0
3,baseline,plus,8,0,6,29127,233016,25.7
3,baseline,plus,8,1,0,29127,233016,26.8
3,baseline,plus,8,1,1,29127,233016,26.4
3,baseline,plus,8,1,2,29127,233016,26.9
3,baseline,plus,8,1,3,29127,233016,26.6
3,baseline,plus,8,1,4,29127,233016,26.2
3,baseline,plus,8,1,5,29127,233016,27.4
3,baseline,plus,8,1,6,29127,233016,26.8
3,baseline,plus,64,0,0,16384,1048576,25.9
3,baseline,plus,64,0,1,16384,1048576,25.6
3,baseline,plus,64,0,2,16384,1048576,25.6
3,baseline,plus,64,0,3,16384,1048576,26.0
3,baseline,plus,64,0,4,16384,1048576,25.6
3,baseline,plus,64,0,5,16384,1048576,26.9
3,baseline,plus,64,0,6,16384,1048576,25.7
3,baseline,plus,64,1,0,16384,1048576,82.5
3,baseline,plus,64,1,1,16384,1048576,78.1
3,baseline,plus,64,1,2,16384,1048576,80.7
3,baseline,plus,64,1,3,16384,1048576,82.5
3,baseline,plus,64,1,4,16384,1048576,81.1
3,baseline,plus,64,1,5,16384,1048576,80.2
3,baseline,plus,64,1,6,16384,1048576,83.1
3,baseline,plus,4096,0,0,504,2064384,77.9
3,baseline,plus,4096,0,1,504,2064384,78.0
3,baseline,plus,4096,0,2,504,2064384,95.5
3,baseline,plus,4096,0,3,504,2064384,78.3
3,baseline,plus,4096,0,4,504,2064384,78.3
3,baseline,plus,4096,0,5,504,2064384,78.2
3,baseline,plus,4096,0,6,504,2064384,78.2
3,baseline,plus,4096,1,0,504,2064384,3928.0
3,baseline,plus,4096,1,1,504,2064384,3829.2
3,baseline,plus,4096,1,2,504,2064384,3805.1
3,baseline,plus,4096,1,3,504,2064384,3883.7
3,baseline,plus,4096,1,4,504,2064384,3894.3
3,baseline,plus,4096,1,5,504,2064384,3770.7
3,baseline,plus,4096,1,6,504,2064384,3790.4
3,baseline,plus,65536,0,0,64,4194304,2099.1
3,baseline,plus,65536,0,1,64,4194304,2510.6
3,baseline,plus,65536,0,2,64,4194304,1884.6
3,baseline,plus,65536,0,3,64,4194304,1217.2
3,baseline,plus,65536,0,4,64,4194304,1214.9
3,baseline,plus,65536,0,5,64,4194304,1785.8
3,baseline,plus,65536,0,6,64,4194304,1219.1
3,baseline,plus,65536,1,0,64,4194304,61248.9
3,baseline,plus,65536,1,1,64,4194304,60196.7
3,baseline,plus,65536,1,2,64,4194304,59939.3
3,baseline,plus,65536,1,3,64,4194304,60598.7
3,baseline,plus,65536,1,4,64,4194304,60688.1
3,baseline,plus,65536,1,5,64,4194304,60203.9
3,baseline,plus,65536,1,6,64,4194304,60137.3
3,baseline,mixed,10,0,0,28339,170034,24.6
3,baseline,mixed,10,0,1,28339,170034,24.2
3,baseline,mixed,10,0,2,28339,170034,24.1
3,baseline,mixed,10,0,3,28339,170034,24.3
3,baseline,mixed,10,0,4,28339,170034,24.2
3,baseline,mixed,10,0,5,28339,170034,24.7
3,baseline,mixed,10,0,6,28339,170034,24.1
3,baseline,mixed,10,1,0,28339,170034,24.1
3,baseline,mixed,10,1,1,28339,170034,23.8
3,baseline,mixed,10,1,2,28339,170034,24.5
3,baseline,mixed,10,1,3,28339,170034,24.2
3,baseline,mixed,10,1,4,28339,170034,24.7
3,baseline,mixed,10,1,5,28339,170034,24.4
3,baseline,mixed,10,1,6,28339,170034,24.6
3,baseline,mixed,70,0,0,15650,657300,60.7
3,baseline,mixed,70,0,1,15650,657300,61.9
3,baseline,mixed,70,0,2,15650,657300,66.0
3,baseline,mixed,70,0,3,15650,657300,62.1
3,baseline,mixed,70,0,4,15650,657300,62.7
3,baseline,mixed,70,0,5,15650,657300,63.4
3,baseline,mixed,70,0,6,15650,657300,62.6
3,baseline,mixed,70,1,0,15650,657300,61.9
3,baseline,mixed,70,1,1,15650,657300,61.9
3,baseline,mixed,70,1,2,15650,657300,61.9
3,baseline,mixed,70,1,3,15650,657300,62.1
3,baseline,mixed,70,1,4,15650,657300,62.8
3,baseline,mixed,70,1,5,15650,657300,64.7
3,baseline,mixed,70,1,6,15650,657300,62.2
3,baseline,mixed,4100,0,0,503,1237380,2554.7
3,baseline,mixed,4100,0,1,503,1237380,2544.7
3,baseline,mixed,4100,0,2,503,1237380,2531.3
3,baseline,mixed,4100,0,3,503,1237380,2563.9
3,baseline,mixed,4100,0,4,503,1237380,2504.6
3,baseline,mixed,4100,0,5,503,1237380,2550.1
3,baseline,mixed,4100,0,6,503,1237380,2794.5
3,baseline,mixed,4100,1,0,503,1237380,2540.5
3,baseline,mixed,4100,1,1,503,1237380,2552.3
3,baseline,mixed,4100,1,2,503,1237380,2583.0
3,baseline,mixed,4100,1,3,503,1237380,2701.9
3,baseline,mixed,4100,1,4,503,1237380,2574.2
3,baseline,mixed,4100,1,5,503,1237380,2613.5
3,baseline,mixed,4100,1,6,503,1237380,2616.3
3,baseline,mixed,65540,0,0,64,2516736,40448.6
3,baseline,mixed,65540,0,1,64,2516736,40386.5
3,baseline,mixed,65540,0,2,64,2516736,40311.8
3,baseline,mixed,65540,0,3,64,2516736,41545.9
3,baseline,mixed,65540,0,4,64,2516736,40354.2
3,baseline,mixed,65540,0,5,64,2516736,42659.5
3,baseline,mixed,65540,0,6,64,2516736,42285.0
3,baseline,mixed,65540,1,0,64,2516736,41258.2
3,baseline,mixed,65540,1,1,64,2516736,40790.1
3,baseline,mixed,65540,1,2,64,2516736,40505.2
3,baseline,mixed,65540,1,3,64,2516736,40525.4
3,baseline,mixed,65540,1,4,64,2516736,40814.0
3,baseline,mixed,65540,1,5,64,2516736,40622.5
3,baseline,mixed,65540,1,6,64,2516736,41986.7
3,baseline,late_escape,8,0,0,29127,174762,23.9
3,baseline,late_escape,8,0,1,29127,174762,24.0
3,baseline,late_escape,8,0,2,29127,174762,24.0
3,baseline,late_escape,8,0,3,29127,174762,23.4
3,baseline,late_escape,8,0,4,29127,174762,24.8
3,baseline,late_escape,8,0,5,29127,174762,24.5
3,baseline,late_escape,8,0,6,29127,174762,24.2
3,baseline,late_escape,8,1,0,29127,174762,26.3
3,baseline,late_escape,8,1,1,29127,174762,25.6
3,baseline,late_escape,8,1,2,29127,174762,25.1
3,baseline,late_escape,8,1,3,29127,174762,25.9
3,baseline,late_escape,8,1,4,29127,174762,25.8
3,baseline,late_escape,8,1,5,29127,174762,24.9
3,baseline,late_escape,8,1,6,29127,174762,24.1
3,baseline,late_escape,64,0,0,16384,1015808,32.8
3,baseline,late_escape,64,0,1,16384,1015808,32.5
3,baseline,late_escape,64,0,2,16384,1015808,38.4
3,baseline,late_escape,64,0,3,16384,1015808,34.7
3,baseline,late_escape,64,0,4,16384,1015808,35.0
3,baseline,late_escape,64,0,5,16384,1015808,34.8
3,baseline,late_escape,64,0,6,16384,1015808,32.8
3,baseline,late_escape,64,1,0,16384,1015808,35.3
3,baseline,late_escape,64,1,1,16384,1015808,35.0
3,baseline,late_escape,64,1,2,16384,1015808,34.7
3,baseline,late_escape,64,1,3,16384,1015808,33.6
3,baseline,late_escape,64,1,4,16384,1015808,34.3
3,baseline,late_escape,64,1,5,16384,1015808,34.6
3,baseline,late_escape,64,1,6,16384,1015808,37.3
3,baseline,late_escape,4096,0,0,504,2063376,86.0
3,baseline,late_escape,4096,0,1,504,2063376,86.1
3,baseline,late_escape,4096,0,2,504,2063376,86.0
3,baseline,late_escape,4096,0,3,504,2063376,85.9
3,baseline,late_escape,4096,0,4,504,2063376,86.2
3,baseline,late_escape,4096,0,5,504,2063376,86.2
3,baseline,late_escape,4096,0,6,504,2063376,86.2
3,baseline,late_escape,4096,1,0,504,2063376,97.5
3,baseline,late_escape,4096,1,1,504,2063376,97.7
3,baseline,late_escape,4096,1,2,504,2063376,98.0
3,baseline,late_escape,4096,1,3,504,2063376,97.8
3,baseline,late_escape,4096,1,4,504,2063376,97.7
3,baseline,late_escape,4096,1,5,504,2063376,132.2
3,baseline,late_escape,4096,1,6,504,2063376,98.0
3,baseline,late_escape,65536,0,0,64,4194176,1220.5
3,baseline,late_escape,65536,0,1,64,4194176,1386.0
3,baseline,late_escape,65536,0,2,64,4194176,1219.6
3,baseline,late_escape,65536,0,3,64,4194176,1219.1
3,baseline,late_escape,65536,0,4,64,4194176,1216.6
3,baseline,late_escape,65536,0,5,64,4194176,1219.6
3,baseline,late_escape,65536,0,6,64,4194176,1401.8
3,baseline,late_escape,65536,1,0,64,4194176,1374.4
3,baseline,late_escape,65536,1,1,64,4194176,1372.1
3,baseline,late_escape,65536,1,2,64,4194176,1372.5
3,baseline,late_escape,65536,1,3,64,4194176,1370.8
3,baseline,late_escape,65536,1,4,64,4194176,1371.5
3,baseline,late_escape,65536,1,5,64,4194176,1370.7
3,baseline,late_escape,65536,1,6,64,4194176,1371.3
3,baseline,early_escape,8,0,0,29127,174762,24.5
3,baseline,early_escape,8,0,1,29127,174762,23.6
3,baseline,early_escape,8,0,2,29127,174762,24.5
3,baseline,early_escape,8,0,3,29127,174762,24.2
3,baseline,early_escape,8,0,4,29127,174762,25.5
3,baseline,early_escape,8,0,5,29127,174762,24.7
3,baseline,early_escape,8,0,6,29127,174762,23.9
3,baseline,early_escape,8,1,0,29127,174762,24.9
3,baseline,early_escape,8,1,1,29127,174762,24.2
3,baseline,early_escape,8,1,2,29127,174762,24.1
3,baseline,early_escape,8,1,3,29127,174762,24.1
3,baseline,early_escape,8,1,4,29127,174762,24.5
3,baseline,early_escape,8,1,5,29127,174762,24.6
3,baseline,early_escape,8,1,6,29127,174762,24.2
3,baseline,early_escape,64,0,0,16384,1015808,74.4
3,baseline,early_escape,64,0,1,16384,1015808,74.3
3,baseline,early_escape,64,0,2,16384,1015808,74.9
3,baseline,early_escape,64,0,3,16384,1015808,79.1
3,baseline,early_escape,64,0,4,16384,1015808,77.9
3,baseline,early_escape,64,0,5,16384,1015808,77.2
3,baseline,early_escape,64,0,6,16384,1015808,74.7
3,baseline,early_escape,64,1,0,16384,1015808,77.9
3,baseline,early_escape,64,1,1,16384,1015808,77.6
3,baseline,early_escape,64,1,2,16384,1015808,77.7
3,baseline,early_escape,64,1,3,16384,1015808,80.7
3,baseline,early_escape,64,1,4,16384,1015808,77.2
3,baseline,early_escape,64,1,5,16384,1015808,79.0
3,baseline,early_escape,64,1,6,16384,1015808,78.8
3,baseline,early_escape,4096,0,0,504,2063376,3740.2
3,baseline,early_escape,4096,0,1,504,2063376,3724.2
3,baseline,early_escape,4096,0,2,504,2063376,3737.5
3,baseline,early_escape,4096,0,3,504,2063376,3715.8
3,baseline,early_escape,4096,0,4,504,2063376,3740.9
3,baseline,early_escape,4096,0,5,504,2063376,3708.4
3,baseline,early_escape,4096,0,6,504,2063376,3817.2
3,baseline,early_escape,4096,1,0,504,2063376,3883.8
3,baseline,early_escape,4096,1,1,504,2063376,3947.9
3,baseline,early_escape,4096,1,2,504,2063376,3911.0
3,baseline,early_escape,4096,1,3,504,2063376,4046.8
3,baseline,early_escape,4096,1,4,504,2063376,3914.8
3,baseline,early_escape,4096,1,5,504,2063376,4493.0
3,baseline,early_escape,4096,1,6,504,2063376,3924.9
3,baseline,early_escape,65536,0,0,64,4194176,60146.5
3,baseline,early_escape,65536,0,1,64,4194176,61146.4
3,baseline,early_escape,65536,0,2,64,4194176,60667.8
3,baseline,early_escape,65536,0,3,64,4194176,59926.8
3,baseline,early_escape,65536,0,4,64,4194176,61078.1
3,baseline,early_escape,65536,0,5,64,4194176,59944.5
3,baseline,early_escape,65536,0,6,64,4194176,60602.3
3,baseline,early_escape,65536,1,0,64,4194176,62893.0
3,baseline,early_escape,65536,1,1,64,4194176,60933.6
3,baseline,early_escape,65536,1,2,64,4194176,60005.9
3,baseline,early_escape,65536,1,3,64,4194176,60109.5
3,baseline,early_escape,65536,1,4,64,4194176,61208.5
3,baseline,early_escape,65536,1,5,64,4194176,60358.1
3,baseline,early_escape,65536,1,6,64,4194176,60137.9
3,baseline,repeated_runs,8,0,0,29127,174762,25.7
3,baseline,repeated_runs,8,0,1,29127,174762,24.1
3,baseline,repeated_runs,8,0,2,29127,174762,24.4
3,baseline,repeated_runs,8,0,3,29127,174762,24.4
3,baseline,repeated_runs,8,0,4,29127,174762,23.8
3,baseline,repeated_runs,8,0,5,29127,174762,23.8
3,baseline,repeated_runs,8,0,6,29127,174762,24.3
3,baseline,repeated_runs,8,1,0,29127,174762,23.9
3,baseline,repeated_runs,8,1,1,29127,174762,24.0
3,baseline,repeated_runs,8,1,2,29127,174762,25.9
3,baseline,repeated_runs,8,1,3,29127,174762,24.9
3,baseline,repeated_runs,8,1,4,29127,174762,24.8
3,baseline,repeated_runs,8,1,5,29127,174762,24.3
3,baseline,repeated_runs,8,1,6,29127,174762,23.9
3,baseline,repeated_runs,64,0,0,16384,1015808,75.1
3,baseline,repeated_runs,64,0,1,16384,1015808,75.5
3,baseline,repeated_runs,64,0,2,16384,1015808,75.8
3,baseline,repeated_runs,64,0,3,16384,1015808,74.9
3,baseline,repeated_runs,64,0,4,16384,1015808,77.3
3,baseline,repeated_runs,64,0,5,16384,1015808,77.6
3,baseline,repeated_runs,64,0,6,16384,1015808,79.9
3,baseline,repeated_runs,64,1,0,16384,1015808,75.3
3,baseline,repeated_runs,64,1,1,16384,1015808,76.4
3,baseline,repeated_runs,64,1,2,16384,1015808,76.0
3,baseline,repeated_runs,64,1,3,16384,1015808,77.6
3,baseline,repeated_runs,64,1,4,16384,1015808,75.8
3,baseline,repeated_runs,64,1,5,16384,1015808,77.9
3,baseline,repeated_runs,64,1,6,16384,1015808,80.7
3,baseline,repeated_runs,4096,0,0,504,2048256,3770.7
3,baseline,repeated_runs,4096,0,1,504,2048256,3814.5
3,baseline,repeated_runs,4096,0,2,504,2048256,3770.3
3,baseline,repeated_runs,4096,0,3,504,2048256,3747.0
3,baseline,repeated_runs,4096,0,4,504,2048256,3801.6
3,baseline,repeated_runs,4096,0,5,504,2048256,3804.4
3,baseline,repeated_runs,4096,0,6,504,2048256,3726.3
3,baseline,repeated_runs,4096,1,0,504,2048256,3810.6
3,baseline,repeated_runs,4096,1,1,504,2048256,3869.8
3,baseline,repeated_runs,4096,1,2,504,2048256,3830.0
3,baseline,repeated_runs,4096,1,3,504,2048256,3803.9
3,baseline,repeated_runs,4096,1,4,504,2048256,3835.5
3,baseline,repeated_runs,4096,1,5,504,2048256,3882.8
3,baseline,repeated_runs,4096,1,6,504,2048256,3822.1
3,baseline,repeated_runs,65536,0,0,64,4161536,61833.2
3,baseline,repeated_runs,65536,0,1,64,4161536,61508.0
3,baseline,repeated_runs,65536,0,2,64,4161536,60990.6
3,baseline,repeated_runs,65536,0,3,64,4161536,62385.2
3,baseline,repeated_runs,65536,0,4,64,4161536,61279.8
3,baseline,repeated_runs,65536,0,5,64,4161536,60599.5
3,baseline,repeated_runs,65536,0,6,64,4161536,61738.8
3,baseline,repeated_runs,65536,1,0,64,4161536,61173.6
3,baseline,repeated_runs,65536,1,1,64,4161536,62240.8
3,baseline,repeated_runs,65536,1,2,64,4161536,62856.6
3,baseline,repeated_runs,65536,1,3,64,4161536,61458.0
3,baseline,repeated_runs,65536,1,4,64,4161536,61803.5
3,baseline,repeated_runs,65536,1,5,64,4161536,61939.9
3,baseline,repeated_runs,65536,1,6,64,4161536,63165.7
4,baseline,plain,0,0,0,32768,0,13.6
4,baseline,plain,0,0,1,32768,0,13.8
4,baseline,plain,0,0,2,32768,0,13.7
4,baseline,plain,0,0,3,32768,0,14.2
4,baseline,plain,0,0,4,32768,0,13.6
4,baseline,plain,0,0,5,32768,0,14.2
4,baseline,plain,0,0,6,32768,0,14.7
4,baseline,plain,0,1,0,32768,0,15.1
4,baseline,plain,0,1,1,32768,0,14.1
4,baseline,plain,0,1,2,32768,0,13.9
4,baseline,plain,0,1,3,32768,0,14.1
4,baseline,plain,0,1,4,32768,0,14.1
4,baseline,plain,0,1,5,32768,0,14.3
4,baseline,plain,0,1,6,32768,0,13.9
4,baseline,plain,30,0,0,22310,669300,48.4
4,baseline,plain,30,0,1,22310,669300,48.1
4,baseline,plain,30,0,2,22310,669300,47.9
4,baseline,plain,30,0,3,22310,669300,48.2
4,baseline,plain,30,0,4,22310,669300,46.5
4,baseline,plain,30,0,5,22310,669300,57.4
4,baseline,plain,30,0,6,22310,669300,52.8
4,baseline,plain,30,1,0,22310,669300,48.8
4,baseline,plain,30,1,1,22310,669300,47.4
4,baseline,plain,30,1,2,22310,669300,49.3
4,baseline,plain,30,1,3,22310,669300,49.2
4,baseline,plain,30,1,4,22310,669300,47.8
4,baseline,plain,30,1,5,22310,669300,48.5
4,baseline,plain,30,1,6,22310,669300,49.0
4,baseline,plain,90,0,0,13617,1225530,29.1
4,baseline,plain,90,0,1,13617,1225530,31.0
4,baseline,plain,90,0,2,13617,1225530,30.9
4,baseline,plain,90,0,3,13617,1225530,29.1
4,baseline,plain,90,0,4,13617,1225530,29.2
4,baseline,plain,90,0,5,13617,1225530,29.8
4,baseline,plain,90,0,6,13617,1225530,30.1
4,baseline,plain,90,1,0,13617,1225530,31.8
4,baseline,plain,90,1,1,13617,1225530,31.2
4,baseline,plain,90,1,2,13617,1225530,31.2
4,baseline,plain,90,1,3,13617,1225530,31.2
4,baseline,plain,90,1,4,13617,1225530,31.2
4,baseline,plain,90,1,5,13617,1225530,33.5
4,baseline,plain,90,1,6,13617,1225530,31.3
4,baseline,plain,4110,0,0,502,2063220,77.8
4,baseline,plain,4110,0,1,502,2063220,77.7
4,baseline,plain,4110,0,2,502,2063220,77.7
4,baseline,plain,4110,0,3,502,2063220,77.6
4,baseline,plain,4110,0,4,502,2063220,77.9
4,baseline,plain,4110,0,5,502,2063220,77.8
4,baseline,plain,4110,0,6,502,2063220,77.8
4,baseline,plain,4110,1,0,502,2063220,93.7
4,baseline,plain,4110,1,1,502,2063220,93.5
4,baseline,plain,4110,1,2,502,2063220,93.7
4,baseline,plain,4110,1,3,502,2063220,93.6
4,baseline,plain,4110,1,4,502,2063220,93.7
4,baseline,plain,4110,1,5,502,2063220,93.7
4,baseline,plain,4110,1,6,502,2063220,93.7
4,baseline,plain,65550,0,0,64,4195200,1243.5
4,baseline,plain,65550,0,1,64,4195200,1242.6
4,baseline,plain,65550,0,2,64,4195200,1311.2
4,baseline,plain,65550,0,3,64,4195200,1309.1
4,baseline,plain,65550,0,4,64,4195200,1308.7
4,baseline,plain,65550,0,5,64,4195200,1313.4
4,baseline,plain,65550,0,6,64,4195200,1308.4
4,baseline,plain,65550,1,0,64,4195200,1407.1
4,baseline,plain,65550,1,1,64,4195200,1405.1
4,baseline,plain,65550,1,2,64,4195200,1401.7
4,baseline,plain,65550,1,3,64,4195200,1404.3
4,baseline,plain,65550,1,4,64,4195200,1402.6
4,baseline,plain,65550,1,5,64,4195200,1404.3
4,baseline,plain,65550,1,6,64,4195200,1405.2
4,baseline,sparse,53,0,0,17924,914124,64.6
4,baseline,sparse,53,0,1,17924,914124,66.7
4,baseline,sparse,53,0,2,17924,914124,65.1
4,baseline,sparse,53,0,3,17924,914124,65.0
4,baseline,sparse,53,0,4,17924,914124,65.3
4,baseline,sparse,53,0,5,17924,914124,63.5
4,baseline,sparse,53,0,6,17924,914124,67.4
4,baseline,sparse,53,1,0,17924,914124,71.7
4,baseline,sparse,53,1,1,17924,914124,70.6
4,baseline,sparse,53,1,2,17924,914124,71.5
4,baseline,sparse,53,1,3,17924,914124,72.8
4,baseline,sparse,53,1,4,17924,914124,70.4
4,baseline,sparse,53,1,5,17924,914124,71.6
4,baseline,sparse,53,1,6,17924,914124,72.6
4,baseline,sparse,106,0,0,12336,1258272,87.9
4,baseline,sparse,106,0,1,12336,1258272,89.5
4,baseline,sparse,106,0,2,12336,1258272,89.5
4,baseline,sparse,106,0,3,12336,1258272,93.1
4,baseline,sparse,106,0,4,12336,1258272,92.6
4,baseline,sparse,106,0,5,12336,1258272,88.0
4,baseline,sparse,106,0,6,12336,1258272,90.2
4,baseline,sparse,106,1,0,12336,1258272,95.3
4,baseline,sparse,106,1,1,12336,1258272,104.7
4,baseline,sparse,106,1,2,12336,1258272,104.0
4,baseline,sparse,106,1,3,12336,1258272,95.2
4,baseline,sparse,106,1,4,12336,1258272,93.5
4,baseline,sparse,106,1,5,12336,1258272,102.7
4,baseline,sparse,106,1,6,12336,1258272,96.6
4,baseline,sparse,4134,0,0,499,1985022,3687.6
4,baseline,sparse,4134,0,1,499,1985022,3767.4
4,baseline,sparse,4134,0,2,499,1985022,3695.3
4,baseline,sparse,4134,0,3,499,1985022,3708.0
4,baseline,sparse,4134,0,4,499,1985022,3698.9
4,baseline,sparse,4134,0,5,499,1985022,3831.5
4,baseline,sparse,4134,0,6,499,1985022,3779.8
4,baseline,sparse,4134,1,0,499,1985022,3995.3
4,baseline,sparse,4134,1,1,499,1985022,3989.6
4,baseline,sparse,4134,1,2,499,1985022,3893.9
4,baseline,sparse,4134,1,3,499,1985022,4561.8
4,baseline,sparse,4134,1,4,499,1985022,3947.5
4,baseline,sparse,4134,1,5,499,1985022,3877.5
4,baseline,sparse,4134,1,6,499,1985022,3855.0
4,baseline,sparse,65561,0,0,64,4037568,58739.7
4,baseline,sparse,65561,0,1,64,4037568,57969.2
4,baseline,sparse,65561,0,2,64,4037568,62929.3
4,baseline,sparse,65561,0,3,64,4037568,58480.0
4,baseline,sparse,65561,0,4,64,4037568,58673.8
4,baseline,sparse,65561,0,5,64,4037568,58414.4
4,baseline,sparse,65561,0,6,64,4037568,59939.1
4,baseline,sparse,65561,1,0,64,4037568,62806.5
4,baseline,sparse,65561,1,1,64,4037568,61366.4
4,baseline,sparse,65561,1,2,64,4037568,62059.6
4,baseline,sparse,65561,1,3,64,4037568,61718.5
4,baseline,sparse,65561,1,4,64,4037568,64700.4
4,baseline,sparse,65561,1,5,64,4037568,66104.7
4,baseline,sparse,65561,1,6,64,4037568,62756.4
4,baseline,dense,12,0,0,27594,110376,27.5
4,baseline,dense,12,0,1,27594,110376,25.4
4,baseline,dense,12,0,2,27594,110376,25.1
4,baseline,dense,12,0,3,27594,110376,25.5
4,baseline,dense,12,0,4,27594,110376,25.9
4,baseline,dense,12,0,5,27594,110376,25.5
4,baseline,dense,12,0,6,27594,110376,36.5
4,baseline,dense,12,1,0,27594,110376,25.7
4,baseline,dense,12,1,1,27594,110376,25.3
4,baseline,dense,12,1,2,27594,110376,25.3
4,baseline,dense,12,1,3,27594,110376,25.6
4,baseline,dense,12,1,4,27594,110376,25.6
4,baseline,dense,12,1,5,27594,110376,25.6
4,baseline,dense,12,1,6,27594,110376,26.0
4,baseline,dense,72,0,0,15420,370080,52.0
4,baseline,dense,72,0,1,15420,370080,51.6
4,baseline,dense,72,0,2,15420,370080,53.3
4,baseline,dense,72,0,3,15420,370080,54.5
4,baseline,dense,72,0,4,15420,370080,54.4
4,baseline,dense,72,0,5,15420,370080,53.0
4,baseline,dense,72,0,6,15420,370080,53.9
4,baseline,dense,72,1,0,15420,370080,51.5
4,baseline,dense,72,1,1,15420,370080,50.2
4,baseline,dense,72,1,2,15420,370080,50.8
4,baseline,dense,72,1,3,15420,370080,50.7
4,baseline,dense,72,1,4,15420,370080,50.8
4,baseline,dense,72,1,5,15420,370080,54.5
4,baseline,dense,72,1,6,15420,370080,50.7
4,baseline,dense,4104,0,0,503,688104,1579.5
4,baseline,dense,4104,0,1,503,688104,1608.3
4,baseline,dense,4104,0,2,503,688104,1597.6
4,baseline,dense,4104,0,3,503,688104,1626.9
4,baseline,dense,4104,0,4,503,688104,1645.2
4,baseline,dense,4104,0,5,503,688104,1617.6
4,baseline,dense,4104,0,6,503,688104,1619.0
4,baseline,dense,4104,1,0,503,688104,1665.8
4,baseline,dense,4104,1,1,503,688104,1656.5
4,baseline,dense,4104,1,2,503,688104,1643.2
4,baseline,dense,4104,1,3,503,688104,1651.0
4,baseline,dense,4104,1,4,503,688104,1621.2
4,baseline,dense,4104,1,5,503,688104,1659.3
4,baseline,dense,4104,1,6,503,688104,1647.3
4,baseline,dense,65544,0,0,64,1398272,25716.3
4,baseline,dense,65544,0,1,64,1398272,25880.7
4,baseline,dense,65544,0,2,64,1398272,25593.7
4,baseline,dense,65544,0,3,64,1398272,25875.2
4,baseline,dense,65544,0,4,64,1398272,25435.7
4,baseline,dense,65544,0,5,64,1398272,25659.6
4,baseline,dense,65544,0,6,64,1398272,25945.6
4,baseline,dense,65544,1,0,64,1398272,25987.4
4,baseline,dense,65544,1,1,64,1398272,26130.4
4,baseline,dense,65544,1,2,64,1398272,26802.7
4,baseline,dense,65544,1,3,64,1398272,25763.8
4,baseline,dense,65544,1,4,64,1398272,25997.0
4,baseline,dense,65544,1,5,64,1398272,25781.2
4,baseline,dense,65544,1,6,64,1398272,26088.9
4,baseline,plus,8,0,0,29127,233016,27.2
4,baseline,plus,8,0,1,29127,233016,28.3
4,baseline,plus,8,0,2,29127,233016,28.0
4,baseline,plus,8,0,3,29127,233016,28.4
4,baseline,plus,8,0,4,29127,233016,27.4
4,baseline,plus,8,0,5,29127,233016,27.0
4,baseline,plus,8,0,6,29127,233016,27.9
4,baseline,plus,8,1,0,29127,233016,27.7
4,baseline,plus,8,1,1,29127,233016,28.3
4,baseline,plus,8,1,2,29127,233016,27.9
4,baseline,plus,8,1,3,29127,233016,27.9
4,baseline,plus,8,1,4,29127,233016,27.3
4,baseline,plus,8,1,5,29127,233016,27.6
4,baseline,plus,8,1,6,29127,233016,27.6
4,baseline,plus,64,0,0,16384,1048576,31.6
4,baseline,plus,64,0,1,16384,1048576,34.1
4,baseline,plus,64,0,2,16384,1048576,30.5
4,baseline,plus,64,0,3,16384,1048576,30.9
4,baseline,plus,64,0,4,16384,1048576,34.7
4,baseline,plus,64,0,5,16384,1048576,30.1
4,baseline,plus,64,0,6,16384,1048576,30.0
4,baseline,plus,64,1,0,16384,1048576,83.8
4,baseline,plus,64,1,1,16384,1048576,83.2
4,baseline,plus,64,1,2,16384,1048576,81.0
4,baseline,plus,64,1,3,16384,1048576,84.2
4,baseline,plus,64,1,4,16384,1048576,82.7
4,baseline,plus,64,1,5,16384,1048576,82.5
4,baseline,plus,64,1,6,16384,1048576,84.7
4,baseline,plus,4096,0,0,504,2064384,79.2
4,baseline,plus,4096,0,1,504,2064384,79.1
4,baseline,plus,4096,0,2,504,2064384,90.3
4,baseline,plus,4096,0,3,504,2064384,79.2
4,baseline,plus,4096,0,4,504,2064384,79.2
4,baseline,plus,4096,0,5,504,2064384,79.2
4,baseline,plus,4096,0,6,504,2064384,79.1
4,baseline,plus,4096,1,0,504,2064384,4224.6
4,baseline,plus,4096,1,1,504,2064384,4423.7
4,baseline,plus,4096,1,2,504,2064384,3851.3
4,baseline,plus,4096,1,3,504,2064384,3848.0
4,baseline,plus,4096,1,4,504,2064384,3829.1
4,baseline,plus,4096,1,5,504,2064384,3861.0
4,baseline,plus,4096,1,6,504,2064384,3930.5
4,baseline,plus,65536,0,0,64,4194304,1219.1
4,baseline,plus,65536,0,1,64,4194304,1215.2
4,baseline,plus,65536,0,2,64,4194304,1252.3
4,baseline,plus,65536,0,3,64,4194304,1218.0
4,baseline,plus,65536,0,4,64,4194304,1335.5
4,baseline,plus,65536,0,5,64,4194304,1215.7
4,baseline,plus,65536,0,6,64,4194304,1217.9
4,baseline,plus,65536,1,0,64,4194304,60684.4
4,baseline,plus,65536,1,1,64,4194304,61429.3
4,baseline,plus,65536,1,2,64,4194304,60721.1
4,baseline,plus,65536,1,3,64,4194304,60601.4
4,baseline,plus,65536,1,4,64,4194304,60601.7
4,baseline,plus,65536,1,5,64,4194304,61495.7
4,baseline,plus,65536,1,6,64,4194304,60522.2
4,baseline,mixed,10,0,0,28339,170034,26.9
4,baseline,mixed,10,0,1,28339,170034,26.2
4,baseline,mixed,10,0,2,28339,170034,26.7
4,baseline,mixed,10,0,3,28339,170034,26.1
4,baseline,mixed,10,0,4,28339,170034,25.9
4,baseline,mixed,10,0,5,28339,170034,26.4
4,baseline,mixed,10,0,6,28339,170034,25.5
4,baseline,mixed,10,1,0,28339,170034,27.0
4,baseline,mixed,10,1,1,28339,170034,26.1
4,baseline,mixed,10,1,2,28339,170034,25.7
4,baseline,mixed,10,1,3,28339,170034,26.0
4,baseline,mixed,10,1,4,28339,170034,26.2
4,baseline,mixed,10,1,5,28339,170034,25.8
4,baseline,mixed,10,1,6,28339,170034,25.5
4,baseline,mixed,70,0,0,15650,657300,70.9
4,baseline,mixed,70,0,1,15650,657300,65.7
4,baseline,mixed,70,0,2,15650,657300,65.4
4,baseline,mixed,70,0,3,15650,657300,66.9
4,baseline,mixed,70,0,4,15650,657300,68.0
4,baseline,mixed,70,0,5,15650,657300,66.1
4,baseline,mixed,70,0,6,15650,657300,66.2
4,baseline,mixed,70,1,0,15650,657300,76.0
4,baseline,mixed,70,1,1,15650,657300,65.1
4,baseline,mixed,70,1,2,15650,657300,64.2
4,baseline,mixed,70,1,3,15650,657300,64.7
4,baseline,mixed,70,1,4,15650,657300,64.1
4,baseline,mixed,70,1,5,15650,657300,64.9
4,baseline,mixed,70,1,6,15650,657300,64.9
4,baseline,mixed,4100,0,0,503,1237380,2542.8
4,baseline,mixed,4100,0,1,503,1237380,2479.3
4,baseline,mixed,4100,0,2,503,1237380,2545.7
4,baseline,mixed,4100,0,3,503,1237380,2509.9
4,baseline,mixed,4100,0,4,503,1237380,2535.8
4,baseline,mixed,4100,0,5,503,1237380,2531.9
4,baseline,mixed,4100,0,6,503,1237380,2506.1
4,baseline,mixed,4100,1,0,503,1237380,2686.6
4,baseline,mixed,4100,1,1,503,1237380,2651.1
4,baseline,mixed,4100,1,2,503,1237380,2632.6
4,baseline,mixed,4100,1,3,503,1237380,2687.7
4,baseline,mixed,4100,1,4,503,1237380,2762.5
4,baseline,mixed,4100,1,5,503,1237380,2628.1
4,baseline,mixed,4100,1,6,503,1237380,2632.1
4,baseline,mixed,65540,0,0,64,2516736,40604.6
4,baseline,mixed,65540,0,1,64,2516736,39655.2
4,baseline,mixed,65540,0,2,64,2516736,39411.3
4,baseline,mixed,65540,0,3,64,2516736,39507.1
4,baseline,mixed,65540,0,4,64,2516736,42329.0
4,baseline,mixed,65540,0,5,64,2516736,40505.1
4,baseline,mixed,65540,0,6,64,2516736,40231.0
4,baseline,mixed,65540,1,0,64,2516736,40672.5
4,baseline,mixed,65540,1,1,64,2516736,41532.4
4,baseline,mixed,65540,1,2,64,2516736,40433.9
4,baseline,mixed,65540,1,3,64,2516736,40254.8
4,baseline,mixed,65540,1,4,64,2516736,40457.1
4,baseline,mixed,65540,1,5,64,2516736,40350.6
4,baseline,mixed,65540,1,6,64,2516736,40438.1
4,baseline,late_escape,8,0,0,29127,174762,25.2
4,baseline,late_escape,8,0,1,29127,174762,25.4
4,baseline,late_escape,8,0,2,29127,174762,25.4
4,baseline,late_escape,8,0,3,29127,174762,25.3
4,baseline,late_escape,8,0,4,29127,174762,25.8
4,baseline,late_escape,8,0,5,29127,174762,26.0
4,baseline,late_escape,8,0,6,29127,174762,27.6
4,baseline,late_escape,8,1,0,29127,174762,25.3
4,baseline,late_escape,8,1,1,29127,174762,25.2
4,baseline,late_escape,8,1,2,29127,174762,25.5
4,baseline,late_escape,8,1,3,29127,174762,25.3
4,baseline,late_escape,8,1,4,29127,174762,25.1
4,baseline,late_escape,8,1,5,29127,174762,26.9
4,baseline,late_escape,8,1,6,29127,174762,25.2
4,baseline,late_escape,64,0,0,16384,1015808,36.3
4,baseline,late_escape,64,0,1,16384,1015808,36.6
4,baseline,late_escape,64,0,2,16384,1015808,40.4
4,baseline,late_escape,64,0,3,16384,1015808,36.8
4,baseline,late_escape,64,0,4,16384,1015808,36.8
4,baseline,late_escape,64,0,5,16384,1015808,36.2
4,baseline,late_escape,64,0,6,16384,1015808,36.5
4,baseline,late_escape,64,1,0,16384,1015808,37.6
4,baseline,late_escape,64,1,1,16384,1015808,38.9
4,baseline,late_escape,64,1,2,16384,1015808,37.9
4,baseline,late_escape,64,1,3,16384,1015808,37.8
4,baseline,late_escape,64,1,4,16384,1015808,37.4
4,baseline,late_escape,64,1,5,16384,1015808,38.2
4,baseline,late_escape,64,1,6,16384,1015808,38.4
4,baseline,late_escape,4096,0,0,504,2063376,83.1
4,baseline,late_escape,4096,0,1,504,2063376,83.1
4,baseline,late_escape,4096,0,2,504,2063376,83.1
4,baseline,late_escape,4096,0,3,504,2063376,101.1
4,baseline,late_escape,4096,0,4,504,2063376,83.1
4,baseline,late_escape,4096,0,5,504,2063376,83.0
4,baseline,late_escape,4096,0,6,504,2063376,83.1
4,baseline,late_escape,4096,1,0,504,2063376,99.6
4,baseline,late_escape,4096,1,1,504,2063376,140.3
4,baseline,late_escape,4096,1,2,504,2063376,98.7
4,baseline,late_escape,4096,1,3,504,2063376,99.2
4,baseline,late_escape,4096,1,4,504,2063376,98.6
4,baseline,late_escape,4096,1,5,504,2063376,99.1
4,baseline,late_escape,4096,1,6,504,2063376,98.8
4,baseline,late_escape,65536,0,0,64,4194176,1381.2
4,baseline,late_escape,65536,0,1,64,4194176,1268.4
4,baseline,late_escape,65536,0,2,64,4194176,1267.9
4,baseline,late_escape,65536,0,3,64,4194176,1269.8
4,baseline,late_escape,65536,0,4,64,4194176,1270.7
4,baseline,late_escape,65536,0,5,64,4194176,1267.0
4,baseline,late_escape,65536,0,6,64,4194176,1269.5
4,baseline,late_escape,65536,1,0,64,4194176,1373.0
4,baseline,late_escape,65536,1,1,64,4194176,1704.5
4,baseline,late_escape,65536,1,2,64,4194176,1369.9
4,baseline,late_escape,65536,1,3,64,4194176,1591.2
4,baseline,late_escape,65536,1,4,64,4194176,1653.1
4,baseline,late_escape,65536,1,5,64,4194176,1369.8
4,baseline,late_escape,65536,1,6,64,4194176,1495.1
4,baseline,early_escape,8,0,0,29127,174762,25.8
4,baseline,early_escape,8,0,1,29127,174762,25.1
4,baseline,early_escape,8,0,2,29127,174762,25.5
4,baseline,early_escape,8,0,3,29127,174762,25.9
4,baseline,early_escape,8,0,4,29127,174762,26.0
4,baseline,early_escape,8,0,5,29127,174762,25.9
4,baseline,early_escape,8,0,6,29127,174762,25.5
4,baseline,early_escape,8,1,0,29127,174762,26.4
4,baseline,early_escape,8,1,1,29127,174762,25.7
4,baseline,early_escape,8,1,2,29127,174762,25.9
4,baseline,early_escape,8,1,3,29127,174762,25.8
4,baseline,early_escape,8,1,4,29127,174762,30.6
4,baseline,early_escape,8,1,5,29127,174762,28.3
4,baseline,early_escape,8,1,6,29127,174762,27.7
4,baseline,early_escape,64,0,0,16384,1015808,80.3
4,baseline,early_escape,64,0,1,16384,1015808,79.3
4,baseline,early_escape,64,0,2,16384,1015808,79.6
4,baseline,early_escape,64,0,3,16384,1015808,78.5
4,baseline,early_escape,64,0,4,16384,1015808,77.7
4,baseline,early_escape,64,0,5,16384,1015808,81.8
4,baseline,early_escape,64,0,6,16384,1015808,80.0
4,baseline,early_escape,64,1,0,16384,1015808,80.4
4,baseline,early_escape,64,1,1,16384,1015808,81.3
4,baseline,early_escape,64,1,2,16384,1015808,81.9
4,baseline,early_escape,64,1,3,16384,1015808,84.6
4,baseline,early_escape,64,1,4,16384,1015808,82.6
4,baseline,early_escape,64,1,5,16384,1015808,86.3
4,baseline,early_escape,64,1,6,16384,1015808,88.8
4,baseline,early_escape,4096,0,0,504,2063376,3835.3
4,baseline,early_escape,4096,0,1,504,2063376,3846.4
4,baseline,early_escape,4096,0,2,504,2063376,3799.6
4,baseline,early_escape,4096,0,3,504,2063376,3967.8
4,baseline,early_escape,4096,0,4,504,2063376,3862.1
4,baseline,early_escape,4096,0,5,504,2063376,3820.4
4,baseline,early_escape,4096,0,6,504,2063376,3816.7
4,baseline,early_escape,4096,1,0,504,2063376,3992.0
4,baseline,early_escape,4096,1,1,504,2063376,4116.8
4,baseline,early_escape,4096,1,2,504,2063376,4299.3
4,baseline,early_escape,4096,1,3,504,2063376,4001.9
4,baseline,early_escape,4096,1,4,504,2063376,3885.4
4,baseline,early_escape,4096,1,5,504,2063376,3981.3
4,baseline,early_escape,4096,1,6,504,2063376,3894.3
4,baseline,early_escape,65536,0,0,64,4194176,60953.9
4,baseline,early_escape,65536,0,1,64,4194176,60816.2
4,baseline,early_escape,65536,0,2,64,4194176,61697.9
4,baseline,early_escape,65536,0,3,64,4194176,66456.5
4,baseline,early_escape,65536,0,4,64,4194176,61327.9
4,baseline,early_escape,65536,0,5,64,4194176,60682.0
4,baseline,early_escape,65536,0,6,64,4194176,61039.1
4,baseline,early_escape,65536,1,0,64,4194176,65630.3
4,baseline,early_escape,65536,1,1,64,4194176,63528.3
4,baseline,early_escape,65536,1,2,64,4194176,69372.4
4,baseline,early_escape,65536,1,3,64,4194176,63929.8
4,baseline,early_escape,65536,1,4,64,4194176,64654.8
4,baseline,early_escape,65536,1,5,64,4194176,65975.0
4,baseline,early_escape,65536,1,6,64,4194176,64264.0
4,baseline,repeated_runs,8,0,0,29127,174762,25.3
4,baseline,repeated_runs,8,0,1,29127,174762,25.3
4,baseline,repeated_runs,8,0,2,29127,174762,25.2
4,baseline,repeated_runs,8,0,3,29127,174762,25.3
4,baseline,repeated_runs,8,0,4,29127,174762,29.2
4,baseline,repeated_runs,8,0,5,29127,174762,25.8
4,baseline,repeated_runs,8,0,6,29127,174762,26.3
4,baseline,repeated_runs,8,1,0,29127,174762,25.4
4,baseline,repeated_runs,8,1,1,29127,174762,28.8
4,baseline,repeated_runs,8,1,2,29127,174762,26.2
4,baseline,repeated_runs,8,1,3,29127,174762,25.8
4,baseline,repeated_runs,8,1,4,29127,174762,25.8
4,baseline,repeated_runs,8,1,5,29127,174762,25.9
4,baseline,repeated_runs,8,1,6,29127,174762,26.3
4,baseline,repeated_runs,64,0,0,16384,1015808,78.2
4,baseline,repeated_runs,64,0,1,16384,1015808,79.8
4,baseline,repeated_runs,64,0,2,16384,1015808,78.8
4,baseline,repeated_runs,64,0,3,16384,1015808,78.9
4,baseline,repeated_runs,64,0,4,16384,1015808,79.4
4,baseline,repeated_runs,64,0,5,16384,1015808,81.2
4,baseline,repeated_runs,64,0,6,16384,1015808,79.0
4,baseline,repeated_runs,64,1,0,16384,1015808,82.9
4,baseline,repeated_runs,64,1,1,16384,1015808,85.3
4,baseline,repeated_runs,64,1,2,16384,1015808,85.5
4,baseline,repeated_runs,64,1,3,16384,1015808,81.4
4,baseline,repeated_runs,64,1,4,16384,1015808,84.6
4,baseline,repeated_runs,64,1,5,16384,1015808,83.0
4,baseline,repeated_runs,64,1,6,16384,1015808,81.7
4,baseline,repeated_runs,4096,0,0,504,2048256,3775.2
4,baseline,repeated_runs,4096,0,1,504,2048256,3738.3
4,baseline,repeated_runs,4096,0,2,504,2048256,3758.9
4,baseline,repeated_runs,4096,0,3,504,2048256,3764.8
4,baseline,repeated_runs,4096,0,4,504,2048256,3758.0
4,baseline,repeated_runs,4096,0,5,504,2048256,3855.8
4,baseline,repeated_runs,4096,0,6,504,2048256,3831.8
4,baseline,repeated_runs,4096,1,0,504,2048256,3914.5
4,baseline,repeated_runs,4096,1,1,504,2048256,3942.9
4,baseline,repeated_runs,4096,1,2,504,2048256,3927.4
4,baseline,repeated_runs,4096,1,3,504,2048256,3974.9
4,baseline,repeated_runs,4096,1,4,504,2048256,3960.6
4,baseline,repeated_runs,4096,1,5,504,2048256,3944.6
4,baseline,repeated_runs,4096,1,6,504,2048256,3907.7
4,baseline,repeated_runs,65536,0,0,64,4161536,59453.5
4,baseline,repeated_runs,65536,0,1,64,4161536,59318.0
4,baseline,repeated_runs,65536,0,2,64,4161536,60552.8
4,baseline,repeated_runs,65536,0,3,64,4161536,59492.4
4,baseline,repeated_runs,65536,0,4,64,4161536,60963.0
4,baseline,repeated_runs,65536,0,5,64,4161536,60267.5
4,baseline,repeated_runs,65536,0,6,64,4161536,60899.2
4,baseline,repeated_runs,65536,1,0,64,4161536,61861.5
4,baseline,repeated_runs,65536,1,1,64,4161536,63795.5
4,baseline,repeated_runs,65536,1,2,64,4161536,61194.4
4,baseline,repeated_runs,65536,1,3,64,4161536,61835.4
4,baseline,repeated_runs,65536,1,4,64,4161536,61470.4
4,baseline,repeated_runs,65536,1,5,64,4161536,61364.0
4,baseline,repeated_runs,65536,1,6,64,4161536,61424.9
5,candidate,plain,0,0,0,32768,0,14.4
5,candidate,plain,0,0,1,32768,0,13.5
5,candidate,plain,0,0,2,32768,0,13.9
5,candidate,plain,0,0,3,32768,0,13.3
5,candidate,plain,0,0,4,32768,0,13.6
5,candidate,plain,0,0,5,32768,0,13.8
5,candidate,plain,0,0,6,32768,0,13.3
5,candidate,plain,0,1,0,32768,0,16.0
5,candidate,plain,0,1,1,32768,0,17.8
5,candidate,plain,0,1,2,32768,0,16.0
5,candidate,plain,0,1,3,32768,0,15.9
5,candidate,plain,0,1,4,32768,0,16.6
5,candidate,plain,0,1,5,32768,0,15.9
5,candidate,plain,0,1,6,32768,0,16.8
5,candidate,plain,30,0,0,22310,669300,45.2
5,candidate,plain,30,0,1,22310,669300,48.4
5,candidate,plain,30,0,2,22310,669300,54.2
5,candidate,plain,30,0,3,22310,669300,46.2
5,candidate,plain,30,0,4,22310,669300,44.4
5,candidate,plain,30,0,5,22310,669300,44.9
5,candidate,plain,30,0,6,22310,669300,46.7
5,candidate,plain,30,1,0,22310,669300,50.0
5,candidate,plain,30,1,1,22310,669300,47.6
5,candidate,plain,30,1,2,22310,669300,47.8
5,candidate,plain,30,1,3,22310,669300,47.6
5,candidate,plain,30,1,4,22310,669300,49.0
5,candidate,plain,30,1,5,22310,669300,47.9
5,candidate,plain,30,1,6,22310,669300,47.7
5,candidate,plain,90,0,0,13617,1225530,27.4
5,candidate,plain,90,0,1,13617,1225530,26.7
5,candidate,plain,90,0,2,13617,1225530,28.3
5,candidate,plain,90,0,3,13617,1225530,26.5
5,candidate,plain,90,0,4,13617,1225530,26.5
5,candidate,plain,90,0,5,13617,1225530,26.6
5,candidate,plain,90,0,6,13617,1225530,28.0
5,candidate,plain,90,1,0,13617,1225530,28.7
5,candidate,plain,90,1,1,13617,1225530,30.1
5,candidate,plain,90,1,2,13617,1225530,29.0
5,candidate,plain,90,1,3,13617,1225530,29.5
5,candidate,plain,90,1,4,13617,1225530,29.8
5,candidate,plain,90,1,5,13617,1225530,29.8
5,candidate,plain,90,1,6,13617,1225530,29.5
5,candidate,plain,4110,0,0,502,2063220,83.4
5,candidate,plain,4110,0,1,502,2063220,83.4
5,candidate,plain,4110,0,2,502,2063220,83.6
5,candidate,plain,4110,0,3,502,2063220,83.3
5,candidate,plain,4110,0,4,502,2063220,83.5
5,candidate,plain,4110,0,5,502,2063220,83.4
5,candidate,plain,4110,0,6,502,2063220,83.4
5,candidate,plain,4110,1,0,502,2063220,100.7
5,candidate,plain,4110,1,1,502,2063220,100.6
5,candidate,plain,4110,1,2,502,2063220,100.6
5,candidate,plain,4110,1,3,502,2063220,100.6
5,candidate,plain,4110,1,4,502,2063220,100.6
5,candidate,plain,4110,1,5,502,2063220,100.7
5,candidate,plain,4110,1,6,502,2063220,100.6
5,candidate,plain,65550,0,0,64,4195200,1382.9
5,candidate,plain,65550,0,1,64,4195200,1283.7
5,candidate,plain,65550,0,2,64,4195200,1283.5
5,candidate,plain,65550,0,3,64,4195200,1284.6
5,candidate,plain,65550,0,4,64,4195200,1283.4
5,candidate,plain,65550,0,5,64,4195200,1282.9
5,candidate,plain,65550,0,6,64,4195200,1426.5
5,candidate,plain,65550,1,0,64,4195200,1457.4
5,candidate,plain,65550,1,1,64,4195200,1458.8
5,candidate,plain,65550,1,2,64,4195200,1455.9
5,candidate,plain,65550,1,3,64,4195200,2909.4
5,candidate,plain,65550,1,4,64,4195200,1457.8
5,candidate,plain,65550,1,5,64,4195200,1456.2
5,candidate,plain,65550,1,6,64,4195200,1455.1
5,candidate,sparse,53,0,0,17924,914124,64.5
5,candidate,sparse,53,0,1,17924,914124,69.5
5,candidate,sparse,53,0,2,17924,914124,65.2
5,candidate,sparse,53,0,3,17924,914124,67.9
5,candidate,sparse,53,0,4,17924,914124,67.1
5,candidate,sparse,53,0,5,17924,914124,65.6
5,candidate,sparse,53,0,6,17924,914124,65.0
5,candidate,sparse,53,1,0,17924,914124,70.6
5,candidate,sparse,53,1,1,17924,914124,73.7
5,candidate,sparse,53,1,2,17924,914124,78.0
5,candidate,sparse,53,1,3,17924,914124,71.5
5,candidate,sparse,53,1,4,17924,914124,70.7
5,candidate,sparse,53,1,5,17924,914124,73.8
5,candidate,sparse,53,1,6,17924,914124,76.6
5,candidate,sparse,106,0,0,12336,1258272,91.2
5,candidate,sparse,106,0,1,12336,1258272,92.5
5,candidate,sparse,106,0,2,12336,1258272,92.7
5,candidate,sparse,106,0,3,12336,1258272,91.1
5,candidate,sparse,106,0,4,12336,1258272,128.4
5,candidate,sparse,106,0,5,12336,1258272,91.6
5,candidate,sparse,106,0,6,12336,1258272,92.8
5,candidate,sparse,106,1,0,12336,1258272,94.8
5,candidate,sparse,106,1,1,12336,1258272,98.6
5,candidate,sparse,106,1,2,12336,1258272,95.4
5,candidate,sparse,106,1,3,12336,1258272,93.1
5,candidate,sparse,106,1,4,12336,1258272,101.4
5,candidate,sparse,106,1,5,12336,1258272,97.7
5,candidate,sparse,106,1,6,12336,1258272,98.3
5,candidate,sparse,4134,0,0,499,1985022,1793.4
5,candidate,sparse,4134,0,1,499,1985022,1790.9
5,candidate,sparse,4134,0,2,499,1985022,1825.4
5,candidate,sparse,4134,0,3,499,1985022,1795.1
5,candidate,sparse,4134,0,4,499,1985022,1811.3
5,candidate,sparse,4134,0,5,499,1985022,1790.2
5,candidate,sparse,4134,0,6,499,1985022,2684.6
5,candidate,sparse,4134,1,0,499,1985022,2581.5
5,candidate,sparse,4134,1,1,499,1985022,2618.8
5,candidate,sparse,4134,1,2,499,1985022,2644.3
5,candidate,sparse,4134,1,3,499,1985022,2594.4
5,candidate,sparse,4134,1,4,499,1985022,2608.2
5,candidate,sparse,4134,1,5,499,1985022,2606.4
5,candidate,sparse,4134,1,6,499,1985022,2677.4
5,candidate,sparse,65561,0,0,64,4037568,30083.2
5,candidate,sparse,65561,0,1,64,4037568,27037.0
5,candidate,sparse,65561,0,2,64,4037568,26875.2
5,candidate,sparse,65561,0,3,64,4037568,27429.1
5,candidate,sparse,65561,0,4,64,4037568,27097.1
5,candidate,sparse,65561,0,5,64,4037568,28024.3
5,candidate,sparse,65561,0,6,64,4037568,26755.0
5,candidate,sparse,65561,1,0,64,4037568,40256.3
5,candidate,sparse,65561,1,1,64,4037568,40267.9
5,candidate,sparse,65561,1,2,64,4037568,39965.1
5,candidate,sparse,65561,1,3,64,4037568,39888.8
5,candidate,sparse,65561,1,4,64,4037568,39792.9
5,candidate,sparse,65561,1,5,64,4037568,39724.0
5,candidate,sparse,65561,1,6,64,4037568,39683.5
5,candidate,dense,12,0,0,27594,110376,23.0
5,candidate,dense,12,0,1,27594,110376,23.3
5,candidate,dense,12,0,2,27594,110376,23.0
5,candidate,dense,12,0,3,27594,110376,23.3
5,candidate,dense,12,0,4,27594,110376,23.0
5,candidate,dense,12,0,5,27594,110376,23.7
5,candidate,dense,12,0,6,27594,110376,23.5
5,candidate,dense,12,1,0,27594,110376,23.7
5,candidate,dense,12,1,1,27594,110376,24.1
5,candidate,dense,12,1,2,27594,110376,24.0
5,candidate,dense,12,1,3,27594,110376,24.2
5,candidate,dense,12,1,4,27594,110376,24.4
5,candidate,dense,12,1,5,27594,110376,23.9
5,candidate,dense,12,1,6,27594,110376,23.9
5,candidate,dense,72,0,0,15420,370080,48.6
5,candidate,dense,72,0,1,15420,370080,57.1
5,candidate,dense,72,0,2,15420,370080,48.8
5,candidate,dense,72,0,3,15420,370080,48.1
5,candidate,dense,72,0,4,15420,370080,46.3
5,candidate,dense,72,0,5,15420,370080,48.5
5,candidate,dense,72,0,6,15420,370080,46.8
5,candidate,dense,72,1,0,15420,370080,47.0
5,candidate,dense,72,1,1,15420,370080,48.1
5,candidate,dense,72,1,2,15420,370080,47.2
5,candidate,dense,72,1,3,15420,370080,47.3
5,candidate,dense,72,1,4,15420,370080,47.8
5,candidate,dense,72,1,5,15420,370080,48.0
5,candidate,dense,72,1,6,15420,370080,48.9
5,candidate,dense,4104,0,0,503,688104,1805.7
5,candidate,dense,4104,0,1,503,688104,1797.8
5,candidate,dense,4104,0,2,503,688104,1805.7
5,candidate,dense,4104,0,3,503,688104,1763.5
5,candidate,dense,4104,0,4,503,688104,1820.8
5,candidate,dense,4104,0,5,503,688104,1792.5
5,candidate,dense,4104,0,6,503,688104,1807.0
5,candidate,dense,4104,1,0,503,688104,1672.9
5,candidate,dense,4104,1,1,503,688104,1682.7
5,candidate,dense,4104,1,2,503,688104,1659.9
5,candidate,dense,4104,1,3,503,688104,1670.7
5,candidate,dense,4104,1,4,503,688104,1632.6
5,candidate,dense,4104,1,5,503,688104,1651.4
5,candidate,dense,4104,1,6,503,688104,1655.5
5,candidate,dense,65544,0,0,64,1398272,28082.3
5,candidate,dense,65544,0,1,64,1398272,27789.1
5,candidate,dense,65544,0,2,64,1398272,27504.1
5,candidate,dense,65544,0,3,64,1398272,26866.1
5,candidate,dense,65544,0,4,64,1398272,27340.8
5,candidate,dense,65544,0,5,64,1398272,27299.0
5,candidate,dense,65544,0,6,64,1398272,27390.0
5,candidate,dense,65544,1,0,64,1398272,25993.1
5,candidate,dense,65544,1,1,64,1398272,25864.5
5,candidate,dense,65544,1,2,64,1398272,25976.4
5,candidate,dense,65544,1,3,64,1398272,25870.3
5,candidate,dense,65544,1,4,64,1398272,26005.3
5,candidate,dense,65544,1,5,64,1398272,26057.9
5,candidate,dense,65544,1,6,64,1398272,26011.8
5,candidate,plus,8,0,0,29127,233016,25.6
5,candidate,plus,8,0,1,29127,233016,26.0
5,candidate,plus,8,0,2,29127,233016,26.0
5,candidate,plus,8,0,3,29127,233016,25.8
5,candidate,plus,8,0,4,29127,233016,26.6
5,candidate,plus,8,0,5,29127,233016,26.1
5,candidate,plus,8,0,6,29127,233016,26.3
5,candidate,plus,8,1,0,29127,233016,26.0
5,candidate,plus,8,1,1,29127,233016,26.3
5,candidate,plus,8,1,2,29127,233016,26.5
5,candidate,plus,8,1,3,29127,233016,26.2
5,candidate,plus,8,1,4,29127,233016,26.5
5,candidate,plus,8,1,5,29127,233016,27.0
5,candidate,plus,8,1,6,29127,233016,27.1
5,candidate,plus,64,0,0,16384,1048576,31.3
5,candidate,plus,64,0,1,16384,1048576,26.1
5,candidate,plus,64,0,2,16384,1048576,26.1
5,candidate,plus,64,0,3,16384,1048576,26.1
5,candidate,plus,64,0,4,16384,1048576,26.8
5,candidate,plus,64,0,5,16384,1048576,26.2
5,candidate,plus,64,0,6,16384,1048576,26.6
5,candidate,plus,64,1,0,16384,1048576,79.2
5,candidate,plus,64,1,1,16384,1048576,79.1
5,candidate,plus,64,1,2,16384,1048576,78.9
5,candidate,plus,64,1,3,16384,1048576,80.1
5,candidate,plus,64,1,4,16384,1048576,88.6
5,candidate,plus,64,1,5,16384,1048576,80.2
5,candidate,plus,64,1,6,16384,1048576,78.4
5,candidate,plus,4096,0,0,504,2064384,83.5
5,candidate,plus,4096,0,1,504,2064384,83.6
5,candidate,plus,4096,0,2,504,2064384,83.5
5,candidate,plus,4096,0,3,504,2064384,83.6
5,candidate,plus,4096,0,4,504,2064384,83.7
5,candidate,plus,4096,0,5,504,2064384,83.9
5,candidate,plus,4096,0,6,504,2064384,83.7
5,candidate,plus,4096,1,0,504,2064384,3859.9
5,candidate,plus,4096,1,1,504,2064384,3917.5
5,candidate,plus,4096,1,2,504,2064384,3904.0
5,candidate,plus,4096,1,3,504,2064384,3894.8
5,candidate,plus,4096,1,4,504,2064384,3928.1
5,candidate,plus,4096,1,5,504,2064384,3889.5
5,candidate,plus,4096,1,6,504,2064384,3901.6
5,candidate,plus,65536,0,0,64,4194304,1414.9
5,candidate,plus,65536,0,1,64,4194304,1239.5
5,candidate,plus,65536,0,2,64,4194304,1442.1
5,candidate,plus,65536,0,3,64,4194304,1239.3
5,candidate,plus,65536,0,4,64,4194304,1238.4
5,candidate,plus,65536,0,5,64,4194304,1237.1
5,candidate,plus,65536,0,6,64,4194304,1238.0
5,candidate,plus,65536,1,0,64,4194304,60923.5
5,candidate,plus,65536,1,1,64,4194304,61650.5
5,candidate,plus,65536,1,2,64,4194304,60962.5
5,candidate,plus,65536,1,3,64,4194304,61008.1
5,candidate,plus,65536,1,4,64,4194304,62092.6
5,candidate,plus,65536,1,5,64,4194304,61364.9
5,candidate,plus,65536,1,6,64,4194304,60960.2
5,candidate,mixed,10,0,0,28339,170034,25.5
5,candidate,mixed,10,0,1,28339,170034,25.3
5,candidate,mixed,10,0,2,28339,170034,23.9
5,candidate,mixed,10,0,3,28339,170034,24.5
5,candidate,mixed,10,0,4,28339,170034,24.5
5,candidate,mixed,10,0,5,28339,170034,23.9
5,candidate,mixed,10,0,6,28339,170034,23.9
5,candidate,mixed,10,1,0,28339,170034,25.6
5,candidate,mixed,10,1,1,28339,170034,25.1
5,candidate,mixed,10,1,2,28339,170034,25.1
5,candidate,mixed,10,1,3,28339,170034,25.5
5,candidate,mixed,10,1,4,28339,170034,25.4
5,candidate,mixed,10,1,5,28339,170034,25.2
5,candidate,mixed,10,1,6,28339,170034,25.8
5,candidate,mixed,70,0,0,15650,657300,60.2
5,candidate,mixed,70,0,1,15650,657300,60.0
5,candidate,mixed,70,0,2,15650,657300,58.4
5,candidate,mixed,70,0,3,15650,657300,60.2
5,candidate,mixed,70,0,4,15650,657300,59.1
5,candidate,mixed,70,0,5,15650,657300,60.3
5,candidate,mixed,70,0,6,15650,657300,59.1
5,candidate,mixed,70,1,0,15650,657300,65.9
5,candidate,mixed,70,1,1,15650,657300,64.9
5,candidate,mixed,70,1,2,15650,657300,66.8
5,candidate,mixed,70,1,3,15650,657300,66.9
5,candidate,mixed,70,1,4,15650,657300,65.5
5,candidate,mixed,70,1,5,15650,657300,65.4
5,candidate,mixed,70,1,6,15650,657300,64.5
5,candidate,mixed,4100,0,0,503,1237380,2672.2
5,candidate,mixed,4100,0,1,503,1237380,2676.5
5,candidate,mixed,4100,0,2,503,1237380,2648.0
5,candidate,mixed,4100,0,3,503,1237380,2653.6
5,candidate,mixed,4100,0,4,503,1237380,2677.5
5,candidate,mixed,4100,0,5,503,1237380,2701.8
5,candidate,mixed,4100,0,6,503,1237380,2642.6
5,candidate,mixed,4100,1,0,503,1237380,4746.8
5,candidate,mixed,4100,1,1,503,1237380,4861.3
5,candidate,mixed,4100,1,2,503,1237380,4869.4
5,candidate,mixed,4100,1,3,503,1237380,4851.1
5,candidate,mixed,4100,1,4,503,1237380,4801.8
5,candidate,mixed,4100,1,5,503,1237380,5022.3
5,candidate,mixed,4100,1,6,503,1237380,4886.0
5,candidate,mixed,65540,0,0,64,2516736,40636.2
5,candidate,mixed,65540,0,1,64,2516736,41361.4
5,candidate,mixed,65540,0,2,64,2516736,41636.8
5,candidate,mixed,65540,0,3,64,2516736,43711.2
5,candidate,mixed,65540,0,4,64,2516736,40001.7
5,candidate,mixed,65540,0,5,64,2516736,40533.2
5,candidate,mixed,65540,0,6,64,2516736,44135.7
5,candidate,mixed,65540,1,0,64,2516736,41483.0
5,candidate,mixed,65540,1,1,64,2516736,41822.9
5,candidate,mixed,65540,1,2,64,2516736,42423.2
5,candidate,mixed,65540,1,3,64,2516736,41646.5
5,candidate,mixed,65540,1,4,64,2516736,41824.7
5,candidate,mixed,65540,1,5,64,2516736,41691.3
5,candidate,mixed,65540,1,6,64,2516736,41439.4
5,candidate,late_escape,8,0,0,29127,174762,24.5
5,candidate,late_escape,8,0,1,29127,174762,24.5
5,candidate,late_escape,8,0,2,29127,174762,24.0
5,candidate,late_escape,8,0,3,29127,174762,24.4
5,candidate,late_escape,8,0,4,29127,174762,24.2
5,candidate,late_escape,8,0,5,29127,174762,24.3
5,candidate,late_escape,8,0,6,29127,174762,24.8
5,candidate,late_escape,8,1,0,29127,174762,24.8
5,candidate,late_escape,8,1,1,29127,174762,25.0
5,candidate,late_escape,8,1,2,29127,174762,25.0
5,candidate,late_escape,8,1,3,29127,174762,24.6
5,candidate,late_escape,8,1,4,29127,174762,25.2
5,candidate,late_escape,8,1,5,29127,174762,27.4
5,candidate,late_escape,8,1,6,29127,174762,25.3
5,candidate,late_escape,64,0,0,16384,1015808,32.0
5,candidate,late_escape,64,0,1,16384,1015808,32.1
5,candidate,late_escape,64,0,2,16384,1015808,32.6
5,candidate,late_escape,64,0,3,16384,1015808,32.2
5,candidate,late_escape,64,0,4,16384,1015808,32.6
5,candidate,late_escape,64,0,5,16384,1015808,32.8
5,candidate,late_escape,64,0,6,16384,1015808,31.8
5,candidate,late_escape,64,1,0,16384,1015808,34.0
5,candidate,late_escape,64,1,1,16384,1015808,35.1
5,candidate,late_escape,64,1,2,16384,1015808,35.1
5,candidate,late_escape,64,1,3,16384,1015808,34.0
5,candidate,late_escape,64,1,4,16384,1015808,35.4
5,candidate,late_escape,64,1,5,16384,1015808,34.8
5,candidate,late_escape,64,1,6,16384,1015808,34.2
5,candidate,late_escape,4096,0,0,504,2063376,88.7
5,candidate,late_escape,4096,0,1,504,2063376,88.7
5,candidate,late_escape,4096,0,2,504,2063376,88.7
5,candidate,late_escape,4096,0,3,504,2063376,88.7
5,candidate,late_escape,4096,0,4,504,2063376,88.7
5,candidate,late_escape,4096,0,5,504,2063376,88.6
5,candidate,late_escape,4096,0,6,504,2063376,88.7
5,candidate,late_escape,4096,1,0,504,2063376,98.7
5,candidate,late_escape,4096,1,1,504,2063376,98.7
5,candidate,late_escape,4096,1,2,504,2063376,98.3
5,candidate,late_escape,4096,1,3,504,2063376,98.5
5,candidate,late_escape,4096,1,4,504,2063376,98.3
5,candidate,late_escape,4096,1,5,504,2063376,98.6
5,candidate,late_escape,4096,1,6,504,2063376,98.5
5,candidate,late_escape,65536,0,0,64,4194176,1239.6
5,candidate,late_escape,65536,0,1,64,4194176,1240.7
5,candidate,late_escape,65536,0,2,64,4194176,1424.9
5,candidate,late_escape,65536,0,3,64,4194176,1240.1
5,candidate,late_escape,65536,0,4,64,4194176,1239.9
5,candidate,late_escape,65536,0,5,64,4194176,1241.8
5,candidate,late_escape,65536,0,6,64,4194176,1239.6
5,candidate,late_escape,65536,1,0,64,4194176,1414.3
5,candidate,late_escape,65536,1,1,64,4194176,1411.0
5,candidate,late_escape,65536,1,2,64,4194176,1410.6
5,candidate,late_escape,65536,1,3,64,4194176,1409.5
5,candidate,late_escape,65536,1,4,64,4194176,1409.9
5,candidate,late_escape,65536,1,5,64,4194176,1409.6
5,candidate,late_escape,65536,1,6,64,4194176,1413.8
5,candidate,early_escape,8,0,0,29127,174762,24.6
5,candidate,early_escape,8,0,1,29127,174762,24.7
5,candidate,early_escape,8,0,2,29127,174762,24.1
5,candidate,early_escape,8,0,3,29127,174762,24.2
5,candidate,early_escape,8,0,4,29127,174762,24.9
5,candidate,early_escape,8,0,5,29127,174762,24.5
5,candidate,early_escape,8,0,6,29127,174762,24.8
5,candidate,early_escape,8,1,0,29127,174762,24.7
5,candidate,early_escape,8,1,1,29127,174762,24.7
5,candidate,early_escape,8,1,2,29127,174762,25.0
5,candidate,early_escape,8,1,3,29127,174762,24.8
5,candidate,early_escape,8,1,4,29127,174762,25.3
5,candidate,early_escape,8,1,5,29127,174762,24.7
5,candidate,early_escape,8,1,6,29127,174762,24.7
5,candidate,early_escape,64,0,0,16384,1015808,75.6
5,candidate,early_escape,64,0,1,16384,1015808,77.3
5,candidate,early_escape,64,0,2,16384,1015808,77.6
5,candidate,early_escape,64,0,3,16384,1015808,76.3
5,candidate,early_escape,64,0,4,16384,1015808,75.2
5,candidate,early_escape,64,0,5,16384,1015808,75.5
5,candidate,early_escape,64,0,6,16384,1015808,74.2
5,candidate,early_escape,64,1,0,16384,1015808,79.6
5,candidate,early_escape,64,1,1,16384,1015808,79.9
5,candidate,early_escape,64,1,2,16384,1015808,79.1
5,candidate,early_escape,64,1,3,16384,1015808,79.9
5,candidate,early_escape,64,1,4,16384,1015808,81.3
5,candidate,early_escape,64,1,5,16384,1015808,79.6
5,candidate,early_escape,64,1,6,16384,1015808,81.2
5,candidate,early_escape,4096,0,0,504,2063376,98.8
5,candidate,early_escape,4096,0,1,504,2063376,98.8
5,candidate,early_escape,4096,0,2,504,2063376,98.7
5,candidate,early_escape,4096,0,3,504,2063376,100.5
5,candidate,early_escape,4096,0,4,504,2063376,100.4
5,candidate,early_escape,4096,0,5,504,2063376,100.3
5,candidate,early_escape,4096,0,6,504,2063376,100.3
5,candidate,early_escape,4096,1,0,504,2063376,110.9
5,candidate,early_escape,4096,1,1,504,2063376,170.1
5,candidate,early_escape,4096,1,2,504,2063376,110.8
5,candidate,early_escape,4096,1,3,504,2063376,110.6
5,candidate,early_escape,4096,1,4,504,2063376,112.0
5,candidate,early_escape,4096,1,5,504,2063376,110.9
5,candidate,early_escape,4096,1,6,504,2063376,111.2
5,candidate,early_escape,65536,0,0,64,4194176,1318.0
5,candidate,early_escape,65536,0,1,64,4194176,1309.3
5,candidate,early_escape,65536,0,2,64,4194176,1307.9
5,candidate,early_escape,65536,0,3,64,4194176,1308.7
5,candidate,early_escape,65536,0,4,64,4194176,1309.3
5,candidate,early_escape,65536,0,5,64,4194176,1310.5
5,candidate,early_escape,65536,0,6,64,4194176,1308.1
5,candidate,early_escape,65536,1,0,64,4194176,2838.6
5,candidate,early_escape,65536,1,1,64,4194176,2345.6
5,candidate,early_escape,65536,1,2,64,4194176,2347.3
5,candidate,early_escape,65536,1,3,64,4194176,2345.3
5,candidate,early_escape,65536,1,4,64,4194176,2773.6
5,candidate,early_escape,65536,1,5,64,4194176,2351.4
5,candidate,early_escape,65536,1,6,64,4194176,2346.4
5,candidate,repeated_runs,8,0,0,29127,174762,24.3
5,candidate,repeated_runs,8,0,1,29127,174762,24.1
5,candidate,repeated_runs,8,0,2,29127,174762,24.4
5,candidate,repeated_runs,8,0,3,29127,174762,24.6
5,candidate,repeated_runs,8,0,4,29127,174762,24.9
5,candidate,repeated_runs,8,0,5,29127,174762,25.1
5,candidate,repeated_runs,8,0,6,29127,174762,25.8
5,candidate,repeated_runs,8,1,0,29127,174762,25.5
5,candidate,repeated_runs,8,1,1,29127,174762,25.0
5,candidate,repeated_runs,8,1,2,29127,174762,24.7
5,candidate,repeated_runs,8,1,3,29127,174762,25.0
5,candidate,repeated_runs,8,1,4,29127,174762,25.3
5,candidate,repeated_runs,8,1,5,29127,174762,24.9
5,candidate,repeated_runs,8,1,6,29127,174762,25.5
5,candidate,repeated_runs,64,0,0,16384,1015808,74.1
5,candidate,repeated_runs,64,0,1,16384,1015808,76.0
5,candidate,repeated_runs,64,0,2,16384,1015808,77.0
5,candidate,repeated_runs,64,0,3,16384,1015808,73.8
5,candidate,repeated_runs,64,0,4,16384,1015808,74.9
5,candidate,repeated_runs,64,0,5,16384,1015808,76.6
5,candidate,repeated_runs,64,0,6,16384,1015808,74.8
5,candidate,repeated_runs,64,1,0,16384,1015808,78.0
5,candidate,repeated_runs,64,1,1,16384,1015808,79.7
5,candidate,repeated_runs,64,1,2,16384,1015808,81.6
5,candidate,repeated_runs,64,1,3,16384,1015808,79.9
5,candidate,repeated_runs,64,1,4,16384,1015808,79.7
5,candidate,repeated_runs,64,1,5,16384,1015808,80.5
5,candidate,repeated_runs,64,1,6,16384,1015808,79.3
5,candidate,repeated_runs,4096,0,0,504,2048256,424.2
5,candidate,repeated_runs,4096,0,1,504,2048256,450.1
5,candidate,repeated_runs,4096,0,2,504,2048256,425.9
5,candidate,repeated_runs,4096,0,3,504,2048256,446.4
5,candidate,repeated_runs,4096,0,4,504,2048256,427.2
5,candidate,repeated_runs,4096,0,5,504,2048256,427.8
5,candidate,repeated_runs,4096,0,6,504,2048256,447.3
5,candidate,repeated_runs,4096,1,0,504,2048256,432.8
5,candidate,repeated_runs,4096,1,1,504,2048256,452.7
5,candidate,repeated_runs,4096,1,2,504,2048256,436.3
5,candidate,repeated_runs,4096,1,3,504,2048256,436.5
5,candidate,repeated_runs,4096,1,4,504,2048256,436.1
5,candidate,repeated_runs,4096,1,5,504,2048256,434.9
5,candidate,repeated_runs,4096,1,6,504,2048256,434.1
5,candidate,repeated_runs,65536,0,0,64,4161536,6290.7
5,candidate,repeated_runs,65536,0,1,64,4161536,6408.4
5,candidate,repeated_runs,65536,0,2,64,4161536,6277.8
5,candidate,repeated_runs,65536,0,3,64,4161536,6282.1
5,candidate,repeated_runs,65536,0,4,64,4161536,6455.6
5,candidate,repeated_runs,65536,0,5,64,4161536,6482.1
5,candidate,repeated_runs,65536,0,6,64,4161536,6282.3
5,candidate,repeated_runs,65536,1,0,64,4161536,6744.0
5,candidate,repeated_runs,65536,1,1,64,4161536,6733.2
5,candidate,repeated_runs,65536,1,2,64,4161536,7211.4
5,candidate,repeated_runs,65536,1,3,64,4161536,6741.5
5,candidate,repeated_runs,65536,1,4,64,4161536,7162.2
5,candidate,repeated_runs,65536,1,5,64,4161536,6771.2
5,candidate,repeated_runs,65536,1,6,64,4161536,6970.5
6,candidate,plain,0,0,0,32768,0,12.6
6,candidate,plain,0,0,1,32768,0,12.6
6,candidate,plain,0,0,2,32768,0,15.0
6,candidate,plain,0,0,3,32768,0,12.6
6,candidate,plain,0,0,4,32768,0,12.6
6,candidate,plain,0,0,5,32768,0,13.2
6,candidate,plain,0,0,6,32768,0,12.6
6,candidate,plain,0,1,0,32768,0,17.9
6,candidate,plain,0,1,1,32768,0,16.1
6,candidate,plain,0,1,2,32768,0,16.0
6,candidate,plain,0,1,3,32768,0,16.8
6,candidate,plain,0,1,4,32768,0,16.4
6,candidate,plain,0,1,5,32768,0,16.7
6,candidate,plain,0,1,6,32768,0,16.2
6,candidate,plain,30,0,0,22310,669300,44.6
6,candidate,plain,30,0,1,22310,669300,46.7
6,candidate,plain,30,0,2,22310,669300,44.8
6,candidate,plain,30,0,3,22310,669300,44.0
6,candidate,plain,30,0,4,22310,669300,44.5
6,candidate,plain,30,0,5,22310,669300,44.9
6,candidate,plain,30,0,6,22310,669300,45.4
6,candidate,plain,30,1,0,22310,669300,47.0
6,candidate,plain,30,1,1,22310,669300,47.1
6,candidate,plain,30,1,2,22310,669300,47.4
6,candidate,plain,30,1,3,22310,669300,47.8
6,candidate,plain,30,1,4,22310,669300,47.1
6,candidate,plain,30,1,5,22310,669300,47.4
6,candidate,plain,30,1,6,22310,669300,47.6
6,candidate,plain,90,0,0,13617,1225530,26.5
6,candidate,plain,90,0,1,13617,1225530,28.3
6,candidate,plain,90,0,2,13617,1225530,26.5
6,candidate,plain,90,0,3,13617,1225530,26.5
6,candidate,plain,90,0,4,13617,1225530,26.5
6,candidate,plain,90,0,5,13617,1225530,26.5
6,candidate,plain,90,0,6,13617,1225530,27.3
6,candidate,plain,90,1,0,13617,1225530,29.0
6,candidate,plain,90,1,1,13617,1225530,29.6
6,candidate,plain,90,1,2,13617,1225530,31.1
6,candidate,plain,90,1,3,13617,1225530,29.6
6,candidate,plain,90,1,4,13617,1225530,29.0
6,candidate,plain,90,1,5,13617,1225530,29.1
6,candidate,plain,90,1,6,13617,1225530,29.7
6,candidate,plain,4110,0,0,502,2063220,85.3
6,candidate,plain,4110,0,1,502,2063220,85.4
6,candidate,plain,4110,0,2,502,2063220,85.4
6,candidate,plain,4110,0,3,502,2063220,85.4
6,candidate,plain,4110,0,4,502,2063220,85.2
6,candidate,plain,4110,0,5,502,2063220,85.3
6,candidate,plain,4110,0,6,502,2063220,85.4
6,candidate,plain,4110,1,0,502,2063220,94.8
6,candidate,plain,4110,1,1,502,2063220,94.8
6,candidate,plain,4110,1,2,502,2063220,94.8
6,candidate,plain,4110,1,3,502,2063220,94.7
6,candidate,plain,4110,1,4,502,2063220,94.5
6,candidate,plain,4110,1,5,502,2063220,94.7
6,candidate,plain,4110,1,6,502,2063220,95.1
6,candidate,plain,65550,0,0,64,4195200,1344.2
6,candidate,plain,65550,0,1,64,4195200,1342.3
6,candidate,plain,65550,0,2,64,4195200,1264.3
6,candidate,plain,65550,0,3,64,4195200,1254.8
6,candidate,plain,65550,0,4,64,4195200,1254.0
6,candidate,plain,65550,0,5,64,4195200,1255.9
6,candidate,plain,65550,0,6,64,4195200,1256.5
6,candidate,plain,65550,1,0,64,4195200,2040.3
6,candidate,plain,65550,1,1,64,4195200,1488.5
6,candidate,plain,65550,1,2,64,4195200,1478.5
6,candidate,plain,65550,1,3,64,4195200,1484.3
6,candidate,plain,65550,1,4,64,4195200,1480.7
6,candidate,plain,65550,1,5,64,4195200,4554.7
6,candidate,plain,65550,1,6,64,4195200,1447.4
6,candidate,sparse,53,0,0,17924,914124,128.8
6,candidate,sparse,53,0,1,17924,914124,130.2
6,candidate,sparse,53,0,2,17924,914124,122.6
6,candidate,sparse,53,0,3,17924,914124,123.8
6,candidate,sparse,53,0,4,17924,914124,122.9
6,candidate,sparse,53,0,5,17924,914124,124.5
6,candidate,sparse,53,0,6,17924,914124,122.8
6,candidate,sparse,53,1,0,17924,914124,135.8
6,candidate,sparse,53,1,1,17924,914124,134.0
6,candidate,sparse,53,1,2,17924,914124,134.8
6,candidate,sparse,53,1,3,17924,914124,138.9
6,candidate,sparse,53,1,4,17924,914124,140.7
6,candidate,sparse,53,1,5,17924,914124,134.7
6,candidate,sparse,53,1,6,17924,914124,135.0
6,candidate,sparse,106,0,0,12336,1258272,91.1
6,candidate,sparse,106,0,1,12336,1258272,91.9
6,candidate,sparse,106,0,2,12336,1258272,93.7
6,candidate,sparse,106,0,3,12336,1258272,92.9
6,candidate,sparse,106,0,4,12336,1258272,92.7
6,candidate,sparse,106,0,5,12336,1258272,94.2
6,candidate,sparse,106,0,6,12336,1258272,93.1
6,candidate,sparse,106,1,0,12336,1258272,91.4
6,candidate,sparse,106,1,1,12336,1258272,92.3
6,candidate,sparse,106,1,2,12336,1258272,97.4
6,candidate,sparse,106,1,3,12336,1258272,95.6
6,candidate,sparse,106,1,4,12336,1258272,106.1
6,candidate,sparse,106,1,5,12336,1258272,96.4
6,candidate,sparse,106,1,6,12336,1258272,99.8
6,candidate,sparse,4134,0,0,499,1985022,1793.4
6,candidate,sparse,4134,0,1,499,1985022,1773.5
6,candidate,sparse,4134,0,2,499,1985022,1793.3
6,candidate,sparse,4134,0,3,499,1985022,1779.6
6,candidate,sparse,4134,0,4,499,1985022,1779.0
6,candidate,sparse,4134,0,5,499,1985022,1817.6
6,candidate,sparse,4134,0,6,499,1985022,1749.8
6,candidate,sparse,4134,1,0,499,1985022,2553.5
6,candidate,sparse,4134,1,1,499,1985022,2520.6
6,candidate,sparse,4134,1,2,499,1985022,2583.1
6,candidate,sparse,4134,1,3,499,1985022,2546.4
6,candidate,sparse,4134,1,4,499,1985022,2528.8
6,candidate,sparse,4134,1,5,499,1985022,2525.9
6,candidate,sparse,4134,1,6,499,1985022,2540.9
6,candidate,sparse,65561,0,0,64,4037568,32145.8
6,candidate,sparse,65561,0,1,64,4037568,30777.3
6,candidate,sparse,65561,0,2,64,4037568,31794.6
6,candidate,sparse,65561,0,3,64,4037568,32100.7
6,candidate,sparse,65561,0,4,64,4037568,31108.7
6,candidate,sparse,65561,0,5,64,4037568,31570.2
6,candidate,sparse,65561,0,6,64,4037568,32151.6
6,candidate,sparse,65561,1,0,64,4037568,39629.1
6,candidate,sparse,65561,1,1,64,4037568,40383.5
6,candidate,sparse,65561,1,2,64,4037568,42256.0
6,candidate,sparse,65561,1,3,64,4037568,40026.0
6,candidate,sparse,65561,1,4,64,4037568,40244.2
6,candidate,sparse,65561,1,5,64,4037568,39333.8
6,candidate,sparse,65561,1,6,64,4037568,40158.4
6,candidate,dense,12,0,0,27594,110376,23.6
6,candidate,dense,12,0,1,27594,110376,23.8
6,candidate,dense,12,0,2,27594,110376,23.4
6,candidate,dense,12,0,3,27594,110376,24.3
6,candidate,dense,12,0,4,27594,110376,24.2
6,candidate,dense,12,0,5,27594,110376,23.4
6,candidate,dense,12,0,6,27594,110376,23.4
6,candidate,dense,12,1,0,27594,110376,24.0
6,candidate,dense,12,1,1,27594,110376,23.9
6,candidate,dense,12,1,2,27594,110376,23.9
6,candidate,dense,12,1,3,27594,110376,26.4
6,candidate,dense,12,1,4,27594,110376,23.8
6,candidate,dense,12,1,5,27594,110376,24.3
6,candidate,dense,12,1,6,27594,110376,24.6
6,candidate,dense,72,0,0,15420,370080,46.4
6,candidate,dense,72,0,1,15420,370080,46.6
6,candidate,dense,72,0,2,15420,370080,46.8
6,candidate,dense,72,0,3,15420,370080,46.2
6,candidate,dense,72,0,4,15420,370080,47.0
6,candidate,dense,72,0,5,15420,370080,46.6
6,candidate,dense,72,0,6,15420,370080,47.0
6,candidate,dense,72,1,0,15420,370080,48.3
6,candidate,dense,72,1,1,15420,370080,47.2
6,candidate,dense,72,1,2,15420,370080,47.3
6,candidate,dense,72,1,3,15420,370080,47.8
6,candidate,dense,72,1,4,15420,370080,47.3
6,candidate,dense,72,1,5,15420,370080,49.0
6,candidate,dense,72,1,6,15420,370080,48.5
6,candidate,dense,4104,0,0,503,688104,1787.1
6,candidate,dense,4104,0,1,503,688104,1780.6
6,candidate,dense,4104,0,2,503,688104,1816.5
6,candidate,dense,4104,0,3,503,688104,1779.8
6,candidate,dense,4104,0,4,503,688104,1777.6
6,candidate,dense,4104,0,5,503,688104,1781.5
6,candidate,dense,4104,0,6,503,688104,1783.5
6,candidate,dense,4104,1,0,503,688104,1645.8
6,candidate,dense,4104,1,1,503,688104,1630.4
6,candidate,dense,4104,1,2,503,688104,1748.2
6,candidate,dense,4104,1,3,503,688104,1655.5
6,candidate,dense,4104,1,4,503,688104,1656.6
6,candidate,dense,4104,1,5,503,688104,1658.5
6,candidate,dense,4104,1,6,503,688104,1660.9
6,candidate,dense,65544,0,0,64,1398272,28209.0
6,candidate,dense,65544,0,1,64,1398272,27696.2
6,candidate,dense,65544,0,2,64,1398272,27631.5
6,candidate,dense,65544,0,3,64,1398272,27956.8
6,candidate,dense,65544,0,4,64,1398272,27089.9
6,candidate,dense,65544,0,5,64,1398272,27184.6
6,candidate,dense,65544,0,6,64,1398272,27670.9
6,candidate,dense,65544,1,0,64,1398272,26275.8
6,candidate,dense,65544,1,1,64,1398272,25932.0
6,candidate,dense,65544,1,2,64,1398272,25864.0
6,candidate,dense,65544,1,3,64,1398272,25950.8
6,candidate,dense,65544,1,4,64,1398272,25821.7
6,candidate,dense,65544,1,5,64,1398272,25941.1
6,candidate,dense,65544,1,6,64,1398272,25924.6
6,candidate,plus,8,0,0,29127,233016,25.9
6,candidate,plus,8,0,1,29127,233016,25.5
6,candidate,plus,8,0,2,29127,233016,25.5
6,candidate,plus,8,0,3,29127,233016,26.5
6,candidate,plus,8,0,4,29127,233016,25.2
6,candidate,plus,8,0,5,29127,233016,25.1
6,candidate,plus,8,0,6,29127,233016,25.7
6,candidate,plus,8,1,0,29127,233016,25.9
6,candidate,plus,8,1,1,29127,233016,26.2
6,candidate,plus,8,1,2,29127,233016,26.0
6,candidate,plus,8,1,3,29127,233016,25.1
6,candidate,plus,8,1,4,29127,233016,25.6
6,candidate,plus,8,1,5,29127,233016,25.9
6,candidate,plus,8,1,6,29127,233016,27.0
6,candidate,plus,64,0,0,16384,1048576,25.2
6,candidate,plus,64,0,1,16384,1048576,25.2
6,candidate,plus,64,0,2,16384,1048576,25.9
6,candidate,plus,64,0,3,16384,1048576,25.5
6,candidate,plus,64,0,4,16384,1048576,25.5
6,candidate,plus,64,0,5,16384,1048576,25.5
6,candidate,plus,64,0,6,16384,1048576,25.5
6,candidate,plus,64,1,0,16384,1048576,80.0
6,candidate,plus,64,1,1,16384,1048576,78.8
6,candidate,plus,64,1,2,16384,1048576,79.0
6,candidate,plus,64,1,3,16384,1048576,79.2
6,candidate,plus,64,1,4,16384,1048576,79.7
6,candidate,plus,64,1,5,16384,1048576,83.5
6,candidate,plus,64,1,6,16384,1048576,79.2
6,candidate,plus,4096,0,0,504,2064384,84.0
6,candidate,plus,4096,0,1,504,2064384,83.7
6,candidate,plus,4096,0,2,504,2064384,83.5
6,candidate,plus,4096,0,3,504,2064384,83.9
6,candidate,plus,4096,0,4,504,2064384,83.7
6,candidate,plus,4096,0,5,504,2064384,83.6
6,candidate,plus,4096,0,6,504,2064384,83.7
6,candidate,plus,4096,1,0,504,2064384,3830.8
6,candidate,plus,4096,1,1,504,2064384,3822.0
6,candidate,plus,4096,1,2,504,2064384,3789.5
6,candidate,plus,4096,1,3,504,2064384,4009.0
6,candidate,plus,4096,1,4,504,2064384,3863.0
6,candidate,plus,4096,1,5,504,2064384,3835.1
6,candidate,plus,4096,1,6,504,2064384,3821.3
6,candidate,plus,65536,0,0,64,4194304,1232.6
6,candidate,plus,65536,0,1,64,4194304,1231.0
6,candidate,plus,65536,0,2,64,4194304,1234.5
6,candidate,plus,65536,0,3,64,4194304,1354.0
6,candidate,plus,65536,0,4,64,4194304,1239.0
6,candidate,plus,65536,0,5,64,4194304,1237.0
6,candidate,plus,65536,0,6,64,4194304,1237.4
6,candidate,plus,65536,1,0,64,4194304,61363.5
6,candidate,plus,65536,1,1,64,4194304,60911.8
6,candidate,plus,65536,1,2,64,4194304,62005.7
6,candidate,plus,65536,1,3,64,4194304,60764.6
6,candidate,plus,65536,1,4,64,4194304,61454.1
6,candidate,plus,65536,1,5,64,4194304,60847.4
6,candidate,plus,65536,1,6,64,4194304,61216.6
6,candidate,mixed,10,0,0,28339,170034,24.1
6,candidate,mixed,10,0,1,28339,170034,23.6
6,candidate,mixed,10,0,2,28339,170034,23.7
6,candidate,mixed,10,0,3,28339,170034,24.3
6,candidate,mixed,10,0,4,28339,170034,23.8
6,candidate,mixed,10,0,5,28339,170034,23.8
6,candidate,mixed,10,0,6,28339,170034,24.4
6,candidate,mixed,10,1,0,28339,170034,25.1
6,candidate,mixed,10,1,1,28339,170034,24.7
6,candidate,mixed,10,1,2,28339,170034,24.7
6,candidate,mixed,10,1,3,28339,170034,25.6
6,candidate,mixed,10,1,4,28339,170034,24.8
6,candidate,mixed,10,1,5,28339,170034,25.5
6,candidate,mixed,10,1,6,28339,170034,25.1
6,candidate,mixed,70,0,0,15650,657300,65.8
6,candidate,mixed,70,0,1,15650,657300,63.6
6,candidate,mixed,70,0,2,15650,657300,64.5
6,candidate,mixed,70,0,3,15650,657300,63.7
6,candidate,mixed,70,0,4,15650,657300,59.5
6,candidate,mixed,70,0,5,15650,657300,60.4
6,candidate,mixed,70,0,6,15650,657300,65.0
6,candidate,mixed,70,1,0,15650,657300,65.6
6,candidate,mixed,70,1,1,15650,657300,66.6
6,candidate,mixed,70,1,2,15650,657300,66.3
6,candidate,mixed,70,1,3,15650,657300,80.8
6,candidate,mixed,70,1,4,15650,657300,69.4
6,candidate,mixed,70,1,5,15650,657300,65.9
6,candidate,mixed,70,1,6,15650,657300,65.6
6,candidate,mixed,4100,0,0,503,1237380,2785.7
6,candidate,mixed,4100,0,1,503,1237380,2572.0
6,candidate,mixed,4100,0,2,503,1237380,2528.4
6,candidate,mixed,4100,0,3,503,1237380,2587.5
6,candidate,mixed,4100,0,4,503,1237380,2646.2
6,candidate,mixed,4100,0,5,503,1237380,2686.2
6,candidate,mixed,4100,0,6,503,1237380,2629.9
6,candidate,mixed,4100,1,0,503,1237380,2664.6
6,candidate,mixed,4100,1,1,503,1237380,2803.5
6,candidate,mixed,4100,1,2,503,1237380,2837.6
6,candidate,mixed,4100,1,3,503,1237380,2847.9
6,candidate,mixed,4100,1,4,503,1237380,2819.9
6,candidate,mixed,4100,1,5,503,1237380,2837.7
6,candidate,mixed,4100,1,6,503,1237380,2746.5
6,candidate,mixed,65540,0,0,64,2516736,40830.2
6,candidate,mixed,65540,0,1,64,2516736,43128.0
6,candidate,mixed,65540,0,2,64,2516736,41754.9
6,candidate,mixed,65540,0,3,64,2516736,40970.0
6,candidate,mixed,65540,0,4,64,2516736,41442.7
6,candidate,mixed,65540,0,5,64,2516736,42529.2
6,candidate,mixed,65540,0,6,64,2516736,42056.3
6,candidate,mixed,65540,1,0,64,2516736,41632.7
6,candidate,mixed,65540,1,1,64,2516736,42394.5
6,candidate,mixed,65540,1,2,64,2516736,41812.2
6,candidate,mixed,65540,1,3,64,2516736,42279.8
6,candidate,mixed,65540,1,4,64,2516736,41820.7
6,candidate,mixed,65540,1,5,64,2516736,41441.3
6,candidate,mixed,65540,1,6,64,2516736,41616.6
6,candidate,late_escape,8,0,0,29127,174762,24.2
6,candidate,late_escape,8,0,1,29127,174762,23.3
6,candidate,late_escape,8,0,2,29127,174762,23.3
6,candidate,late_escape,8,0,3,29127,174762,23.8
6,candidate,late_escape,8,0,4,29127,174762,24.1
6,candidate,late_escape,8,0,5,29127,174762,23.9
6,candidate,late_escape,8,0,6,29127,174762,23.9
6,candidate,late_escape,8,1,0,29127,174762,24.7
6,candidate,late_escape,8,1,1,29127,174762,24.3
6,candidate,late_escape,8,1,2,29127,174762,25.0
6,candidate,late_escape,8,1,3,29127,174762,24.9
6,candidate,late_escape,8,1,4,29127,174762,25.0
6,candidate,late_escape,8,1,5,29127,174762,25.3
6,candidate,late_escape,8,1,6,29127,174762,24.5
6,candidate,late_escape,64,0,0,16384,1015808,31.8
6,candidate,late_escape,64,0,1,16384,1015808,32.8
6,candidate,late_escape,64,0,2,16384,1015808,32.4
6,candidate,late_escape,64,0,3,16384,1015808,31.7
6,candidate,late_escape,64,0,4,16384,1015808,31.6
6,candidate,late_escape,64,0,5,16384,1015808,32.3
6,candidate,late_escape,64,0,6,16384,1015808,32.1
6,candidate,late_escape,64,1,0,16384,1015808,43.5
6,candidate,late_escape,64,1,1,16384,1015808,37.1
6,candidate,late_escape,64,1,2,16384,1015808,39.5
6,candidate,late_escape,64,1,3,16384,1015808,34.3
6,candidate,late_escape,64,1,4,16384,1015808,33.7
6,candidate,late_escape,64,1,5,16384,1015808,38.3
6,candidate,late_escape,64,1,6,16384,1015808,37.3
6,candidate,late_escape,4096,0,0,504,2063376,91.3
6,candidate,late_escape,4096,0,1,504,2063376,90.7
6,candidate,late_escape,4096,0,2,504,2063376,91.2
6,candidate,late_escape,4096,0,3,504,2063376,90.9
6,candidate,late_escape,4096,0,4,504,2063376,91.0
6,candidate,late_escape,4096,0,5,504,2063376,90.7
6,candidate,late_escape,4096,0,6,504,2063376,91.0
6,candidate,late_escape,4096,1,0,504,2063376,98.5
6,candidate,late_escape,4096,1,1,504,2063376,97.8
6,candidate,late_escape,4096,1,2,504,2063376,108.3
6,candidate,late_escape,4096,1,3,504,2063376,98.3
6,candidate,late_escape,4096,1,4,504,2063376,98.4
6,candidate,late_escape,4096,1,5,504,2063376,98.6
6,candidate,late_escape,4096,1,6,504,2063376,98.3
6,candidate,late_escape,65536,0,0,64,4194176,1234.9
6,candidate,late_escape,65536,0,1,64,4194176,1235.4
6,candidate,late_escape,65536,0,2,64,4194176,1232.6
6,candidate,late_escape,65536,0,3,64,4194176,1271.6
6,candidate,late_escape,65536,0,4,64,4194176,1239.0
6,candidate,late_escape,65536,0,5,64,4194176,1232.7
6,candidate,late_escape,65536,0,6,64,4194176,1234.5
6,candidate,late_escape,65536,1,0,64,4194176,1385.2
6,candidate,late_escape,65536,1,1,64,4194176,1382.7
6,candidate,late_escape,65536,1,2,64,4194176,2486.4
6,candidate,late_escape,65536,1,3,64,4194176,1384.2
6,candidate,late_escape,65536,1,4,64,4194176,1452.1
6,candidate,late_escape,65536,1,5,64,4194176,1382.6
6,candidate,late_escape,65536,1,6,64,4194176,1382.3
6,candidate,early_escape,8,0,0,29127,174762,24.0
6,candidate,early_escape,8,0,1,29127,174762,23.7
6,candidate,early_escape,8,0,2,29127,174762,23.8
6,candidate,early_escape,8,0,3,29127,174762,24.3
6,candidate,early_escape,8,0,4,29127,174762,24.7
6,candidate,early_escape,8,0,5,29127,174762,24.0
6,candidate,early_escape,8,0,6,29127,174762,24.0
6,candidate,early_escape,8,1,0,29127,174762,24.8
6,candidate,early_escape,8,1,1,29127,174762,24.3
6,candidate,early_escape,8,1,2,29127,174762,25.0
6,candidate,early_escape,8,1,3,29127,174762,24.6
6,candidate,early_escape,8,1,4,29127,174762,25.6
6,candidate,early_escape,8,1,5,29127,174762,24.8
6,candidate,early_escape,8,1,6,29127,174762,24.5
6,candidate,early_escape,64,0,0,16384,1015808,76.3
6,candidate,early_escape,64,0,1,16384,1015808,74.3
6,candidate,early_escape,64,0,2,16384,1015808,75.6
6,candidate,early_escape,64,0,3,16384,1015808,74.9
6,candidate,early_escape,64,0,4,16384,1015808,74.9
6,candidate,early_escape,64,0,5,16384,1015808,76.4
6,candidate,early_escape,64,0,6,16384,1015808,75.7
6,candidate,early_escape,64,1,0,16384,1015808,82.3
6,candidate,early_escape,64,1,1,16384,1015808,83.1
6,candidate,early_escape,64,1,2,16384,1015808,80.4
6,candidate,early_escape,64,1,3,16384,1015808,79.2
6,candidate,early_escape,64,1,4,16384,1015808,78.2
6,candidate,early_escape,64,1,5,16384,1015808,80.8
6,candidate,early_escape,64,1,6,16384,1015808,80.2
6,candidate,early_escape,4096,0,0,504,2063376,96.7
6,candidate,early_escape,4096,0,1,504,2063376,96.6
6,candidate,early_escape,4096,0,2,504,2063376,96.7
6,candidate,early_escape,4096,0,3,504,2063376,96.5
6,candidate,early_escape,4096,0,4,504,2063376,96.5
6,candidate,early_escape,4096,0,5,504,2063376,96.5
6,candidate,early_escape,4096,0,6,504,2063376,107.6
6,candidate,early_escape,4096,1,0,504,2063376,112.3
6,candidate,early_escape,4096,1,1,504,2063376,111.9
6,candidate,early_escape,4096,1,2,504,2063376,112.0
6,candidate,early_escape,4096,1,3,504,2063376,112.0
6,candidate,early_escape,4096,1,4,504,2063376,112.0
6,candidate,early_escape,4096,1,5,504,2063376,112.3
6,candidate,early_escape,4096,1,6,504,2063376,110.5
6,candidate,early_escape,65536,0,0,64,4194176,1307.0
6,candidate,early_escape,65536,0,1,64,4194176,1304.5
6,candidate,early_escape,65536,0,2,64,4194176,1305.6
6,candidate,early_escape,65536,0,3,64,4194176,1304.6
6,candidate,early_escape,65536,0,4,64,4194176,1305.1
6,candidate,early_escape,65536,0,5,64,4194176,1304.8
6,candidate,early_escape,65536,0,6,64,4194176,1304.3
6,candidate,early_escape,65536,1,0,64,4194176,1401.2
6,candidate,early_escape,65536,1,1,64,4194176,1402.4
6,candidate,early_escape,65536,1,2,64,4194176,1399.8
6,candidate,early_escape,65536,1,3,64,4194176,1401.3
6,candidate,early_escape,65536,1,4,64,4194176,1399.8
6,candidate,early_escape,65536,1,5,64,4194176,1400.4
6,candidate,early_escape,65536,1,6,64,4194176,1401.2
6,candidate,repeated_runs,8,0,0,29127,174762,24.1
6,candidate,repeated_runs,8,0,1,29127,174762,23.5
6,candidate,repeated_runs,8,0,2,29127,174762,23.5
6,candidate,repeated_runs,8,0,3,29127,174762,25.3
6,candidate,repeated_runs,8,0,4,29127,174762,23.7
6,candidate,repeated_runs,8,0,5,29127,174762,24.9
6,candidate,repeated_runs,8,0,6,29127,174762,24.3
6,candidate,repeated_runs,8,1,0,29127,174762,25.1
6,candidate,repeated_runs,8,1,1,29127,174762,25.5
6,candidate,repeated_runs,8,1,2,29127,174762,25.2
6,candidate,repeated_runs,8,1,3,29127,174762,25.2
6,candidate,repeated_runs,8,1,4,29127,174762,26.0
6,candidate,repeated_runs,8,1,5,29127,174762,25.1
6,candidate,repeated_runs,8,1,6,29127,174762,25.4
6,candidate,repeated_runs,64,0,0,16384,1015808,74.9
6,candidate,repeated_runs,64,0,1,16384,1015808,76.0
6,candidate,repeated_runs,64,0,2,16384,1015808,74.8
6,candidate,repeated_runs,64,0,3,16384,1015808,72.7
6,candidate,repeated_runs,64,0,4,16384,1015808,75.0
6,candidate,repeated_runs,64,0,5,16384,1015808,73.0
6,candidate,repeated_runs,64,0,6,16384,1015808,74.5
6,candidate,repeated_runs,64,1,0,16384,1015808,77.3
6,candidate,repeated_runs,64,1,1,16384,1015808,79.3
6,candidate,repeated_runs,64,1,2,16384,1015808,78.6
6,candidate,repeated_runs,64,1,3,16384,1015808,78.4
6,candidate,repeated_runs,64,1,4,16384,1015808,79.0
6,candidate,repeated_runs,64,1,5,16384,1015808,78.6
6,candidate,repeated_runs,64,1,6,16384,1015808,78.8
6,candidate,repeated_runs,4096,0,0,504,2048256,415.9
6,candidate,repeated_runs,4096,0,1,504,2048256,416.5
6,candidate,repeated_runs,4096,0,2,504,2048256,450.5
6,candidate,repeated_runs,4096,0,3,504,2048256,413.5
6,candidate,repeated_runs,4096,0,4,504,2048256,412.3
6,candidate,repeated_runs,4096,0,5,504,2048256,412.8
6,candidate,repeated_runs,4096,0,6,504,2048256,413.4
6,candidate,repeated_runs,4096,1,0,504,2048256,437.1
6,candidate,repeated_runs,4096,1,1,504,2048256,438.1
6,candidate,repeated_runs,4096,1,2,504,2048256,437.3
6,candidate,repeated_runs,4096,1,3,504,2048256,435.3
6,candidate,repeated_runs,4096,1,4,504,2048256,437.8
6,candidate,repeated_runs,4096,1,5,504,2048256,458.5
6,candidate,repeated_runs,4096,1,6,504,2048256,443.0
6,candidate,repeated_runs,65536,0,0,64,4161536,6192.1
6,candidate,repeated_runs,65536,0,1,64,4161536,7899.0
6,candidate,repeated_runs,65536,0,2,64,4161536,8835.3
6,candidate,repeated_runs,65536,0,3,64,4161536,6299.9
6,candidate,repeated_runs,65536,0,4,64,4161536,6251.8
6,candidate,repeated_runs,65536,0,5,64,4161536,6869.6
6,candidate,repeated_runs,65536,0,6,64,4161536,6571.5
6,candidate,repeated_runs,65536,1,0,64,4161536,6682.5
6,candidate,repeated_runs,65536,1,1,64,4161536,6676.8
6,candidate,repeated_runs,65536,1,2,64,4161536,7570.6
6,candidate,repeated_runs,65536,1,3,64,4161536,6677.6
6,candidate,repeated_runs,65536,1,4,64,4161536,8047.9
6,candidate,repeated_runs,65536,1,5,64,4161536,6684.2
6,candidate,repeated_runs,65536,1,6,64,4161536,6679.5
7,baseline,plain,0,0,0,32768,0,12.6
7,baseline,plain,0,0,1,32768,0,12.9
7,baseline,plain,0,0,2,32768,0,12.9
7,baseline,plain,0,0,3,32768,0,12.5
7,baseline,plain,0,0,4,32768,0,12.5
7,baseline,plain,0,0,5,32768,0,12.6
7,baseline,plain,0,0,6,32768,0,13.0
7,baseline,plain,0,1,0,32768,0,12.8
7,baseline,plain,0,1,1,32768,0,13.4
7,baseline,plain,0,1,2,32768,0,13.7
7,baseline,plain,0,1,3,32768,0,12.9
7,baseline,plain,0,1,4,32768,0,12.6
7,baseline,plain,0,1,5,32768,0,12.9
7,baseline,plain,0,1,6,32768,0,13.0
7,baseline,plain,30,0,0,22310,669300,47.8
7,baseline,plain,30,0,1,22310,669300,45.5
7,baseline,plain,30,0,2,22310,669300,45.1
7,baseline,plain,30,0,3,22310,669300,46.1
7,baseline,plain,30,0,4,22310,669300,45.5
7,baseline,plain,30,0,5,22310,669300,45.5
7,baseline,plain,30,0,6,22310,669300,46.9
7,baseline,plain,30,1,0,22310,669300,48.2
7,baseline,plain,30,1,1,22310,669300,47.3
7,baseline,plain,30,1,2,22310,669300,47.1
7,baseline,plain,30,1,3,22310,669300,47.7
7,baseline,plain,30,1,4,22310,669300,49.7
7,baseline,plain,30,1,5,22310,669300,47.1
7,baseline,plain,30,1,6,22310,669300,47.0
7,baseline,plain,90,0,0,13617,1225530,27.5
7,baseline,plain,90,0,1,13617,1225530,26.8
7,baseline,plain,90,0,2,13617,1225530,26.2
7,baseline,plain,90,0,3,13617,1225530,26.7
7,baseline,plain,90,0,4,13617,1225530,26.5
7,baseline,plain,90,0,5,13617,1225530,28.4
7,baseline,plain,90,0,6,13617,1225530,26.2
7,baseline,plain,90,1,0,13617,1225530,29.3
7,baseline,plain,90,1,1,13617,1225530,32.4
7,baseline,plain,90,1,2,13617,1225530,29.6
7,baseline,plain,90,1,3,13617,1225530,29.5
7,baseline,plain,90,1,4,13617,1225530,29.5
7,baseline,plain,90,1,5,13617,1225530,29.1
7,baseline,plain,90,1,6,13617,1225530,28.6
7,baseline,plain,4110,0,0,502,2063220,78.6
7,baseline,plain,4110,0,1,502,2063220,78.6
7,baseline,plain,4110,0,2,502,2063220,78.4
7,baseline,plain,4110,0,3,502,2063220,78.5
7,baseline,plain,4110,0,4,502,2063220,78.5
7,baseline,plain,4110,0,5,502,2063220,78.5
7,baseline,plain,4110,0,6,502,2063220,105.0
7,baseline,plain,4110,1,0,502,2063220,96.6
7,baseline,plain,4110,1,1,502,2063220,96.0
7,baseline,plain,4110,1,2,502,2063220,93.8
7,baseline,plain,4110,1,3,502,2063220,93.6
7,baseline,plain,4110,1,4,502,2063220,93.6
7,baseline,plain,4110,1,5,502,2063220,93.7
7,baseline,plain,4110,1,6,502,2063220,93.6
7,baseline,plain,65550,0,0,64,4195200,1241.3
7,baseline,plain,65550,0,1,64,4195200,1240.7
7,baseline,plain,65550,0,2,64,4195200,1242.1
7,baseline,plain,65550,0,3,64,4195200,1243.2
7,baseline,plain,65550,0,4,64,4195200,1851.9
7,baseline,plain,65550,0,5,64,4195200,1600.9
7,baseline,plain,65550,0,6,64,4195200,1692.6
7,baseline,plain,65550,1,0,64,4195200,1450.7
7,baseline,plain,65550,1,1,64,4195200,1448.2
7,baseline,plain,65550,1,2,64,4195200,1447.3
7,baseline,plain,65550,1,3,64,4195200,1449.5
7,baseline,plain,65550,1,4,64,4195200,1449.5
7,baseline,plain,65550,1,5,64,4195200,1449.5
7,baseline,plain,65550,1,6,64,4195200,1449.8
7,baseline,sparse,53,0,0,17924,914124,71.6
7,baseline,sparse,53,0,1,17924,914124,64.7
7,baseline,sparse,53,0,2,17924,914124,63.9
7,baseline,sparse,53,0,3,17924,914124,65.0
7,baseline,sparse,53,0,4,17924,914124,65.4
7,baseline,sparse,53,0,5,17924,914124,65.1
7,baseline,sparse,53,0,6,17924,914124,63.9
7,baseline,sparse,53,1,0,17924,914124,68.8
7,baseline,sparse,53,1,1,17924,914124,73.6
7,baseline,sparse,53,1,2,17924,914124,72.0
7,baseline,sparse,53,1,3,17924,914124,69.9
7,baseline,sparse,53,1,4,17924,914124,72.1
7,baseline,sparse,53,1,5,17924,914124,73.0
7,baseline,sparse,53,1,6,17924,914124,68.0
7,baseline,sparse,106,0,0,12336,1258272,89.8
7,baseline,sparse,106,0,1,12336,1258272,88.3
7,baseline,sparse,106,0,2,12336,1258272,89.3
7,baseline,sparse,106,0,3,12336,1258272,89.1
7,baseline,sparse,106,0,4,12336,1258272,89.5
7,baseline,sparse,106,0,5,12336,1258272,88.2
7,baseline,sparse,106,0,6,12336,1258272,89.3
7,baseline,sparse,106,1,0,12336,1258272,93.3
7,baseline,sparse,106,1,1,12336,1258272,96.2
7,baseline,sparse,106,1,2,12336,1258272,94.1
7,baseline,sparse,106,1,3,12336,1258272,95.2
7,baseline,sparse,106,1,4,12336,1258272,94.5
7,baseline,sparse,106,1,5,12336,1258272,93.9
7,baseline,sparse,106,1,6,12336,1258272,94.6
7,baseline,sparse,4134,0,0,499,1985022,3861.1
7,baseline,sparse,4134,0,1,499,1985022,3940.6
7,baseline,sparse,4134,0,2,499,1985022,3739.8
7,baseline,sparse,4134,0,3,499,1985022,3767.5
7,baseline,sparse,4134,0,4,499,1985022,3805.2
7,baseline,sparse,4134,0,5,499,1985022,3766.1
7,baseline,sparse,4134,0,6,499,1985022,3828.9
7,baseline,sparse,4134,1,0,499,1985022,3867.4
7,baseline,sparse,4134,1,1,499,1985022,3900.5
7,baseline,sparse,4134,1,2,499,1985022,3885.3
7,baseline,sparse,4134,1,3,499,1985022,3877.4
7,baseline,sparse,4134,1,4,499,1985022,3881.5
7,baseline,sparse,4134,1,5,499,1985022,4006.5
7,baseline,sparse,4134,1,6,499,1985022,3930.1
7,baseline,sparse,65561,0,0,64,4037568,58858.4
7,baseline,sparse,65561,0,1,64,4037568,62372.6
7,baseline,sparse,65561,0,2,64,4037568,59392.8
7,baseline,sparse,65561,0,3,64,4037568,59003.7
7,baseline,sparse,65561,0,4,64,4037568,59114.5
7,baseline,sparse,65561,0,5,64,4037568,58632.1
7,baseline,sparse,65561,0,6,64,4037568,58565.0
7,baseline,sparse,65561,1,0,64,4037568,61013.0
7,baseline,sparse,65561,1,1,64,4037568,64173.1
7,baseline,sparse,65561,1,2,64,4037568,61920.9
7,baseline,sparse,65561,1,3,64,4037568,61200.7
7,baseline,sparse,65561,1,4,64,4037568,61371.8
7,baseline,sparse,65561,1,5,64,4037568,62797.7
7,baseline,sparse,65561,1,6,64,4037568,64695.1
7,baseline,dense,12,0,0,27594,110376,24.9
7,baseline,dense,12,0,1,27594,110376,26.5
7,baseline,dense,12,0,2,27594,110376,24.2
7,baseline,dense,12,0,3,27594,110376,25.3
7,baseline,dense,12,0,4,27594,110376,24.7
7,baseline,dense,12,0,5,27594,110376,24.3
7,baseline,dense,12,0,6,27594,110376,24.7
7,baseline,dense,12,1,0,27594,110376,24.2
7,baseline,dense,12,1,1,27594,110376,25.5
7,baseline,dense,12,1,2,27594,110376,23.9
7,baseline,dense,12,1,3,27594,110376,23.7
7,baseline,dense,12,1,4,27594,110376,23.8
7,baseline,dense,12,1,5,27594,110376,23.9
7,baseline,dense,12,1,6,27594,110376,25.3
7,baseline,dense,72,0,0,15420,370080,46.8
7,baseline,dense,72,0,1,15420,370080,49.9
7,baseline,dense,72,0,2,15420,370080,49.1
7,baseline,dense,72,0,3,15420,370080,47.6
7,baseline,dense,72,0,4,15420,370080,48.8
7,baseline,dense,72,0,5,15420,370080,47.6
7,baseline,dense,72,0,6,15420,370080,47.4
7,baseline,dense,72,1,0,15420,370080,48.4
7,baseline,dense,72,1,1,15420,370080,51.1
7,baseline,dense,72,1,2,15420,370080,49.1
7,baseline,dense,72,1,3,15420,370080,48.3
7,baseline,dense,72,1,4,15420,370080,48.2
7,baseline,dense,72,1,5,15420,370080,48.0
7,baseline,dense,72,1,6,15420,370080,47.6
7,baseline,dense,4104,0,0,503,688104,1798.8
7,baseline,dense,4104,0,1,503,688104,1703.1
7,baseline,dense,4104,0,2,503,688104,1708.1
7,baseline,dense,4104,0,3,503,688104,1692.5
7,baseline,dense,4104,0,4,503,688104,1689.9
7,baseline,dense,4104,0,5,503,688104,1725.1
7,baseline,dense,4104,0,6,503,688104,1686.0
7,baseline,dense,4104,1,0,503,688104,1695.9
7,baseline,dense,4104,1,1,503,688104,1719.5
7,baseline,dense,4104,1,2,503,688104,1707.5
7,baseline,dense,4104,1,3,503,688104,1739.2
7,baseline,dense,4104,1,4,503,688104,1903.9
7,baseline,dense,4104,1,5,503,688104,2149.3
7,baseline,dense,4104,1,6,503,688104,1702.3
7,baseline,dense,65544,0,0,64,1398272,29499.0
7,baseline,dense,65544,0,1,64,1398272,25278.4
7,baseline,dense,65544,0,2,64,1398272,25626.0
7,baseline,dense,65544,0,3,64,1398272,25247.6
7,baseline,dense,65544,0,4,64,1398272,26150.9
7,baseline,dense,65544,0,5,64,1398272,25239.3
7,baseline,dense,65544,0,6,64,1398272,25347.3
7,baseline,dense,65544,1,0,64,1398272,26129.0
7,baseline,dense,65544,1,1,64,1398272,25815.4
7,baseline,dense,65544,1,2,64,1398272,27924.6
7,baseline,dense,65544,1,3,64,1398272,31841.1
7,baseline,dense,65544,1,4,64,1398272,26504.2
7,baseline,dense,65544,1,5,64,1398272,25991.5
7,baseline,dense,65544,1,6,64,1398272,25851.4
7,baseline,plus,8,0,0,29127,233016,26.6
7,baseline,plus,8,0,1,29127,233016,26.0
7,baseline,plus,8,0,2,29127,233016,29.5
7,baseline,plus,8,0,3,29127,233016,26.7
7,baseline,plus,8,0,4,29127,233016,26.7
7,baseline,plus,8,0,5,29127,233016,26.4
7,baseline,plus,8,0,6,29127,233016,26.1
7,baseline,plus,8,1,0,29127,233016,26.1
7,baseline,plus,8,1,1,29127,233016,26.0
7,baseline,plus,8,1,2,29127,233016,26.0
7,baseline,plus,8,1,3,29127,233016,26.8
7,baseline,plus,8,1,4,29127,233016,27.1
7,baseline,plus,8,1,5,29127,233016,26.6
7,baseline,plus,8,1,6,29127,233016,33.0
7,baseline,plus,64,0,0,16384,1048576,26.2
7,baseline,plus,64,0,1,16384,1048576,26.2
7,baseline,plus,64,0,2,16384,1048576,27.6
7,baseline,plus,64,0,3,16384,1048576,26.4
7,baseline,plus,64,0,4,16384,1048576,26.8
7,baseline,plus,64,0,5,16384,1048576,26.7
7,baseline,plus,64,0,6,16384,1048576,28.0
7,baseline,plus,64,1,0,16384,1048576,121.0
7,baseline,plus,64,1,1,16384,1048576,119.2
7,baseline,plus,64,1,2,16384,1048576,118.4
7,baseline,plus,64,1,3,16384,1048576,119.2
7,baseline,plus,64,1,4,16384,1048576,122.8
7,baseline,plus,64,1,5,16384,1048576,117.9
7,baseline,plus,64,1,6,16384,1048576,119.0
7,baseline,plus,4096,0,0,504,2064384,78.0
7,baseline,plus,4096,0,1,504,2064384,78.1
7,baseline,plus,4096,0,2,504,2064384,105.7
7,baseline,plus,4096,0,3,504,2064384,78.4
7,baseline,plus,4096,0,4,504,2064384,78.4
7,baseline,plus,4096,0,5,504,2064384,78.3
7,baseline,plus,4096,0,6,504,2064384,78.2
7,baseline,plus,4096,1,0,504,2064384,3765.4
7,baseline,plus,4096,1,1,504,2064384,3880.9
7,baseline,plus,4096,1,2,504,2064384,3754.2
7,baseline,plus,4096,1,3,504,2064384,3763.8
7,baseline,plus,4096,1,4,504,2064384,3775.1
7,baseline,plus,4096,1,5,504,2064384,3849.6
7,baseline,plus,4096,1,6,504,2064384,3783.1
7,baseline,plus,65536,0,0,64,4194304,1501.2
7,baseline,plus,65536,0,1,64,4194304,1514.3
7,baseline,plus,65536,0,2,64,4194304,1296.3
7,baseline,plus,65536,0,3,64,4194304,1218.2
7,baseline,plus,65536,0,4,64,4194304,1216.8
7,baseline,plus,65536,0,5,64,4194304,1217.6
7,baseline,plus,65536,0,6,64,4194304,1217.4
7,baseline,plus,65536,1,0,64,4194304,60096.7
7,baseline,plus,65536,1,1,64,4194304,60626.6
7,baseline,plus,65536,1,2,64,4194304,69857.0
7,baseline,plus,65536,1,3,64,4194304,60712.7
7,baseline,plus,65536,1,4,64,4194304,60303.0
7,baseline,plus,65536,1,5,64,4194304,60558.9
7,baseline,plus,65536,1,6,64,4194304,61623.7
7,baseline,mixed,10,0,0,28339,170034,24.3
7,baseline,mixed,10,0,1,28339,170034,24.6
7,baseline,mixed,10,0,2,28339,170034,24.7
7,baseline,mixed,10,0,3,28339,170034,24.1
7,baseline,mixed,10,0,4,28339,170034,24.3
7,baseline,mixed,10,0,5,28339,170034,24.8
7,baseline,mixed,10,0,6,28339,170034,28.4
7,baseline,mixed,10,1,0,28339,170034,25.0
7,baseline,mixed,10,1,1,28339,170034,24.4
7,baseline,mixed,10,1,2,28339,170034,24.4
7,baseline,mixed,10,1,3,28339,170034,24.6
7,baseline,mixed,10,1,4,28339,170034,24.8
7,baseline,mixed,10,1,5,28339,170034,24.8
7,baseline,mixed,10,1,6,28339,170034,24.9
7,baseline,mixed,70,0,0,15650,657300,106.1
7,baseline,mixed,70,0,1,15650,657300,105.1
7,baseline,mixed,70,0,2,15650,657300,107.5
7,baseline,mixed,70,0,3,15650,657300,106.9
7,baseline,mixed,70,0,4,15650,657300,106.7
7,baseline,mixed,70,0,5,15650,657300,107.3
7,baseline,mixed,70,0,6,15650,657300,106.5
7,baseline,mixed,70,1,0,15650,657300,101.8
7,baseline,mixed,70,1,1,15650,657300,100.9
7,baseline,mixed,70,1,2,15650,657300,100.9
7,baseline,mixed,70,1,3,15650,657300,99.4
7,baseline,mixed,70,1,4,15650,657300,103.2
7,baseline,mixed,70,1,5,15650,657300,100.9
7,baseline,mixed,70,1,6,15650,657300,102.5
7,baseline,mixed,4100,0,0,503,1237380,2642.8
7,baseline,mixed,4100,0,1,503,1237380,2514.0
7,baseline,mixed,4100,0,2,503,1237380,2730.7
7,baseline,mixed,4100,0,3,503,1237380,2806.2
7,baseline,mixed,4100,0,4,503,1237380,2533.3
7,baseline,mixed,4100,0,5,503,1237380,2536.5
7,baseline,mixed,4100,0,6,503,1237380,2565.7
7,baseline,mixed,4100,1,0,503,1237380,2552.1
7,baseline,mixed,4100,1,1,503,1237380,2566.4
7,baseline,mixed,4100,1,2,503,1237380,2569.6
7,baseline,mixed,4100,1,3,503,1237380,2580.4
7,baseline,mixed,4100,1,4,503,1237380,2553.2
7,baseline,mixed,4100,1,5,503,1237380,2597.4
7,baseline,mixed,4100,1,6,503,1237380,2566.9
7,baseline,mixed,65540,0,0,64,2516736,40083.2
7,baseline,mixed,65540,0,1,64,2516736,40054.2
7,baseline,mixed,65540,0,2,64,2516736,40810.3
7,baseline,mixed,65540,0,3,64,2516736,40104.6
7,baseline,mixed,65540,0,4,64,2516736,39756.5
7,baseline,mixed,65540,0,5,64,2516736,40169.6
7,baseline,mixed,65540,0,6,64,2516736,39769.0
7,baseline,mixed,65540,1,0,64,2516736,40335.3
7,baseline,mixed,65540,1,1,64,2516736,41464.7
7,baseline,mixed,65540,1,2,64,2516736,41044.8
7,baseline,mixed,65540,1,3,64,2516736,40622.2
7,baseline,mixed,65540,1,4,64,2516736,43008.6
7,baseline,mixed,65540,1,5,64,2516736,40426.1
7,baseline,mixed,65540,1,6,64,2516736,40046.8
7,baseline,late_escape,8,0,0,29127,174762,24.3
7,baseline,late_escape,8,0,1,29127,174762,24.5
7,baseline,late_escape,8,0,2,29127,174762,23.9
7,baseline,late_escape,8,0,3,29127,174762,24.2
7,baseline,late_escape,8,0,4,29127,174762,27.0
7,baseline,late_escape,8,0,5,29127,174762,25.1
7,baseline,late_escape,8,0,6,29127,174762,24.3
7,baseline,late_escape,8,1,0,29127,174762,26.2
7,baseline,late_escape,8,1,1,29127,174762,24.9
7,baseline,late_escape,8,1,2,29127,174762,24.2
7,baseline,late_escape,8,1,3,29127,174762,25.4
7,baseline,late_escape,8,1,4,29127,174762,24.8
7,baseline,late_escape,8,1,5,29127,174762,25.2
7,baseline,late_escape,8,1,6,29127,174762,24.5
7,baseline,late_escape,64,0,0,16384,1015808,43.3
7,baseline,late_escape,64,0,1,16384,1015808,43.1
7,baseline,late_escape,64,0,2,16384,1015808,41.8
7,baseline,late_escape,64,0,3,16384,1015808,42.4
7,baseline,late_escape,64,0,4,16384,1015808,42.9
7,baseline,late_escape,64,0,5,16384,1015808,44.7
7,baseline,late_escape,64,0,6,16384,1015808,44.3
7,baseline,late_escape,64,1,0,16384,1015808,42.0
7,baseline,late_escape,64,1,1,16384,1015808,44.0
7,baseline,late_escape,64,1,2,16384,1015808,43.8
7,baseline,late_escape,64,1,3,16384,1015808,44.8
7,baseline,late_escape,64,1,4,16384,1015808,43.0
7,baseline,late_escape,64,1,5,16384,1015808,43.5
7,baseline,late_escape,64,1,6,16384,1015808,43.8
7,baseline,late_escape,4096,0,0,504,2063376,82.9
7,baseline,late_escape,4096,0,1,504,2063376,82.8
7,baseline,late_escape,4096,0,2,504,2063376,83.4
7,baseline,late_escape,4096,0,3,504,2063376,83.2
7,baseline,late_escape,4096,0,4,504,2063376,83.3
7,baseline,late_escape,4096,0,5,504,2063376,83.3
7,baseline,late_escape,4096,0,6,504,2063376,83.2
7,baseline,late_escape,4096,1,0,504,2063376,101.8
7,baseline,late_escape,4096,1,1,504,2063376,101.9
7,baseline,late_escape,4096,1,2,504,2063376,101.8
7,baseline,late_escape,4096,1,3,504,2063376,101.8
7,baseline,late_escape,4096,1,4,504,2063376,98.9
7,baseline,late_escape,4096,1,5,504,2063376,99.4
7,baseline,late_escape,4096,1,6,504,2063376,99.1
7,baseline,late_escape,65536,0,0,64,4194176,1231.0
7,baseline,late_escape,65536,0,1,64,4194176,1228.5
7,baseline,late_escape,65536,0,2,64,4194176,1228.7
7,baseline,late_escape,65536,0,3,64,4194176,1227.1
7,baseline,late_escape,65536,0,4,64,4194176,1228.1
7,baseline,late_escape,65536,0,5,64,4194176,1227.4
7,baseline,late_escape,65536,0,6,64,4194176,1228.2
7,baseline,late_escape,65536,1,0,64,4194176,1870.0
7,baseline,late_escape,65536,1,1,64,4194176,1577.3
7,baseline,late_escape,65536,1,2,64,4194176,1847.2
7,baseline,late_escape,65536,1,3,64,4194176,1856.2
7,baseline,late_escape,65536,1,4,64,4194176,1371.6
7,baseline,late_escape,65536,1,5,64,4194176,1368.7
7,baseline,late_escape,65536,1,6,64,4194176,1369.6
7,baseline,early_escape,8,0,0,29127,174762,24.2
7,baseline,early_escape,8,0,1,29127,174762,24.5
7,baseline,early_escape,8,0,2,29127,174762,24.1
7,baseline,early_escape,8,0,3,29127,174762,25.8
7,baseline,early_escape,8,0,4,29127,174762,26.7
7,baseline,early_escape,8,0,5,29127,174762,25.5
7,baseline,early_escape,8,0,6,29127,174762,24.8
7,baseline,early_escape,8,1,0,29127,174762,26.0
7,baseline,early_escape,8,1,1,29127,174762,25.3
7,baseline,early_escape,8,1,2,29127,174762,24.6
7,baseline,early_escape,8,1,3,29127,174762,24.4
7,baseline,early_escape,8,1,4,29127,174762,24.4
7,baseline,early_escape,8,1,5,29127,174762,24.7
7,baseline,early_escape,8,1,6,29127,174762,24.5
7,baseline,early_escape,64,0,0,16384,1015808,125.4
7,baseline,early_escape,64,0,1,16384,1015808,119.6
7,baseline,early_escape,64,0,2,16384,1015808,119.2
7,baseline,early_escape,64,0,3,16384,1015808,120.1
7,baseline,early_escape,64,0,4,16384,1015808,123.8
7,baseline,early_escape,64,0,5,16384,1015808,126.0
7,baseline,early_escape,64,0,6,16384,1015808,120.4
7,baseline,early_escape,64,1,0,16384,1015808,112.8
7,baseline,early_escape,64,1,1,16384,1015808,115.6
7,baseline,early_escape,64,1,2,16384,1015808,113.5
7,baseline,early_escape,64,1,3,16384,1015808,119.3
7,baseline,early_escape,64,1,4,16384,1015808,115.6
7,baseline,early_escape,64,1,5,16384,1015808,119.6
7,baseline,early_escape,64,1,6,16384,1015808,113.9
7,baseline,early_escape,4096,0,0,504,2063376,3827.9
7,baseline,early_escape,4096,0,1,504,2063376,3871.6
7,baseline,early_escape,4096,0,2,504,2063376,3808.6
7,baseline,early_escape,4096,0,3,504,2063376,3780.0
7,baseline,early_escape,4096,0,4,504,2063376,3801.9
7,baseline,early_escape,4096,0,5,504,2063376,3821.1
7,baseline,early_escape,4096,0,6,504,2063376,3780.2
7,baseline,early_escape,4096,1,0,504,2063376,3995.2
7,baseline,early_escape,4096,1,1,504,2063376,3903.4
7,baseline,early_escape,4096,1,2,504,2063376,3827.3
7,baseline,early_escape,4096,1,3,504,2063376,3870.8
7,baseline,early_escape,4096,1,4,504,2063376,3829.8
7,baseline,early_escape,4096,1,5,504,2063376,3972.8
7,baseline,early_escape,4096,1,6,504,2063376,3836.9
7,baseline,early_escape,65536,0,0,64,4194176,60550.1
7,baseline,early_escape,65536,0,1,64,4194176,61067.0
7,baseline,early_escape,65536,0,2,64,4194176,60078.2
7,baseline,early_escape,65536,0,3,64,4194176,64329.0
7,baseline,early_escape,65536,0,4,64,4194176,60240.4
7,baseline,early_escape,65536,0,5,64,4194176,60596.5
7,baseline,early_escape,65536,0,6,64,4194176,60950.9
7,baseline,early_escape,65536,1,0,64,4194176,60639.2
7,baseline,early_escape,65536,1,1,64,4194176,60870.2
7,baseline,early_escape,65536,1,2,64,4194176,60446.1
7,baseline,early_escape,65536,1,3,64,4194176,62065.4
7,baseline,early_escape,65536,1,4,64,4194176,60866.7
7,baseline,early_escape,65536,1,5,64,4194176,68162.9
7,baseline,early_escape,65536,1,6,64,4194176,63790.4
7,baseline,repeated_runs,8,0,0,29127,174762,24.3
7,baseline,repeated_runs,8,0,1,29127,174762,25.0
7,baseline,repeated_runs,8,0,2,29127,174762,24.4
7,baseline,repeated_runs,8,0,3,29127,174762,24.4
7,baseline,repeated_runs,8,0,4,29127,174762,24.8
7,baseline,repeated_runs,8,0,5,29127,174762,25.0
7,baseline,repeated_runs,8,0,6,29127,174762,25.3
7,baseline,repeated_runs,8,1,0,29127,174762,25.0
7,baseline,repeated_runs,8,1,1,29127,174762,24.5
7,baseline,repeated_runs,8,1,2,29127,174762,24.4
7,baseline,repeated_runs,8,1,3,29127,174762,24.8
7,baseline,repeated_runs,8,1,4,29127,174762,24.8
7,baseline,repeated_runs,8,1,5,29127,174762,24.9
7,baseline,repeated_runs,8,1,6,29127,174762,25.0
7,baseline,repeated_runs,64,0,0,16384,1015808,118.6
7,baseline,repeated_runs,64,0,1,16384,1015808,120.5
7,baseline,repeated_runs,64,0,2,16384,1015808,120.8
7,baseline,repeated_runs,64,0,3,16384,1015808,120.0
7,baseline,repeated_runs,64,0,4,16384,1015808,118.6
7,baseline,repeated_runs,64,0,5,16384,1015808,119.4
7,baseline,repeated_runs,64,0,6,16384,1015808,120.3
7,baseline,repeated_runs,64,1,0,16384,1015808,110.7
7,baseline,repeated_runs,64,1,1,16384,1015808,113.8
7,baseline,repeated_runs,64,1,2,16384,1015808,115.1
7,baseline,repeated_runs,64,1,3,16384,1015808,112.2
7,baseline,repeated_runs,64,1,4,16384,1015808,112.9
7,baseline,repeated_runs,64,1,5,16384,1015808,112.7
7,baseline,repeated_runs,64,1,6,16384,1015808,116.9
7,baseline,repeated_runs,4096,0,0,504,2048256,3784.9
7,baseline,repeated_runs,4096,0,1,504,2048256,3743.2
7,baseline,repeated_runs,4096,0,2,504,2048256,3824.3
7,baseline,repeated_runs,4096,0,3,504,2048256,3740.0
7,baseline,repeated_runs,4096,0,4,504,2048256,3782.4
7,baseline,repeated_runs,4096,0,5,504,2048256,3735.3
7,baseline,repeated_runs,4096,0,6,504,2048256,3759.5
7,baseline,repeated_runs,4096,1,0,504,2048256,3920.9
7,baseline,repeated_runs,4096,1,1,504,2048256,4029.6
7,baseline,repeated_runs,4096,1,2,504,2048256,3780.0
7,baseline,repeated_runs,4096,1,3,504,2048256,3798.2
7,baseline,repeated_runs,4096,1,4,504,2048256,3801.3
7,baseline,repeated_runs,4096,1,5,504,2048256,3893.1
7,baseline,repeated_runs,4096,1,6,504,2048256,3817.8
7,baseline,repeated_runs,65536,0,0,64,4161536,62754.5
7,baseline,repeated_runs,65536,0,1,64,4161536,61129.4
7,baseline,repeated_runs,65536,0,2,64,4161536,61753.5
7,baseline,repeated_runs,65536,0,3,64,4161536,60037.5
7,baseline,repeated_runs,65536,0,4,64,4161536,60565.3
7,baseline,repeated_runs,65536,0,5,64,4161536,59710.7
7,baseline,repeated_runs,65536,0,6,64,4161536,59721.8
7,baseline,repeated_runs,65536,1,0,64,4161536,61021.0
7,baseline,repeated_runs,65536,1,1,64,4161536,62633.2
7,baseline,repeated_runs,65536,1,2,64,4161536,68183.3
7,baseline,repeated_runs,65536,1,3,64,4161536,61873.5
7,baseline,repeated_runs,65536,1,4,64,4161536,61037.8
7,baseline,repeated_runs,65536,1,5,64,4161536,61283.9
7,baseline,repeated_runs,65536,1,6,64,4161536,61886.6
